{"type":"FeatureCollection","features":[{"type":"Feature","properties":{"SYS_ID":"-9999_1","NAME_CH":"汝宁府","PRES_LOC":"","TYPE_CH":"府","BEG_YR":1293,"BEG_CHG_TY":"暂无","END_YR":1370,"END_CHG_TY":"暂无","X_COORD":114.96,"Y_COORD":32.5},"geometry":{"type":"Polygon","coordinates":[[[115.96211,32.60726],[115.83713,32.50948],[115.87506,32.49049],[115.93462,32.07592],[115.88383,31.86062],[115.89372,31.75226],[115.8122,31.6137],[115.72513,31.54307],[115.65791,31.34056],[115.65784,31.2125],[115.58586,31.14731],[115.53721,31.18925],[115.52168,31.25558],[115.45683,31.27554],[115.43354,31.34763],[115.38187,31.34749],[115.37959,31.39878],[115.30348,31.38446],[115.21526,31.42479],[115.22987,31.55583],[115.15669,31.60569],[115.11942,31.59712],[115.08923,31.51378],[115.01292,31.52451],[114.9999,31.47237],[114.96772,31.50009],[114.83003,31.46221],[114.76828,31.52434],[114.69068,31.53256],[114.61737,31.59175],[114.56465,31.55619],[114.51608,31.5878],[114.43385,31.58028],[114.30545,31.49664],[114.2273,31.50327],[114.35028,31.65382],[114.33365,31.72465],[114.23412,31.83478],[114.12869,31.84425],[114.0836,31.79043],[113.97587,31.75689],[113.94173,31.80233],[113.9459,31.8609],[113.90916,31.88119],[113.84164,31.84907],[113.80637,31.97017],[113.74596,32.00001],[113.77737,32.03986],[113.71762,32.11033],[113.7775,32.19395],[113.73481,32.25034],[113.76616,32.36439],[113.73773,32.3623],[113.71368,32.42542],[113.80499,32.60777],[113.77912,32.65535],[113.64139,32.71302],[113.62811,32.78592],[113.63625,32.85067],[113.72753,32.86431],[113.79331,32.99393],[113.62254,33.14891],[113.61301,33.293],[113.71931,33.43435],[114.4324,33.47002],[114.48121,33.41813],[114.56023,33.42726],[114.57129,33.37532],[114.72247,33.30152],[114.67989,33.28671],[114.67873,33.17472],[114.70879,33.15234],[114.73931,33.23436],[114.77123,33.2321],[114.80091,33.18429],[114.80263,33.06479],[114.90551,33.07091],[114.9241,33.02166],[114.87939,32.97845],[114.934,32.93648],[115.13198,32.90087],[115.11781,32.94187],[115.16489,33.11061],[115.28569,33.13599],[115.35664,33.32394],[115.30858,33.37951],[115.33959,33.50405],[115.39255,33.50555],[115.43556,33.5675],[115.63195,33.58684],[115.66441,33.51662],[115.84422,33.45007],[115.90071,33.34647],[115.96176,33.35593],[116.10147,33.18693],[116.13747,33.09758],[116.19695,33.08612],[116.23528,33.00704],[116.29359,32.9937],[116.38275,32.89531],[116.37647,32.85856],[116.42571,32.85144],[116.44647,32.68954],[116.62526,32.55502],[116.56156,32.54641],[116.47952,32.44138],[116.38679,32.44955],[116.31474,32.52319],[116.26677,32.5245],[116.24445,32.45806],[116.20779,32.46581],[116.17106,32.42739],[116.01664,32.59358],[115.96211,32.60726]]]}},{"type":"Feature","properties":{"SYS_ID":"-9999_3","NAME_CH":"归德府","PRES_LOC":"","TYPE_CH":"府","BEG_YR":1280,"BEG_CHG_TY":"暂无","END_YR":1370,"END_CHG_TY":"暂无","X_COORD":116.77,"Y_COORD":33.97},"geometry":{"type":"Polygon","coordinates":[[[118.27549,33.68543],[118.16529,33.66564],[118.16164,33.71379],[118.1056,33.76549],[117.79227,33.73912],[117.73989,33.78274],[117.75294,33.88706],[117.69796,33.88922],[117.66308,33.99542],[117.61443,34.03741],[117.53973,34.03665],[117.49917,33.91712],[117.59333,33.86787],[117.65224,33.6339],[117.627,33.51707],[117.66569,33.4834],[117.66953,33.40998],[117.6375,33.33523],[117.58077,33.32635],[117.59766,33.26607],[117.53557,33.15703],[117.49312,33.18063],[117.25787,33.1785],[117.18673,33.20251],[117.18881,33.25919],[117.08862,33.28237],[116.96542,33.28037],[116.91816,33.30882],[116.83593,33.28673],[116.77924,33.32822],[116.79368,33.42428],[116.68193,33.47961],[116.5396,33.47189],[116.52771,33.62113],[116.29831,33.56811],[116.1825,33.44569],[116.10718,33.27147],[116.05158,33.23617],[115.96176,33.35593],[115.90071,33.34647],[115.84422,33.45007],[115.66441,33.51662],[115.63195,33.58684],[115.40752,33.55922],[115.39255,33.50555],[115.15956,33.50821],[115.12146,33.52233],[115.12869,33.59105],[115.0124,33.62986],[115.00295,33.66858],[115.08162,33.80124],[115.0484,33.94455],[115.14608,33.92886],[115.32549,34.02655],[115.44788,33.99094],[115.53538,34.04849],[115.51484,34.15828],[115.4748,34.15963],[115.44812,34.21736],[115.29926,34.27416],[115.15896,34.2561],[115.19419,34.41128],[115.14385,34.5138],[115.1536,34.60412],[115.23795,34.63103],[115.40369,34.59861],[115.46043,34.64605],[115.53153,34.57902],[115.71323,34.54714],[115.69249,34.51444],[115.78486,34.41613],[116.13624,34.40596],[116.17644,34.4298],[116.20812,34.38343],[116.35796,34.31799],[116.358,34.27371],[116.43977,34.29389],[116.45132,34.27029],[116.49767,34.29773],[116.60087,34.28711],[116.61844,34.39066],[116.59618,34.42179],[116.68189,34.56746],[116.76356,34.59338],[116.80501,34.55648],[116.9327,34.55859],[116.95757,34.61307],[117.20578,34.68347],[117.27443,34.56598],[117.3998,34.57607],[117.47939,34.48907],[117.46693,34.40086],[117.61563,34.43698],[117.76228,34.52692],[117.95696,34.52383],[118.09152,34.56586],[118.1693,34.54884],[118.12839,34.496],[118.17348,34.4529],[118.16267,34.39336],[118.39965,34.43804],[118.35432,34.32883],[118.37503,34.18288],[118.48666,34.12097],[118.61259,34.14694],[118.6045,34.07608],[118.58617,34.01884],[118.54893,34.00976],[118.53198,33.846],[118.36736,33.77557],[118.27549,33.68543]]]}},{"type":"Feature","properties":{"SYS_ID":"90002","NAME_CH":"福宁州","PRES_LOC":"","TYPE_CH":"州","BEG_YR":1473,"BEG_CHG_TY":"新建","END_YR":1733,"END_CHG_TY":"更名和辖区扩大","X_COORD":119.76,"Y_COORD":27.01},"geometry":{"type":"MultiPolygon","coordinates":[[[[119.12589,27.09163],[119.24642,27.13033],[119.33012,27.2357],[119.39251,27.17952],[119.49787,27.23513],[119.59892,27.206],[119.60229,27.35431],[119.70895,27.40772],[119.77735,27.33207],[119.76521,27.30983],[119.81484,27.30236],[119.93671,27.31784],[120,27.3828],[120.03854,27.34594],[120.13453,27.42222],[120.24365,27.43469],[120.27393,27.39567],[120.34655,27.39596],[120.42249,27.26244],[120.4001,27.24472],[120.43544,27.16646],[120.3662,27.25052],[120.2973,27.23282],[120.28777,27.26488],[120.32001,27.28164],[120.32938,27.29349],[120.30588,27.28035],[120.31497,27.31023],[120.28769,27.29343],[120.28706,27.32122],[120.26184,27.28467],[120.2418,27.30261],[120.23812,27.2537],[120.2067,27.29373],[120.18655,27.27968],[120.18319,27.21365],[120.25433,27.25343],[120.31033,27.21321],[120.3584,27.23875],[120.37724,27.19565],[120.34493,27.17333],[120.44254,27.15438],[120.37878,27.13861],[120.42214,27.12279],[120.36553,27.11166],[120.38941,27.11191],[120.38313,27.08343],[120.24674,27.12205],[120.24875,27.08999],[120.28561,27.07987],[120.28761,27.04827],[120.24891,27.06158],[120.23216,27.03296],[120.2637,27.03356],[120.26834,26.99604],[120.16962,26.97745],[120.24567,26.96782],[120.22572,26.91214],[120.1206,26.929],[120.1128,26.88674],[120.04893,26.89161],[120.06307,26.87099],[120.02136,26.85236],[120.0984,26.79306],[120.13567,26.80108],[120.09356,26.75931],[120.15782,26.72618],[120.09614,26.69403],[120.10532,26.64762],[120.13517,26.65234],[119.94184,26.60054],[119.93162,26.54989],[119.87502,26.51363],[119.82658,26.5264],[119.84454,26.58893],[119.89703,26.62295],[119.95068,26.61446],[119.98375,26.64586],[119.97038,26.6889],[120.03852,26.71336],[120.02174,26.73617],[120.08195,26.78117],[120.07513,26.80629],[119.92265,26.78915],[119.90006,26.66519],[119.86633,26.64839],[119.8351,26.69653],[119.85487,26.7241],[119.80642,26.69167],[119.78643,26.70892],[119.8047,26.77748],[119.85336,26.78209],[119.85197,26.81444],[119.78884,26.78649],[119.78512,26.8154],[119.85391,26.84959],[119.84492,26.86178],[119.77023,26.83724],[119.73016,26.70487],[119.66361,26.73161],[119.65804,26.7645],[119.61137,26.75859],[119.61842,26.79756],[119.57105,26.79571],[119.54981,26.7053],[119.58333,26.71458],[119.56961,26.74393],[119.63559,26.74301],[119.59289,26.72082],[119.60056,26.64738],[119.55238,26.6786],[119.52726,26.66287],[119.56504,26.60165],[119.59695,26.56943],[119.66834,26.62015],[119.72826,26.61279],[119.79684,26.55168],[119.75566,26.57811],[119.68723,26.56596],[119.66976,26.52874],[119.56455,26.53823],[119.47576,26.62858],[119.39478,26.62183],[119.32446,26.67965],[119.25739,26.68977],[119.23576,26.74673],[119.16586,26.71596],[119.13887,26.73304],[119.19939,26.77825],[119.18684,26.87361],[119.22432,26.91697],[119.13035,27.0422],[119.12589,27.09163]]],[[[120.32272,26.94827],[120.34344,26.97441],[120.39285,26.93534],[120.35781,26.92694],[120.32272,26.94827]]]]}},{"type":"Feature","properties":{"SYS_ID":"90005","NAME_CH":"建宁府","PRES_LOC":"","TYPE_CH":"府","BEG_YR":1455,"BEG_CHG_TY":"辖区扩大","END_YR":1733,"END_CHG_TY":"辖区缩小","X_COORD":118.47,"Y_COORD":27.46},"geometry":{"type":"Polygon","coordinates":[[[119.25369,27.13985],[119.16197,27.11627],[119.12872,27.06327],[119.08334,27.10558],[118.98525,27.10794],[118.95214,27.16822],[118.94656,27.11688],[118.89862,27.09627],[118.82957,26.99001],[118.77782,26.95043],[118.6875,26.94521],[118.69148,26.88029],[118.62331,26.85683],[118.60056,26.72664],[118.54318,26.67663],[118.51576,26.68831],[118.51949,26.65494],[118.3185,26.70911],[118.26598,26.79014],[118.12254,26.80314],[118.07703,26.86114],[117.9387,26.79638],[117.86196,26.83767],[117.84176,26.8986],[117.85698,26.96191],[117.97792,27.04702],[117.9885,27.10935],[117.90711,27.15115],[117.89298,27.18989],[117.82176,27.16838],[117.82266,27.19892],[117.74598,27.25689],[117.68624,27.22876],[117.71009,27.31075],[117.63667,27.39549],[117.61086,27.48528],[117.54668,27.53292],[117.54493,27.6381],[117.59144,27.66754],[117.67651,27.83072],[117.73547,27.80699],[117.78417,27.89917],[117.85182,27.95031],[118.02443,27.99132],[118.08931,27.96673],[118.1207,28.05879],[118.33678,28.09608],[118.36909,28.19083],[118.31243,28.2216],[118.37398,28.27587],[118.42427,28.29228],[118.4854,28.24131],[118.49516,28.28212],[118.573,28.2921],[118.60341,28.2573],[118.71264,28.31146],[118.80267,28.24109],[118.76115,28.17785],[118.79381,28.17119],[118.79248,28.12329],[118.71191,28.05638],[118.72289,27.97871],[118.81105,27.91218],[118.89139,27.71739],[118.86738,27.69843],[118.90428,27.57638],[118.85471,27.52568],[118.9007,27.46769],[119.00636,27.50001],[119.05289,27.47409],[119.11907,27.48708],[119.12654,27.43751],[119.23971,27.42469],[119.37177,27.53802],[119.43346,27.51182],[119.46157,27.52954],[119.48924,27.66033],[119.63851,27.66807],[119.62505,27.59659],[119.70048,27.51911],[119.68144,27.44245],[119.70895,27.40772],[119.60229,27.35431],[119.6068,27.21225],[119.49787,27.23513],[119.39251,27.17952],[119.33012,27.2357],[119.25369,27.13985]]]}},{"type":"Feature","properties":{"SYS_ID":"90009","NAME_CH":"福州府","PRES_LOC":"","TYPE_CH":"府","BEG_YR":1473,"BEG_CHG_TY":"辖区缩小","END_YR":1911,"END_CHG_TY":"数据下限","X_COORD":119.1,"Y_COORD":26.23},"geometry":{"type":"MultiPolygon","coordinates":[[[[118.49536,25.90389],[118.53835,26.06333],[118.59094,26.0724],[118.56595,26.13526],[118.60865,26.24552],[118.6643,26.2586],[118.66204,26.34667],[118.542,26.39727],[118.61101,26.5301],[118.56634,26.691],[118.63524,26.81003],[118.62331,26.85683],[118.68903,26.87693],[118.69288,26.95123],[118.77782,26.95043],[118.82957,26.99001],[118.89862,27.09627],[118.94656,27.11688],[118.95662,27.17051],[118.98525,27.10794],[119.08882,27.10171],[119.2032,26.9661],[119.22432,26.91697],[119.18684,26.87361],[119.19939,26.77825],[119.13887,26.73304],[119.16047,26.71538],[119.23576,26.74673],[119.25739,26.68977],[119.32446,26.67965],[119.39478,26.62183],[119.47576,26.62858],[119.52791,26.56335],[119.6172,26.5212],[119.66976,26.52874],[119.68723,26.56596],[119.78105,26.56397],[119.79385,26.5486],[119.75514,26.5419],[119.82835,26.45113],[119.78899,26.41459],[119.64645,26.5083],[119.61689,26.46369],[119.59389,26.48187],[119.56556,26.48349],[119.57848,26.42935],[119.65582,26.44306],[119.64185,26.36233],[119.70058,26.34514],[119.68376,26.31374],[119.75988,26.33388],[119.7501,26.36813],[119.81802,26.42679],[119.87158,26.37759],[119.85838,26.35224],[119.95477,26.37316],[119.90205,26.31798],[119.8126,26.32797],[119.79622,26.27357],[119.76407,26.30068],[119.63063,26.26653],[119.60484,26.24725],[119.6712,26.23984],[119.65462,26.20774],[119.51125,26.08347],[119.71336,26.01652],[119.68198,25.90603],[119.6364,25.91802],[119.58188,25.85592],[119.62842,25.75632],[119.60352,25.70551],[119.53568,25.71318],[119.43488,25.64304],[119.49326,25.62318],[119.47704,25.59058],[119.50688,25.55682],[119.60278,25.59567],[119.56645,25.55273],[119.59694,25.52215],[119.55124,25.5063],[119.60261,25.51016],[119.58505,25.48108],[119.61775,25.49085],[119.60922,25.4648],[119.63854,25.47747],[119.60865,25.43609],[119.65057,25.4252],[119.65618,25.38517],[119.6114,25.36241],[119.65276,25.36441],[119.63971,25.34363],[119.58708,25.34789],[119.60458,25.37629],[119.57824,25.42163],[119.60283,25.43154],[119.56582,25.46288],[119.51827,25.39861],[119.56513,25.41809],[119.55489,25.3855],[119.48282,25.37011],[119.50849,25.47009],[119.4316,25.43838],[119.46066,25.5127],[119.3616,25.53113],[119.37862,25.59359],[119.3596,25.57903],[119.34802,25.61862],[119.31522,25.61202],[119.35028,25.55163],[119.32137,25.4697],[119.34243,25.43705],[119.29782,25.42131],[119.27557,25.46044],[119.31789,25.57627],[119.28783,25.58067],[119.27736,25.52817],[119.1948,25.46969],[119.20712,25.56469],[119.17115,25.55477],[119.12869,25.63242],[119.12858,25.75468],[118.94868,25.7258],[118.92032,25.74588],[118.74296,25.68449],[118.63499,25.70859],[118.53736,25.64886],[118.51276,25.66207],[118.42945,25.72036],[118.37998,25.80787],[118.41992,25.91344],[118.45614,25.8638],[118.49536,25.90389]]],[[[119.76469,25.63811],[119.83292,25.60015],[119.81635,25.57256],[119.88219,25.56949],[119.80547,25.53152],[119.80608,25.49363],[119.85919,25.48193],[119.851,25.45459],[119.75674,25.43702],[119.77967,25.40798],[119.75211,25.39237],[119.70058,25.43934],[119.72865,25.48869],[119.67459,25.46845],[119.67202,25.49331],[119.73973,25.51183],[119.73004,25.59495],[119.70284,25.57565],[119.68147,25.59913],[119.78449,25.66727],[119.76469,25.63811]]],[[[119.61832,26.11917],[119.65186,26.07023],[119.53809,26.08121],[119.56771,26.11954],[119.61832,26.11917]]]]}},{"type":"Feature","properties":{"SYS_ID":"90010","NAME_CH":"兴化府","PRES_LOC":"","TYPE_CH":"府","BEG_YR":1368,"BEG_CHG_TY":"更名","END_YR":1911,"END_CHG_TY":"数据下限","X_COORD":118.88,"Y_COORD":25.45},"geometry":{"type":"MultiPolygon","coordinates":[[[[118.84747,25.7057],[118.92032,25.74588],[119.14409,25.74354],[119.12869,25.63242],[119.17115,25.55477],[119.20744,25.55548],[119.1948,25.46969],[119.12347,25.40173],[119.1834,25.34216],[119.21572,25.36076],[119.2281,25.31173],[119.18443,25.30327],[119.20759,25.26734],[119.24582,25.33164],[119.28517,25.32993],[119.36877,25.27085],[119.36028,25.24916],[119.27988,25.24351],[119.30139,25.20073],[119.27396,25.17367],[119.17012,25.18736],[119.13629,25.26684],[119.08551,25.18224],[119.15682,25.13002],[119.10306,25.15001],[119.10244,25.11303],[119.08322,25.16211],[119.04733,25.15628],[119.05668,25.11635],[119.02449,25.13885],[119.07242,25.19314],[119.07188,25.25223],[118.99361,25.213],[118.97579,25.23052],[118.9913,25.26779],[119.04018,25.26],[119.06341,25.28959],[118.92966,25.27839],[118.68297,25.15643],[118.68216,25.26675],[118.6338,25.26608],[118.63523,25.30142],[118.51322,25.30155],[118.51633,25.35475],[118.45032,25.44122],[118.46997,25.53571],[118.53347,25.58925],[118.53869,25.65663],[118.63499,25.70859],[118.72282,25.68288],[118.81847,25.72279],[118.84747,25.7057]]],[[[119.46611,25.25907],[119.49801,25.21398],[119.56872,25.21139],[119.54443,25.16606],[119.50423,25.17435],[119.49931,25.20637],[119.48885,25.18458],[119.43913,25.2057],[119.46611,25.25907]]],[[[119.10314,25.07922],[119.14734,25.08978],[119.13184,25.08574],[119.1182,25.02405],[119.10314,25.07922]]]]}},{"type":"Feature","properties":{"SYS_ID":"90011","NAME_CH":"漳州府","PRES_LOC":"","TYPE_CH":"府","BEG_YR":1368,"BEG_CHG_TY":"更名","END_YR":1535,"END_CHG_TY":"辖区缩小","X_COORD":117.38,"Y_COORD":24.68},"geometry":{"type":"MultiPolygon","coordinates":[[[[116.90918,25.38237],[116.93845,25.51274],[117.12239,25.58559],[117.23183,25.66541],[117.26559,25.73289],[117.43457,25.75688],[117.49838,25.72944],[117.4996,25.80894],[117.56421,25.86583],[117.60553,25.83214],[117.67806,25.86455],[117.65602,25.664],[117.73544,25.59386],[117.68392,25.54632],[117.71328,25.48259],[117.68123,25.32288],[117.59837,25.2959],[117.61916,25.24941],[117.57547,25.21174],[117.73776,25.0404],[117.60303,24.95627],[117.62912,24.91997],[117.60355,24.88528],[117.66296,24.85062],[117.73322,24.8788],[117.80641,24.85037],[117.87612,24.89136],[117.94817,24.8452],[117.95664,24.67451],[117.88637,24.61427],[117.88782,24.51833],[117.92022,24.49142],[117.97095,24.51577],[118.05093,24.49986],[118.01035,24.48958],[118.03931,24.44974],[117.90054,24.48627],[117.77531,24.48004],[117.90185,24.3762],[118.05815,24.41438],[118.01929,24.33288],[118.0975,24.36015],[118.132,24.31044],[118.13841,24.27254],[118.09866,24.2448],[118.07184,24.26206],[118.01611,24.20454],[118.02032,24.24],[118.00028,24.22761],[117.98441,24.16455],[117.95754,24.2298],[117.91119,24.19213],[117.95335,24.16425],[117.90058,24.09695],[117.90478,24.03985],[117.80987,24.00451],[117.7492,23.90483],[117.72721,23.93848],[117.79743,24.0125],[117.7588,24.02353],[117.77506,24.04725],[117.77081,24.06002],[117.75204,24.02781],[117.70895,24.04501],[117.68288,24.00001],[117.70607,23.95172],[117.63528,23.88724],[117.64651,23.79684],[117.59085,23.72239],[117.59808,23.88666],[117.38603,23.94418],[117.38103,23.92427],[117.48118,23.90916],[117.50426,23.86638],[117.44121,23.75862],[117.41016,23.7773],[117.43385,23.73867],[117.4968,23.76125],[117.53521,23.73815],[117.48079,23.70663],[117.48587,23.65579],[117.42123,23.64877],[117.43835,23.58058],[117.31396,23.57235],[117.41448,23.6727],[117.33803,23.68394],[117.39524,23.7909],[117.34254,23.75272],[117.28678,23.7785],[117.31123,23.75599],[117.27125,23.73444],[117.28381,23.64018],[117.2311,23.60495],[117.249,23.6748],[117.23249,23.69133],[117.22324,23.62402],[117.19003,23.62166],[117.04617,23.70332],[117.01509,23.83907],[116.96444,23.90444],[116.97567,24.00001],[116.9199,24.08805],[116.98882,24.18147],[116.93019,24.2247],[116.90677,24.36501],[116.8363,24.44748],[116.94315,24.54799],[117.01234,24.55863],[117.01173,24.63029],[117.04105,24.64457],[117.0108,24.69944],[117.01864,24.77644],[117.07657,24.86394],[117.03466,24.89449],[117.05097,24.92381],[116.98839,24.96112],[116.91242,24.95067],[116.92696,24.9853],[116.84914,25.0766],[116.74532,25.06181],[116.74219,25.10432],[116.67533,25.12818],[116.91343,25.21303],[116.8831,25.26922],[116.94164,25.34455],[116.90918,25.38237]]],[[[117.12605,23.48491],[117.13258,23.39781],[117.07017,23.40978],[117.12605,23.48491]]],[[[117.87098,24.45497],[117.85319,24.45027],[117.83775,24.46417],[117.80732,24.46902],[117.91264,24.45822],[117.89982,24.43036],[117.87098,24.45497]]],[[[117.84595,24.44563],[117.88198,24.43071],[117.80365,24.46262],[117.83402,24.45955],[117.84595,24.44563]]]]}},{"type":"Feature","properties":{"SYS_ID":"90021","NAME_CH":"延平府","PRES_LOC":"","TYPE_CH":"府","BEG_YR":1536,"BEG_CHG_TY":"辖区扩大","END_YR":1733,"END_CHG_TY":"辖区缩小","X_COORD":117.82,"Y_COORD":26.31},"geometry":{"type":"Polygon","coordinates":[[[117.44588,26.24981],[117.53907,26.32811],[117.5866,26.47031],[117.54515,26.51386],[117.55981,26.57162],[117.53525,26.59573],[117.51593,26.55615],[117.4763,26.55625],[117.46375,26.50076],[117.38437,26.48162],[117.39554,26.44547],[117.36396,26.42687],[117.28174,26.46008],[117.22179,26.43681],[117.21154,26.5352],[117.08395,26.56881],[117.10374,26.6236],[117.14488,26.6183],[117.16037,26.67426],[117.24985,26.76213],[117.21062,26.85863],[117.24143,26.86578],[117.2399,26.93401],[117.34178,26.97098],[117.32778,27.0138],[117.42732,27.06888],[117.44891,27.01094],[117.5825,27.00051],[117.59645,26.93745],[117.6926,26.93426],[117.74014,26.98478],[117.74435,27.07822],[117.81972,27.16978],[117.88606,27.19158],[117.99035,27.09531],[117.97792,27.04702],[117.85698,26.96191],[117.84034,26.87752],[117.86196,26.83767],[117.9387,26.79638],[118.07703,26.86114],[118.12254,26.80314],[118.26598,26.79014],[118.3185,26.70911],[118.46236,26.65144],[118.56634,26.691],[118.59338,26.66301],[118.57927,26.58651],[118.6142,26.55848],[118.542,26.39727],[118.665,26.33784],[118.6643,26.2586],[118.60865,26.24552],[118.57316,26.1688],[118.59094,26.0724],[118.53835,26.06333],[118.46939,25.87095],[118.43249,25.91602],[118.40412,25.89303],[118.29924,25.93148],[118.22965,25.88698],[118.15882,25.91164],[118.07712,25.88926],[118.05765,25.84274],[118.00015,25.8559],[117.98034,25.74804],[118.00128,25.70057],[117.88652,25.64839],[117.87273,25.5922],[117.89712,25.55509],[117.84382,25.49025],[117.78679,25.5132],[117.78629,25.47554],[117.74426,25.51483],[117.68579,25.51021],[117.68558,25.55041],[117.73544,25.59386],[117.65602,25.664],[117.60815,25.65148],[117.46955,25.74881],[117.27717,25.73813],[117.15147,25.61223],[117.07833,25.65571],[117.09538,25.7105],[117.02023,25.84467],[117.1209,25.83593],[117.15085,25.89775],[117.05019,25.95648],[117.0401,26.03331],[117.07083,26.1046],[117.2299,26.15787],[117.30213,26.14245],[117.28277,26.23838],[117.33255,26.27461],[117.44588,26.24981]]]}},{"type":"Feature","properties":{"SYS_ID":"90024","NAME_CH":"邵武府","PRES_LOC":"","TYPE_CH":"府","BEG_YR":1471,"BEG_CHG_TY":"辖区缩小","END_YR":1911,"END_CHG_TY":"数据下限","X_COORD":117.23,"Y_COORD":27.19},"geometry":{"type":"Polygon","coordinates":[[[117.43369,27.06712],[117.32778,27.0138],[117.34178,26.97098],[117.2399,26.93401],[117.24143,26.86578],[117.21062,26.85863],[117.24985,26.76213],[117.16037,26.67426],[117.14488,26.6183],[117.10374,26.6236],[117.07546,26.55989],[116.91668,26.66243],[116.90372,26.57404],[116.83513,26.55962],[116.81991,26.58931],[116.77933,26.54144],[116.72213,26.56069],[116.74777,26.58105],[116.70795,26.6069],[116.72979,26.63509],[116.60962,26.66435],[116.56838,26.64238],[116.5116,26.69407],[116.55402,26.77036],[116.54402,26.8435],[116.65461,26.96568],[116.8129,27.02191],[116.93163,27.02283],[117.04218,27.10157],[117.05899,27.17551],[117.16045,27.27313],[117.16171,27.30292],[117.09876,27.33646],[117.12629,27.41684],[117.09513,27.53975],[117.07494,27.56926],[117.01925,27.55999],[117.01231,27.65368],[117.05292,27.67525],[117.09457,27.63067],[117.10156,27.68685],[117.19828,27.68846],[117.19814,27.71577],[117.29501,27.77882],[117.28169,27.87507],[117.32047,27.90376],[117.34506,27.86464],[117.51755,27.99197],[117.59894,27.87388],[117.67651,27.83072],[117.59144,27.66754],[117.54733,27.64612],[117.54668,27.53292],[117.61086,27.48528],[117.63667,27.39549],[117.71009,27.31075],[117.68624,27.22876],[117.74598,27.25689],[117.82266,27.19892],[117.81972,27.16978],[117.74435,27.07822],[117.74014,26.98478],[117.6926,26.93426],[117.60844,26.93137],[117.5825,27.00051],[117.44891,27.01094],[117.43369,27.06712]]]}},{"type":"Feature","properties":{"SYS_ID":"90026","NAME_CH":"汀州府","PRES_LOC":"","TYPE_CH":"府","BEG_YR":1471,"BEG_CHG_TY":"辖区扩大","END_YR":1911,"END_CHG_TY":"数据下限","X_COORD":116.64,"Y_COORD":25.6},"geometry":{"type":"Polygon","coordinates":[[[117.53907,26.32811],[117.44588,26.24981],[117.33255,26.27461],[117.28277,26.23838],[117.30213,26.14245],[117.2299,26.15787],[117.07083,26.1046],[117.04823,25.96178],[117.14889,25.911],[117.14987,25.87082],[117.1209,25.83593],[117.02023,25.84467],[117.09538,25.7105],[117.07833,25.65571],[117.15147,25.61223],[116.93845,25.51274],[116.94911,25.46112],[116.90918,25.38237],[116.94164,25.34455],[116.8831,25.26922],[116.91343,25.21303],[116.67533,25.12818],[116.74219,25.10432],[116.74532,25.06181],[116.84914,25.0766],[116.92696,24.9853],[116.91242,24.95067],[116.97529,24.96486],[117.05723,24.91597],[117.03466,24.89449],[117.07753,24.85659],[117.01864,24.77644],[117.0108,24.69944],[117.04105,24.64457],[117.01173,24.63029],[117.00147,24.54716],[116.94315,24.54799],[116.84347,24.47682],[116.75189,24.54583],[116.80933,24.64417],[116.79304,24.67788],[116.50639,24.61414],[116.48509,24.71273],[116.41473,24.73964],[116.3708,24.80162],[116.41285,24.84074],[116.3891,24.87443],[116.3038,24.80263],[116.23911,24.79275],[116.24606,24.82603],[116.19223,24.8651],[116.06659,24.85271],[116.01974,24.90244],[115.87727,24.93583],[115.86511,24.97342],[115.89948,24.987],[115.86829,25.02222],[115.92638,25.0543],[115.86929,25.11838],[115.85151,25.21308],[116.00704,25.32531],[115.98805,25.38173],[116.01486,25.44329],[115.98757,25.46394],[116.05505,25.57076],[116.05082,25.69052],[116.17434,25.77748],[116.12575,25.86157],[116.36131,25.96796],[116.36211,26.01523],[116.48708,26.12738],[116.46234,26.17857],[116.39099,26.18549],[116.39454,26.2717],[116.51283,26.40451],[116.57687,26.36909],[116.60167,26.38609],[116.63349,26.47767],[116.53509,26.56855],[116.5642,26.64577],[116.67947,26.65958],[116.72979,26.63509],[116.70795,26.6069],[116.74777,26.58105],[116.72213,26.56069],[116.78802,26.54072],[116.81991,26.58931],[116.83513,26.55962],[116.90372,26.57404],[116.91668,26.66243],[117.06471,26.55811],[117.21154,26.5352],[117.22179,26.43681],[117.28787,26.45935],[117.31696,26.42515],[117.38832,26.43772],[117.38437,26.48162],[117.46375,26.50076],[117.4763,26.55625],[117.51593,26.55615],[117.53525,26.59573],[117.55981,26.57162],[117.54515,26.51386],[117.5866,26.47031],[117.53907,26.32811]]]}},{"type":"Feature","properties":{"SYS_ID":"90045","NAME_CH":"琉球","PRES_LOC":"","TYPE_CH":"非政区国土","BEG_YR":1324,"BEG_CHG_TY":"名称变化","END_YR":1368,"END_CHG_TY":"名称变化","X_COORD":120.97,"Y_COORD":23.75},"geometry":{"type":"MultiPolygon","coordinates":[[[[121.63446,24.00001],[121.6031,23.96725],[121.46158,23.32587],[121.3898,23.20371],[121.4054,23.1286],[121.36034,23.09945],[121.24583,22.88547],[121.19083,22.86093],[121.17087,22.76392],[121.02898,22.67191],[120.97012,22.56044],[120.87989,22.29156],[120.89112,22.0407],[120.83213,21.96472],[120.85616,21.9093],[120.75346,21.9629],[120.7165,21.92641],[120.67719,22.03715],[120.70351,22.11039],[120.63216,22.3085],[120.43608,22.46085],[120.45097,22.48691],[120.40989,22.47264],[120.2677,22.60012],[120.24383,22.66094],[120.26454,22.71454],[120.25086,22.69646],[120.14632,22.98786],[120.17435,22.96396],[120.18757,22.99167],[120.1327,23.00417],[120.17594,23.03167],[120.13172,23.01265],[120.05451,23.05405],[120.09933,23.08407],[120.0605,23.07307],[120.05856,23.10287],[120.10704,23.13188],[120.06909,23.17621],[120.11742,23.23137],[120.08808,23.23394],[120.13601,23.31797],[120.12967,23.39179],[120.1326,23.35855],[120.16563,23.34623],[120.13648,23.43807],[120.17141,23.4568],[120.12805,23.45895],[120.15173,23.4968],[120.1236,23.61709],[120.23715,23.82583],[120.2939,23.8219],[120.30827,23.836],[120.25571,23.85098],[120.3625,24.04084],[120.38194,24.00896],[120.39623,24.00659],[120.36946,24.04412],[120.4252,24.08754],[120.43964,24.15208],[120.48621,24.19447],[120.52294,24.16113],[120.4846,24.20225],[120.51605,24.29422],[120.6721,24.49453],[120.71189,24.60303],[120.76898,24.61397],[120.77345,24.656],[120.86174,24.66988],[120.82829,24.6823],[120.89852,24.76048],[120.9137,24.83737],[120.94564,24.84651],[121.02886,25.0203],[121.20587,25.11289],[121.38157,25.14793],[121.44636,25.2529],[121.52832,25.30125],[121.59789,25.29107],[121.7461,25.14386],[121.91631,25.13036],[121.92732,25.02391],[121.99886,25.01591],[121.88288,24.94149],[121.80615,24.83193],[121.83913,24.63551],[121.87938,24.60594],[121.85098,24.60227],[121.86938,24.54749],[121.83222,24.51999],[121.85387,24.48332],[121.78791,24.42624],[121.75926,24.30316],[121.61592,24.09912],[121.63446,24.00001]]],[[[121.56728,22.00444],[121.49898,22.05103],[121.49401,22.09191],[121.56087,22.08755],[121.56158,22.04442],[121.59789,22.02591],[121.56728,22.00444]]],[[[121.49678,22.63665],[121.45716,22.68383],[121.50277,22.68338],[121.49678,22.63665]]],[[[122.05845,25.64543],[122.07113,25.64838],[122.06348,25.63438],[122.05845,25.64543]]],[[[121.93577,25.44307],[121.9295,25.45232],[121.93562,25.45271],[121.93577,25.44307]]],[[[123.47559,25.7422],[123.48402,25.74862],[123.48592,25.74476],[123.47559,25.7422]]],[[[124.56859,25.90896],[124.57455,25.9155],[124.57578,25.9061],[124.56859,25.90896]]],[[[123.69868,25.94076],[123.70538,25.9462],[123.70576,25.9423],[123.69868,25.94076]]],[[[122.0957,25.49701],[122.09341,25.50334],[122.09836,25.50025],[122.0957,25.49701]]],[[[123.54574,25.78901],[123.55088,25.78684],[123.54716,25.78398],[123.54574,25.78901]]],[[[123.55785,25.78333],[123.562,25.78849],[123.56496,25.7835],[123.55785,25.78333]]],[[[123.56307,25.72965],[123.56905,25.73325],[123.57121,25.72916],[123.56307,25.72965]]],[[[123.57711,25.76012],[123.58292,25.76118],[123.58076,25.75699],[123.57711,25.76012]]],[[[121.41542,23.13025],[121.41293,23.13306],[121.41856,23.13418],[121.41542,23.13025]]],[[[123.55493,25.74647],[123.55987,25.74291],[123.55919,25.74014],[123.55493,25.74647]]]]}},{"type":"Feature","properties":{"SYS_ID":"90046","NAME_CH":"东番","PRES_LOC":"","TYPE_CH":"非政区国土","BEG_YR":1369,"BEG_CHG_TY":"名称变化","END_YR":1572,"END_CHG_TY":"名称变化","X_COORD":120.97,"Y_COORD":23.75},"geometry":{"type":"MultiPolygon","coordinates":[[[[121.63446,24.00001],[121.6031,23.96725],[121.46158,23.32587],[121.3898,23.20371],[121.4054,23.1286],[121.36034,23.09945],[121.24583,22.88547],[121.19083,22.86093],[121.17087,22.76392],[121.02898,22.67191],[120.97012,22.56044],[120.87989,22.29156],[120.89112,22.0407],[120.83213,21.96472],[120.85616,21.9093],[120.75346,21.9629],[120.7165,21.92641],[120.67719,22.03715],[120.70351,22.11039],[120.63216,22.3085],[120.43608,22.46085],[120.45097,22.48691],[120.40989,22.47264],[120.2677,22.60012],[120.24383,22.66094],[120.26454,22.71454],[120.25086,22.69646],[120.14632,22.98786],[120.17435,22.96396],[120.18757,22.99167],[120.1327,23.00417],[120.17594,23.03167],[120.13172,23.01265],[120.05451,23.05405],[120.09933,23.08407],[120.0605,23.07307],[120.05856,23.10287],[120.10704,23.13188],[120.06909,23.17621],[120.11742,23.23137],[120.08808,23.23394],[120.13601,23.31797],[120.12967,23.39179],[120.1326,23.35855],[120.16563,23.34623],[120.13648,23.43807],[120.17141,23.4568],[120.12805,23.45895],[120.15173,23.4968],[120.1236,23.61709],[120.23715,23.82583],[120.2939,23.8219],[120.30827,23.836],[120.25571,23.85098],[120.3625,24.04084],[120.38194,24.00896],[120.39623,24.00659],[120.36946,24.04412],[120.4252,24.08754],[120.43964,24.15208],[120.48621,24.19447],[120.52294,24.16113],[120.4846,24.20225],[120.51605,24.29422],[120.6721,24.49453],[120.71189,24.60303],[120.76898,24.61397],[120.77345,24.656],[120.86174,24.66988],[120.82829,24.6823],[120.89852,24.76048],[120.9137,24.83737],[120.94564,24.84651],[121.02886,25.0203],[121.20587,25.11289],[121.38157,25.14793],[121.44636,25.2529],[121.52832,25.30125],[121.59789,25.29107],[121.7461,25.14386],[121.91631,25.13036],[121.92732,25.02391],[121.99886,25.01591],[121.88288,24.94149],[121.80615,24.83193],[121.83913,24.63551],[121.87938,24.60594],[121.85098,24.60227],[121.86938,24.54749],[121.83222,24.51999],[121.85387,24.48332],[121.78791,24.42624],[121.75926,24.30316],[121.61592,24.09912],[121.63446,24.00001]]],[[[121.56728,22.00444],[121.49898,22.05103],[121.49401,22.09191],[121.56087,22.08755],[121.56158,22.04442],[121.59789,22.02591],[121.56728,22.00444]]],[[[121.49678,22.63665],[121.45716,22.68383],[121.50277,22.68338],[121.49678,22.63665]]],[[[122.05845,25.64543],[122.07113,25.64838],[122.06348,25.63438],[122.05845,25.64543]]],[[[121.93577,25.44307],[121.9295,25.45232],[121.93562,25.45271],[121.93577,25.44307]]],[[[123.47559,25.7422],[123.48402,25.74862],[123.48592,25.74476],[123.47559,25.7422]]],[[[124.56859,25.90896],[124.57455,25.9155],[124.57578,25.9061],[124.56859,25.90896]]],[[[123.69868,25.94076],[123.70538,25.9462],[123.70576,25.9423],[123.69868,25.94076]]],[[[122.0957,25.49701],[122.09341,25.50334],[122.09836,25.50025],[122.0957,25.49701]]],[[[123.54574,25.78901],[123.55088,25.78684],[123.54716,25.78398],[123.54574,25.78901]]],[[[123.55785,25.78333],[123.562,25.78849],[123.56496,25.7835],[123.55785,25.78333]]],[[[123.56307,25.72965],[123.56905,25.73325],[123.57121,25.72916],[123.56307,25.72965]]],[[[123.57711,25.76012],[123.58292,25.76118],[123.58076,25.75699],[123.57711,25.76012]]],[[[121.41542,23.13025],[121.41293,23.13306],[121.41856,23.13418],[121.41542,23.13025]]],[[[123.55493,25.74647],[123.55987,25.74291],[123.55919,25.74014],[123.55493,25.74647]]]]}},{"type":"Feature","properties":{"SYS_ID":"90047","NAME_CH":"台湾","PRES_LOC":"","TYPE_CH":"非政区国土","BEG_YR":1573,"BEG_CHG_TY":"名称变化","END_YR":1661,"END_CHG_TY":"新建","X_COORD":120.97,"Y_COORD":23.75},"geometry":{"type":"MultiPolygon","coordinates":[[[[121.63446,24.00001],[121.6031,23.96725],[121.46158,23.32587],[121.3898,23.20371],[121.4054,23.1286],[121.36034,23.09945],[121.24583,22.88547],[121.19083,22.86093],[121.17087,22.76392],[121.02898,22.67191],[120.97012,22.56044],[120.87989,22.29156],[120.89112,22.0407],[120.83213,21.96472],[120.85616,21.9093],[120.75346,21.9629],[120.7165,21.92641],[120.67719,22.03715],[120.70351,22.11039],[120.63216,22.3085],[120.43608,22.46085],[120.45097,22.48691],[120.40989,22.47264],[120.2677,22.60012],[120.24383,22.66094],[120.26454,22.71454],[120.25086,22.69646],[120.14632,22.98786],[120.17435,22.96396],[120.18757,22.99167],[120.1327,23.00417],[120.17594,23.03167],[120.13172,23.01265],[120.05451,23.05405],[120.09933,23.08407],[120.0605,23.07307],[120.05856,23.10287],[120.10704,23.13188],[120.06909,23.17621],[120.11742,23.23137],[120.08808,23.23394],[120.13601,23.31797],[120.12967,23.39179],[120.1326,23.35855],[120.16563,23.34623],[120.13648,23.43807],[120.17141,23.4568],[120.12805,23.45895],[120.15173,23.4968],[120.1236,23.61709],[120.23715,23.82583],[120.2939,23.8219],[120.30827,23.836],[120.25571,23.85098],[120.3625,24.04084],[120.38194,24.00896],[120.39623,24.00659],[120.36946,24.04412],[120.4252,24.08754],[120.43964,24.15208],[120.48621,24.19447],[120.52294,24.16113],[120.4846,24.20225],[120.51605,24.29422],[120.6721,24.49453],[120.71189,24.60303],[120.76898,24.61397],[120.77345,24.656],[120.86174,24.66988],[120.82829,24.6823],[120.89852,24.76048],[120.9137,24.83737],[120.94564,24.84651],[121.02886,25.0203],[121.20587,25.11289],[121.38157,25.14793],[121.44636,25.2529],[121.52832,25.30125],[121.59789,25.29107],[121.7461,25.14386],[121.91631,25.13036],[121.92732,25.02391],[121.99886,25.01591],[121.88288,24.94149],[121.80615,24.83193],[121.83913,24.63551],[121.87938,24.60594],[121.85098,24.60227],[121.86938,24.54749],[121.83222,24.51999],[121.85387,24.48332],[121.78791,24.42624],[121.75926,24.30316],[121.61592,24.09912],[121.63446,24.00001]]],[[[121.56728,22.00444],[121.49898,22.05103],[121.49401,22.09191],[121.56087,22.08755],[121.56158,22.04442],[121.59789,22.02591],[121.56728,22.00444]]],[[[121.49678,22.63665],[121.45716,22.68383],[121.50277,22.68338],[121.49678,22.63665]]],[[[122.05845,25.64543],[122.07113,25.64838],[122.06348,25.63438],[122.05845,25.64543]]],[[[121.93577,25.44307],[121.9295,25.45232],[121.93562,25.45271],[121.93577,25.44307]]],[[[123.47559,25.7422],[123.48402,25.74862],[123.48592,25.74476],[123.47559,25.7422]]],[[[124.56859,25.90896],[124.57455,25.9155],[124.57578,25.9061],[124.56859,25.90896]]],[[[123.69868,25.94076],[123.70538,25.9462],[123.70576,25.9423],[123.69868,25.94076]]],[[[122.0957,25.49701],[122.09341,25.50334],[122.09836,25.50025],[122.0957,25.49701]]],[[[123.54574,25.78901],[123.55088,25.78684],[123.54716,25.78398],[123.54574,25.78901]]],[[[123.55785,25.78333],[123.562,25.78849],[123.56496,25.7835],[123.55785,25.78333]]],[[[123.56307,25.72965],[123.56905,25.73325],[123.57121,25.72916],[123.56307,25.72965]]],[[[123.57711,25.76012],[123.58292,25.76118],[123.58076,25.75699],[123.57711,25.76012]]],[[[121.41542,23.13025],[121.41293,23.13306],[121.41856,23.13418],[121.41542,23.13025]]],[[[123.55493,25.74647],[123.55987,25.74291],[123.55919,25.74014],[123.55493,25.74647]]]]}},{"type":"Feature","properties":{"SYS_ID":"90050","NAME_CH":"泉州府","PRES_LOC":"","TYPE_CH":"府","BEG_YR":1536,"BEG_CHG_TY":"辖区缩小","END_YR":1661,"END_CHG_TY":"辖区缩小","X_COORD":118.24,"Y_COORD":25.14},"geometry":{"type":"MultiPolygon","coordinates":[[[[118.0667,24.51653],[117.97095,24.51577],[117.92022,24.49142],[117.88782,24.51833],[117.88637,24.61427],[117.95664,24.67451],[117.94817,24.8452],[117.87612,24.89136],[117.80641,24.85037],[117.73322,24.8788],[117.67074,24.84949],[117.60713,24.87898],[117.62912,24.91997],[117.60303,24.95627],[117.73776,25.0404],[117.57547,25.21174],[117.61916,25.24941],[117.59837,25.2959],[117.68123,25.32288],[117.71495,25.51034],[117.78629,25.47554],[117.78679,25.5132],[117.84382,25.49025],[117.90031,25.56569],[117.87273,25.5922],[117.88652,25.64839],[118.00128,25.70057],[117.98034,25.74804],[118.00015,25.8559],[118.05765,25.84274],[118.07712,25.88926],[118.15882,25.91164],[118.22965,25.88698],[118.30152,25.93118],[118.40412,25.89303],[118.3808,25.80256],[118.42945,25.72036],[118.53736,25.64886],[118.45032,25.44122],[118.51633,25.35475],[118.51322,25.30155],[118.63523,25.30142],[118.6338,25.26608],[118.68216,25.26675],[118.68297,25.15643],[118.77103,25.21293],[118.9236,25.23774],[118.90596,25.19756],[118.97778,25.19941],[118.93452,25.14697],[118.96934,25.12116],[118.84805,25.08466],[118.94933,25.00778],[119.00578,25.05736],[118.97705,24.99215],[119.02219,24.96222],[118.88715,24.94904],[118.97703,24.88529],[118.87372,24.90519],[118.84032,24.88128],[118.80901,24.90599],[118.78957,24.88403],[118.81213,24.87668],[118.71663,24.84905],[118.69521,24.88598],[118.73552,24.88621],[118.74394,24.91482],[118.71805,24.9108],[118.71697,24.94623],[118.69048,24.89766],[118.69482,24.9524],[118.6569,24.98175],[118.67392,24.95254],[118.64239,24.93035],[118.68027,24.88956],[118.62013,24.81542],[118.66304,24.78569],[118.72395,24.81461],[118.72696,24.78039],[118.78069,24.76214],[118.71201,24.67736],[118.67168,24.69665],[118.63705,24.66586],[118.68197,24.61077],[118.60557,24.52947],[118.56857,24.51667],[118.55428,24.55537],[118.59173,24.57757],[118.53662,24.61395],[118.4436,24.62948],[118.45764,24.71115],[118.42562,24.73562],[118.41625,24.608],[118.27584,24.59894],[118.23861,24.54433],[118.18606,24.57198],[118.22687,24.627],[118.1776,24.6265],[118.21059,24.65746],[118.16241,24.69436],[118.09976,24.58037],[118.02821,24.56889],[118.0667,24.51653]]],[[[118.3169,24.42736],[118.31146,24.48848],[118.37855,24.46197],[118.42422,24.52688],[118.47425,24.44896],[118.44741,24.41062],[118.36614,24.42866],[118.32495,24.38593],[118.27926,24.41393],[118.3169,24.42736]]],[[[118.11689,24.55173],[118.16015,24.54167],[118.15572,24.50978],[118.19251,24.52924],[118.1953,24.48894],[118.12937,24.42585],[118.06683,24.46576],[118.11234,24.47976],[118.07408,24.50111],[118.11689,24.55173]]],[[[119.55576,23.65981],[119.60197,23.66987],[119.62893,23.57636],[119.65687,23.60544],[119.69704,23.55456],[119.64739,23.55917],[119.57674,23.50769],[119.54162,23.53772],[119.59936,23.52614],[119.60899,23.54648],[119.56017,23.56048],[119.61153,23.6039],[119.55576,23.65981]]],[[[119.5454,23.63855],[119.51625,23.56444],[119.47306,23.55509],[119.51395,23.64108],[119.5454,23.63855]]],[[[118.26696,24.44326],[118.24915,24.41484],[118.21191,24.40988],[118.23343,24.44995],[118.26696,24.44326]]]]}},{"type":"Feature","properties":{"SYS_ID":"90118","NAME_CH":"湖州府","PRES_LOC":"","TYPE_CH":"府","BEG_YR":1366,"BEG_CHG_TY":"更名","END_YR":1911,"END_CHG_TY":"数据下限","X_COORD":119.89,"Y_COORD":30.76},"geometry":{"type":"Polygon","coordinates":[[[120.33699,30.64052],[120.30493,30.55041],[120.36228,30.50412],[120.35504,30.47755],[120.31909,30.47942],[120.30646,30.5144],[120.19332,30.5276],[120.17659,30.47644],[120.05838,30.49336],[120.06004,30.43278],[119.87925,30.45984],[119.78578,30.54032],[119.71634,30.55623],[119.67654,30.40765],[119.63072,30.40904],[119.64569,30.45125],[119.60045,30.42783],[119.55455,30.44731],[119.5239,30.40967],[119.4521,30.4184],[119.41057,30.38156],[119.34588,30.42015],[119.32296,30.53394],[119.26978,30.51537],[119.2365,30.54805],[119.2635,30.58232],[119.24006,30.61977],[119.31128,30.6243],[119.38051,30.68816],[119.43927,30.6528],[119.48653,30.71786],[119.48518,30.78296],[119.52613,30.78089],[119.57027,30.83884],[119.55894,30.9166],[119.62917,31.0218],[119.63703,31.15168],[119.77972,31.18273],[119.91347,31.17277],[119.99412,31.22029],[119.99428,31.1382],[120.06064,31.05635],[120.36276,30.96037],[120.35568,30.88544],[120.42846,30.91681],[120.48904,30.72526],[120.33699,30.64052]]]}},{"type":"Feature","properties":{"SYS_ID":"90119","NAME_CH":"杭州府","PRES_LOC":"","TYPE_CH":"府","BEG_YR":1366,"BEG_CHG_TY":"更名","END_YR":1810,"END_CHG_TY":"辖区扩大","X_COORD":119.74,"Y_COORD":30.21},"geometry":{"type":"Polygon","coordinates":[[[118.84689,30.16269],[118.92103,30.21465],[118.88984,30.23463],[118.87911,30.31693],[118.9441,30.36315],[119.04224,30.31047],[119.08521,30.32962],[119.22516,30.29549],[119.24846,30.34629],[119.32282,30.37624],[119.36376,30.35589],[119.4521,30.4184],[119.5239,30.40967],[119.55455,30.44731],[119.60045,30.42783],[119.64569,30.45125],[119.62851,30.41323],[119.6649,30.40181],[119.69908,30.44],[119.71634,30.55623],[119.78578,30.54032],[119.87925,30.45984],[120.06004,30.43278],[120.05838,30.49336],[120.17659,30.47644],[120.19332,30.5276],[120.30646,30.5144],[120.32829,30.47508],[120.46812,30.50283],[120.51758,30.48398],[120.65572,30.55292],[120.78392,30.50454],[120.83418,30.36109],[120.78753,30.33334],[120.66409,30.40062],[120.40258,30.37312],[120.33891,30.29148],[120.12481,30.19331],[120.12052,30.15836],[120.17479,30.11055],[120.12714,30.08557],[120.12654,30.00797],[120.07353,29.89262],[120.0987,29.83264],[120.02798,29.8339],[120,29.75473],[119.86239,29.76948],[119.87795,29.84424],[119.81735,29.87692],[119.69263,29.87806],[119.67255,29.92295],[119.6113,29.94981],[119.60585,30.03061],[119.4948,30.04127],[119.47349,29.98795],[119.42897,29.97032],[119.41749,29.99519],[119.28125,30.01026],[119.2431,29.9996],[119.25147,29.95373],[119.24403,29.94521],[119.019,30.03305],[118.89912,30.01794],[118.86559,30.10835],[118.8921,30.15577],[118.84689,30.16269]]]}},{"type":"Feature","properties":{"SYS_ID":"90120","NAME_CH":"嘉兴府","PRES_LOC":"","TYPE_CH":"府","BEG_YR":1366,"BEG_CHG_TY":"更名","END_YR":1911,"END_CHG_TY":"数据下限","X_COORD":120.79,"Y_COORD":30.7},"geometry":{"type":"MultiPolygon","coordinates":[[[[120.38001,30.66765],[120.46798,30.70128],[120.58148,30.85905],[120.64603,30.8536],[120.70521,30.90073],[120.70153,30.97293],[120.9549,31.02617],[120.995,31.0015],[120.98146,30.89531],[121.01181,30.89077],[120.98472,30.82651],[121.11455,30.85277],[121.11851,30.78399],[121.21835,30.78276],[121.26791,30.72426],[121.13969,30.60259],[120.98272,30.55241],[120.9358,30.49109],[120.9594,30.44014],[120.90544,30.41702],[120.91386,30.3818],[120.83536,30.35007],[120.78392,30.50454],[120.65572,30.55292],[120.55228,30.48674],[120.34523,30.47961],[120.36228,30.50412],[120.31216,30.53414],[120.30631,30.59318],[120.38001,30.66765]]],[[[120.96559,30.45401],[120.95812,30.46587],[120.97165,30.46298],[120.96559,30.45401]]],[[[121.12641,30.57599],[121.11543,30.5837],[121.12912,30.58351],[121.12641,30.57599]]]]}},{"type":"Feature","properties":{"SYS_ID":"90206","NAME_CH":"常州府","PRES_LOC":"","TYPE_CH":"府","BEG_YR":1367,"BEG_CHG_TY":"辖区扩大","END_YR":1911,"END_CHG_TY":"数据下限","X_COORD":120.07,"Y_COORD":31.64},"geometry":{"type":"Polygon","coordinates":[[[120.56285,31.985],[120.59271,31.70701],[120.55679,31.67178],[120.5928,31.62439],[120.53805,31.58425],[120.58474,31.58422],[120.59879,31.53504],[120.4966,31.44582],[120.29766,31.38536],[119.91347,31.17277],[119.77972,31.18273],[119.59361,31.13455],[119.52897,31.1652],[119.55092,31.19418],[119.51933,31.3618],[119.54398,31.42965],[119.58485,31.44657],[119.53838,31.56482],[119.57507,31.59829],[119.6315,31.57691],[119.69702,31.66243],[119.69285,31.70428],[119.7358,31.70344],[119.73495,31.77406],[119.80975,31.85109],[119.75539,31.88255],[119.79395,32.05822],[119.96785,32.01522],[120.01643,31.9682],[120.0905,32.07566],[120.22456,32.0939],[120.30015,32.14473],[120.43615,32.12729],[120.54807,32.05212],[120.51553,32.02454],[120.56285,31.985]]]}},{"type":"Feature","properties":{"SYS_ID":"90245","NAME_CH":"苏州府","PRES_LOC":"","TYPE_CH":"府","BEG_YR":1375,"BEG_CHG_TY":"崇明岛面积变化","END_YR":1723,"END_CHG_TY":"辖区缩小","X_COORD":120.82,"Y_COORD":31.37},"geometry":{"type":"MultiPolygon","coordinates":[[[[120.97358,31.75984],[121.23181,31.62493],[121.30417,31.51636],[121.65093,31.32831],[121.56888,31.34853],[121.46589,31.25066],[121.36894,31.23087],[121.33727,31.25841],[121.27196,31.19401],[121.24322,31.25743],[121.27679,31.27176],[121.23205,31.31201],[121.19699,31.26316],[121.05761,31.26987],[121.05732,31.11664],[120.88041,31.13625],[120.85816,31.10949],[120.89562,31.08569],[120.89512,31.01198],[120.70153,30.97293],[120.70521,30.90073],[120.64603,30.8536],[120.58148,30.85905],[120.49754,30.75868],[120.44831,30.8166],[120.4192,30.92801],[120.40787,30.89277],[120.35053,30.88758],[120.36276,30.96037],[120.07145,31.04925],[119.99428,31.1382],[119.99412,31.22029],[120.29766,31.38536],[120.4966,31.44582],[120.59444,31.52275],[120.58474,31.58422],[120.53751,31.59089],[120.5928,31.62439],[120.55634,31.67636],[120.59271,31.70701],[120.55719,31.83645],[120.55778,32.00317],[120.74873,31.83278],[120.9744,31.7883],[120.97358,31.75984]]],[[[121.23215,31.7906],[121.32692,31.80654],[121.41407,31.71529],[121.79236,31.56992],[121.83005,31.48756],[121.72651,31.47172],[121.37992,31.61506],[121.30184,31.67346],[121.23215,31.7906]]],[[[121.62702,31.81829],[121.78699,31.83586],[121.8165,31.79104],[121.74456,31.77518],[121.62702,31.81829]]],[[[121.7252,31.70564],[121.62016,31.74196],[121.63035,31.74263],[121.74037,31.73547],[121.74398,31.72802],[121.7252,31.70564]]],[[[121.67562,31.38033],[121.72722,31.37971],[121.74116,31.35146],[121.72131,31.3482],[121.67562,31.38033]]],[[[121.50686,31.79952],[121.56525,31.79948],[121.58636,31.78249],[121.5617,31.7699],[121.50686,31.79952]]],[[[121.61831,31.78408],[121.62549,31.76334],[121.596,31.77498],[121.61831,31.78408]]],[[[121.59259,31.84557],[121.62003,31.85618],[121.63054,31.8432],[121.59259,31.84557]]],[[[121.80861,31.75372],[121.82132,31.73484],[121.80215,31.7191],[121.80861,31.75372]]],[[[121.38123,31.60552],[121.38863,31.6064],[121.40383,31.60235],[121.41113,31.59176],[121.38123,31.60552]]],[[[121.52471,31.54265],[121.49578,31.55738],[121.50225,31.55809],[121.51744,31.55403],[121.52471,31.54265]]],[[[121.23147,31.79177],[121.23215,31.7906],[121.23237,31.78942],[121.23147,31.79177]]],[[[121.38123,31.60608],[121.38123,31.60552],[121.38076,31.6053],[121.38123,31.60608]]],[[[121.50833,31.80126],[121.50689,31.7996],[121.50692,31.79972],[121.50833,31.80126]]],[[[121.50686,31.79952],[121.50599,31.79856],[121.50689,31.7996],[121.50686,31.79952]]]]}},{"type":"Feature","properties":{"SYS_ID":"90261","NAME_CH":"松江府","PRES_LOC":"","TYPE_CH":"府","BEG_YR":1328,"BEG_CHG_TY":"从嘉兴路划出","END_YR":1911,"END_CHG_TY":"数据下限","X_COORD":121.41,"Y_COORD":31.03},"geometry":{"type":"MultiPolygon","coordinates":[[[[121.68112,31.31315],[121.85272,31.04942],[121.85425,30.88161],[121.59196,30.86194],[121.2676,30.70163],[121.22186,30.78124],[121.11851,30.78399],[121.11455,30.85277],[120.98472,30.82651],[121.01236,30.87881],[120.98146,30.89531],[120.99384,31.00423],[120.89512,31.01198],[120.89562,31.08569],[120.85816,31.10949],[120.92412,31.13878],[121.05111,31.11153],[121.07517,31.13795],[121.05761,31.26987],[121.08772,31.28266],[121.19699,31.26316],[121.23205,31.31201],[121.27679,31.27176],[121.24322,31.25743],[121.27196,31.19401],[121.33727,31.25841],[121.36894,31.23087],[121.46589,31.25066],[121.49952,31.30922],[121.57656,31.35025],[121.68112,31.31315]]],[[[122.52905,30.70106],[122.42931,30.69517],[122.41998,30.74766],[122.47708,30.71473],[122.53199,30.72782],[122.52905,30.70106]]],[[[122.58285,30.66353],[122.54185,30.65631],[122.55516,30.68276],[122.58285,30.66353]]],[[[122.785,30.69834],[122.75639,30.70617],[122.75066,30.71493],[122.78813,30.73425],[122.785,30.69834]]],[[[122.8251,30.73434],[122.82404,30.71558],[122.79811,30.72477],[122.8251,30.73434]]]]}},{"type":"Feature","properties":{"SYS_ID":"90267","NAME_CH":"镇江府","PRES_LOC":"","TYPE_CH":"府","BEG_YR":1356,"BEG_CHG_TY":"更名和辖区扩大","END_YR":1729,"END_CHG_TY":"辖区扩大","X_COORD":119.56,"Y_COORD":31.97},"geometry":{"type":"Polygon","coordinates":[[[119.22189,32.22837],[119.37308,32.22935],[119.46559,32.26817],[119.4747,32.30752],[119.57036,32.2902],[119.61319,32.21629],[119.62782,32.25851],[119.75033,32.31356],[119.84364,32.28607],[119.83855,32.13152],[119.89977,32.07902],[119.88449,32.04275],[119.78667,32.05012],[119.75539,31.88255],[119.80975,31.85109],[119.73495,31.77406],[119.7358,31.70344],[119.69285,31.70428],[119.69702,31.66243],[119.6315,31.57691],[119.44734,31.58192],[119.31466,31.68645],[119.30962,31.8381],[119.34369,31.9626],[119.37734,31.97611],[119.37083,32.02923],[119.24149,32.13911],[119.26598,32.19808],[119.22189,32.22837]]]}},{"type":"Feature","properties":{"SYS_ID":"90271","NAME_CH":"应天府","PRES_LOC":"","TYPE_CH":"府","BEG_YR":1389,"BEG_CHG_TY":"辖区扩大","END_YR":1644,"END_CHG_TY":"更名","X_COORD":118.97,"Y_COORD":31.86},"geometry":{"type":"Polygon","coordinates":[[[119.18391,31.30046],[119.08472,31.23582],[118.78364,31.23244],[118.70227,31.30001],[118.74204,31.3671],[118.81807,31.3854],[118.87089,31.4376],[118.86337,31.62089],[118.79547,31.62666],[118.7692,31.68577],[118.7214,31.63675],[118.64945,31.6484],[118.64218,31.68001],[118.68701,31.71004],[118.67195,31.73317],[118.62383,31.7675],[118.52846,31.74356],[118.48103,31.79593],[118.50168,31.84671],[118.3641,31.9372],[118.3877,32.08329],[118.49332,32.1254],[118.50153,32.19623],[118.63293,32.20993],[118.53671,32.55437],[118.58236,32.60012],[118.6856,32.58633],[118.71436,32.61158],[118.7821,32.58559],[118.81453,32.60736],[118.83325,32.57082],[118.8947,32.59327],[118.88445,32.55878],[118.92943,32.55944],[118.97456,32.50846],[119.03184,32.51553],[119.05783,32.48228],[119.00898,32.41067],[119.03714,32.36729],[119.03286,32.25791],[119.25027,32.21604],[119.24149,32.13911],[119.36192,32.05786],[119.37734,31.97611],[119.34193,31.95898],[119.30087,31.74871],[119.35072,31.63805],[119.44734,31.58192],[119.54322,31.57683],[119.57338,31.52119],[119.58469,31.44267],[119.5316,31.40799],[119.51522,31.31216],[119.54963,31.18872],[119.47682,31.15839],[119.38563,31.18178],[119.35539,31.30039],[119.33859,31.26449],[119.24145,31.2516],[119.18391,31.30046]]]}},{"type":"Feature","properties":{"SYS_ID":"90347","NAME_CH":"处州府","PRES_LOC":"","TYPE_CH":"府","BEG_YR":1471,"BEG_CHG_TY":"辖区缩小","END_YR":1911,"END_CHG_TY":"数据下限","X_COORD":119.52,"Y_COORD":28.22},"geometry":{"type":"Polygon","coordinates":[[[118.68947,28.31797],[118.74874,28.40486],[118.71607,28.42398],[118.73306,28.52035],[118.82345,28.54892],[118.8682,28.51617],[118.92671,28.64292],[119.05823,28.74207],[119.18805,28.77072],[119.35174,28.76068],[119.37892,28.79018],[119.47327,28.74532],[119.54443,28.83355],[119.57455,28.82513],[119.53422,28.79175],[119.7615,28.74915],[119.80697,28.67447],[119.9177,28.8047],[120.02415,28.75896],[120.07156,28.78515],[120.12411,28.75774],[120.19566,28.78883],[120.25296,28.86934],[120.26444,28.94649],[120.36243,28.91848],[120.49465,28.97603],[120.50269,28.84827],[120.41554,28.82826],[120.37209,28.77911],[120.31385,28.67659],[120.32614,28.57934],[120.27423,28.55635],[120.28944,28.50966],[120.38429,28.46981],[120.36887,28.41026],[120.32245,28.41518],[120.35265,28.29043],[120.29875,28.23504],[120.36954,28.08629],[120.32582,28.00523],[120.34261,27.9789],[120.29018,27.98344],[120.22631,27.9301],[120.12148,27.98085],[120.0307,27.94582],[119.9921,27.87716],[120.00383,27.7681],[119.97279,27.71997],[119.90827,27.73902],[119.84962,27.81259],[119.76727,27.81558],[119.64349,27.71995],[119.63322,27.67396],[119.48924,27.66033],[119.44671,27.51659],[119.37177,27.53802],[119.24683,27.42683],[119.12654,27.43751],[119.11907,27.48708],[119.05289,27.47409],[119.00636,27.50001],[118.91139,27.46161],[118.85471,27.52568],[118.90428,27.57638],[118.86738,27.69843],[118.89139,27.71739],[118.81105,27.91218],[118.72289,27.97871],[118.71191,28.05638],[118.79248,28.12329],[118.79381,28.17119],[118.76115,28.17785],[118.80267,28.24109],[118.68947,28.31797]]]}},{"type":"Feature","properties":{"SYS_ID":"90348","NAME_CH":"衢州府","PRES_LOC":"","TYPE_CH":"府","BEG_YR":1471,"BEG_CHG_TY":"辖区缩小","END_YR":1911,"END_CHG_TY":"数据下限","X_COORD":118.68,"Y_COORD":28.93},"geometry":{"type":"Polygon","coordinates":[[[118.30373,29.48964],[118.45204,29.36653],[118.59469,29.32901],[118.60615,29.22921],[118.69975,29.19702],[118.8979,29.33034],[118.95371,29.2973],[118.99758,29.21407],[119.18253,29.21381],[119.22243,29.282],[119.26167,29.25064],[119.23089,29.21515],[119.24909,29.1456],[119.33927,29.07082],[119.29377,28.96298],[119.33432,28.92208],[119.33352,28.77013],[119.05823,28.74207],[118.92671,28.64292],[118.8682,28.51617],[118.82345,28.54892],[118.7405,28.52568],[118.7285,28.35489],[118.66956,28.28027],[118.60808,28.25799],[118.573,28.2921],[118.49516,28.28212],[118.4854,28.24131],[118.43211,28.27305],[118.48101,28.33573],[118.43899,28.40898],[118.4682,28.46978],[118.41532,28.49923],[118.43224,28.67416],[118.3792,28.78818],[118.29684,28.83606],[118.25806,28.9244],[118.19467,28.90994],[118.21645,28.94121],[118.18122,28.98232],[118.09647,28.99362],[118.039,29.1029],[118.02827,29.17895],[118.07455,29.22871],[118.0736,29.29381],[118.1528,29.28846],[118.20595,29.35081],[118.18945,29.39522],[118.24043,29.43463],[118.30295,29.42499],[118.30373,29.48964]]]}},{"type":"Feature","properties":{"SYS_ID":"90368","NAME_CH":"台州府","PRES_LOC":"","TYPE_CH":"府","BEG_YR":1476,"BEG_CHG_TY":"辖区扩大","END_YR":1727,"END_CHG_TY":"辖区缩小","X_COORD":121.13,"Y_COORD":28.88},"geometry":{"type":"MultiPolygon","coordinates":[[[[120.44084,28.838],[120.65206,28.90597],[120.66734,28.97053],[120.58254,28.97519],[120.56971,29.01441],[120.65202,29.15637],[120.79327,29.23115],[120.88307,29.23465],[120.90858,29.29616],[120.94926,29.28335],[121.0037,29.32148],[121.10188,29.30616],[121.11669,29.33601],[121.18212,29.31893],[121.2523,29.46006],[121.39492,29.52491],[121.45451,29.50479],[121.42564,29.46677],[121.44219,29.41618],[121.49943,29.49472],[121.50677,29.4574],[121.52804,29.46403],[121.48994,29.39123],[121.5677,29.47316],[121.66782,29.40594],[121.71656,29.40626],[121.74488,29.28239],[121.78117,29.2809],[121.74938,29.192],[121.72952,29.21463],[121.70485,29.18293],[121.65589,29.18552],[121.64558,29.2762],[121.6713,29.3234],[121.62387,29.29912],[121.63757,29.18302],[121.59526,29.27052],[121.52766,29.27812],[121.54965,29.25178],[121.51662,29.2108],[121.53101,29.18882],[121.49512,29.16044],[121.4789,29.20119],[121.46346,29.1554],[121.41974,29.16981],[121.46686,29.09839],[121.64606,29.10265],[121.62466,29.04198],[121.53424,29.05918],[121.52932,29.00131],[121.55026,29.04755],[121.58816,29.0331],[121.62527,29.03675],[121.66166,29.05386],[121.66448,29.02432],[121.7123,29.0144],[121.68188,29.01511],[121.6683,28.97532],[121.72961,28.94225],[121.66747,28.90834],[121.54105,28.95643],[121.5144,28.93949],[121.64201,28.88377],[121.63544,28.8547],[121.68114,28.86747],[121.65102,28.81187],[121.68124,28.79214],[121.63833,28.7795],[121.62688,28.7249],[121.48248,28.67071],[121.581,28.48731],[121.59281,28.36597],[121.6681,28.35124],[121.59319,28.24946],[121.58314,28.30692],[121.4896,28.33986],[121.45076,28.32457],[121.46478,28.30054],[121.40144,28.3099],[121.42245,28.25911],[121.35786,28.27292],[121.34695,28.31707],[121.25867,28.26949],[121.21425,28.33207],[121.27675,28.36607],[121.21161,28.34694],[121.19672,28.38079],[121.24936,28.40838],[121.1617,28.50816],[121.10104,28.53309],[121.05087,28.47328],[120.92863,28.50577],[120.88673,28.48413],[120.82896,28.55878],[120.73628,28.60909],[120.64407,28.57996],[120.60368,28.53278],[120.44504,28.58313],[120.39157,28.46997],[120.30478,28.50152],[120.27423,28.55635],[120.32614,28.57934],[120.31756,28.69205],[120.44084,28.838]]],[[[121.60883,28.49415],[121.59351,28.52003],[121.61436,28.54589],[121.62914,28.51908],[121.60883,28.49415]]],[[[121.88096,28.46956],[121.8694,28.50463],[121.89128,28.51395],[121.91073,28.50015],[121.88096,28.46956]]],[[[121.8652,28.43],[121.88609,28.45489],[121.91468,28.45297],[121.90491,28.43975],[121.8652,28.43]]],[[[121.62893,28.36439],[121.63466,28.39247],[121.66431,28.41601],[121.64787,28.37437],[121.62893,28.36439]]]]}},{"type":"Feature","properties":{"SYS_ID":"90384","NAME_CH":"温州府","PRES_LOC":"","TYPE_CH":"府","BEG_YR":1476,"BEG_CHG_TY":"辖区缩小","END_YR":1727,"END_CHG_TY":"辖区扩大","X_COORD":120.47,"Y_COORD":27.92},"geometry":{"type":"MultiPolygon","coordinates":[[[[119.61541,27.67751],[119.78337,27.82178],[119.78976,27.79875],[119.84962,27.81259],[119.90827,27.73902],[119.97279,27.71997],[120.00383,27.7681],[119.9921,27.87716],[120.0307,27.94582],[120.12148,27.98085],[120.22631,27.9301],[120.29018,27.98344],[120.34261,27.9789],[120.32582,28.00523],[120.36954,28.08629],[120.29875,28.21432],[120.31149,28.26871],[120.35265,28.29043],[120.32058,28.40803],[120.37037,28.41236],[120.44272,28.58216],[120.60368,28.53278],[120.64407,28.57996],[120.73628,28.60909],[120.83268,28.55564],[120.8765,28.48807],[120.92863,28.50577],[121.0137,28.47195],[121.06586,28.4772],[121.11018,28.53209],[121.24936,28.40838],[121.18188,28.39083],[121.11601,28.28558],[121.03577,28.29723],[121.13144,28.24831],[121.09386,28.16786],[121.02526,28.14794],[120.99162,28.10256],[120.96549,27.98192],[120.85869,27.99769],[120.81116,27.97191],[120.86786,27.93089],[120.85855,27.87655],[120.67953,27.70387],[120.66316,27.62011],[120.5965,27.58631],[120.61679,27.5038],[120.68714,27.47989],[120.65141,27.45003],[120.65001,27.36892],[120.54588,27.40314],[120.54043,27.34274],[120.50804,27.34137],[120.56519,27.29555],[120.51886,27.27702],[120.5198,27.20096],[120.47472,27.16914],[120.46304,27.21828],[120.42294,27.19909],[120.43549,27.17067],[120.40748,27.20287],[120.42249,27.26244],[120.34655,27.39596],[120.27393,27.39567],[120.24931,27.43482],[120.13453,27.42222],[120.0319,27.3444],[120,27.3828],[119.96548,27.37166],[119.93671,27.31784],[119.76521,27.30983],[119.77735,27.33207],[119.68183,27.44116],[119.70048,27.51911],[119.62505,27.59659],[119.64201,27.63628],[119.61541,27.67751]]],[[[121.24369,28.05512],[121.14271,28.06015],[121.12925,28.13726],[121.24257,28.21238],[121.27971,28.18085],[121.25594,28.12193],[121.2972,28.10831],[121.29053,28.07122],[121.22939,28.08141],[121.24369,28.05512]]],[[[121.25867,28.26949],[121.34695,28.31707],[121.35786,28.27292],[121.42327,28.25474],[121.36597,28.22288],[121.36131,28.19052],[121.3896,28.18399],[121.34882,28.13889],[121.27421,28.20102],[121.25867,28.26949]]],[[[121.14848,27.96094],[121.04387,27.94924],[121.04102,27.96844],[121.1207,27.98852],[121.14848,27.96094]]],[[[121.1671,27.81637],[121.14386,27.83137],[121.08556,27.82739],[121.18961,27.86861],[121.1671,27.81637]]],[[[120.91875,27.97496],[120.86851,27.96203],[120.8485,27.97748],[120.91875,27.97496]]],[[[121.02775,27.83941],[121.03245,27.88265],[121.0827,27.86989],[121.06742,27.84958],[121.02775,27.83941]]],[[[121.18779,27.98085],[121.18477,27.99884],[121.23487,27.99489],[121.18779,27.98085]]]]}},{"type":"Feature","properties":{"SYS_ID":"90413","NAME_CH":"金华府","PRES_LOC":"","TYPE_CH":"府","BEG_YR":1471,"BEG_CHG_TY":"辖区扩大","END_YR":1911,"END_CHG_TY":"数据下限","X_COORD":119.95,"Y_COORD":29.16},"geometry":{"type":"Polygon","coordinates":[[[120.01713,29.76409],[120.00691,29.5809],[120.08343,29.53297],[120.08049,29.50192],[120.19392,29.54709],[120.25983,29.49032],[120.27212,29.3809],[120.39434,29.4199],[120.41563,29.47315],[120.47121,29.48674],[120.56114,29.35139],[120.69888,29.34224],[120.69846,29.30849],[120.76933,29.30619],[120.7758,29.20695],[120.65202,29.15637],[120.63706,29.0938],[120.56971,29.03309],[120.58254,28.97519],[120.66734,28.97053],[120.65206,28.90597],[120.50269,28.84827],[120.49465,28.97603],[120.36243,28.91848],[120.26444,28.94649],[120.25296,28.86934],[120.19566,28.78883],[120.02415,28.75896],[119.9177,28.8047],[119.80697,28.67447],[119.7615,28.74915],[119.53422,28.79175],[119.57455,28.82513],[119.54443,28.83355],[119.47327,28.74532],[119.37892,28.79018],[119.34004,28.7617],[119.33432,28.92208],[119.29377,28.96298],[119.33927,29.07082],[119.24909,29.1456],[119.2343,29.22263],[119.42485,29.41466],[119.48557,29.33467],[119.6941,29.45092],[119.79977,29.66765],[119.97175,29.67588],[119.90798,29.71123],[119.89273,29.76747],[120.01713,29.76409]]]}},{"type":"Feature","properties":{"SYS_ID":"90422","NAME_CH":"明州府","PRES_LOC":"","TYPE_CH":"府","BEG_YR":1367,"BEG_CHG_TY":"更名","END_YR":1380,"END_CHG_TY":"更名","X_COORD":121.67,"Y_COORD":29.77},"geometry":{"type":"MultiPolygon","coordinates":[[[[121.38298,30.19757],[121.44225,30.23744],[121.69799,29.95728],[121.77614,29.9727],[121.82298,29.93344],[121.84965,29.94115],[121.92934,29.89146],[122.01101,29.87719],[122.11246,29.90995],[122.13578,29.88763],[121.93163,29.78853],[121.90682,29.7466],[121.87719,29.776],[121.85108,29.69868],[121.69875,29.59873],[121.70103,29.56484],[121.65264,29.55025],[121.6402,29.57873],[121.6416,29.54867],[121.57118,29.55102],[121.52491,29.50776],[121.5126,29.55719],[121.47028,29.52082],[121.39492,29.52491],[121.26112,29.46657],[121.22301,29.40724],[121.22422,29.52383],[121.10744,29.55133],[121.08888,29.70115],[121.22119,29.85049],[121.1939,29.95491],[121.25647,30.01647],[121.23859,30.04725],[121.3517,30.113],[121.38298,30.19757]]],[[[121.5677,29.47316],[121.72252,29.54145],[121.77374,29.53494],[121.78168,29.46875],[121.85862,29.53908],[121.74407,29.5437],[121.78709,29.60176],[121.95235,29.63403],[121.99368,29.58923],[121.91613,29.53249],[121.98376,29.4528],[121.89632,29.38464],[121.93114,29.37011],[121.91868,29.34107],[121.95042,29.34348],[121.9126,29.32873],[121.9213,29.28176],[121.9967,29.26638],[121.95839,29.25645],[121.97342,29.22411],[121.84407,29.16431],[121.79968,29.19922],[121.83645,29.3001],[121.80214,29.30705],[121.83839,29.32711],[121.78833,29.33411],[121.80573,29.37839],[121.77009,29.37261],[121.78574,29.3451],[121.78158,29.27116],[121.74754,29.27828],[121.71947,29.40353],[121.5677,29.47316]]],[[[122.31551,29.94789],[122.10092,30.01135],[122.01929,30.00003],[121.93432,30.17345],[122.02721,30.14173],[122.09553,30.16044],[122.19646,30.08162],[122.2283,30.09977],[122.33985,30.01528],[122.31551,29.94789]]],[[[122.20285,30.23134],[122.07645,30.28463],[122.08504,30.30177],[122.21422,30.33592],[122.2394,30.30349],[122.20285,30.23134]]],[[[122.17419,29.65815],[122.13006,29.66979],[122.11171,29.72095],[122.04563,29.71804],[122.06836,29.77725],[122.11694,29.79557],[122.12587,29.75294],[122.1888,29.71621],[122.17419,29.65815]]],[[[121.94586,29.05574],[121.89627,29.07651],[121.91857,29.0927],[121.87166,29.13383],[121.93182,29.18448],[121.98217,29.15132],[121.94586,29.05574]]],[[[121.87163,29.97101],[121.83241,29.99699],[121.84223,30.08215],[121.86761,30.08871],[121.92231,30.03267],[121.87163,29.97101]]],[[[122.42761,30.41127],[122.28751,30.41889],[122.27071,30.47663],[122.35832,30.45731],[122.3694,30.47967],[122.43248,30.44787],[122.40841,30.42652],[122.42761,30.41127]]],[[[122.40544,29.83234],[122.32618,29.92973],[122.34121,29.95917],[122.4269,29.92584],[122.39811,29.92215],[122.42896,29.894],[122.38814,29.87001],[122.40544,29.83234]]],[[[122.30952,29.76954],[122.25931,29.79048],[122.22112,29.84907],[122.30951,29.83046],[122.28751,29.81525],[122.30952,29.76954]]],[[[122.37302,30.26717],[122.26931,30.23783],[122.31123,30.25086],[122.32413,30.27413],[122.39667,30.27663],[122.4221,30.25149],[122.39581,30.23156],[122.37302,30.26717]]],[[[121.84952,29.09199],[121.78133,29.11667],[121.77987,29.15193],[121.86594,29.14415],[121.86221,29.12699],[121.88232,29.11915],[121.84952,29.09199]]],[[[121.99511,29.77023],[121.94219,29.7734],[122.02964,29.82321],[122.02561,29.81018],[121.99511,29.77023]]],[[[121.9441,29.89681],[121.93112,29.94197],[121.96101,29.95675],[121.9911,29.90878],[121.9441,29.89681]]],[[[122.16387,30.14293],[122.1412,30.19113],[122.21209,30.19282],[122.17967,30.17102],[122.16387,30.14293]]],[[[122.29803,29.74901],[122.23749,29.74414],[122.21615,29.78384],[122.29803,29.74901]]],[[[122.38856,29.97259],[122.37165,30.02835],[122.3997,30.0348],[122.41551,30.0047],[122.38856,29.97259]]],[[[122.01779,29.15667],[122.02721,29.20335],[122.0508,29.20554],[122.06976,29.18072],[122.01779,29.15667]]],[[[121.93252,30.07019],[121.90279,30.09754],[121.94541,30.11617],[121.95435,30.10767],[121.93252,30.07019]]],[[[121.81879,29.05549],[121.78567,29.08185],[121.81477,29.10353],[121.83669,29.08699],[121.81879,29.05549]]],[[[122.34183,29.87974],[122.27448,29.8641],[122.29416,29.88551],[122.34183,29.87974]]],[[[122.25054,30.23954],[122.25739,30.26904],[122.30891,30.25889],[122.30782,30.25431],[122.25054,30.23954]]],[[[122.03027,30.16783],[122.01827,30.19833],[122.05895,30.1906],[122.03027,30.16783]]]]}},{"type":"Feature","properties":{"SYS_ID":"90423","NAME_CH":"宁波府","PRES_LOC":"","TYPE_CH":"府","BEG_YR":1381,"BEG_CHG_TY":"更名","END_YR":1840,"END_CHG_TY":"辖区缩小","X_COORD":121.67,"Y_COORD":29.77},"geometry":{"type":"MultiPolygon","coordinates":[[[[121.38298,30.19757],[121.44225,30.23744],[121.69799,29.95728],[121.77614,29.9727],[121.82298,29.93344],[121.84965,29.94115],[121.92934,29.89146],[122.01101,29.87719],[122.11246,29.90995],[122.13578,29.88763],[121.93163,29.78853],[121.90682,29.7466],[121.87719,29.776],[121.85108,29.69868],[121.69875,29.59873],[121.70103,29.56484],[121.65264,29.55025],[121.6402,29.57873],[121.6416,29.54867],[121.57118,29.55102],[121.52491,29.50776],[121.5126,29.55719],[121.47028,29.52082],[121.39492,29.52491],[121.26112,29.46657],[121.22301,29.40724],[121.22422,29.52383],[121.10744,29.55133],[121.08888,29.70115],[121.22119,29.85049],[121.1939,29.95491],[121.25647,30.01647],[121.23859,30.04725],[121.3517,30.113],[121.38298,30.19757]]],[[[121.5677,29.47316],[121.72252,29.54145],[121.77374,29.53494],[121.78168,29.46875],[121.85862,29.53908],[121.74407,29.5437],[121.78709,29.60176],[121.95235,29.63403],[121.99368,29.58923],[121.91613,29.53249],[121.98376,29.4528],[121.89632,29.38464],[121.93114,29.37011],[121.91868,29.34107],[121.95042,29.34348],[121.9126,29.32873],[121.9213,29.28176],[121.9967,29.26638],[121.95839,29.25645],[121.97342,29.22411],[121.84407,29.16431],[121.79968,29.19922],[121.83645,29.3001],[121.80214,29.30705],[121.83839,29.32711],[121.78833,29.33411],[121.80573,29.37839],[121.77009,29.37261],[121.78574,29.3451],[121.78158,29.27116],[121.74754,29.27828],[121.71947,29.40353],[121.5677,29.47316]]],[[[122.31551,29.94789],[122.10092,30.01135],[122.01929,30.00003],[121.93432,30.17345],[122.02721,30.14173],[122.09553,30.16044],[122.19646,30.08162],[122.2283,30.09977],[122.33985,30.01528],[122.31551,29.94789]]],[[[122.20285,30.23134],[122.07645,30.28463],[122.08504,30.30177],[122.21422,30.33592],[122.2394,30.30349],[122.20285,30.23134]]],[[[122.17419,29.65815],[122.13006,29.66979],[122.11171,29.72095],[122.04563,29.71804],[122.06836,29.77725],[122.11694,29.79557],[122.12587,29.75294],[122.1888,29.71621],[122.17419,29.65815]]],[[[121.94586,29.05574],[121.89627,29.07651],[121.91857,29.0927],[121.87166,29.13383],[121.93182,29.18448],[121.98217,29.15132],[121.94586,29.05574]]],[[[121.87163,29.97101],[121.83241,29.99699],[121.84223,30.08215],[121.86761,30.08871],[121.92231,30.03267],[121.87163,29.97101]]],[[[122.42761,30.41127],[122.28751,30.41889],[122.27071,30.47663],[122.35832,30.45731],[122.3694,30.47967],[122.43248,30.44787],[122.40841,30.42652],[122.42761,30.41127]]],[[[122.40544,29.83234],[122.32618,29.92973],[122.34121,29.95917],[122.4269,29.92584],[122.39811,29.92215],[122.42896,29.894],[122.38814,29.87001],[122.40544,29.83234]]],[[[122.30952,29.76954],[122.25931,29.79048],[122.22112,29.84907],[122.30951,29.83046],[122.28751,29.81525],[122.30952,29.76954]]],[[[122.37302,30.26717],[122.26931,30.23783],[122.31123,30.25086],[122.32413,30.27413],[122.39667,30.27663],[122.4221,30.25149],[122.39581,30.23156],[122.37302,30.26717]]],[[[121.84952,29.09199],[121.78133,29.11667],[121.77987,29.15193],[121.86594,29.14415],[121.86221,29.12699],[121.88232,29.11915],[121.84952,29.09199]]],[[[121.99511,29.77023],[121.94219,29.7734],[122.02964,29.82321],[122.02561,29.81018],[121.99511,29.77023]]],[[[121.9441,29.89681],[121.93112,29.94197],[121.96101,29.95675],[121.9911,29.90878],[121.9441,29.89681]]],[[[122.16387,30.14293],[122.1412,30.19113],[122.21209,30.19282],[122.17967,30.17102],[122.16387,30.14293]]],[[[122.29803,29.74901],[122.23749,29.74414],[122.21615,29.78384],[122.29803,29.74901]]],[[[122.38856,29.97259],[122.37165,30.02835],[122.3997,30.0348],[122.41551,30.0047],[122.38856,29.97259]]],[[[122.01779,29.15667],[122.02721,29.20335],[122.0508,29.20554],[122.06976,29.18072],[122.01779,29.15667]]],[[[121.93252,30.07019],[121.90279,30.09754],[121.94541,30.11617],[121.95435,30.10767],[121.93252,30.07019]]],[[[121.81879,29.05549],[121.78567,29.08185],[121.81477,29.10353],[121.83669,29.08699],[121.81879,29.05549]]],[[[122.34183,29.87974],[122.27448,29.8641],[122.29416,29.88551],[122.34183,29.87974]]],[[[122.25054,30.23954],[122.25739,30.26904],[122.30891,30.25889],[122.30782,30.25431],[122.25054,30.23954]]],[[[122.03027,30.16783],[122.01827,30.19833],[122.05895,30.1906],[122.03027,30.16783]]]]}},{"type":"Feature","properties":{"SYS_ID":"90439","NAME_CH":"绍兴府","PRES_LOC":"","TYPE_CH":"府","BEG_YR":1367,"BEG_CHG_TY":"更名","END_YR":1810,"END_CHG_TY":"辖区扩大","X_COORD":120.68,"Y_COORD":29.8},"geometry":{"type":"MultiPolygon","coordinates":[[[[120.00691,29.5809],[120.02622,29.83156],[120.09609,29.82386],[120.07353,29.89262],[120.12654,30.00797],[120.12714,30.08557],[120.17479,30.11055],[120.11533,30.18498],[120.23751,30.25775],[120.65321,30.19827],[120.64348,30.13789],[120.79265,30.12502],[121.20459,30.31749],[121.31831,30.31403],[121.43088,30.24545],[121.38419,30.21715],[121.3517,30.113],[121.23859,30.04725],[121.25647,30.01647],[121.1939,29.95491],[121.22119,29.85049],[121.08888,29.70115],[121.10744,29.55133],[121.22422,29.52383],[121.22317,29.36249],[121.18212,29.31893],[120.99612,29.32066],[120.94926,29.28335],[120.90572,29.29473],[120.88307,29.23465],[120.77725,29.22235],[120.77906,29.27425],[120.75164,29.28038],[120.76933,29.30619],[120.69846,29.30849],[120.69888,29.34224],[120.56114,29.35139],[120.47121,29.48674],[120.41563,29.47315],[120.39434,29.4199],[120.27212,29.3809],[120.25983,29.49032],[120.19392,29.54709],[120.08049,29.50192],[120.08343,29.53297],[120.00691,29.5809]]],[[[121.56014,30.10373],[121.56013,30.10373],[121.55521,30.10641],[121.56014,30.10373]]]]}},{"type":"Feature","properties":{"SYS_ID":"90461","NAME_CH":"严州府","PRES_LOC":"","TYPE_CH":"府","BEG_YR":1362,"BEG_CHG_TY":"更名","END_YR":1911,"END_CHG_TY":"数据下限","X_COORD":119.16,"Y_COORD":29.62},"geometry":{"type":"Polygon","coordinates":[[[118.33737,29.48242],[118.48042,29.51786],[118.57245,29.6379],[118.6432,29.64875],[118.72238,29.71664],[118.73318,29.81499],[118.83418,29.89565],[118.83502,29.94149],[118.8915,29.9513],[118.89505,30.02213],[119.019,30.03305],[119.24403,29.94521],[119.2431,29.9996],[119.28125,30.01026],[119.41749,29.99519],[119.42897,29.97032],[119.47349,29.98795],[119.4948,30.04127],[119.60585,30.03061],[119.6284,29.92751],[119.67255,29.92295],[119.71027,29.87086],[119.81005,29.87899],[119.87795,29.84424],[119.86239,29.76948],[119.97315,29.68386],[119.79977,29.66765],[119.6941,29.45092],[119.48557,29.33467],[119.42485,29.41466],[119.26749,29.25232],[119.19988,29.27435],[119.20965,29.23234],[119.18253,29.21381],[118.99342,29.21509],[118.95371,29.2973],[118.8979,29.33034],[118.69195,29.19904],[118.60615,29.22921],[118.59469,29.32901],[118.45204,29.36653],[118.33737,29.48242]]]}},{"type":"Feature","properties":{"SYS_ID":"90527","NAME_CH":"广兴府","PRES_LOC":"","TYPE_CH":"府","BEG_YR":1356,"BEG_CHG_TY":"更名","END_YR":1370,"END_CHG_TY":"更名","X_COORD":119.29,"Y_COORD":30.96},"geometry":{"type":"Polygon","coordinates":[[[119.06523,30.81514],[118.99515,30.86783],[119.03701,30.92318],[118.98692,31.13337],[118.9983,31.17136],[119.04587,31.17933],[119.03207,31.2403],[119.089,31.23764],[119.17512,31.30499],[119.24145,31.2516],[119.33859,31.26449],[119.35246,31.302],[119.38563,31.18178],[119.63211,31.13934],[119.62917,31.0218],[119.55894,30.9166],[119.57027,30.83884],[119.52613,30.78089],[119.48518,30.78296],[119.48653,30.71786],[119.43286,30.6487],[119.38051,30.68816],[119.31128,30.6243],[119.15047,30.5994],[119.10185,30.74355],[119.05335,30.78701],[119.06523,30.81514]]]}},{"type":"Feature","properties":{"SYS_ID":"90528","NAME_CH":"广德州","PRES_LOC":"","TYPE_CH":"直隶州","BEG_YR":1371,"BEG_CHG_TY":"更名","END_YR":1911,"END_CHG_TY":"数据下限","X_COORD":119.29,"Y_COORD":30.96},"geometry":{"type":"Polygon","coordinates":[[[119.06523,30.81514],[118.99515,30.86783],[119.03701,30.92318],[118.98692,31.13337],[118.9983,31.17136],[119.04587,31.17933],[119.03207,31.2403],[119.089,31.23764],[119.17512,31.30499],[119.24145,31.2516],[119.33859,31.26449],[119.35246,31.302],[119.38563,31.18178],[119.63211,31.13934],[119.62917,31.0218],[119.55894,30.9166],[119.57027,30.83884],[119.52613,30.78089],[119.48518,30.78296],[119.48653,30.71786],[119.43286,30.6487],[119.38051,30.68816],[119.31128,30.6243],[119.15047,30.5994],[119.10185,30.74355],[119.05335,30.78701],[119.06523,30.81514]]]}},{"type":"Feature","properties":{"SYS_ID":"90531","NAME_CH":"太平府","PRES_LOC":"","TYPE_CH":"府","BEG_YR":1355,"BEG_CHG_TY":"更名","END_YR":1911,"END_CHG_TY":"数据下限","X_COORD":118.46,"Y_COORD":31.37},"geometry":{"type":"Polygon","coordinates":[[[118.57435,31.29795],[118.55251,31.10089],[118.50436,31.04505],[118.50263,31.09566],[118.44793,31.07316],[118.42561,31.17825],[118.35584,31.15288],[118.3625,31.02406],[118.32153,30.99358],[118.2013,31.03606],[118.18124,30.98256],[118.10342,30.97178],[117.96805,31.08652],[118.0313,31.28199],[118.08041,31.21543],[118.20674,31.28414],[118.34917,31.30886],[118.31909,31.44246],[118.37608,31.5444],[118.41147,31.72524],[118.48454,31.79067],[118.5368,31.73945],[118.62383,31.7675],[118.67195,31.73317],[118.65376,31.64611],[118.7214,31.63675],[118.7692,31.68577],[118.79199,31.62964],[118.85961,31.62433],[118.87325,31.58583],[118.85184,31.41013],[118.74204,31.3671],[118.70966,31.30316],[118.57435,31.29795]]]}},{"type":"Feature","properties":{"SYS_ID":"93791","NAME_CH":"太平府","PRES_LOC":"","TYPE_CH":"府","BEG_YR":1376,"BEG_CHG_TY":"辖区缩小","END_YR":1587,"END_CHG_TY":"辖区扩大","X_COORD":107.27,"Y_COORD":22.81},"geometry":{"type":"Polygon","coordinates":[[[106.81716,22.56233],[106.7129,22.36131],[106.65334,22.33496],[106.55687,22.34802],[106.58667,22.37865],[106.55597,22.44836],[106.60026,22.6061],[106.66069,22.57646],[106.72703,22.59274],[106.77156,22.70946],[106.75225,22.72727],[106.8229,22.81262],[106.87855,22.82727],[106.81963,22.94049],[107.10594,23.07923],[107.1181,23.10692],[107.06992,23.14273],[107.12114,23.16273],[107.16981,23.1392],[107.14804,23.20274],[107.0753,23.21056],[107.05199,23.24392],[107.29459,23.35365],[107.34782,23.31683],[107.53365,23.30029],[107.52818,23.11945],[107.48813,23.06921],[107.62287,23.00391],[107.63505,22.94808],[107.7252,22.95255],[107.79045,22.88753],[107.93198,22.85262],[107.99339,22.79121],[107.90828,22.67751],[107.63232,22.65447],[107.59545,22.53993],[107.52341,22.50569],[107.53125,22.47634],[107.45141,22.52017],[107.382,22.45042],[107.40915,22.41759],[107.26513,22.37589],[107.26351,22.33229],[107.16804,22.34776],[107.21117,22.45451],[107.14634,22.45755],[107.12579,22.50325],[107.04014,22.53059],[106.99476,22.60659],[106.91522,22.62239],[106.81716,22.56233]]]}},{"type":"Feature","properties":{"SYS_ID":"90541","NAME_CH":"徽州府","PRES_LOC":"","TYPE_CH":"府","BEG_YR":1367,"BEG_CHG_TY":"更名","END_YR":1911,"END_CHG_TY":"数据下限","X_COORD":118.06,"Y_COORD":29.73},"geometry":{"type":"Polygon","coordinates":[[[118.48331,29.52061],[118.39726,29.48007],[118.31184,29.49655],[118.30557,29.42707],[118.23518,29.43323],[118.18945,29.39522],[118.20699,29.35426],[118.16585,29.29907],[118.03303,29.28185],[117.91208,29.1512],[117.56264,29.02812],[117.46871,29.1257],[117.48902,29.16188],[117.4221,29.13872],[117.3658,29.19795],[117.44717,29.27919],[117.42629,29.31318],[117.48492,29.34907],[117.48303,29.40184],[117.70238,29.55159],[117.65623,29.61449],[117.58448,29.58705],[117.50963,29.62374],[117.52528,29.65667],[117.44692,29.69397],[117.4496,29.75154],[117.40421,29.79763],[117.41324,29.85274],[117.35365,29.81498],[117.33125,29.85257],[117.24764,29.8372],[117.25193,29.90351],[117.20088,29.92997],[117.1989,29.97308],[117.52562,30.0499],[117.94742,30.05052],[118.10888,30.09087],[118.14902,30.14674],[118.25182,30.15012],[118.3134,30.09664],[118.38425,30.12572],[118.44291,30.21829],[118.55107,30.22536],[118.64064,30.3346],[118.66714,30.33492],[118.66558,30.25789],[118.72798,30.24042],[118.87911,30.31693],[118.88984,30.23463],[118.92103,30.21465],[118.84689,30.16269],[118.8921,30.15577],[118.86559,30.10835],[118.8915,29.9513],[118.83502,29.94149],[118.83102,29.89175],[118.74978,29.8425],[118.72238,29.71664],[118.6432,29.64875],[118.57245,29.6379],[118.48331,29.52061]]]}},{"type":"Feature","properties":{"SYS_ID":"90575","NAME_CH":"宁国府","PRES_LOC":"","TYPE_CH":"府","BEG_YR":1367,"BEG_CHG_TY":"更名","END_YR":1911,"END_CHG_TY":"数据下限","X_COORD":118.56,"Y_COORD":30.64},"geometry":{"type":"Polygon","coordinates":[[[118.95284,30.36406],[118.72798,30.24042],[118.66558,30.25789],[118.66714,30.33492],[118.64064,30.3346],[118.55107,30.22536],[118.44291,30.21829],[118.38425,30.12572],[118.3134,30.09664],[118.22734,30.15351],[118.14902,30.14674],[118.10888,30.09087],[117.95167,30.05136],[117.7437,30.04967],[117.68627,30.12852],[117.83942,30.19383],[117.86794,30.10989],[117.87283,30.16278],[117.98893,30.22821],[117.94316,30.481],[117.98317,30.56858],[118.06371,30.60475],[118.12167,30.70281],[117.96124,30.79948],[117.97514,30.84615],[118.15636,30.90523],[118.15365,30.96604],[118.19782,30.9944],[118.2013,31.03606],[118.30206,30.99351],[118.35331,31.00509],[118.3541,31.14878],[118.40826,31.17846],[118.44793,31.07316],[118.50263,31.09566],[118.50436,31.04505],[118.55251,31.10089],[118.57435,31.29795],[118.68413,31.31018],[118.78364,31.23244],[119.03207,31.2403],[119.04587,31.17933],[118.9983,31.17136],[118.98692,31.13337],[119.03701,30.92318],[118.99515,30.86783],[119.06523,30.81514],[119.05335,30.78701],[119.10185,30.74355],[119.14658,30.60202],[119.23819,30.61772],[119.2635,30.58232],[119.23885,30.54002],[119.26978,30.51537],[119.32296,30.53394],[119.34588,30.42015],[119.41057,30.38156],[119.24846,30.34629],[119.22516,30.29549],[119.08521,30.32962],[119.04224,30.31047],[118.95284,30.36406]]]}},{"type":"Feature","properties":{"SYS_ID":"90581","NAME_CH":"池州府","PRES_LOC":"","TYPE_CH":"府","BEG_YR":1361,"BEG_CHG_TY":"更名","END_YR":1911,"END_CHG_TY":"数据下限","X_COORD":117.44,"Y_COORD":30.35},"geometry":{"type":"Polygon","coordinates":[[[117.94778,30.40617],[117.98059,30.37052],[117.98893,30.22821],[117.87283,30.16278],[117.87115,30.11144],[117.84142,30.12959],[117.83942,30.19383],[117.68681,30.14405],[117.73273,30.0523],[117.3954,30.03402],[117.20427,29.97852],[117.20088,29.92997],[117.12923,29.90619],[117.12486,29.86647],[117.06792,29.83458],[117.13016,29.78332],[117.11118,29.71843],[116.9909,29.68593],[116.8359,29.57348],[116.75542,29.60163],[116.71639,29.56756],[116.64706,29.63984],[116.68215,29.73738],[116.75325,29.80451],[116.80372,29.811],[116.88607,29.91811],[116.88538,29.96946],[116.82485,29.97409],[116.81907,30.0139],[116.73391,30.05628],[116.83503,30.13723],[116.92481,30.27259],[116.89436,30.41756],[117.01215,30.49605],[117.19864,30.47212],[117.24686,30.5664],[117.21222,30.63078],[117.42477,30.72513],[117.69553,30.79691],[117.72925,30.86327],[117.72998,31.03385],[117.85666,31.11531],[117.91538,31.07069],[118.00047,31.08034],[118.0216,31.0233],[118.15435,30.96212],[118.15636,30.90523],[117.97514,30.84615],[117.96124,30.79948],[118.12167,30.70281],[118.06371,30.60475],[117.97987,30.56383],[117.94778,30.40617]]]}},{"type":"Feature","properties":{"SYS_ID":"91116","NAME_CH":"扬州府","PRES_LOC":"","TYPE_CH":"府","BEG_YR":1389,"BEG_CHG_TY":"辖区缩小","END_YR":1723,"END_CHG_TY":"辖区缩小","X_COORD":120.2,"Y_COORD":32.6},"geometry":{"type":"Polygon","coordinates":[[[121.7334,31.98242],[121.82488,31.93361],[121.83725,31.87799],[121.77452,31.8628],[121.4895,31.91478],[121.40231,31.85674],[121.30866,31.88616],[121.16513,31.84121],[121.10967,31.86074],[120.97532,31.82076],[120.9616,31.78929],[120.91382,31.80806],[120.7804,32.00001],[120.55438,32.00405],[120.51553,32.02454],[120.54807,32.05212],[120.43615,32.12729],[120.30015,32.14473],[120.22456,32.0939],[120.0905,32.07566],[120.01095,31.97032],[119.96785,32.01522],[119.89075,32.02883],[119.89831,32.09035],[119.83715,32.13756],[119.85132,32.27307],[119.78695,32.31206],[119.63639,32.26338],[119.61319,32.21629],[119.57036,32.2902],[119.48382,32.30834],[119.46559,32.26817],[119.36794,32.22877],[119.03286,32.25791],[119.01621,32.45254],[119.2439,32.53034],[119.28379,32.5994],[119.23442,32.58794],[119.21333,32.61397],[119.178,32.83283],[119.10098,32.82755],[119.03835,32.91215],[119.01213,32.90731],[119.01232,32.96146],[118.8857,32.94516],[118.89582,33.0003],[118.83328,33.04797],[118.81414,33.16129],[118.95962,33.15142],[118.96581,33.206],[119.13903,33.21269],[119.25378,33.31113],[119.39333,33.32199],[119.62607,33.28913],[119.65409,33.25632],[119.63517,33.17896],[119.67562,33.14948],[119.97485,33.15196],[120.07227,33.18386],[120.1944,33.14046],[120.28857,33.24896],[120.4009,33.28714],[120.44648,33.37424],[120.59184,33.49047],[120.58601,33.37776],[120.61031,33.42002],[120.67638,33.26833],[120.7278,33.25814],[120.73036,33.1923],[120.70231,33.17638],[120.76592,33.13378],[120.73412,33.11639],[120.78879,33.12107],[120.75002,33.10051],[120.8009,33.05365],[120.77375,33.03639],[120.80737,33.03407],[120.78367,33.02655],[120.80676,33.00007],[120.88445,33.00625],[120.85466,32.93566],[120.88179,32.94556],[120.90284,32.8322],[120.88463,32.79522],[120.82954,32.81443],[120.86009,32.77528],[120.8375,32.7616],[120.91462,32.71838],[120.87565,32.67075],[120.90216,32.63608],[120.85645,32.65417],[120.88457,32.62758],[120.86498,32.60893],[120.98709,32.52942],[121.09369,32.51852],[121.06174,32.50235],[121.08988,32.48743],[121.12015,32.50539],[121.33524,32.41949],[121.3766,32.36853],[121.36301,32.27548],[121.40245,32.25775],[121.33644,32.2354],[121.33208,32.20244],[121.41291,32.16317],[121.42471,32.11247],[121.54116,32.10439],[121.73008,32.02738],[121.7334,31.98242]]]}},{"type":"Feature","properties":{"SYS_ID":"91126","NAME_CH":"淮安府","PRES_LOC":"","TYPE_CH":"府","BEG_YR":1382,"BEG_CHG_TY":"辖区扩大","END_YR":1723,"END_CHG_TY":"辖区缩小","X_COORD":119.14,"Y_COORD":33.97},"geometry":{"type":"MultiPolygon","coordinates":[[[[117.58541,34.04085],[117.64262,34.22504],[117.63578,34.37016],[117.69907,34.49675],[118.11059,34.56554],[118.1693,34.54884],[118.12839,34.496],[118.19722,34.42695],[118.16335,34.36414],[118.36557,34.39466],[118.46406,34.56628],[118.76803,34.72916],[118.71599,34.7643],[118.76894,34.79704],[118.75948,34.84832],[118.85543,34.94485],[118.85606,35.03405],[118.91395,35.06505],[119.10706,35.05822],[119.14003,35.10306],[119.2555,35.12571],[119.29399,35.09721],[119.22223,35.068],[119.16539,34.85548],[119.21314,34.79679],[119.19619,34.74189],[119.22274,34.77594],[119.29751,34.74551],[119.34874,34.77577],[119.45798,34.74884],[119.48117,34.71065],[119.44988,34.68323],[119.65541,34.55703],[119.56796,34.48849],[119.61624,34.4689],[119.71574,34.53593],[120.28208,34.3098],[120.33449,34.12513],[120.30926,34.10875],[120.35015,34.09528],[120.48825,33.83109],[120.43175,33.74952],[120.47658,33.7816],[120.5261,33.72148],[120.54224,33.66338],[120.50935,33.66197],[120.51411,33.63317],[120.60085,33.49141],[120.44648,33.37424],[120.4009,33.28714],[120.28857,33.24896],[120.1944,33.14046],[120.07227,33.18386],[119.97485,33.15196],[119.67562,33.14948],[119.63517,33.17896],[119.65409,33.25632],[119.62607,33.28913],[119.39333,33.32199],[119.25378,33.31113],[119.13903,33.21269],[118.96581,33.206],[118.95962,33.15142],[118.7712,33.18108],[118.60436,33.15252],[118.58968,33.16987],[118.64756,33.21682],[118.55871,33.28112],[118.48576,33.43048],[118.37911,33.48098],[118.31624,33.55155],[118.29728,33.61446],[118.20011,33.62577],[118.11163,33.76447],[117.79227,33.73912],[117.64179,33.87384],[117.65589,33.95494],[117.5937,34.02298],[117.61443,34.03741],[117.58541,34.04085]]],[[[119.46161,34.75328],[119.44939,34.78023],[119.49648,34.75798],[119.46161,34.75328]]]]}},{"type":"Feature","properties":{"SYS_ID":"91134","NAME_CH":"徐州","PRES_LOC":"","TYPE_CH":"直隶州","BEG_YR":1381,"BEG_CHG_TY":"新建","END_YR":1732,"END_CHG_TY":"更名和辖区扩大","X_COORD":116.92,"Y_COORD":34.42},"geometry":{"type":"Polygon","coordinates":[[[116.57375,34.27943],[116.49767,34.29773],[116.358,34.27371],[116.35796,34.31799],[116.20812,34.38343],[116.15423,34.46658],[116.19449,34.51616],[116.18591,34.57947],[116.23268,34.55264],[116.27565,34.60849],[116.36861,34.64087],[116.3873,34.70702],[116.36011,34.74359],[116.39751,34.75707],[116.40852,34.85988],[116.44276,34.90063],[116.618,34.9379],[116.76415,34.91789],[116.7794,34.94406],[116.96148,34.87654],[117.00786,34.93879],[117.09359,34.94131],[117.11932,34.86512],[117.17851,34.82878],[117.13814,34.7593],[117.27443,34.56598],[117.38902,34.58207],[117.47939,34.48907],[117.46198,34.40358],[117.66974,34.46293],[117.59785,34.05391],[117.39594,34.03859],[117.399,33.93545],[117.34242,33.88286],[117.24942,33.95519],[117.03915,33.98753],[116.99125,33.93666],[116.85789,34.00422],[116.60074,34.0234],[116.52208,34.11706],[116.56357,34.17569],[116.53638,34.22911],[116.57375,34.27943]]]}},{"type":"Feature","properties":{"SYS_ID":"91142","NAME_CH":"安庆府","PRES_LOC":"","TYPE_CH":"府","BEG_YR":1362,"BEG_CHG_TY":"更名","END_YR":1911,"END_CHG_TY":"数据下限","X_COORD":116.61,"Y_COORD":30.59},"geometry":{"type":"MultiPolygon","coordinates":[[[[116.89436,30.41756],[116.92646,30.27808],[116.83503,30.13723],[116.73391,30.05628],[116.60034,30.06985],[116.54044,29.90549],[116.37639,29.89235],[116.2486,29.78565],[116.19949,29.83383],[116.12962,29.82485],[116.12719,29.89122],[116.06876,29.96571],[116.08636,30.03853],[116.06018,30.20699],[115.97588,30.29834],[115.89945,30.31276],[115.87911,30.38501],[115.93915,30.42734],[115.88981,30.4554],[115.90865,30.52047],[115.86573,30.59107],[115.80682,30.59803],[115.7577,30.71203],[115.78307,30.76235],[115.86193,30.77739],[115.83704,30.83668],[115.86249,30.86841],[115.99351,30.94707],[116.1325,30.94979],[116.2729,30.99429],[116.44907,30.97511],[116.61134,31.07732],[116.68952,31.05061],[116.78529,31.07069],[116.939,31.16741],[117.00534,31.26785],[117.10777,31.18023],[117.11485,31.08274],[117.17387,31.08621],[117.26493,30.99392],[117.43592,30.96997],[117.51145,31.00333],[117.65913,30.94939],[117.73109,30.97465],[117.72925,30.86327],[117.69553,30.79691],[117.28455,30.67186],[117.20921,30.62802],[117.24722,30.57373],[117.20321,30.47509],[117.01215,30.49605],[116.89436,30.41756]]],[[[115.76098,30.66931],[115.76086,30.66904],[115.76096,30.67428],[115.76098,30.66931]]]]}},{"type":"Feature","properties":{"SYS_ID":"91143","NAME_CH":"和州","PRES_LOC":"","TYPE_CH":"直隶州","BEG_YR":1367,"BEG_CHG_TY":"新建","END_YR":1911,"END_CHG_TY":"数据下限","X_COORD":118.18,"Y_COORD":31.69},"geometry":{"type":"Polygon","coordinates":[[[118.33893,31.37416],[117.96851,31.44301],[117.95754,31.46687],[117.98313,31.47399],[117.90699,31.55323],[117.94222,31.6773],[117.88564,31.70085],[117.92913,31.73115],[117.85336,31.81502],[117.94376,31.90599],[118.06913,31.84973],[118.11034,31.90578],[118.21437,31.92728],[118.37948,32.05992],[118.3641,31.9372],[118.50649,31.82953],[118.41147,31.72524],[118.37608,31.5444],[118.31761,31.43625],[118.33893,31.37416]]]}},{"type":"Feature","properties":{"SYS_ID":"91145","NAME_CH":"滁州","PRES_LOC":"","TYPE_CH":"直隶州","BEG_YR":1389,"BEG_CHG_TY":"新建","END_YR":1911,"END_CHG_TY":"数据下限","X_COORD":118.25,"Y_COORD":32.3},"geometry":{"type":"Polygon","coordinates":[[[118.65588,32.64206],[118.6856,32.58633],[118.58482,32.60124],[118.53671,32.55437],[118.63293,32.20993],[118.50153,32.19623],[118.49332,32.1254],[118.3877,32.08329],[118.21437,31.92728],[118.11034,31.90578],[118.06913,31.84973],[117.94376,31.90599],[117.88105,31.87499],[117.84621,31.99723],[117.87981,32.06633],[117.84695,32.11865],[117.86828,32.1474],[117.82781,32.22386],[117.87497,32.23976],[117.93806,32.36455],[118.03582,32.42592],[118.04028,32.47272],[118.10579,32.47604],[118.07246,32.55206],[118.16929,32.56582],[118.22989,32.63738],[118.36691,32.62018],[118.42136,32.6608],[118.41499,32.7171],[118.4426,32.74067],[118.58962,32.78213],[118.69373,32.73233],[118.68967,32.65765],[118.65588,32.64206]]]}},{"type":"Feature","properties":{"SYS_ID":"91149","NAME_CH":"寿州","PRES_LOC":"","TYPE_CH":"直隶州","BEG_YR":1369,"BEG_CHG_TY":"新建","END_YR":1370,"END_CHG_TY":"撤销","X_COORD":116.54,"Y_COORD":32.58},"geometry":{"type":"Polygon","coordinates":[[[116.38275,32.89531],[116.19695,33.08612],[116.13747,33.09758],[116.05158,33.23617],[116.10718,33.27147],[116.1825,33.44569],[116.29831,33.56811],[116.53653,33.61847],[116.51511,33.55812],[116.54231,33.46958],[116.68193,33.47961],[116.79368,33.42428],[116.77834,33.33487],[116.82127,33.21259],[116.80198,33.15658],[116.75046,33.14112],[116.74244,33.06998],[116.80961,33.02343],[116.77972,32.9725],[116.92235,32.97],[116.9903,32.78171],[117.08279,32.71092],[117.03234,32.6895],[117.05599,32.60686],[117.18424,32.61909],[117.19994,32.47707],[117.28907,32.29333],[117.22749,32.15591],[117.16958,32.11143],[117.02546,32.07372],[117.01532,32.00304],[116.8673,31.97452],[116.76583,31.91331],[116.68015,31.90689],[116.67446,31.97681],[116.54157,32.03046],[116.5392,32.07986],[116.43108,32.01796],[116.2969,32.05278],[116.19708,31.93444],[116.19315,31.77523],[116.12557,31.74799],[116.11594,31.70472],[116.03751,31.68297],[115.93562,31.73548],[115.87917,31.71712],[115.93462,32.07592],[115.87506,32.49049],[115.82932,32.52697],[115.88958,32.57962],[115.99165,32.60499],[116.08543,32.54107],[116.17106,32.42739],[116.20779,32.46581],[116.24445,32.45806],[116.26677,32.5245],[116.31474,32.52319],[116.38679,32.44955],[116.47952,32.44138],[116.56156,32.54641],[116.62526,32.55502],[116.44647,32.68954],[116.42818,32.84801],[116.37893,32.85605],[116.38275,32.89531]]]}},{"type":"Feature","properties":{"SYS_ID":"91195","NAME_CH":"庐州府","PRES_LOC":"","TYPE_CH":"府","BEG_YR":1382,"BEG_CHG_TY":"辖区扩大","END_YR":1723,"END_CHG_TY":"辖区缩小","X_COORD":116.89,"Y_COORD":31.5},"geometry":{"type":"Polygon","coordinates":[[[117.40681,32.32152],[117.39925,32.27137],[117.49252,32.20561],[117.647,32.26304],[117.84608,32.2157],[117.85079,32.10004],[117.87981,32.06633],[117.84621,31.99723],[117.89266,31.86248],[117.85023,31.80059],[117.92913,31.73115],[117.88564,31.70085],[117.94222,31.6773],[117.90699,31.55323],[117.98313,31.47399],[117.95754,31.46687],[117.96851,31.44301],[118.33893,31.37416],[118.34612,31.30525],[118.20674,31.28414],[118.08041,31.21543],[118.0313,31.28199],[117.98452,31.09449],[117.92603,31.07005],[117.85666,31.11531],[117.79687,31.09914],[117.72998,31.03385],[117.73109,30.97465],[117.65913,30.94939],[117.51145,31.00333],[117.43592,30.96997],[117.26493,30.99392],[117.17387,31.08621],[117.11485,31.08274],[117.10777,31.18023],[117.00534,31.26785],[116.939,31.16741],[116.78529,31.07069],[116.68952,31.05061],[116.61134,31.07732],[116.44907,30.97511],[116.2729,30.99429],[116.1325,30.94979],[115.99351,30.94707],[115.8398,30.8427],[115.86193,30.77739],[115.77551,30.75714],[115.76086,30.66904],[115.68332,30.54303],[115.62734,30.51735],[115.61379,30.58177],[115.55314,30.59258],[115.61776,30.74682],[115.61043,30.81447],[115.58634,30.82978],[115.5398,30.79834],[115.54297,30.83021],[115.59856,30.92973],[115.71185,31.00835],[115.70602,31.06451],[115.76981,31.08945],[115.72282,31.17685],[115.65784,31.2125],[115.66432,31.36382],[115.73127,31.55334],[115.87917,31.71712],[115.93562,31.73548],[116.04495,31.68226],[116.11594,31.70472],[116.12557,31.74799],[116.19452,31.77775],[116.19708,31.93444],[116.2969,32.05278],[116.43108,32.01796],[116.5392,32.07986],[116.54157,32.03046],[116.67446,31.97681],[116.68015,31.90689],[116.76583,31.91331],[116.8673,31.97452],[117.01532,32.00304],[117.02546,32.07372],[117.15099,32.10259],[117.22749,32.15591],[117.28407,32.29021],[117.40681,32.32152]]]}},{"type":"Feature","properties":{"SYS_ID":"91192","NAME_CH":"凤阳府","PRES_LOC":"","TYPE_CH":"府","BEG_YR":1389,"BEG_CHG_TY":"辖区缩小","END_YR":1723,"END_CHG_TY":"辖区缩小","X_COORD":116.93,"Y_COORD":33.01},"geometry":{"type":"Polygon","coordinates":[[[115.117,32.92795],[115.18125,33.12325],[115.28703,33.13761],[115.35792,33.32878],[115.30858,33.37951],[115.33959,33.50405],[115.39255,33.50555],[115.43556,33.5675],[115.63195,33.58684],[115.56051,33.77685],[115.61039,33.78431],[115.62633,33.87212],[115.54173,33.88263],[115.59433,34.03397],[115.64478,34.06733],[115.79876,34.07441],[115.84458,34.00624],[115.88196,34.03434],[115.96221,34.0036],[115.99485,33.96647],[115.97511,33.91148],[116.05215,33.85887],[116.069,33.78423],[116.15566,33.70949],[116.43025,33.8056],[116.43644,33.85444],[116.55886,33.90904],[116.6359,33.8917],[116.64642,33.96638],[116.60074,34.0234],[116.85789,34.00422],[116.99125,33.93666],[117.03915,33.98753],[117.24942,33.95519],[117.34242,33.88286],[117.399,33.93545],[117.39594,34.03859],[117.50464,34.06342],[117.61443,34.03741],[117.5937,34.02298],[117.65589,33.95494],[117.64179,33.87384],[117.79227,33.73912],[118.11163,33.76447],[118.20011,33.62577],[118.29728,33.61446],[118.31624,33.55155],[118.37911,33.48098],[118.48576,33.43048],[118.55871,33.28112],[118.64756,33.21682],[118.59376,33.15558],[118.7712,33.18108],[118.81414,33.16129],[118.83328,33.04797],[118.89582,33.0003],[118.8857,32.94516],[119.01232,32.96146],[119.01213,32.90731],[119.03835,32.91215],[119.10098,32.82755],[119.178,32.83283],[119.21333,32.61397],[119.23442,32.58794],[119.28379,32.5994],[119.26643,32.54506],[119.07314,32.45517],[119.03184,32.51553],[118.97456,32.50846],[118.92943,32.55944],[118.88445,32.55878],[118.89821,32.59252],[118.83325,32.57082],[118.81453,32.60736],[118.7821,32.58559],[118.69075,32.61144],[118.65588,32.64206],[118.68967,32.65765],[118.69373,32.73233],[118.57296,32.77793],[118.4426,32.74067],[118.41499,32.7171],[118.42136,32.6608],[118.36691,32.62018],[118.22989,32.63738],[118.16929,32.56582],[118.07246,32.55206],[118.10579,32.47604],[118.04028,32.47272],[118.03582,32.42592],[117.93806,32.36455],[117.87497,32.23976],[117.82781,32.22386],[117.647,32.26304],[117.49252,32.20561],[117.39925,32.27137],[117.40681,32.32152],[117.36375,32.31923],[117.28407,32.29021],[117.22749,32.15591],[117.16958,32.11143],[117.02158,32.07071],[117.04121,32.04317],[117.01532,32.00304],[116.689,31.90408],[116.67446,31.97681],[116.54157,32.03046],[116.5392,32.07986],[116.43108,32.01796],[116.2969,32.05278],[116.19708,31.93444],[116.19315,31.77523],[116.12557,31.74799],[116.11594,31.70472],[116.03751,31.68297],[115.93562,31.73548],[115.87917,31.71712],[115.93462,32.07592],[115.87506,32.49049],[115.81335,32.50239],[115.77388,32.46764],[115.75872,32.50635],[115.74667,32.47846],[115.68539,32.49693],[115.65472,32.4125],[115.58614,32.42984],[115.54494,32.40491],[115.55838,32.4202],[115.39875,32.58299],[115.2974,32.55395],[115.29672,32.58757],[115.1856,32.5931],[115.19589,32.84677],[115.117,32.92795]]]}},{"type":"Feature","properties":{"SYS_ID":"91196","NAME_CH":"泗州","PRES_LOC":"","TYPE_CH":"直隶州","BEG_YR":1369,"BEG_CHG_TY":"新建","END_YR":1370,"END_CHG_TY":"撤销","X_COORD":118.26,"Y_COORD":33.13},"geometry":{"type":"Polygon","coordinates":[[[117.73989,33.78274],[117.79227,33.73912],[117.88197,33.72957],[117.93762,33.73227],[117.95922,33.76451],[118.11163,33.76447],[118.16529,33.66564],[118.27549,33.68543],[118.26743,33.63927],[118.31624,33.55155],[118.37911,33.48098],[118.48576,33.43048],[118.55871,33.28112],[118.64756,33.21682],[118.59376,33.15558],[118.7712,33.18108],[118.81414,33.16129],[118.83328,33.04797],[118.89582,33.0003],[118.8857,32.94516],[119.01232,32.96146],[119.01213,32.90731],[119.03835,32.91215],[119.10098,32.82755],[119.178,32.83283],[119.20431,32.72634],[119.1867,32.67457],[119.22567,32.60915],[119.21261,32.57589],[119.17806,32.60176],[119.14837,32.56375],[119.1423,32.49457],[119.07314,32.45517],[119.03184,32.51553],[118.9724,32.50919],[118.92728,32.56039],[118.82519,32.5737],[118.81453,32.60736],[118.7821,32.58559],[118.69075,32.61144],[118.65588,32.64206],[118.68967,32.65765],[118.69478,32.73048],[118.603,32.7824],[118.4426,32.74067],[118.41499,32.7171],[118.42136,32.6608],[118.36691,32.62018],[118.22989,32.63738],[118.19893,32.5869],[118.11527,32.54918],[118.0676,32.55528],[118.06315,32.60852],[117.92944,32.64522],[117.94097,32.7725],[117.8978,32.82194],[117.92363,32.99816],[118.03107,33.02099],[117.99378,33.04563],[118.06701,33.08263],[118.06801,33.13816],[117.90196,33.14937],[117.88293,33.04813],[117.76275,33.04699],[117.70008,33.00208],[117.66632,32.92082],[117.55791,33.07084],[117.53579,33.13334],[117.55473,33.22153],[117.59766,33.26607],[117.58077,33.32635],[117.6375,33.33523],[117.66953,33.40998],[117.66569,33.4834],[117.627,33.51707],[117.65224,33.6339],[117.59333,33.86787],[117.49917,33.91712],[117.53973,34.03665],[117.61443,34.03741],[117.66308,33.99542],[117.69796,33.88922],[117.75077,33.89074],[117.73989,33.78274]]]}},{"type":"Feature","properties":{"SYS_ID":"91305","NAME_CH":"临濠府","PRES_LOC":"","TYPE_CH":"府","BEG_YR":1369,"BEG_CHG_TY":"辖区缩小","END_YR":1370,"END_CHG_TY":"辖区扩大","X_COORD":117.45,"Y_COORD":32.76},"geometry":{"type":"Polygon","coordinates":[[[116.79683,33.30779],[117.16343,33.26818],[117.19752,33.25022],[117.18673,33.20251],[117.27586,33.17432],[117.54339,33.1603],[117.54699,33.09073],[117.66632,32.92082],[117.70008,33.00208],[117.76275,33.04699],[117.88293,33.04813],[117.90196,33.14937],[118.06573,33.14597],[118.06701,33.08263],[117.99378,33.04563],[118.03107,33.02099],[117.92712,33.00556],[117.8978,32.82194],[117.94097,32.7725],[117.92944,32.64522],[118.06315,32.60852],[118.10579,32.47604],[118.04028,32.47272],[118.03582,32.42592],[117.93806,32.36455],[117.87497,32.23976],[117.82781,32.22386],[117.647,32.26304],[117.49522,32.20514],[117.39925,32.27137],[117.40681,32.32152],[117.28907,32.29333],[117.19994,32.47707],[117.18424,32.61909],[117.05599,32.60686],[117.03234,32.6895],[117.08279,32.71092],[116.9903,32.78171],[116.92235,32.97],[116.77972,32.9725],[116.80961,33.02343],[116.74244,33.06998],[116.75046,33.14112],[116.80198,33.15658],[116.82127,33.21259],[116.79683,33.30779]]]}},{"type":"Feature","properties":{"SYS_ID":"91458","NAME_CH":"中立府","PRES_LOC":"","TYPE_CH":"府","BEG_YR":1373,"BEG_CHG_TY":"更名和辖区扩大","END_YR":1373,"END_CHG_TY":"更名和辖区扩大","X_COORD":116.93,"Y_COORD":32.89},"geometry":{"type":"Polygon","coordinates":[[[118.26743,33.63927],[118.31624,33.55155],[118.37911,33.48098],[118.48576,33.43048],[118.55871,33.28112],[118.64756,33.21682],[118.59376,33.15558],[118.7712,33.18108],[118.81414,33.16129],[118.83328,33.04797],[118.89582,33.0003],[118.8857,32.94516],[119.01232,32.96146],[119.01213,32.90731],[119.03835,32.91215],[119.10098,32.82755],[119.178,32.83283],[119.21261,32.57589],[119.17503,32.60021],[119.1423,32.49457],[119.07314,32.45517],[119.03184,32.51553],[118.9724,32.50919],[118.92728,32.56039],[118.82519,32.5737],[118.81453,32.60736],[118.7821,32.58559],[118.69075,32.61144],[118.65588,32.64206],[118.68967,32.65765],[118.69373,32.73233],[118.58962,32.78213],[118.4426,32.74067],[118.41499,32.7171],[118.42136,32.6608],[118.36691,32.62018],[118.22989,32.63738],[118.16929,32.56582],[118.07246,32.55206],[118.10579,32.47604],[118.04028,32.47272],[118.03582,32.42592],[117.93292,32.35881],[117.87497,32.23976],[117.79107,32.21999],[117.647,32.26304],[117.49522,32.20514],[117.39925,32.27137],[117.40681,32.32152],[117.29921,32.29966],[117.22749,32.15591],[117.15099,32.10259],[117.02546,32.07372],[117.02448,32.009],[116.8673,31.97452],[116.70896,31.88352],[116.73534,31.85994],[116.68669,31.81587],[116.75435,31.76035],[116.74958,31.58233],[116.82663,31.52187],[116.79141,31.45653],[116.66242,31.41688],[116.62841,31.36557],[116.57678,31.36571],[116.56558,31.28878],[116.52464,31.28561],[116.46468,31.15718],[116.42267,31.14593],[116.46178,31.09135],[116.41688,30.99582],[116.03693,30.95804],[115.87213,30.87573],[115.83704,30.83668],[115.86193,30.77739],[115.77551,30.75714],[115.69262,30.55427],[115.62734,30.51735],[115.61379,30.58177],[115.56112,30.58545],[115.5482,30.61451],[115.61697,30.70189],[115.61043,30.81447],[115.53553,30.81072],[115.59856,30.92973],[115.71185,31.00835],[115.70602,31.06451],[115.76981,31.08945],[115.72282,31.17685],[115.65784,31.2125],[115.65558,31.32324],[115.72513,31.54307],[115.8122,31.6137],[115.89372,31.75226],[115.88383,31.86062],[115.93462,32.07592],[115.87506,32.49049],[115.81335,32.50239],[115.77388,32.46764],[115.75872,32.50635],[115.74667,32.47846],[115.68539,32.49693],[115.65472,32.4125],[115.58614,32.42984],[115.54494,32.40491],[115.55838,32.4202],[115.39875,32.58299],[115.2974,32.55395],[115.29672,32.58757],[115.1856,32.5931],[115.19589,32.84677],[115.117,32.92795],[115.16832,33.11594],[115.28703,33.13761],[115.35792,33.32878],[115.30858,33.37951],[115.33959,33.50405],[115.39255,33.50555],[115.43556,33.5675],[115.63195,33.58684],[115.56051,33.77685],[115.61039,33.78431],[115.62633,33.87212],[115.54173,33.88263],[115.59621,34.03651],[115.72617,34.08057],[115.80486,34.07217],[115.84734,34.00535],[115.877,34.0343],[115.95472,34.00813],[115.99485,33.96647],[115.97511,33.91148],[116.05215,33.85887],[116.069,33.78423],[116.15566,33.70949],[116.43025,33.8056],[116.43644,33.85444],[116.55886,33.90904],[116.6359,33.8917],[116.64642,33.96638],[116.60074,34.0234],[116.85789,34.00422],[116.99125,33.93666],[117.03915,33.98753],[117.24942,33.95519],[117.31087,33.88424],[117.36235,33.887],[117.399,33.93545],[117.39594,34.03859],[117.59785,34.05391],[117.64262,34.22504],[117.63578,34.37016],[117.68998,34.48994],[117.76228,34.52692],[117.95696,34.52383],[118.11059,34.56554],[118.1693,34.54884],[118.12839,34.496],[118.17348,34.4529],[118.16267,34.39336],[118.39965,34.43804],[118.35432,34.32883],[118.37503,34.18288],[118.41348,34.14297],[118.48666,34.12097],[118.61259,34.14694],[118.59367,34.03484],[118.54893,34.00976],[118.53198,33.846],[118.3731,33.77887],[118.29278,33.70917],[118.26743,33.63927]]]}},{"type":"Feature","properties":{"SYS_ID":"97101","NAME_CH":"南安府","PRES_LOC":"","TYPE_CH":"府","BEG_YR":1365,"BEG_CHG_TY":"更名","END_YR":1911,"END_CHG_TY":"数据下限","X_COORD":114.4,"Y_COORD":25.73},"geometry":{"type":"Polygon","coordinates":[[[114.60568,25.41503],[114.44025,25.38705],[114.38192,25.31765],[114.29907,25.33299],[114.30407,25.30144],[114.23009,25.29059],[114.11813,25.31219],[114.01797,25.26025],[114.03433,25.3632],[113.9804,25.40049],[113.98956,25.44054],[113.93736,25.48086],[113.98563,25.56212],[113.90961,25.72568],[114.01668,25.89919],[114.01526,25.97816],[114.1637,26.032],[114.27799,26.03583],[114.36437,26.11382],[114.42135,26.09913],[114.52393,26.22082],[114.62105,26.26099],[114.68002,26.24407],[114.65453,26.19533],[114.77705,26.07578],[114.77808,25.9194],[114.92063,25.68831],[114.84406,25.63652],[114.84677,25.50974],[114.69598,25.47238],[114.60568,25.41503]],[[113.99427,25.39729],[114,25.4],[113.99383,25.39738],[113.99427,25.39729]]]}},{"type":"Feature","properties":{"SYS_ID":"97282","NAME_CH":"赣州府","PRES_LOC":"","TYPE_CH":"府","BEG_YR":1365,"BEG_CHG_TY":"更名","END_YR":1561,"END_CHG_TY":"辖区扩大","X_COORD":115.46,"Y_COORD":25.69},"geometry":{"type":"Polygon","coordinates":[[[115.03888,26.21972],[115.17277,26.36632],[115.15507,26.442],[115.05579,26.44871],[115.11209,26.50631],[115.22424,26.52364],[115.33221,26.67865],[115.36757,26.65649],[115.52012,26.69497],[115.5377,26.4901],[115.74313,26.55878],[115.75626,26.61807],[115.71731,26.61353],[115.72481,26.6504],[115.6879,26.66996],[115.7286,26.71833],[115.71371,26.7633],[115.7559,26.77181],[115.82835,26.89285],[115.93724,26.97599],[116.02026,27.13454],[116.0714,27.148],[116.11314,27.14023],[116.13755,27.06179],[116.1734,27.05685],[116.14729,26.91837],[116.20213,26.8276],[116.11442,26.73154],[116.22289,26.6508],[116.26588,26.6634],[116.23357,26.62261],[116.26337,26.59134],[116.2433,26.54805],[116.3083,26.5024],[116.37219,26.51323],[116.45624,26.6029],[116.63349,26.47767],[116.59599,26.37941],[116.51283,26.40451],[116.39454,26.2717],[116.39099,26.18549],[116.46234,26.17857],[116.48291,26.11399],[116.38523,26.04311],[116.36131,25.96796],[116.13246,25.87007],[116.16727,25.75431],[116.12187,25.76252],[116.10134,25.70857],[116.05082,25.69052],[116.05505,25.57076],[115.98757,25.46394],[116.01486,25.44329],[115.98805,25.38173],[116.00704,25.32531],[115.85151,25.21308],[115.86929,25.11838],[115.92638,25.0543],[115.86829,25.02222],[115.89948,24.987],[115.86199,24.96457],[115.89568,24.87807],[115.8119,24.90282],[115.75169,24.74634],[115.79782,24.6884],[115.7622,24.66543],[115.83157,24.56542],[115.71317,24.5405],[115.67007,24.59854],[115.56704,24.62237],[115.47355,24.75923],[115.41084,24.78082],[115.36476,24.77459],[115.35347,24.7398],[115.27941,24.75431],[115.10793,24.66337],[115.06381,24.70594],[114.93913,24.65018],[114.9058,24.66297],[114.86491,24.56052],[114.74101,24.61365],[114.70458,24.52986],[114.65369,24.57814],[114.58733,24.53497],[114.52753,24.55403],[114.42616,24.48704],[114.35217,24.58782],[114.30323,24.57259],[114.27474,24.62827],[114.16945,24.67316],[114.32644,24.7481],[114.32899,24.80702],[114.39539,24.87785],[114.39032,24.95209],[114.52877,25.02287],[114.55755,25.08555],[114.64369,25.07755],[114.72576,25.11987],[114.67704,25.17292],[114.73725,25.24284],[114.73228,25.27992],[114.69727,25.31933],[114.6267,25.32928],[114.55484,25.41038],[114.67722,25.46974],[114.83044,25.49608],[114.84406,25.63652],[114.92063,25.68831],[114.77808,25.9194],[114.77705,26.07578],[114.69612,26.16662],[114.88229,26.21222],[114.97933,26.20505],[115.0667,26.14946],[115.09421,26.17333],[115.03888,26.21972]]]}},{"type":"Feature","properties":{"SYS_ID":"97119","NAME_CH":"临江府","PRES_LOC":"","TYPE_CH":"府","BEG_YR":1363,"BEG_CHG_TY":"更名","END_YR":1911,"END_CHG_TY":"数据下限","X_COORD":115.24,"Y_COORD":27.8},"geometry":{"type":"MultiPolygon","coordinates":[[[[114.76305,27.91068],[114.87376,28.05559],[114.91019,28.04357],[114.97173,28.09962],[115.12905,28.0866],[115.17055,28.05299],[115.21327,28.11847],[115.26207,28.08746],[115.35227,28.15601],[115.41998,28.12473],[115.56319,28.13273],[115.69292,28.06674],[115.61958,27.98528],[115.67674,27.93432],[115.64825,27.82976],[115.72527,27.73379],[115.62124,27.61991],[115.57888,27.51742],[115.34964,27.41305],[115.26621,27.51924],[115.18092,27.50078],[115.13891,27.52343],[115.11276,27.46605],[115.03962,27.47012],[114.96375,27.53775],[114.88107,27.54641],[114.8734,27.60283],[114.8125,27.6005],[114.79611,27.68744],[114.73785,27.69768],[114.74168,27.79127],[114.80479,27.86176],[114.76305,27.91068]]],[[[114.87718,27.54569],[114.87797,27.54643],[114.88107,27.54641],[114.87718,27.54569]]]]}},{"type":"Feature","properties":{"SYS_ID":"97120","NAME_CH":"南丰州","PRES_LOC":"","TYPE_CH":"州","BEG_YR":1282,"BEG_CHG_TY":"新建","END_YR":1369,"END_CHG_TY":"撤销","X_COORD":116.49,"Y_COORD":27.11},"geometry":{"type":"Polygon","coordinates":[[[116.17445,27.05342],[116.29809,27.2027],[116.35214,27.21761],[116.38166,27.30938],[116.42616,27.31985],[116.48559,27.28481],[116.55512,27.3097],[116.55154,27.35499],[116.60342,27.30649],[116.6816,27.35687],[116.73105,27.33662],[116.75417,27.22206],[116.70695,27.21519],[116.73184,27.11988],[116.70863,27.00163],[116.55277,26.85535],[116.50882,26.88467],[116.49876,26.97165],[116.35174,26.97243],[116.25723,26.91893],[116.18856,26.9607],[116.15545,26.94699],[116.17445,27.05342]]]}},{"type":"Feature","properties":{"SYS_ID":"97123","NAME_CH":"袁州府","PRES_LOC":"","TYPE_CH":"府","BEG_YR":1360,"BEG_CHG_TY":"更名","END_YR":1911,"END_CHG_TY":"数据下限","X_COORD":114.22,"Y_COORD":27.84},"geometry":{"type":"Polygon","coordinates":[[[114.62583,27.5367],[114.49684,27.61238],[114.46435,27.56709],[114.3588,27.54985],[114.27049,27.58295],[114.18829,27.52099],[114.14786,27.43917],[114,27.43142],[113.92603,27.46784],[113.91408,27.4176],[113.86738,27.38831],[113.69428,27.33539],[113.60827,27.35282],[113.59729,27.38923],[113.62553,27.4132],[113.5863,27.47109],[113.62184,27.51357],[113.57277,27.54151],[113.60613,27.63657],[113.75768,27.80258],[113.72681,27.88425],[113.75611,27.94306],[113.85302,28.01178],[113.91254,27.9966],[113.95348,28.04334],[114.03038,28.0534],[113.98775,28.17726],[114.08573,28.18615],[114.24764,28.32743],[114.25393,28.385],[114.40216,28.45887],[114.59895,28.29647],[114.47427,28.04872],[114.67029,28.11279],[114.77004,28.11398],[114.77287,28.05347],[114.8758,28.03718],[114.76647,27.91869],[114.80479,27.86176],[114.74168,27.79127],[114.73785,27.69768],[114.79611,27.68744],[114.8125,27.6005],[114.7686,27.62649],[114.67107,27.59083],[114.62583,27.5367]]]}},{"type":"Feature","properties":{"SYS_ID":"97133","NAME_CH":"吉安府","PRES_LOC":"","TYPE_CH":"府","BEG_YR":1362,"BEG_CHG_TY":"更名","END_YR":1911,"END_CHG_TY":"数据下限","X_COORD":114.75,"Y_COORD":26.9},"geometry":{"type":"Polygon","coordinates":[[[113.76647,27.09976],[113.86649,27.28822],[113.87406,27.41256],[113.91408,27.4176],[113.92603,27.46784],[114,27.43142],[114.13574,27.43644],[114.27049,27.58295],[114.39724,27.55429],[114.46435,27.56709],[114.49684,27.61238],[114.62583,27.5367],[114.67107,27.59083],[114.7686,27.62649],[114.83949,27.58976],[114.8734,27.60283],[114.87718,27.54569],[114.96375,27.53775],[115.04965,27.46729],[115.11846,27.46921],[115.13891,27.52343],[115.18092,27.50078],[115.26621,27.51924],[115.34964,27.41305],[115.58734,27.52761],[115.66064,27.45052],[115.71588,27.44133],[115.67539,27.35693],[115.68652,27.27967],[115.62169,27.24582],[115.63382,27.19885],[115.70489,27.10935],[115.80343,27.11861],[115.86733,26.99653],[115.92433,26.96909],[115.82835,26.89285],[115.7559,26.77181],[115.71371,26.7633],[115.7286,26.71833],[115.6879,26.66996],[115.72481,26.6504],[115.71731,26.61353],[115.75626,26.61807],[115.74313,26.55878],[115.5377,26.4901],[115.52012,26.69497],[115.36757,26.65649],[115.33221,26.67865],[115.22424,26.52364],[115.0874,26.49091],[115.05579,26.44871],[115.15507,26.442],[115.17277,26.35479],[115.03888,26.21972],[115.09421,26.17333],[115.0667,26.14946],[114.97933,26.20505],[114.88229,26.21222],[114.69612,26.16662],[114.65453,26.19533],[114.68002,26.24407],[114.62105,26.26099],[114.52393,26.22082],[114.42135,26.09913],[114.37305,26.11746],[114.27799,26.03583],[114.1637,26.032],[114.01526,25.97816],[114.04001,26.07636],[114.09336,26.07141],[114.10256,26.10359],[114.2279,26.15405],[114.16769,26.2122],[114.07861,26.16602],[114.03513,26.19143],[113.96815,26.15454],[113.9363,26.16881],[114.03117,26.3129],[114.02854,26.38409],[114.08189,26.41495],[114.09473,26.47963],[114.06958,26.49642],[114.10124,26.57818],[113.90648,26.61896],[113.86087,26.65798],[113.83474,26.8074],[113.92303,26.95468],[113.81551,27.04121],[113.80223,27.1011],[113.76647,27.09976]]]}},{"type":"Feature","properties":{"SYS_ID":"97160","NAME_CH":"抚州府","PRES_LOC":"","TYPE_CH":"府","BEG_YR":1362,"BEG_CHG_TY":"更名","END_YR":1511,"END_CHG_TY":"辖区扩大","X_COORD":116.24,"Y_COORD":27.71},"geometry":{"type":"Polygon","coordinates":[[[116.26506,28.21924],[116.3213,28.24945],[116.3563,28.20961],[116.38563,28.2459],[116.45495,28.25122],[116.50049,28.32499],[116.54588,28.32009],[116.63556,28.38067],[116.76304,28.373],[116.8125,28.29438],[116.80196,28.25871],[116.72626,28.26555],[116.68736,28.21955],[116.8012,28.10603],[116.90057,28.07577],[116.92453,28.1058],[116.93189,28.05392],[117.04224,27.94722],[116.95805,27.85345],[116.84139,27.87149],[116.79446,27.84674],[116.78029,27.79746],[116.80478,27.76635],[116.74654,27.70696],[116.61983,27.69263],[116.56689,27.7268],[116.50639,27.7018],[116.51189,27.57508],[116.42678,27.45183],[116.35214,27.21761],[116.29809,27.2027],[116.17445,27.05342],[116.13205,27.06945],[116.11314,27.14023],[116.02026,27.13454],[116.00196,27.06205],[115.92433,26.96909],[115.86733,26.99653],[115.80343,27.11861],[115.70489,27.10935],[115.63382,27.19885],[115.62169,27.24582],[115.68652,27.27967],[115.67539,27.35693],[115.71588,27.44133],[115.66064,27.45052],[115.58734,27.52761],[115.62124,27.61991],[115.72527,27.73379],[115.83112,27.73147],[115.85768,27.86304],[116.05846,27.93745],[116.11108,28.00947],[116.14607,28.134],[116.03377,28.27431],[116.08057,28.35674],[116.14635,28.36674],[116.15727,28.30734],[116.20533,28.30576],[116.26506,28.21924]]]}},{"type":"Feature","properties":{"SYS_ID":"97166","NAME_CH":"建昌府","PRES_LOC":"","TYPE_CH":"府","BEG_YR":1370,"BEG_CHG_TY":"辖区扩大","END_YR":1911,"END_CHG_TY":"数据下限","X_COORD":116.65,"Y_COORD":27.24},"geometry":{"type":"Polygon","coordinates":[[[116.17445,27.05342],[116.29809,27.2027],[116.35214,27.21761],[116.42678,27.45183],[116.51189,27.57508],[116.50639,27.7018],[116.56689,27.7268],[116.61983,27.69263],[116.74654,27.70696],[116.80098,27.75683],[116.78043,27.82362],[116.81627,27.86007],[116.95805,27.85345],[117.00685,27.88373],[117.03763,27.85529],[117.08689,27.89689],[117.10565,27.81006],[117.19828,27.68846],[117.10156,27.68685],[117.09457,27.63067],[117.04102,27.67504],[117.00358,27.62878],[117.01925,27.55999],[117.07494,27.56926],[117.09513,27.53975],[117.12629,27.41684],[117.09876,27.33646],[117.16245,27.27718],[117.05899,27.17551],[117.04218,27.10157],[116.93163,27.02283],[116.69016,26.99007],[116.55277,26.85535],[116.55402,26.77036],[116.50727,26.71168],[116.5642,26.64577],[116.52301,26.55873],[116.44981,26.60187],[116.37737,26.51636],[116.29434,26.50677],[116.24007,26.5527],[116.26422,26.58306],[116.23357,26.62261],[116.26588,26.6634],[116.22289,26.6508],[116.11884,26.72206],[116.20152,26.81128],[116.14729,26.91837],[116.17445,27.05342]]]}},{"type":"Feature","properties":{"SYS_ID":"97215","NAME_CH":"南昌府","PRES_LOC":"","TYPE_CH":"府","BEG_YR":1363,"BEG_CHG_TY":"更名","END_YR":1511,"END_CHG_TY":"辖区缩小","X_COORD":115.3,"Y_COORD":28.78},"geometry":{"type":"Polygon","coordinates":[[[116.50049,28.32499],[116.45886,28.25303],[116.38563,28.2459],[116.3563,28.20961],[116.3213,28.24945],[116.26506,28.21924],[116.20533,28.30576],[116.15727,28.30734],[116.13274,28.37574],[116.08057,28.35674],[116.03377,28.27431],[116.14607,28.134],[116.11266,28.01216],[116.05846,27.93745],[115.85768,27.86304],[115.83112,27.73147],[115.72527,27.73379],[115.64825,27.82976],[115.67674,27.93432],[115.61958,27.98528],[115.69292,28.06674],[115.55076,28.13272],[115.57356,28.15933],[115.53983,28.21982],[115.43211,28.30175],[115.54723,28.4185],[115.57394,28.58814],[115.49329,28.6102],[115.41529,28.56605],[115.38216,28.60405],[115.33437,28.56679],[115.30173,28.61165],[115.26168,28.59961],[115.17902,28.6406],[115.11316,28.63713],[115.03874,28.582],[114.92701,28.63713],[114.8096,28.60272],[114.73156,28.70041],[114.68941,28.59798],[114.54504,28.59109],[114.47204,28.48589],[114.25393,28.385],[114.16992,28.43757],[114.20803,28.48708],[114.07802,28.55243],[114.12264,28.60771],[114.14555,28.8205],[114.06075,28.84729],[114.05841,28.89768],[114.01858,28.90565],[114,28.95648],[113.95802,28.94965],[113.94646,29.09396],[114.06111,29.21164],[114.24341,29.23846],[114.25108,29.34265],[114.28784,29.36616],[114.34388,29.32746],[114.50638,29.32594],[114.66821,29.39899],[114.72764,29.39693],[114.74802,29.36635],[114.88127,29.39605],[114.93774,29.46491],[114.92761,29.48961],[114.90698,29.45185],[114.87361,29.45867],[114.89341,29.53173],[114.94427,29.50088],[114.94175,29.53957],[114.98312,29.57219],[115.08939,29.56487],[115.0694,29.52899],[115.19889,29.48195],[115.29701,29.5045],[115.30962,29.40846],[115.39104,29.36829],[115.44282,29.11776],[115.42995,29.04517],[115.46214,29.02688],[115.52346,28.8653],[115.48302,28.8453],[115.43752,28.74412],[115.61251,28.7381],[115.63883,28.70957],[115.67381,28.80885],[115.76595,28.85123],[115.7488,28.90845],[115.80706,28.91849],[115.81215,28.98062],[115.86707,28.99201],[115.94972,29.08701],[115.97069,29.16974],[116.03208,29.21714],[115.97965,29.26978],[116.039,29.30128],[116.07805,29.24658],[116.22878,29.22491],[116.27236,29.13859],[116.40124,29.04739],[116.32649,28.76117],[116.42626,28.72057],[116.46896,28.58679],[116.54939,28.5028],[116.53909,28.40131],[116.58246,28.35396],[116.50049,28.32499]]]}},{"type":"Feature","properties":{"SYS_ID":"97231","NAME_CH":"饶州府","PRES_LOC":"","TYPE_CH":"府","BEG_YR":1362,"BEG_CHG_TY":"更名","END_YR":1511,"END_CHG_TY":"辖区扩大","X_COORD":117.07,"Y_COORD":29.05},"geometry":{"type":"Polygon","coordinates":[[[117.60774,28.73438],[117.57746,28.67911],[117.44366,28.64135],[117.38247,28.73],[117.39295,28.7771],[117.31886,28.77935],[117.25074,28.72274],[117.2353,28.65413],[117.08163,28.64377],[117.06757,28.61149],[117.13853,28.54223],[117.10129,28.48648],[117.02416,28.49282],[116.97812,28.43345],[116.9937,28.3762],[116.96932,28.33835],[117.00146,28.28052],[116.9766,28.26519],[116.98032,28.1574],[116.90421,28.07666],[116.8012,28.10603],[116.68663,28.22414],[116.72626,28.26555],[116.80196,28.25871],[116.8125,28.29438],[116.76923,28.36904],[116.63556,28.38067],[116.58246,28.35396],[116.53909,28.40131],[116.54939,28.5028],[116.46896,28.58679],[116.45204,28.68136],[116.32649,28.76117],[116.42079,29.13739],[116.48118,29.18839],[116.56612,29.19723],[116.59192,29.23741],[116.53344,29.34628],[116.50103,29.59552],[116.60233,29.57442],[116.65316,29.60868],[116.71639,29.56756],[116.75542,29.60163],[116.79076,29.56915],[116.84058,29.57561],[116.9909,29.68593],[117.10756,29.71448],[117.13016,29.78332],[117.06792,29.83458],[117.16644,29.92292],[117.24517,29.91466],[117.24495,29.84107],[117.27706,29.8263],[117.33125,29.85257],[117.35917,29.81596],[117.41537,29.85138],[117.40421,29.79763],[117.4496,29.75154],[117.44692,29.69397],[117.52528,29.65667],[117.50963,29.62374],[117.58448,29.58705],[117.65623,29.61449],[117.70238,29.55159],[117.48087,29.39912],[117.48492,29.34907],[117.42629,29.31318],[117.44717,29.27919],[117.3658,29.19795],[117.39298,29.15035],[117.48489,29.16537],[117.46871,29.1257],[117.56735,29.02896],[117.91208,29.1512],[118.03303,29.28185],[118.07266,29.27822],[118.07455,29.22871],[118.02827,29.17895],[118.09647,28.99362],[118.05037,28.96205],[118.04966,28.92216],[117.87769,28.9275],[117.90657,28.83183],[117.72674,28.84055],[117.71432,28.70866],[117.68222,28.69403],[117.60774,28.73438]]]}},{"type":"Feature","properties":{"SYS_ID":"97240","NAME_CH":"广信府","PRES_LOC":"","TYPE_CH":"府","BEG_YR":1360,"BEG_CHG_TY":"更名","END_YR":1511,"END_CHG_TY":"辖区缩小","X_COORD":117.71,"Y_COORD":28.36},"geometry":{"type":"Polygon","coordinates":[[[116.92171,28.10743],[116.98277,28.16631],[116.99204,28.46289],[117.02416,28.49282],[117.10129,28.48648],[117.13853,28.54223],[117.06949,28.62645],[117.2353,28.65413],[117.25074,28.72274],[117.30889,28.77627],[117.39295,28.7771],[117.38247,28.73],[117.43769,28.64258],[117.57746,28.67911],[117.61324,28.7359],[117.69188,28.6948],[117.72781,28.73046],[117.72067,28.83743],[117.90262,28.82984],[117.86839,28.92055],[118.04225,28.91817],[118.09647,28.99362],[118.18122,28.98232],[118.21645,28.94121],[118.19467,28.90994],[118.26645,28.9171],[118.29684,28.83606],[118.37501,28.79481],[118.43224,28.67416],[118.4148,28.50129],[118.46741,28.47345],[118.43899,28.40898],[118.48101,28.33573],[118.3168,28.23147],[118.36909,28.19083],[118.34531,28.1039],[118.1207,28.05879],[118.08931,27.96673],[118.02443,27.99132],[117.85182,27.95031],[117.78417,27.89917],[117.73547,27.80699],[117.59894,27.87388],[117.51755,27.99197],[117.34506,27.86464],[117.32047,27.90376],[117.28169,27.87507],[117.29501,27.77882],[117.19814,27.71577],[117.10565,27.81006],[117.08689,27.89689],[117.01919,27.86189],[117.00378,27.89435],[117.04026,27.96952],[116.93189,28.05392],[116.92171,28.10743]]]}},{"type":"Feature","properties":{"SYS_ID":"97251","NAME_CH":"瑞州路","PRES_LOC":"","TYPE_CH":"路","BEG_YR":1277,"BEG_CHG_TY":"更名","END_YR":1368,"END_CHG_TY":"更名","X_COORD":115.01,"Y_COORD":28.36},"geometry":{"type":"Polygon","coordinates":[[[115.55076,28.13272],[115.41998,28.12473],[115.35227,28.15601],[115.26207,28.08746],[115.21327,28.11847],[115.17055,28.05299],[115.12905,28.0866],[114.97173,28.09962],[114.87559,28.03053],[114.77287,28.05347],[114.77524,28.11218],[114.67029,28.11279],[114.49094,28.03993],[114.54078,28.22514],[114.59451,28.24669],[114.59895,28.29647],[114.40216,28.45887],[114.47204,28.48589],[114.54504,28.59109],[114.68941,28.59798],[114.73156,28.70041],[114.8096,28.60272],[114.92701,28.63713],[115.03874,28.582],[115.11316,28.63713],[115.17902,28.6406],[115.26168,28.59961],[115.30173,28.61165],[115.33437,28.56679],[115.38216,28.60405],[115.41529,28.56605],[115.49329,28.6102],[115.57081,28.58928],[115.54723,28.4185],[115.43158,28.30496],[115.53983,28.21982],[115.57356,28.15933],[115.55076,28.13272]]]}},{"type":"Feature","properties":{"SYS_ID":"97252","NAME_CH":"瑞州府","PRES_LOC":"","TYPE_CH":"府","BEG_YR":1369,"BEG_CHG_TY":"更名","END_YR":1911,"END_CHG_TY":"数据下限","X_COORD":115.01,"Y_COORD":28.36},"geometry":{"type":"Polygon","coordinates":[[[115.55076,28.13272],[115.41998,28.12473],[115.35227,28.15601],[115.26207,28.08746],[115.21327,28.11847],[115.17055,28.05299],[115.12905,28.0866],[114.97173,28.09962],[114.87559,28.03053],[114.77287,28.05347],[114.77524,28.11218],[114.67029,28.11279],[114.49094,28.03993],[114.54078,28.22514],[114.59451,28.24669],[114.59895,28.29647],[114.40216,28.45887],[114.47204,28.48589],[114.54504,28.59109],[114.68941,28.59798],[114.73156,28.70041],[114.8096,28.60272],[114.92701,28.63713],[115.03874,28.582],[115.11316,28.63713],[115.17902,28.6406],[115.26168,28.59961],[115.30173,28.61165],[115.33437,28.56679],[115.38216,28.60405],[115.41529,28.56605],[115.49329,28.6102],[115.57081,28.58928],[115.54723,28.4185],[115.43158,28.30496],[115.53983,28.21982],[115.57356,28.15933],[115.55076,28.13272]]]}},{"type":"Feature","properties":{"SYS_ID":"97259","NAME_CH":"南康府","PRES_LOC":"","TYPE_CH":"府","BEG_YR":1362,"BEG_CHG_TY":"更名","END_YR":1911,"END_CHG_TY":"数据下限","X_COORD":115.96,"Y_COORD":29.23},"geometry":{"type":"Polygon","coordinates":[[[116.039,29.30128],[115.97965,29.26978],[116.03208,29.21714],[115.97069,29.16974],[115.94972,29.08701],[115.86707,28.99201],[115.81215,28.98062],[115.80706,28.91849],[115.7488,28.90845],[115.76595,28.85123],[115.67381,28.80885],[115.63883,28.70957],[115.61251,28.7381],[115.44457,28.73656],[115.48302,28.8453],[115.52346,28.8653],[115.46214,29.02688],[115.42995,29.04517],[115.44282,29.11776],[115.38477,29.35658],[115.45168,29.32529],[115.6273,29.31673],[115.79069,29.23275],[115.8311,29.26801],[115.81563,29.38062],[115.84361,29.34664],[115.85406,29.43261],[115.98727,29.54516],[116.01823,29.61815],[116.143,29.62929],[116.12931,29.52845],[116.27963,29.50076],[116.28203,29.58261],[116.34956,29.54719],[116.41413,29.6037],[116.51001,29.62535],[116.49244,29.57563],[116.52533,29.5495],[116.5333,29.47378],[116.51274,29.43653],[116.59192,29.23741],[116.56612,29.19723],[116.48118,29.18839],[116.4245,29.14287],[116.39555,29.0559],[116.27236,29.13859],[116.22878,29.22491],[116.07805,29.24658],[116.039,29.30128]]]}},{"type":"Feature","properties":{"SYS_ID":"97280","NAME_CH":"九江府","PRES_LOC":"","TYPE_CH":"府","BEG_YR":1361,"BEG_CHG_TY":"更名","END_YR":1911,"END_CHG_TY":"数据下限","X_COORD":115.99,"Y_COORD":29.66},"geometry":{"type":"Polygon","coordinates":[[[116.73391,30.05628],[116.89521,29.95217],[116.80734,29.81426],[116.74701,29.80029],[116.64928,29.69743],[116.67532,29.68523],[116.64618,29.64395],[116.68099,29.60388],[116.59155,29.57404],[116.48748,29.6349],[116.35378,29.54808],[116.28203,29.58261],[116.27963,29.50076],[116.12931,29.52845],[116.143,29.62929],[116.0218,29.61971],[115.98727,29.54516],[115.85406,29.43261],[115.84361,29.34664],[115.81563,29.38062],[115.8311,29.26801],[115.79069,29.23275],[115.6273,29.31673],[115.45168,29.32529],[115.31304,29.40594],[115.30456,29.53987],[115.15743,29.54449],[115.16721,29.595],[115.12911,29.60106],[115.13694,29.65403],[115.10046,29.67298],[115.26063,29.66242],[115.28345,29.62656],[115.46518,29.74222],[115.50517,29.84183],[115.71355,29.86307],[115.90627,29.73317],[115.89779,29.88489],[115.99132,29.85218],[115.99871,29.74735],[116.17264,29.83686],[116.25645,29.78459],[116.37639,29.89235],[116.54044,29.90549],[116.60034,30.06985],[116.73391,30.05628]]]}},{"type":"Feature","properties":{"SYS_ID":"97303","NAME_CH":"潭州府","PRES_LOC":"","TYPE_CH":"府","BEG_YR":1369,"BEG_CHG_TY":"辖区扩大","END_YR":1371,"END_CHG_TY":"更名和辖区缩小","X_COORD":112.73,"Y_COORD":27.99},"geometry":{"type":"Polygon","coordinates":[[[113.83474,26.8074],[113.85343,26.61787],[113.77319,26.54842],[113.59785,26.50657],[113.53587,26.59622],[113.42146,26.5636],[113.37542,26.68584],[113.42235,26.77303],[113.33423,26.81329],[113.27249,26.78111],[113.22601,26.87023],[113.26257,26.93437],[113.21754,26.96377],[113.23092,27.02218],[113.15897,27.09982],[113.16143,27.13079],[113.27439,27.17235],[113.27121,27.20223],[113.24289,27.23811],[113.14631,27.25353],[113.10561,27.21007],[112.9848,27.44393],[112.81469,27.34818],[112.75266,27.40715],[112.67358,27.41365],[112.68615,27.46292],[112.60084,27.4685],[112.44425,27.34997],[112.30085,27.36643],[112.22542,27.27786],[112.15895,27.32421],[112.14956,27.24022],[112.0725,27.21149],[112.0483,27.28156],[111.87022,27.44848],[111.78672,27.47171],[111.78008,27.51395],[111.73492,27.50592],[111.69756,27.61225],[111.61083,27.58092],[111.56513,27.61507],[111.55478,27.63778],[111.60687,27.68797],[111.569,27.74352],[111.6562,27.84681],[111.5863,27.91869],[111.45034,27.93964],[111.45825,27.96758],[111.55784,27.96199],[111.62713,28.0081],[111.59207,28.03742],[111.56802,27.99648],[111.51804,27.98724],[111.56719,28.03693],[111.48334,28.05211],[111.48045,28.20304],[111.38658,28.18094],[111.33117,28.19854],[111.34061,28.2282],[111.29255,28.22595],[111.23985,28.15955],[111.18076,28.16178],[111.07603,28.00684],[111.00849,28.05381],[110.81812,28.08983],[110.85025,28.20388],[110.80804,28.20872],[110.7924,28.27195],[110.72002,28.31057],[110.85973,28.40693],[111.10903,28.46272],[111.21161,28.53375],[111.32457,28.52061],[111.47252,28.56093],[111.57243,28.63632],[111.65353,28.62825],[111.67796,28.59272],[111.71119,28.599],[111.72709,28.65238],[111.83202,28.61762],[111.90278,28.64331],[111.91409,28.67634],[112.02285,28.64043],[112.04032,28.67838],[112.09402,28.64101],[112.27497,28.73042],[112.34644,28.71865],[112.38868,28.75164],[112.49251,28.6134],[112.5606,28.61226],[112.60015,28.65883],[112.60117,28.77267],[112.67284,28.79999],[112.65768,28.89215],[112.75418,28.92402],[112.74477,28.96705],[112.67546,28.99922],[112.69557,29.10659],[112.80043,29.16743],[112.9147,29.15357],[112.92332,29.03884],[113.20086,28.95544],[113.27054,28.99741],[113.36951,28.97374],[113.44195,28.86454],[113.28012,28.84429],[113.26376,28.78704],[113.18692,28.81388],[113.17039,28.79075],[113.18094,28.69073],[113.25256,28.6322],[113.41519,28.63753],[113.41985,28.58002],[113.45686,28.59905],[113.50596,28.54609],[113.57706,28.53966],[113.70305,28.4258],[113.81119,28.46962],[113.85129,28.53846],[113.88041,28.52023],[113.9783,28.56955],[114.07774,28.55839],[114.20803,28.48708],[114.16992,28.43757],[114.25411,28.3928],[114.24764,28.32743],[114.09,28.18906],[113.98775,28.17726],[114.03038,28.0534],[113.95348,28.04334],[113.91254,27.9966],[113.85302,28.01178],[113.75611,27.94306],[113.72681,27.88425],[113.75768,27.80258],[113.60613,27.63657],[113.5734,27.54861],[113.62184,27.51357],[113.5863,27.47109],[113.62553,27.4132],[113.59729,27.38923],[113.61129,27.34887],[113.69428,27.33539],[113.87093,27.3855],[113.86649,27.28822],[113.76658,27.10573],[113.80223,27.1011],[113.81551,27.04121],[113.92231,26.95768],[113.83474,26.8074]]]}},{"type":"Feature","properties":{"SYS_ID":"97304","NAME_CH":"长沙府","PRES_LOC":"","TYPE_CH":"府","BEG_YR":1372,"BEG_CHG_TY":"更名和辖区缩小","END_YR":1911,"END_CHG_TY":"数据下限","X_COORD":112.73,"Y_COORD":27.99},"geometry":{"type":"Polygon","coordinates":[[[113.83474,26.8074],[113.85343,26.61787],[113.77319,26.54842],[113.59785,26.50657],[113.53587,26.59622],[113.42146,26.5636],[113.37542,26.68584],[113.42235,26.77303],[113.33423,26.81329],[113.27249,26.78111],[113.22601,26.87023],[113.26257,26.93437],[113.21754,26.96377],[113.23092,27.02218],[113.15897,27.09982],[113.16143,27.13079],[113.27439,27.17235],[113.27121,27.20223],[113.24289,27.23811],[113.14631,27.25353],[113.10561,27.21007],[112.9848,27.44393],[112.81469,27.34818],[112.75266,27.40715],[112.67358,27.41365],[112.68615,27.46292],[112.60084,27.4685],[112.44425,27.34997],[112.30085,27.36643],[112.22542,27.27786],[112.15895,27.32421],[112.14956,27.24022],[112.0725,27.21149],[112.0483,27.28156],[111.87022,27.44848],[111.78672,27.47171],[111.78008,27.51395],[111.73492,27.50592],[111.69756,27.61225],[111.61083,27.58092],[111.56513,27.61507],[111.55478,27.63778],[111.60687,27.68797],[111.569,27.74352],[111.6562,27.84681],[111.5863,27.91869],[111.45034,27.93964],[111.45825,27.96758],[111.55784,27.96199],[111.62713,28.0081],[111.59207,28.03742],[111.56802,27.99648],[111.51804,27.98724],[111.56719,28.03693],[111.48334,28.05211],[111.48045,28.20304],[111.38658,28.18094],[111.33117,28.19854],[111.34061,28.2282],[111.29255,28.22595],[111.23985,28.15955],[111.18076,28.16178],[111.07603,28.00684],[111.00849,28.05381],[110.81812,28.08983],[110.85025,28.20388],[110.80804,28.20872],[110.7924,28.27195],[110.72002,28.31057],[110.85973,28.40693],[111.10903,28.46272],[111.21161,28.53375],[111.32457,28.52061],[111.47252,28.56093],[111.57243,28.63632],[111.65353,28.62825],[111.67796,28.59272],[111.71119,28.599],[111.72709,28.65238],[111.83202,28.61762],[111.90278,28.64331],[111.91409,28.67634],[112.02285,28.64043],[112.04032,28.67838],[112.09402,28.64101],[112.27497,28.73042],[112.34644,28.71865],[112.38868,28.75164],[112.49251,28.6134],[112.5606,28.61226],[112.60015,28.65883],[112.60117,28.77267],[112.67284,28.79999],[112.65768,28.89215],[112.75418,28.92402],[112.74477,28.96705],[112.67546,28.99922],[112.69557,29.10659],[112.80043,29.16743],[112.9147,29.15357],[112.92332,29.03884],[113.20086,28.95544],[113.27054,28.99741],[113.36951,28.97374],[113.44195,28.86454],[113.28012,28.84429],[113.26376,28.78704],[113.18692,28.81388],[113.17039,28.79075],[113.18094,28.69073],[113.25256,28.6322],[113.41519,28.63753],[113.41985,28.58002],[113.45686,28.59905],[113.50596,28.54609],[113.57706,28.53966],[113.70305,28.4258],[113.81119,28.46962],[113.85129,28.53846],[113.88041,28.52023],[113.9783,28.56955],[114.07774,28.55839],[114.20803,28.48708],[114.16992,28.43757],[114.25411,28.3928],[114.24764,28.32743],[114.09,28.18906],[113.98775,28.17726],[114.03038,28.0534],[113.95348,28.04334],[113.91254,27.9966],[113.85302,28.01178],[113.75611,27.94306],[113.72681,27.88425],[113.75768,27.80258],[113.60613,27.63657],[113.5734,27.54861],[113.62184,27.51357],[113.5863,27.47109],[113.62553,27.4132],[113.59729,27.38923],[113.61129,27.34887],[113.69428,27.33539],[113.87093,27.3855],[113.86649,27.28822],[113.76658,27.10573],[113.80223,27.1011],[113.81551,27.04121],[113.92231,26.95768],[113.83474,26.8074]]]}},{"type":"Feature","properties":{"SYS_ID":"97309","NAME_CH":"岳州府","PRES_LOC":"","TYPE_CH":"府","BEG_YR":1397,"BEG_CHG_TY":"辖区扩大","END_YR":1728,"END_CHG_TY":"辖区缩小","X_COORD":111.92,"Y_COORD":29.39},"geometry":{"type":"Polygon","coordinates":[[[112.639,29.20765],[112.22902,29.24805],[112.20081,29.21031],[112.12202,29.22605],[112.02971,29.39648],[112.01759,29.33922],[111.94958,29.2832],[111.93275,29.31902],[111.87798,29.33155],[111.7869,29.32291],[111.75525,29.28536],[111.51806,29.26748],[111.38708,29.2735],[111.31992,29.39511],[111.26866,29.40115],[111.21431,29.22064],[111.12628,29.23004],[111.06013,29.14729],[110.98992,29.11384],[110.94642,29.13305],[110.66186,29.06842],[110.54469,28.99318],[110.51576,28.93863],[110.35172,28.98451],[110.29729,29.09246],[110.24659,29.07856],[110.2571,29.12283],[110.21423,29.1255],[110.17355,29.18308],[110.08949,29.14285],[110.07274,29.20602],[110.11044,29.29226],[110.06638,29.32394],[110.00553,29.28894],[109.93369,29.32713],[109.95613,29.34698],[109.92294,29.44185],[109.82643,29.37367],[109.73436,29.53705],[109.77542,29.57869],[109.75657,29.61197],[109.71628,29.60269],[109.70259,29.61105],[109.69286,29.66818],[109.75983,29.69207],[109.78709,29.76606],[110.10845,29.79211],[110.24094,29.73485],[110.2921,29.66683],[110.33924,29.66992],[110.36266,29.63677],[110.4369,29.66769],[110.45757,29.71258],[110.52039,29.69618],[110.63657,29.77719],[110.60893,29.83595],[110.54202,29.85928],[110.50106,29.91492],[110.54929,29.99132],[110.4952,30.03561],[110.64614,30.0803],[110.73573,30.04476],[110.74234,30.11487],[110.82027,30.12801],[110.91814,30.11449],[110.92368,30.06741],[111.24471,30.04339],[111.38594,29.91892],[111.43674,29.93793],[111.51961,29.92977],[111.54385,29.89405],[111.67443,29.89133],[111.74043,29.92135],[111.95446,29.83928],[111.96767,29.79245],[112.05413,29.74573],[112.0598,29.77309],[112.06093,29.68373],[112.17498,29.66266],[112.19135,29.62904],[112.23888,29.66441],[112.23811,29.61316],[112.29735,29.58506],[112.27481,29.52579],[112.28069,29.49812],[112.3535,29.52233],[112.44314,29.63526],[112.67817,29.59691],[112.88683,29.80055],[112.91309,29.76222],[113.02309,29.75859],[113.00022,29.69492],[112.90765,29.63699],[112.92629,29.55519],[112.88024,29.53394],[112.92923,29.53884],[112.94545,29.47042],[113.03498,29.50967],[113.06609,29.43723],[113.0872,29.47187],[113.13612,29.44494],[113.40999,29.74016],[113.4836,29.75987],[113.54683,29.67566],[113.65958,29.68182],[113.66371,29.63967],[113.73244,29.59514],[113.62511,29.523],[113.74504,29.45044],[113.72591,29.39876],[113.65736,29.3813],[113.59664,29.25959],[113.69114,29.23124],[113.64915,29.16493],[113.68112,29.0879],[113.71954,29.10957],[113.73423,29.06318],[113.81135,29.10646],[113.84361,29.06152],[113.87257,29.07084],[113.87159,29.03805],[113.94013,29.04828],[113.95802,28.94965],[114,28.95648],[114.01858,28.90565],[114.05841,28.89768],[114.06428,28.84444],[114.13951,28.83267],[114.12264,28.60771],[114.05209,28.54703],[113.9783,28.56955],[113.93958,28.5326],[113.84306,28.53507],[113.81119,28.46962],[113.69943,28.42638],[113.57706,28.53966],[113.50596,28.54609],[113.45686,28.59905],[113.41985,28.58002],[113.41519,28.63753],[113.25643,28.63117],[113.18094,28.69073],[113.18507,28.81325],[113.26376,28.78704],[113.28012,28.84429],[113.44195,28.86454],[113.39842,28.8995],[113.38972,28.96302],[113.27054,28.99741],[113.20086,28.95544],[112.92332,29.03884],[112.92111,29.13789],[112.8817,29.16847],[112.73018,29.1481],[112.71554,29.18273],[112.639,29.20765]]]}},{"type":"Feature","properties":{"SYS_ID":"97307","NAME_CH":"岳州","PRES_LOC":"","TYPE_CH":"州","BEG_YR":1376,"BEG_CHG_TY":"更名","END_YR":1380,"END_CHG_TY":"更名","X_COORD":113.29,"Y_COORD":29.15},"geometry":{"type":"Polygon","coordinates":[[[112.28069,29.49812],[112.3535,29.52233],[112.44314,29.63526],[112.67817,29.59691],[112.88429,29.80061],[112.91309,29.76222],[113.02309,29.75859],[113.00022,29.69492],[112.90765,29.63699],[112.92629,29.55519],[112.88024,29.53394],[112.92923,29.53884],[112.94545,29.47042],[113.04899,29.5054],[113.07227,29.43457],[113.0872,29.47187],[113.14346,29.44866],[113.42469,29.75251],[113.48914,29.75651],[113.48092,29.73168],[113.55019,29.67418],[113.65958,29.68182],[113.66371,29.63967],[113.73327,29.58249],[113.62572,29.51999],[113.68129,29.51229],[113.74504,29.45044],[113.72591,29.39876],[113.65736,29.3813],[113.59664,29.25959],[113.69114,29.23124],[113.64915,29.16493],[113.68112,29.0879],[113.71954,29.10957],[113.73423,29.06318],[113.81135,29.10646],[113.84361,29.06152],[113.87257,29.07084],[113.87159,29.03805],[113.94013,29.04828],[113.95802,28.94965],[114,28.95648],[114.01858,28.90565],[114.05841,28.89768],[114.06428,28.84444],[114.14227,28.82933],[114.12264,28.60771],[114.05209,28.54703],[113.9783,28.56955],[113.93958,28.5326],[113.84306,28.53507],[113.81119,28.46962],[113.70305,28.4258],[113.57706,28.53966],[113.50596,28.54609],[113.45686,28.59905],[113.41985,28.58002],[113.41519,28.63753],[113.25256,28.6322],[113.18094,28.69073],[113.17039,28.79075],[113.18692,28.81388],[113.26376,28.78704],[113.28012,28.84429],[113.44195,28.86454],[113.39842,28.8995],[113.38972,28.96302],[113.27054,28.99741],[113.20086,28.95544],[112.92332,29.03884],[112.92111,29.13789],[112.8817,29.16847],[112.73018,29.1481],[112.71554,29.18273],[112.639,29.20765],[112.31583,29.22514],[112.28069,29.49812]]]}},{"type":"Feature","properties":{"SYS_ID":"97315","NAME_CH":"常德府","PRES_LOC":"","TYPE_CH":"府","BEG_YR":1397,"BEG_CHG_TY":"辖区缩小","END_YR":1893,"END_CHG_TY":"辖区缩小","X_COORD":111.76,"Y_COORD":28.94},"geometry":{"type":"Polygon","coordinates":[[[112.73018,29.1481],[112.67546,28.99922],[112.74477,28.96705],[112.75418,28.92402],[112.65768,28.89215],[112.67284,28.79999],[112.60117,28.77267],[112.60015,28.65883],[112.5606,28.61226],[112.49251,28.6134],[112.38868,28.75164],[112.34644,28.71865],[112.27497,28.73042],[112.09402,28.64101],[112.04032,28.67838],[112.02285,28.64043],[111.91409,28.67634],[111.90278,28.64331],[111.83202,28.61762],[111.72709,28.65238],[111.68603,28.59281],[111.65353,28.62825],[111.56353,28.63463],[111.47252,28.56093],[111.32457,28.52061],[111.21161,28.53375],[111.10903,28.46272],[110.85763,28.40581],[110.92646,28.48785],[110.95278,28.56719],[110.93035,28.6189],[111.05601,28.65286],[111.04683,28.69311],[111.11005,28.74204],[111.0607,28.82595],[110.95538,28.91078],[110.96525,28.99895],[110.84469,29.09649],[110.94642,29.13305],[110.99831,29.11771],[111.12628,29.23004],[111.21983,29.22451],[111.20493,29.25695],[111.24419,29.2939],[111.2642,29.39957],[111.31992,29.39511],[111.38708,29.2735],[111.51806,29.26748],[111.75525,29.28536],[111.7869,29.32291],[111.87798,29.33155],[111.93275,29.31902],[111.94958,29.2832],[112.01759,29.33922],[112.02971,29.39648],[112.06956,29.28278],[112.14272,29.21614],[112.22335,29.21606],[112.22902,29.24805],[112.639,29.20765],[112.71554,29.18273],[112.73018,29.1481]]]}},{"type":"Feature","properties":{"SYS_ID":"97325","NAME_CH":"衡州府","PRES_LOC":"","TYPE_CH":"府","BEG_YR":1380,"BEG_CHG_TY":"辖区扩大","END_YR":1731,"END_CHG_TY":"辖区缩小","X_COORD":112.75,"Y_COORD":26.4},"geometry":{"type":"Polygon","coordinates":[[[112.71244,26.13076],[112.76292,26.04132],[112.83335,26.06014],[112.82709,26.00625],[112.93462,25.96471],[112.79076,25.72697],[112.83907,25.69655],[112.83946,25.66249],[112.7999,25.63829],[112.75139,25.65951],[112.75644,25.62607],[112.80781,25.61571],[112.79939,25.54677],[112.75838,25.5459],[112.74342,25.59928],[112.6922,25.54865],[112.72292,25.49843],[112.77575,25.49443],[112.78053,25.40534],[112.75013,25.40311],[112.7456,25.31805],[112.68433,25.27726],[112.70125,25.25619],[112.63196,25.24256],[112.68508,25.15784],[112.54678,25.12446],[112.4562,25.14975],[112.43898,25.18245],[112.398,25.14153],[112.35634,25.1927],[112.29038,25.15691],[112.20285,25.20315],[112.14124,25.05337],[112.04907,25.01704],[111.98033,25.0509],[111.93475,25.01442],[111.90917,25.05772],[111.92249,25.12503],[112.08341,25.27548],[112.08788,25.39824],[112.04434,25.44997],[112.0744,25.4618],[112.0248,25.46099],[112.0247,25.48813],[112.18237,25.60889],[112.23349,25.6068],[112.24318,25.71311],[112.30376,25.73286],[112.33097,25.69371],[112.37978,25.73898],[112.3549,25.90881],[112.25966,25.89701],[112.31157,25.94137],[112.29161,25.96809],[112.32816,26.07772],[112.22203,26.10544],[112.17909,26.18872],[112.20035,26.3122],[112.16613,26.31162],[112.17345,26.34811],[112.1405,26.34889],[112.13178,26.39852],[112.15162,26.49353],[112.21694,26.46511],[112.28406,26.48146],[112.33439,26.59932],[112.25818,26.62358],[112.178,26.71144],[112.2557,26.73938],[112.22823,26.778],[112.24833,26.79959],[112.10709,26.88594],[112.03194,26.89208],[111.99602,26.94739],[112.08,27.02413],[112.04246,27.15806],[112.14956,27.24022],[112.15456,27.32147],[112.22542,27.27786],[112.30085,27.36643],[112.44425,27.34997],[112.60084,27.4685],[112.68615,27.46292],[112.67358,27.41365],[112.75266,27.40715],[112.81469,27.34818],[112.9848,27.44393],[113.10561,27.21007],[113.14631,27.25353],[113.24289,27.23811],[113.27121,27.20223],[113.27439,27.17235],[113.16143,27.13079],[113.15897,27.09982],[113.23092,27.02218],[113.21754,26.96377],[113.26257,26.93437],[113.22601,26.87023],[113.27249,26.78111],[113.33423,26.81329],[113.42235,26.77303],[113.37542,26.68584],[113.42146,26.5636],[113.53587,26.59622],[113.57469,26.51375],[113.67379,26.51476],[113.77319,26.54842],[113.86317,26.65726],[113.90648,26.61896],[114.10124,26.57818],[114.06958,26.49642],[114.09473,26.47963],[114.08189,26.41495],[114.02854,26.38409],[113.99578,26.24783],[113.96507,26.24394],[113.93988,26.16967],[113.81949,26.08739],[113.78025,26.10219],[113.74532,26.0448],[113.68791,26.0991],[113.73111,26.16259],[113.71975,26.22706],[113.54959,26.30875],[113.51875,26.35295],[113.43066,26.35035],[113.39404,26.41814],[113.31692,26.41843],[113.2173,26.49234],[113.14996,26.36785],[113.16502,26.32797],[113.07851,26.25071],[113.01907,26.25217],[113.02522,26.16897],[112.81773,26.15574],[112.78086,26.19253],[112.75452,26.13254],[112.71244,26.13076]]]}},{"type":"Feature","properties":{"SYS_ID":"97323","NAME_CH":"常宁州","PRES_LOC":"","TYPE_CH":"州","BEG_YR":1282,"BEG_CHG_TY":"新建","END_YR":1369,"END_CHG_TY":"撤销","X_COORD":112.42,"Y_COORD":26.36},"geometry":{"type":"Polygon","coordinates":[[[112.65464,26.60248],[112.66269,26.46598],[112.61874,26.31773],[112.64703,26.29795],[112.67899,26.13017],[112.62969,26.14439],[112.59279,26.21466],[112.51337,26.13794],[112.37611,26.2036],[112.35059,26.16191],[112.2216,26.12083],[112.17909,26.18872],[112.20035,26.3122],[112.13899,26.35257],[112.15162,26.49353],[112.21694,26.46511],[112.28406,26.48146],[112.31302,26.56503],[112.37749,26.54817],[112.41297,26.59023],[112.45718,26.55534],[112.60635,26.60362],[112.65464,26.60248]]]}},{"type":"Feature","properties":{"SYS_ID":"97324","NAME_CH":"耒阳州","PRES_LOC":"","TYPE_CH":"州","BEG_YR":1282,"BEG_CHG_TY":"新建","END_YR":1369,"END_CHG_TY":"撤销","X_COORD":112.91,"Y_COORD":26.42},"geometry":{"type":"Polygon","coordinates":[[[112.64965,26.57997],[112.74015,26.5775],[112.82272,26.6846],[112.8705,26.67171],[112.87558,26.59963],[112.9481,26.59827],[112.97525,26.64255],[112.9496,26.70076],[113.11371,26.70982],[113.17997,26.68699],[113.15167,26.53892],[113.22601,26.47411],[113.14996,26.36785],[113.16502,26.32797],[113.07851,26.25071],[113.01907,26.25217],[113.02522,26.16897],[112.81773,26.15574],[112.78086,26.19253],[112.75452,26.13254],[112.69292,26.11528],[112.61874,26.31773],[112.66269,26.46598],[112.64965,26.57997]]]}},{"type":"Feature","properties":{"SYS_ID":"97328","NAME_CH":"郴州府","PRES_LOC":"","TYPE_CH":"府","BEG_YR":1368,"BEG_CHG_TY":"更名","END_YR":1375,"END_CHG_TY":"更名和辖区扩大","X_COORD":113.34,"Y_COORD":25.77},"geometry":{"type":"Polygon","coordinates":[[[112.71244,26.13076],[112.75452,26.13254],[112.78086,26.19253],[112.81773,26.15574],[113.02522,26.16897],[113.01907,26.25217],[113.07851,26.25071],[113.16502,26.32797],[113.14996,26.36785],[113.2173,26.49234],[113.31692,26.41843],[113.39404,26.41814],[113.43066,26.35035],[113.51875,26.35295],[113.54959,26.30875],[113.71975,26.22706],[113.73111,26.16259],[113.68791,26.0991],[113.73103,26.04431],[113.9111,26.17149],[113.96815,26.15454],[114.03513,26.19143],[114.07861,26.16602],[114.16769,26.2122],[114.2279,26.15405],[114.10256,26.10359],[114.09336,26.07141],[114.04001,26.07636],[114.00624,26.01643],[114.02571,25.92609],[113.90961,25.72568],[113.98563,25.56212],[113.93956,25.43764],[113.88377,25.43642],[113.81207,25.32813],[113.76217,25.32815],[113.74532,25.36307],[113.57375,25.31346],[113.53484,25.36586],[113.43826,25.36175],[113.36461,25.40073],[113.35098,25.43924],[113.30216,25.44712],[113.29178,25.52028],[113.15414,25.48793],[113.12275,25.41221],[113.07139,25.37733],[112.93948,25.33921],[112.91476,25.30244],[112.88553,25.33874],[112.85405,25.33164],[112.86255,25.24774],[112.97398,25.2544],[113.0238,25.20895],[112.96023,25.15714],[113.00647,25.08444],[112.97163,25.02581],[113.00795,24.97667],[112.98813,24.92126],[112.79755,24.89248],[112.73523,25.00064],[112.69795,25.01054],[112.71735,25.06047],[112.651,25.13165],[112.68479,25.16728],[112.62624,25.22405],[112.69855,25.25406],[112.68433,25.27726],[112.7456,25.31805],[112.77575,25.49443],[112.72292,25.49843],[112.6922,25.54865],[112.74342,25.59928],[112.75838,25.5459],[112.79939,25.54677],[112.80781,25.61571],[112.75644,25.62607],[112.75139,25.65951],[112.7999,25.63829],[112.83946,25.66249],[112.83907,25.69655],[112.79076,25.72697],[112.8417,25.77253],[112.83455,25.82129],[112.90335,25.88549],[112.93416,25.97187],[112.82709,26.00625],[112.83335,26.06014],[112.76292,26.04132],[112.71244,26.13076]]]}},{"type":"Feature","properties":{"SYS_ID":"97330","NAME_CH":"郴州","PRES_LOC":"","TYPE_CH":"直隶州","BEG_YR":1380,"BEG_CHG_TY":"辖区缩小","END_YR":1911,"END_CHG_TY":"数据下限","X_COORD":113.34,"Y_COORD":25.77},"geometry":{"type":"Polygon","coordinates":[[[113.91464,25.7364],[113.98599,25.5543],[113.93736,25.48086],[113.95921,25.45732],[113.88377,25.43642],[113.81768,25.33058],[113.76217,25.32815],[113.74532,25.36307],[113.56973,25.31465],[113.57649,25.34144],[113.53484,25.36586],[113.43826,25.36175],[113.36461,25.40073],[113.35098,25.43924],[113.30216,25.44712],[113.29178,25.52028],[113.22728,25.51522],[113.15414,25.48793],[113.12275,25.41221],[113.01506,25.34844],[112.93948,25.33921],[112.91476,25.30244],[112.88553,25.33874],[112.85276,25.32935],[112.86255,25.24774],[112.97398,25.2544],[113.0275,25.19996],[112.96023,25.15714],[113.00647,25.08444],[112.97163,25.02581],[113.00774,24.97965],[113.00085,24.93033],[112.78143,24.89421],[112.73747,24.99764],[112.69795,25.01054],[112.71735,25.06047],[112.651,25.13165],[112.68479,25.16728],[112.62624,25.22405],[112.70125,25.25619],[112.68433,25.27726],[112.7427,25.31341],[112.75013,25.40311],[112.78056,25.40902],[112.77575,25.49443],[112.72292,25.49843],[112.6922,25.54865],[112.74342,25.59928],[112.75838,25.5459],[112.79939,25.54677],[112.80781,25.61571],[112.75644,25.62607],[112.75139,25.65951],[112.7999,25.63829],[112.83946,25.66249],[112.83907,25.69655],[112.79076,25.72697],[112.93462,25.96471],[112.82709,26.00625],[112.83335,26.06014],[112.76292,26.04132],[112.71244,26.13076],[112.75452,26.13254],[112.78086,26.19253],[112.81773,26.15574],[113.02522,26.16897],[113.01907,26.25217],[113.07851,26.25071],[113.16502,26.32797],[113.14996,26.36785],[113.2173,26.49234],[113.31692,26.41843],[113.39404,26.41814],[113.43066,26.35035],[113.51875,26.35295],[113.54959,26.30875],[113.71975,26.22706],[113.73111,26.16259],[113.68791,26.0991],[113.73103,26.04431],[113.9111,26.17149],[113.96815,26.15454],[114.03513,26.19143],[114.07861,26.16602],[114.16769,26.2122],[114.21838,26.19005],[114.2279,26.15405],[114.19464,26.12881],[114.03581,26.07117],[114.00513,26.01232],[114.01668,25.89919],[113.91464,25.7364]]]}},{"type":"Feature","properties":{"SYS_ID":"97332","NAME_CH":"桂阳府","PRES_LOC":"","TYPE_CH":"府","BEG_YR":1368,"BEG_CHG_TY":"更名","END_YR":1375,"END_CHG_TY":"撤销","X_COORD":112.46,"Y_COORD":25.6},"geometry":{"type":"Polygon","coordinates":[[[112.2216,26.12083],[112.35059,26.16191],[112.37611,26.2036],[112.51337,26.13794],[112.59279,26.21466],[112.63526,26.1393],[112.71244,26.13076],[112.76292,26.04132],[112.83335,26.06014],[112.82709,26.00625],[112.93462,25.96471],[112.79076,25.72697],[112.83907,25.69655],[112.83946,25.66249],[112.7999,25.63829],[112.75139,25.65951],[112.75644,25.62607],[112.80781,25.61571],[112.79939,25.54677],[112.75838,25.5459],[112.74342,25.59928],[112.6922,25.54865],[112.72292,25.49843],[112.77575,25.49443],[112.78053,25.40534],[112.75013,25.40311],[112.7456,25.31805],[112.68433,25.27726],[112.70125,25.25619],[112.63196,25.24256],[112.68508,25.15784],[112.54678,25.12446],[112.4562,25.14975],[112.43898,25.18245],[112.398,25.14153],[112.35634,25.1927],[112.29038,25.15691],[112.20285,25.20315],[112.14124,25.05337],[112.04907,25.01704],[111.98033,25.0509],[111.93845,25.01306],[111.90917,25.05772],[111.92249,25.12503],[112.08341,25.27548],[112.08788,25.39824],[112.04434,25.44997],[112.0744,25.4618],[112.0248,25.46099],[112.0247,25.48813],[112.18237,25.60889],[112.23349,25.6068],[112.24318,25.71311],[112.30376,25.73286],[112.33097,25.69371],[112.37898,25.73324],[112.3549,25.90881],[112.25966,25.89701],[112.31157,25.94137],[112.29161,25.96809],[112.32816,26.07772],[112.25784,26.0796],[112.2216,26.12083]]]}},{"type":"Feature","properties":{"SYS_ID":"97339","NAME_CH":"永州府","PRES_LOC":"","TYPE_CH":"府","BEG_YR":1394,"BEG_CHG_TY":"辖区缩小","END_YR":1911,"END_CHG_TY":"数据下限","X_COORD":111.71,"Y_COORD":25.89},"geometry":{"type":"Polygon","coordinates":[[[112.24037,25.71036],[112.23349,25.6068],[112.18237,25.60889],[112.0247,25.48813],[112.0248,25.46099],[112.0744,25.4618],[112.04434,25.44997],[112.08788,25.39824],[112.08341,25.27548],[111.97042,25.19486],[111.91365,25.10369],[111.93845,25.01306],[111.98033,25.0509],[112.04907,25.01704],[112.14124,25.05337],[112.10832,24.97124],[112.16705,24.91565],[112.1491,24.83965],[112.09766,24.83187],[112.01592,24.73996],[111.95577,24.77061],[111.70021,24.78569],[111.63719,24.73308],[111.63391,24.68393],[111.58404,24.69376],[111.55813,24.63931],[111.43244,24.67101],[111.47408,24.80038],[111.44399,24.8598],[111.46482,24.93173],[111.42563,24.97528],[111.46293,25.02221],[111.41288,25.04415],[111.43123,25.10114],[111.38162,25.13295],[111.33823,25.09724],[111.26302,25.1457],[111.09387,25.03136],[111.09199,24.94454],[110.98631,24.93047],[110.94201,25.04093],[110.98612,25.15117],[111.09886,25.21649],[111.09374,25.28513],[111.29125,25.44435],[111.33394,25.60617],[111.29937,25.71584],[111.43469,25.77246],[111.41958,25.83628],[111.48669,25.86581],[111.32506,25.90195],[111.28346,25.85658],[111.24146,25.86701],[111.192,25.96512],[111.2669,26.11696],[111.24844,26.14928],[111.28178,26.2548],[111.19777,26.26898],[111.16112,26.30673],[110.99251,26.32365],[110.98925,26.35853],[111.14157,26.46263],[111.28185,26.49248],[111.30142,26.63078],[111.27361,26.6819],[111.32007,26.74542],[111.32212,26.84209],[111.43724,26.87016],[111.53912,26.83888],[111.57988,26.89082],[111.57009,26.96795],[111.6425,26.97766],[111.63943,27.02266],[111.71962,27.07343],[111.87908,27.00954],[111.89201,26.93123],[111.97347,26.96465],[112.02725,26.89487],[112.10709,26.88594],[112.24493,26.80232],[112.22858,26.77568],[112.2557,26.73938],[112.178,26.71144],[112.25818,26.62358],[112.33439,26.59932],[112.30508,26.4957],[112.21694,26.46511],[112.1629,26.50085],[112.13325,26.44353],[112.1405,26.34889],[112.17091,26.35202],[112.16613,26.31162],[112.2026,26.30278],[112.18033,26.18205],[112.22913,26.09876],[112.32816,26.07772],[112.29161,25.96809],[112.31157,25.94137],[112.26041,25.89333],[112.35161,25.91181],[112.38205,25.85702],[112.35358,25.8197],[112.3759,25.72981],[112.33097,25.69371],[112.30376,25.73286],[112.24037,25.71036]]]}},{"type":"Feature","properties":{"SYS_ID":"97337","NAME_CH":"道州府","PRES_LOC":"","TYPE_CH":"府","BEG_YR":1368,"BEG_CHG_TY":"更名","END_YR":1375,"END_CHG_TY":"撤销","X_COORD":111.74,"Y_COORD":25.42},"geometry":{"type":"Polygon","coordinates":[[[112.24037,25.71036],[112.23349,25.6068],[112.18237,25.60889],[112.0247,25.48813],[112.0248,25.46099],[112.0744,25.4618],[112.04434,25.44997],[112.08788,25.39824],[112.08341,25.27548],[111.97042,25.19486],[111.91365,25.10369],[111.93845,25.01306],[111.98033,25.0509],[112.04907,25.01704],[112.14124,25.05337],[112.10832,24.97124],[112.16705,24.91565],[112.1491,24.83965],[112.09766,24.83187],[112.01592,24.73996],[111.95577,24.77061],[111.70021,24.78569],[111.63719,24.73308],[111.63391,24.68393],[111.58404,24.69376],[111.55813,24.63931],[111.43244,24.67101],[111.47408,24.80038],[111.44399,24.8598],[111.46482,24.93173],[111.42563,24.97528],[111.46293,25.02221],[111.41288,25.04415],[111.43123,25.10114],[111.38162,25.13295],[111.33823,25.09724],[111.26302,25.1457],[111.09387,25.03136],[111.09199,24.94454],[110.98631,24.93047],[110.94201,25.04093],[110.98612,25.15117],[111.09886,25.21649],[111.09374,25.28513],[111.29125,25.44435],[111.33394,25.60617],[111.29937,25.71584],[111.43469,25.77246],[111.41958,25.83628],[111.45138,25.85102],[111.62335,25.76973],[111.70685,25.95932],[111.75271,25.98439],[111.85973,25.98898],[111.86757,25.9565],[111.82131,25.93672],[111.87083,25.91192],[111.92348,26.01471],[111.97158,26.04509],[111.94997,26.07873],[111.97721,26.10271],[111.91729,26.15853],[111.90151,26.26081],[112.18889,26.26562],[112.18033,26.18205],[112.22203,26.10544],[112.32816,26.07772],[112.29161,25.96809],[112.31157,25.94137],[112.25966,25.89701],[112.3549,25.90881],[112.37898,25.73324],[112.33097,25.69371],[112.30376,25.73286],[112.24037,25.71036]]]}},{"type":"Feature","properties":{"SYS_ID":"97346","NAME_CH":"宝庆府","PRES_LOC":"","TYPE_CH":"府","BEG_YR":1503,"BEG_CHG_TY":"辖区扩大","END_YR":1737,"END_CHG_TY":"辖区缩小","X_COORD":111.03,"Y_COORD":27.12},"geometry":{"type":"Polygon","coordinates":[[[110.88309,28.06935],[111.00849,28.05381],[111.07603,28.00684],[111.18076,28.16178],[111.23985,28.15955],[111.29255,28.22595],[111.34061,28.2282],[111.33117,28.19854],[111.38658,28.18094],[111.48045,28.20304],[111.48334,28.05211],[111.56719,28.03693],[111.51804,27.98724],[111.56802,27.99648],[111.59207,28.03742],[111.62713,28.0081],[111.55784,27.96199],[111.45825,27.96758],[111.45034,27.93964],[111.5863,27.91869],[111.6562,27.84681],[111.569,27.74352],[111.60687,27.68797],[111.55478,27.63778],[111.56513,27.61507],[111.61083,27.58092],[111.69756,27.61225],[111.73492,27.50592],[111.78008,27.51395],[111.8197,27.45012],[111.84989,27.46456],[112.0483,27.28156],[112.08588,27.21145],[112.03878,27.13511],[112.08,27.02413],[112.00038,26.94899],[111.96937,26.96465],[111.89662,26.92962],[111.87908,27.00954],[111.71962,27.07343],[111.63943,27.02266],[111.6425,26.97766],[111.57009,26.96795],[111.57988,26.89082],[111.53912,26.83888],[111.5078,26.86776],[111.34413,26.8619],[111.31268,26.8214],[111.30785,26.71071],[111.27436,26.68765],[111.30142,26.63078],[111.27854,26.48972],[111.14157,26.46263],[111.00847,26.36058],[110.94442,26.38057],[110.91705,26.25847],[110.75655,26.25242],[110.72756,26.27266],[110.73692,26.31728],[110.7062,26.29525],[110.6078,26.33723],[110.50304,26.17998],[110.46655,26.18173],[110.37231,26.0975],[110.32086,25.97873],[110.2487,25.9656],[110.24062,26.02546],[110.19191,26.07134],[110.15075,26.02105],[110.06329,26.04648],[110.08128,26.17117],[110.02277,26.15946],[109.96177,26.19892],[110.03129,26.27869],[110.04222,26.33841],[110.1569,26.34946],[110.17916,26.5279],[110.25303,26.52047],[110.25962,26.46504],[110.28687,26.46703],[110.31644,26.55873],[110.53314,26.86948],[110.44232,26.95547],[110.41615,27.04465],[110.3708,27.04787],[110.35136,27.09445],[110.39735,27.11074],[110.37761,27.13874],[110.29952,27.11058],[110.24747,26.95603],[110.14111,26.98892],[110.13981,27.03046],[110.19282,27.06524],[110.19187,27.12149],[110.32325,27.16851],[110.35516,27.2145],[110.43427,27.20444],[110.53621,27.30862],[110.60101,27.29054],[110.59094,27.32306],[110.68594,27.45577],[110.62407,27.54392],[110.66667,27.60345],[110.72389,27.61671],[110.78548,27.56227],[110.83789,27.5968],[110.86344,27.67637],[110.76281,27.79875],[110.88309,28.06935]]]}},{"type":"Feature","properties":{"SYS_ID":"97344","NAME_CH":"武冈府","PRES_LOC":"","TYPE_CH":"府","BEG_YR":1370,"BEG_CHG_TY":"辖区缩小","END_YR":1375,"END_CHG_TY":"撤销","X_COORD":110.74,"Y_COORD":26.71},"geometry":{"type":"Polygon","coordinates":[[[110.19652,26.06932],[110.22999,26.29046],[110.27198,26.34687],[110.27081,26.45925],[110.53348,26.85798],[110.44232,26.95547],[110.41615,27.04465],[110.3708,27.04787],[110.35136,27.09445],[110.39735,27.11074],[110.37761,27.13874],[110.29952,27.11058],[110.24747,26.95603],[110.14111,26.98892],[110.14407,27.03832],[110.19532,27.07078],[110.19187,27.12149],[110.32325,27.16851],[110.36489,27.21918],[110.43427,27.20444],[110.53621,27.30862],[110.59411,27.28498],[110.59094,27.32306],[110.65633,27.37434],[110.70566,27.341],[110.77428,27.3577],[110.76978,27.28441],[110.8129,27.19779],[110.76502,27.16082],[110.84148,27.1268],[110.91477,27.03063],[110.98666,27.11447],[111.12617,27.00433],[111.11591,27.0382],[111.1403,27.04358],[111.16895,27.04068],[111.16486,27.01202],[111.24484,27.00629],[111.27418,27.04633],[111.25974,27.08247],[111.30774,27.08563],[111.36229,26.9299],[111.31268,26.8214],[111.30785,26.71071],[111.27436,26.68765],[111.30142,26.63078],[111.28185,26.49248],[111.14157,26.46263],[111.00847,26.36058],[110.94442,26.38057],[110.91705,26.25847],[110.75655,26.25242],[110.72756,26.27266],[110.73692,26.31728],[110.7062,26.29525],[110.6078,26.33723],[110.50304,26.17998],[110.46655,26.18173],[110.37231,26.0975],[110.31606,25.97615],[110.24358,25.9683],[110.24062,26.02546],[110.19652,26.06932]]]}},{"type":"Feature","properties":{"SYS_ID":"97350","NAME_CH":"澧州府","PRES_LOC":"","TYPE_CH":"府","BEG_YR":1364,"BEG_CHG_TY":"更名","END_YR":1375,"END_CHG_TY":"撤销","X_COORD":110.98,"Y_COORD":29.55},"geometry":{"type":"Polygon","coordinates":[[[112.28069,29.49812],[112.31583,29.22514],[112.22902,29.24805],[112.20081,29.21031],[112.12202,29.22605],[112.02971,29.39648],[112.01759,29.33922],[111.94958,29.2832],[111.93275,29.31902],[111.87798,29.33155],[111.7869,29.32291],[111.75525,29.28536],[111.51806,29.26748],[111.38708,29.2735],[111.31992,29.39511],[111.26866,29.40115],[111.21431,29.22064],[111.12628,29.23004],[111.06013,29.14729],[110.98992,29.11384],[110.94642,29.13305],[110.66186,29.06842],[110.54469,28.99318],[110.51576,28.93863],[110.35172,28.98451],[110.29729,29.09246],[110.24659,29.07856],[110.2571,29.12283],[110.21423,29.1255],[110.17355,29.18308],[110.08949,29.14285],[110.07274,29.20602],[110.11044,29.29226],[110.06638,29.32394],[110.00553,29.28894],[109.93369,29.32713],[109.95613,29.34698],[109.92294,29.44185],[109.82643,29.37367],[109.73436,29.53705],[109.77542,29.57869],[109.75657,29.61197],[109.71628,29.60269],[109.70259,29.61105],[109.69286,29.66818],[109.75983,29.69207],[109.76462,29.74985],[109.79844,29.769],[110.10845,29.79211],[110.18952,29.75606],[110.4049,29.81508],[110.48716,29.87259],[110.54929,29.99132],[110.49293,30.02325],[110.51797,30.05972],[110.64614,30.0803],[110.71319,30.03903],[110.75308,30.05696],[110.74876,30.11962],[110.85042,30.12812],[110.91814,30.11449],[110.92368,30.06741],[111.24471,30.04339],[111.38594,29.91892],[111.43674,29.93793],[111.51961,29.92977],[111.54385,29.89405],[111.67443,29.89133],[111.74043,29.92135],[111.95446,29.83928],[111.96767,29.79245],[112.05413,29.74573],[112.0598,29.77309],[112.06093,29.68373],[112.17498,29.66266],[112.19135,29.62904],[112.23888,29.66441],[112.23811,29.61316],[112.29735,29.58506],[112.28069,29.49812]]]}},{"type":"Feature","properties":{"SYS_ID":"97360","NAME_CH":"辰州府","PRES_LOC":"","TYPE_CH":"府","BEG_YR":1376,"BEG_CHG_TY":"辖区扩大","END_YR":1704,"END_CHG_TY":"辖区扩大","X_COORD":110.15,"Y_COORD":27.94},"geometry":{"type":"Polygon","coordinates":[[[109.61462,27.89726],[109.79442,28.06299],[109.7366,28.10445],[109.66431,28.10489],[109.68875,28.18094],[109.66594,28.2436],[109.521,28.19367],[109.52681,28.31587],[109.49655,28.36498],[109.60326,28.34578],[109.64533,28.40805],[109.79887,28.44406],[109.82301,28.48089],[109.89305,28.45195],[109.8873,28.40703],[109.96869,28.41239],[109.9894,28.43614],[109.93511,28.54854],[109.96838,28.5977],[110.06395,28.67984],[110.09619,28.64632],[110.23534,28.64661],[110.28505,28.76689],[110.33547,28.77294],[110.38339,28.88058],[110.30498,28.9481],[110.33826,29.00381],[110.51576,28.93863],[110.54469,28.99318],[110.66186,29.06842],[110.82975,29.11203],[110.96525,28.99895],[110.95538,28.91078],[111.0607,28.82595],[111.11005,28.74204],[111.04683,28.69311],[111.05601,28.65286],[110.93035,28.6189],[110.95278,28.56719],[110.91615,28.46955],[110.72002,28.31057],[110.7924,28.27195],[110.80804,28.20872],[110.85025,28.20388],[110.81812,28.08983],[110.88309,28.06935],[110.76281,27.79875],[110.8669,27.6617],[110.79656,27.56441],[110.72389,27.61671],[110.66667,27.60345],[110.62582,27.55036],[110.68594,27.45577],[110.59094,27.32306],[110.60101,27.29054],[110.53621,27.30862],[110.43427,27.20444],[110.36489,27.21918],[110.32325,27.16851],[110.19825,27.12569],[110.14111,26.98892],[110.08649,27.01112],[110.09609,27.03574],[109.99226,27.15046],[109.84113,27.14606],[109.78348,27.09793],[109.66084,27.09032],[109.6404,27.04844],[109.59116,27.04124],[109.55574,27.05276],[109.5862,27.10504],[109.52811,27.10536],[109.52654,27.07312],[109.49228,27.10425],[109.47355,27.06929],[109.46799,27.1382],[109.43615,27.1214],[109.38927,27.16566],[109.27602,27.1305],[109.2436,27.15681],[109.15916,27.07452],[109.10001,27.07598],[109.12644,27.12606],[109.0824,27.117],[108.94834,27.05364],[108.93399,27.018],[108.86083,27.00441],[108.78311,27.08369],[108.87601,27.11264],[108.91486,27.16736],[108.88677,27.22698],[108.91854,27.29151],[109.05727,27.35489],[109.13808,27.44863],[109.1516,27.41971],[109.19755,27.45335],[109.24102,27.4215],[109.29861,27.42958],[109.3019,27.48405],[109.45153,27.58012],[109.46239,27.63424],[109.42317,27.71419],[109.44733,27.80455],[109.61462,27.89726]]]}},{"type":"Feature","properties":{"SYS_ID":"97372","NAME_CH":"沅州府","PRES_LOC":"","TYPE_CH":"府","BEG_YR":1370,"BEG_CHG_TY":"辖区缩小","END_YR":1375,"END_CHG_TY":"撤销","X_COORD":109.74,"Y_COORD":27.43},"geometry":{"type":"Polygon","coordinates":[[[110.14111,26.98892],[110.08649,27.01112],[110.09609,27.03574],[109.99226,27.15046],[109.84113,27.14606],[109.78348,27.09793],[109.66084,27.09032],[109.6404,27.04844],[109.59116,27.04124],[109.55574,27.05276],[109.5862,27.10504],[109.52811,27.10536],[109.52654,27.07312],[109.49228,27.10425],[109.47355,27.06929],[109.46799,27.1382],[109.43615,27.1214],[109.38927,27.16566],[109.26804,27.13082],[109.2436,27.15681],[109.16428,27.07575],[109.10001,27.07598],[109.11282,27.12581],[108.87377,27.00053],[108.78311,27.08369],[108.89472,27.13734],[108.91594,27.1761],[108.89131,27.2483],[108.94577,27.31513],[109.05727,27.35489],[109.13808,27.44863],[109.1516,27.41971],[109.20322,27.45368],[109.24102,27.4215],[109.2953,27.42723],[109.3019,27.48405],[109.43264,27.55504],[109.4627,27.63195],[109.42317,27.71419],[109.44733,27.80455],[109.64847,27.9161],[109.75655,28.0301],[109.78957,27.98115],[109.82518,27.99011],[109.89971,27.9431],[109.95164,27.96967],[110.0174,27.91561],[110.08946,27.9678],[110.08416,27.87759],[109.95584,27.81512],[109.91515,27.83411],[109.90085,27.79985],[109.93913,27.73204],[110.00201,27.7413],[110.19098,27.60634],[110.49307,27.59807],[110.40765,27.34914],[110.50987,27.35432],[110.51782,27.29332],[110.43427,27.20444],[110.36489,27.21918],[110.32325,27.16851],[110.19187,27.12149],[110.19532,27.07078],[110.14407,27.03832],[110.14111,26.98892]]]}},{"type":"Feature","properties":{"SYS_ID":"97379","NAME_CH":"靖州","PRES_LOC":"","TYPE_CH":"直隶州","BEG_YR":1503,"BEG_CHG_TY":"辖区缩小","END_YR":1725,"END_CHG_TY":"辖区缩小","X_COORD":109.74,"Y_COORD":26.67},"geometry":{"type":"Polygon","coordinates":[[[110.04222,26.33841],[109.90281,26.14835],[109.86449,26.03416],[109.78725,26.02051],[109.80872,25.88299],[109.65707,25.88364],[109.70696,26.00746],[109.64744,26.01787],[109.63058,26.0507],[109.52422,25.99904],[109.47802,26.03277],[109.46339,26.08078],[109.50464,26.12507],[109.4349,26.24203],[109.46452,26.31072],[109.33738,26.2563],[109.27001,26.31879],[109.404,26.54035],[109.35203,26.66077],[109.30201,26.6643],[109.23006,26.77626],[109.16097,26.72074],[109.05984,26.72765],[109.01594,26.70045],[108.91383,26.75807],[108.9323,26.80713],[109.06486,26.89282],[109.02071,26.91578],[109.06137,26.95586],[109.03146,27.02009],[108.9611,26.99943],[108.93399,27.018],[108.94534,27.04968],[109.11717,27.12658],[109.10001,27.07598],[109.16428,27.07575],[109.2436,27.15681],[109.26804,27.13082],[109.38927,27.16566],[109.43615,27.1214],[109.46799,27.1382],[109.47355,27.06929],[109.49228,27.10425],[109.52654,27.07312],[109.52811,27.10536],[109.5862,27.10504],[109.55574,27.05276],[109.59116,27.04124],[109.6404,27.04844],[109.66084,27.09032],[109.78348,27.09793],[109.84113,27.14606],[109.99226,27.15046],[110.09609,27.03574],[110.08649,27.01112],[110.23577,26.95379],[110.29431,27.03777],[110.30589,27.11856],[110.39131,27.13077],[110.39235,27.10431],[110.35136,27.09445],[110.3708,27.04787],[110.41615,27.04465],[110.44232,26.95547],[110.50693,26.91297],[110.5284,26.84168],[110.31644,26.55873],[110.28687,26.46703],[110.25962,26.46504],[110.25303,26.52047],[110.17916,26.5279],[110.1569,26.34946],[110.04222,26.33841]]]}},{"type":"Feature","properties":{"SYS_ID":"97381","NAME_CH":"靖州府","PRES_LOC":"","TYPE_CH":"府","BEG_YR":1370,"BEG_CHG_TY":"新建","END_YR":1375,"END_CHG_TY":"更名","X_COORD":109.77,"Y_COORD":26.64},"geometry":{"type":"Polygon","coordinates":[[[109.96177,26.19892],[109.90281,26.14835],[109.86449,26.03416],[109.78725,26.02051],[109.82241,25.91992],[109.79485,25.87499],[109.65707,25.88364],[109.71799,25.9874],[109.63622,26.04894],[109.50865,26.00132],[109.46268,26.07755],[109.50464,26.12507],[109.4349,26.24203],[109.46452,26.31072],[109.33738,26.2563],[109.26754,26.32747],[109.31795,26.42709],[109.37714,26.45953],[109.35766,26.47552],[109.404,26.54035],[109.37236,26.62894],[109.29966,26.66656],[109.23006,26.77626],[109.16097,26.72074],[109.05984,26.72765],[109.01594,26.70045],[108.91383,26.75807],[108.9323,26.80713],[109.06486,26.89282],[109.02071,26.91578],[109.06137,26.95586],[109.03702,27.01254],[108.9611,26.99943],[108.93399,27.018],[108.94834,27.05364],[109.11717,27.12658],[109.10001,27.07598],[109.16428,27.07575],[109.2436,27.15681],[109.26804,27.13082],[109.38927,27.16566],[109.43615,27.1214],[109.46799,27.1382],[109.47355,27.06929],[109.49228,27.10425],[109.52654,27.07312],[109.52811,27.10536],[109.5862,27.10504],[109.55574,27.05276],[109.59116,27.04124],[109.6404,27.04844],[109.66084,27.09032],[109.78348,27.09793],[109.84113,27.14606],[109.99226,27.15046],[110.09609,27.03574],[110.08649,27.01112],[110.23577,26.95379],[110.29431,27.03777],[110.30589,27.11856],[110.39131,27.13077],[110.39235,27.10431],[110.35136,27.09445],[110.3708,27.04787],[110.41615,27.04465],[110.44232,26.95547],[110.53348,26.85798],[110.27081,26.45925],[110.27198,26.34687],[110.23859,26.3213],[110.20202,26.14394],[110.21493,26.08803],[110.15075,26.02105],[110.09316,26.02248],[110.06014,26.0531],[110.08128,26.17117],[110.02277,26.15946],[109.96177,26.19892]]]}},{"type":"Feature","properties":{"SYS_ID":"97387","NAME_CH":"永顺宣抚司","PRES_LOC":"","TYPE_CH":"宣抚司","BEG_YR":1351,"BEG_CHG_TY":"更名","END_YR":1369,"END_CHG_TY":"更名","X_COORD":109.68,"Y_COORD":28.89},"geometry":{"type":"Polygon","coordinates":[[[110.33826,29.00381],[110.30498,28.9481],[110.38339,28.88058],[110.33547,28.77294],[110.28505,28.76689],[110.23534,28.64661],[110.09619,28.64632],[110.06395,28.67984],[109.96838,28.5977],[109.93511,28.54854],[109.9894,28.43614],[109.96869,28.41239],[109.8873,28.40703],[109.89305,28.45195],[109.82301,28.48089],[109.79887,28.44406],[109.64533,28.40805],[109.60326,28.34578],[109.49655,28.36498],[109.50834,28.30489],[109.41286,28.19286],[109.35087,28.18944],[109.33933,28.15693],[109.00145,28.16737],[109.02287,28.21397],[109.08775,28.19417],[109.08015,28.24804],[109.14983,28.41258],[109.2702,28.50348],[109.31868,28.58105],[109.28642,28.62048],[109.19604,28.60251],[109.17963,28.62359],[109.26482,28.66886],[109.24919,28.6943],[109.30004,28.73354],[109.23772,28.78006],[109.23199,28.8789],[109.3157,29.04728],[109.22205,29.11029],[109.27013,29.13529],[109.25378,29.2269],[109.34056,29.27372],[109.33672,29.35674],[109.41317,29.45452],[109.4063,29.49846],[109.43727,29.49132],[109.42908,29.53308],[109.46088,29.5173],[109.51192,29.62015],[109.75657,29.61197],[109.77552,29.57497],[109.73436,29.53705],[109.82643,29.37367],[109.92294,29.44185],[109.95613,29.34698],[109.93369,29.32713],[110.00553,29.28894],[110.06638,29.32394],[110.11044,29.29226],[110.07274,29.20602],[110.08949,29.14285],[110.17355,29.18308],[110.21423,29.1255],[110.2571,29.12283],[110.24659,29.07856],[110.29729,29.09246],[110.33826,29.00381]]]}},{"type":"Feature","properties":{"SYS_ID":"97388","NAME_CH":"永顺军民安抚司","PRES_LOC":"","TYPE_CH":"安抚司","BEG_YR":1370,"BEG_CHG_TY":"更名","END_YR":1372,"END_CHG_TY":"更名和辖区缩小","X_COORD":109.68,"Y_COORD":28.89},"geometry":{"type":"Polygon","coordinates":[[[110.33826,29.00381],[110.30498,28.9481],[110.38339,28.88058],[110.33547,28.77294],[110.28505,28.76689],[110.23534,28.64661],[110.09619,28.64632],[110.06395,28.67984],[109.96838,28.5977],[109.93511,28.54854],[109.9894,28.43614],[109.96869,28.41239],[109.8873,28.40703],[109.89305,28.45195],[109.82301,28.48089],[109.79887,28.44406],[109.64533,28.40805],[109.60326,28.34578],[109.49655,28.36498],[109.50834,28.30489],[109.41286,28.19286],[109.35087,28.18944],[109.33933,28.15693],[109.00145,28.16737],[109.02287,28.21397],[109.08775,28.19417],[109.08015,28.24804],[109.14983,28.41258],[109.2702,28.50348],[109.31868,28.58105],[109.28642,28.62048],[109.19604,28.60251],[109.17963,28.62359],[109.26482,28.66886],[109.24919,28.6943],[109.30004,28.73354],[109.23772,28.78006],[109.23199,28.8789],[109.3157,29.04728],[109.22205,29.11029],[109.27013,29.13529],[109.25378,29.2269],[109.34056,29.27372],[109.33672,29.35674],[109.41317,29.45452],[109.4063,29.49846],[109.43727,29.49132],[109.42908,29.53308],[109.46088,29.5173],[109.51192,29.62015],[109.75657,29.61197],[109.77552,29.57497],[109.73436,29.53705],[109.82643,29.37367],[109.92294,29.44185],[109.95613,29.34698],[109.93369,29.32713],[110.00553,29.28894],[110.06638,29.32394],[110.11044,29.29226],[110.07274,29.20602],[110.08949,29.14285],[110.17355,29.18308],[110.21423,29.1255],[110.2571,29.12283],[110.24659,29.07856],[110.29729,29.09246],[110.33826,29.00381]]]}},{"type":"Feature","properties":{"SYS_ID":"97389","NAME_CH":"永顺军民宣慰司","PRES_LOC":"","TYPE_CH":"宣慰司","BEG_YR":1373,"BEG_CHG_TY":"更名和辖区缩小","END_YR":1725,"END_CHG_TY":"撤销","X_COORD":109.78,"Y_COORD":29.05},"geometry":{"type":"Polygon","coordinates":[[[109.65677,29.59924],[109.76102,29.6076],[109.77552,29.57497],[109.73436,29.53705],[109.82643,29.37367],[109.91718,29.44463],[109.95613,29.34698],[109.93369,29.32713],[110.00553,29.28894],[110.06638,29.32394],[110.11044,29.29226],[110.07274,29.20602],[110.08949,29.14285],[110.17355,29.18308],[110.21423,29.1255],[110.2571,29.12283],[110.24659,29.07856],[110.29729,29.09246],[110.34071,29.01365],[110.30498,28.9481],[110.38339,28.88058],[110.33547,28.77294],[110.28294,28.76415],[110.23534,28.64661],[110.09619,28.64632],[110.06395,28.67984],[109.96838,28.5977],[109.93511,28.54854],[109.9894,28.43614],[109.92909,28.39997],[109.8873,28.40703],[109.89305,28.45195],[109.7847,28.51313],[109.83035,28.62166],[109.80787,28.65316],[109.75374,28.65114],[109.77856,28.72596],[109.71637,28.73361],[109.73305,28.78462],[109.67133,28.89002],[109.58733,28.91566],[109.53978,28.82562],[109.44127,28.86754],[109.37177,28.78545],[109.23772,28.78006],[109.23277,28.88348],[109.3157,29.04499],[109.22363,29.09653],[109.27013,29.13529],[109.25378,29.2269],[109.33872,29.27027],[109.36789,29.42806],[109.41317,29.45452],[109.4063,29.49846],[109.43727,29.49132],[109.42908,29.53308],[109.46088,29.5173],[109.49847,29.6087],[109.60221,29.63697],[109.65677,29.59924]]]}},{"type":"Feature","properties":{"SYS_ID":"97395","NAME_CH":"茶陵州","PRES_LOC":"","TYPE_CH":"州","BEG_YR":1282,"BEG_CHG_TY":"新建","END_YR":1368,"END_CHG_TY":"撤销","X_COORD":113.64,"Y_COORD":26.8},"geometry":{"type":"Polygon","coordinates":[[[113.83474,26.8074],[113.84768,26.60791],[113.76865,26.54643],[113.59785,26.50657],[113.53943,26.5948],[113.42731,26.56147],[113.39334,26.60021],[113.41142,26.64456],[113.37542,26.68584],[113.42235,26.77303],[113.34938,26.86489],[113.37224,26.93216],[113.43419,26.96164],[113.47679,26.94776],[113.5445,27.01729],[113.76956,27.12805],[113.81551,27.04121],[113.92303,26.95468],[113.83474,26.8074]]]}},{"type":"Feature","properties":{"SYS_ID":"97398","NAME_CH":"保靖州军民宣慰司","PRES_LOC":"","TYPE_CH":"宣慰司","BEG_YR":1373,"BEG_CHG_TY":"新建","END_YR":1704,"END_CHG_TY":"辖区缩小","X_COORD":109.51,"Y_COORD":28.37},"geometry":{"type":"Polygon","coordinates":[[[109.82301,28.48089],[109.79887,28.44406],[109.64533,28.40805],[109.60326,28.34578],[109.49655,28.36498],[109.52681,28.31587],[109.521,28.19367],[109.66594,28.2436],[109.68875,28.18094],[109.66251,28.10764],[109.76324,28.0952],[109.79457,28.04305],[109.72973,28.023],[109.72858,27.98813],[109.64847,27.9161],[109.44733,27.80455],[109.43269,27.74372],[109.36629,27.74175],[109.31125,27.78514],[109.3409,27.83593],[109.29889,27.95777],[109.37286,28.03633],[109.33923,28.0643],[109.29571,28.051],[109.37917,28.27042],[109.34879,28.26469],[109.34338,28.29634],[109.29482,28.27936],[109.25562,28.41684],[109.27089,28.53915],[109.31869,28.58586],[109.28642,28.62048],[109.19604,28.60251],[109.17963,28.62359],[109.26482,28.66886],[109.24919,28.6943],[109.29691,28.72666],[109.25526,28.77296],[109.37177,28.78545],[109.44127,28.86754],[109.53978,28.82562],[109.58733,28.91566],[109.66664,28.89255],[109.73305,28.78462],[109.71637,28.73361],[109.77856,28.72596],[109.75374,28.65114],[109.80787,28.65316],[109.83035,28.62166],[109.78426,28.52988],[109.82301,28.48089]]]}},{"type":"Feature","properties":{"SYS_ID":"97703","NAME_CH":"高州府","PRES_LOC":"","TYPE_CH":"府","BEG_YR":1376,"BEG_CHG_TY":"更名和辖区扩大","END_YR":1754,"END_CHG_TY":"辖区扩大","X_COORD":110.73,"Y_COORD":21.85},"geometry":{"type":"MultiPolygon","coordinates":[[[[110.7735,21.38848],[110.64835,21.24895],[110.62865,21.35519],[110.7571,21.40817],[110.76488,21.44334],[110.62286,21.36638],[110.62597,21.21624],[110.49177,21.21639],[110.42792,21.19026],[110.452,21.23214],[110.43336,21.28088],[110.48958,21.25712],[110.50989,21.29496],[110.44851,21.29474],[110.48893,21.324],[110.46344,21.34168],[110.42785,21.30171],[110.45762,21.41674],[110.39779,21.37969],[110.38428,21.4707],[110.32533,21.43159],[110.24336,21.5126],[110.20135,21.51295],[110.14799,21.42221],[110.10043,21.45191],[109.97953,21.41929],[109.9374,21.42835],[109.96044,21.46551],[109.93208,21.43446],[109.90693,21.44951],[109.93831,21.48745],[109.84157,21.47764],[109.85058,21.5119],[109.81535,21.45226],[109.79665,21.54382],[109.76378,21.55908],[109.78311,21.58648],[109.75233,21.56347],[109.74053,21.62096],[109.77081,21.67489],[109.79712,21.63977],[109.899,21.6576],[109.93542,21.82741],[109.97936,21.87992],[110.05622,21.86417],[110.11866,21.89916],[110.24256,21.87771],[110.29594,21.91426],[110.37495,21.88734],[110.3383,22.19298],[110.37425,22.16806],[110.41742,22.20874],[110.50453,22.14799],[110.56802,22.19519],[110.63492,22.15031],[110.67368,22.18705],[110.6478,22.23241],[110.6938,22.27667],[110.78384,22.28829],[110.70802,22.36679],[110.68153,22.47252],[110.72469,22.618],[110.83386,22.63502],[110.95847,22.70469],[111.08583,22.69691],[110.99583,22.6391],[110.99275,22.54105],[111.04018,22.47985],[111.15048,22.45945],[111.28339,22.37351],[111.37671,22.24857],[111.28295,22.05717],[111.30719,22.01839],[111.28458,21.93554],[111.33323,21.8777],[111.42277,21.84399],[111.38494,21.74776],[111.43761,21.7011],[111.40616,21.56865],[111.44701,21.52872],[111.39851,21.52674],[111.25437,21.40897],[111.24698,21.45072],[111.28023,21.43236],[111.29844,21.49659],[111.24979,21.48745],[111.21351,21.5247],[111.15565,21.51111],[111.22939,21.47704],[111.09986,21.45632],[111.08351,21.47294],[111.14069,21.49071],[111.07683,21.48203],[111.0842,21.50442],[111.03325,21.5249],[110.99529,21.48652],[111.0059,21.45346],[111.05246,21.48088],[111.07462,21.45978],[110.88691,21.38066],[110.7735,21.38848]]],[[[110.52528,21.15881],[110.48648,21.139],[110.42778,21.17707],[110.49493,21.20912],[110.5062,21.18194],[110.57705,21.18083],[110.63379,21.20904],[110.55698,21.08931],[110.52865,21.09205],[110.52528,21.15881]]],[[[110.59947,20.86449],[110.54971,20.90231],[110.59548,20.94807],[110.63443,20.9287],[110.59947,20.86449]]]]}},{"type":"Feature","properties":{"SYS_ID":"97702","NAME_CH":"高州","PRES_LOC":"","TYPE_CH":"直隶州","BEG_YR":1374,"BEG_CHG_TY":"更名","END_YR":1375,"END_CHG_TY":"更名和辖区扩大","X_COORD":111.01,"Y_COORD":21.99},"geometry":{"type":"Polygon","coordinates":[[[111.08583,22.69691],[110.99583,22.6391],[110.99275,22.54105],[111.04018,22.47985],[111.15048,22.45945],[111.28339,22.37351],[111.37671,22.24857],[111.28295,22.05717],[111.30719,22.01839],[111.28458,21.93554],[111.33323,21.8777],[111.42277,21.84399],[111.38494,21.74776],[111.43761,21.7011],[111.40616,21.56865],[111.44701,21.52872],[111.39851,21.52674],[111.25437,21.40897],[111.24698,21.45072],[111.28023,21.43236],[111.29844,21.49659],[111.24979,21.48745],[111.21351,21.5247],[111.15565,21.51111],[111.22939,21.47704],[111.09986,21.45632],[111.08351,21.47294],[111.14069,21.49071],[111.07683,21.48203],[111.0842,21.50442],[111.03325,21.5249],[110.99529,21.48652],[111.0059,21.45346],[111.05246,21.48088],[111.07462,21.45978],[110.88691,21.38066],[110.7735,21.38848],[110.7788,21.45162],[110.74563,21.45025],[110.72942,21.49138],[110.74176,21.70713],[110.65309,21.76984],[110.65459,21.91416],[110.61302,21.96441],[110.68918,22.06266],[110.65051,22.109],[110.71407,22.12447],[110.6478,22.23241],[110.72112,22.29602],[110.78384,22.28829],[110.70802,22.36679],[110.68154,22.47573],[110.72469,22.618],[110.83386,22.63502],[110.95847,22.70469],[111.08583,22.69691]]]}},{"type":"Feature","properties":{"SYS_ID":"97706","NAME_CH":"化州府","PRES_LOC":"","TYPE_CH":"府","BEG_YR":1368,"BEG_CHG_TY":"更名","END_YR":1373,"END_CHG_TY":"更名","X_COORD":110.36,"Y_COORD":21.67},"geometry":{"type":"MultiPolygon","coordinates":[[[[110.74176,21.70713],[110.74563,21.45025],[110.7788,21.45162],[110.7735,21.38848],[110.64835,21.24895],[110.62865,21.35519],[110.7571,21.40817],[110.76488,21.44334],[110.62286,21.36638],[110.62875,21.21892],[110.49177,21.21639],[110.44767,21.1863],[110.42651,21.19237],[110.45157,21.22572],[110.43336,21.28088],[110.48958,21.25712],[110.50989,21.29496],[110.44851,21.29474],[110.48893,21.324],[110.46344,21.34168],[110.42785,21.30171],[110.45762,21.41674],[110.39779,21.37969],[110.38428,21.4707],[110.32533,21.43159],[110.24336,21.5126],[110.20135,21.51295],[110.14799,21.42221],[110.10043,21.45191],[109.97953,21.41929],[109.9374,21.42835],[109.96044,21.46551],[109.93208,21.43446],[109.90693,21.44951],[109.93831,21.48745],[109.84157,21.47764],[109.85058,21.5119],[109.81535,21.45226],[109.79665,21.54382],[109.76378,21.55908],[109.78311,21.58648],[109.75233,21.56347],[109.73955,21.61545],[109.77081,21.67489],[109.79712,21.63977],[109.899,21.6576],[109.93542,21.82741],[109.97936,21.87992],[110.05622,21.86417],[110.11866,21.89916],[110.24256,21.87771],[110.29594,21.91426],[110.38187,21.89351],[110.34503,22.00714],[110.3637,22.12862],[110.32237,22.16389],[110.34202,22.19526],[110.37425,22.16806],[110.41742,22.20874],[110.50034,22.14801],[110.55295,22.19481],[110.62799,22.14851],[110.67368,22.18705],[110.71407,22.12447],[110.65051,22.109],[110.68918,22.06266],[110.61302,21.96441],[110.65459,21.91416],[110.65309,21.76984],[110.74176,21.70713]]],[[[110.52528,21.15881],[110.48648,21.139],[110.42778,21.17707],[110.45023,21.18049],[110.49493,21.20912],[110.5062,21.18194],[110.57705,21.18083],[110.63379,21.20904],[110.55698,21.08931],[110.52865,21.09205],[110.52528,21.15881]]],[[[110.59947,20.86449],[110.54971,20.90231],[110.59548,20.94807],[110.63443,20.9287],[110.59947,20.86449]]]]}},{"type":"Feature","properties":{"SYS_ID":"97707","NAME_CH":"化州","PRES_LOC":"","TYPE_CH":"直隶州","BEG_YR":1374,"BEG_CHG_TY":"更名","END_YR":1375,"END_CHG_TY":"撤销","X_COORD":110.36,"Y_COORD":21.67},"geometry":{"type":"MultiPolygon","coordinates":[[[[110.74176,21.70713],[110.74563,21.45025],[110.7788,21.45162],[110.7735,21.38848],[110.64835,21.24895],[110.62865,21.35519],[110.7571,21.40817],[110.76488,21.44334],[110.62286,21.36638],[110.62875,21.21892],[110.49177,21.21639],[110.44767,21.1863],[110.42651,21.19237],[110.45157,21.22572],[110.43336,21.28088],[110.48958,21.25712],[110.50989,21.29496],[110.44851,21.29474],[110.48893,21.324],[110.46344,21.34168],[110.42785,21.30171],[110.45762,21.41674],[110.39779,21.37969],[110.38428,21.4707],[110.32533,21.43159],[110.24336,21.5126],[110.20135,21.51295],[110.14799,21.42221],[110.10043,21.45191],[109.97953,21.41929],[109.9374,21.42835],[109.96044,21.46551],[109.93208,21.43446],[109.90693,21.44951],[109.93831,21.48745],[109.84157,21.47764],[109.85058,21.5119],[109.81535,21.45226],[109.79665,21.54382],[109.76378,21.55908],[109.78311,21.58648],[109.75233,21.56347],[109.73955,21.61545],[109.77081,21.67489],[109.79712,21.63977],[109.899,21.6576],[109.93542,21.82741],[109.97936,21.87992],[110.05622,21.86417],[110.11866,21.89916],[110.24256,21.87771],[110.29594,21.91426],[110.38187,21.89351],[110.34503,22.00714],[110.3637,22.12862],[110.32237,22.16389],[110.34202,22.19526],[110.37425,22.16806],[110.41742,22.20874],[110.50034,22.14801],[110.55295,22.19481],[110.62799,22.14851],[110.67368,22.18705],[110.71407,22.12447],[110.65051,22.109],[110.68918,22.06266],[110.61302,21.96441],[110.65459,21.91416],[110.65309,21.76984],[110.74176,21.70713]]],[[[110.52528,21.15881],[110.48648,21.139],[110.42778,21.17707],[110.45023,21.18049],[110.49493,21.20912],[110.5062,21.18194],[110.57705,21.18083],[110.63379,21.20904],[110.55698,21.08931],[110.52865,21.09205],[110.52528,21.15881]]],[[[110.59947,20.86449],[110.54971,20.90231],[110.59548,20.94807],[110.63443,20.9287],[110.59947,20.86449]]]]}},{"type":"Feature","properties":{"SYS_ID":"97712","NAME_CH":"廉州府","PRES_LOC":"","TYPE_CH":"府","BEG_YR":1427,"BEG_CHG_TY":"辖区缩小","END_YR":1541,"END_CHG_TY":"辖区扩大","X_COORD":108.99,"Y_COORD":22.07},"geometry":{"type":"Polygon","coordinates":[[[109.76318,21.66732],[109.73918,21.57823],[109.76939,21.48084],[109.7348,21.46414],[109.65145,21.51188],[109.69558,21.6242],[109.6339,21.58737],[109.63332,21.55384],[109.59901,21.61912],[109.61575,21.64933],[109.5851,21.62355],[109.56057,21.66725],[109.55176,21.69959],[109.61116,21.74316],[109.59363,21.7711],[109.49398,21.70238],[109.51823,21.65663],[109.46149,21.66053],[109.5277,21.64104],[109.57816,21.58096],[109.54489,21.50675],[109.47063,21.46392],[109.47264,21.50753],[109.4276,21.45237],[109.33611,21.44865],[109.32595,21.48181],[109.30647,21.44163],[109.24152,21.44883],[109.23987,21.49688],[109.22744,21.42291],[109.16743,21.40816],[109.16325,21.44247],[109.15715,21.39847],[109.04102,21.44856],[109.1609,21.51671],[109.15249,21.62898],[109.13316,21.57603],[109.11016,21.60516],[109.08366,21.58472],[109.07333,21.62585],[109.06343,21.59335],[109.05147,21.5977],[109.06335,21.64849],[108.9964,21.59888],[108.91422,21.60946],[108.8481,21.68866],[108.86031,21.7344],[108.9349,21.75842],[108.88715,21.74797],[108.90231,21.77966],[108.86817,21.74668],[108.87389,21.79988],[108.85484,21.78319],[108.85854,21.80799],[108.80089,21.8376],[108.7849,21.8089],[108.8518,21.74028],[108.83135,21.7011],[108.80614,21.74768],[108.78396,21.71978],[108.84229,21.66808],[108.82204,21.63831],[108.86766,21.63137],[108.74229,21.59662],[108.70651,21.65759],[108.745,21.64976],[108.75509,21.67636],[108.70281,21.68383],[108.72953,21.71834],[108.7141,21.74936],[108.68872,21.69416],[108.63922,21.73373],[108.68613,21.80883],[108.6556,21.78218],[108.65572,21.81664],[108.63279,21.75955],[108.61854,21.7901],[108.63544,21.74274],[108.608,21.70823],[108.59935,21.76235],[108.56534,21.77479],[108.63587,21.87781],[108.59989,21.90568],[108.54366,21.88904],[108.57853,21.93861],[108.47942,21.86491],[108.48593,21.84116],[108.46116,21.86287],[108.47127,21.92269],[108.43641,21.85609],[108.49526,21.81025],[108.4997,21.75184],[108.54881,21.74425],[108.51408,21.71419],[108.50254,21.74491],[108.3912,21.74381],[108.24679,21.6883],[108.12916,21.6868],[107.91298,21.76555],[107.88354,21.86092],[108.18628,21.98582],[108.21058,22.04526],[108.18336,22.14826],[108.23222,22.19943],[108.40688,22.26973],[108.48447,22.24211],[108.53449,22.28793],[108.53819,22.34901],[108.61844,22.31548],[108.69784,22.38716],[108.63825,22.45574],[108.61147,22.43238],[108.63035,22.40278],[108.56789,22.37585],[108.27211,22.44721],[108.32386,22.50887],[108.47734,22.57462],[108.54445,22.72506],[108.72405,22.60344],[108.77957,22.52662],[108.98301,22.53893],[109.09404,22.51415],[109.16678,22.52429],[109.16543,22.55205],[109.26021,22.4936],[109.31827,22.53231],[109.28992,22.56896],[109.35761,22.63545],[109.44437,22.61176],[109.47551,22.65335],[109.50923,22.64147],[109.58178,22.68653],[109.65267,22.66478],[109.729,22.55625],[109.81197,22.57987],[109.8607,22.52499],[109.80643,22.44378],[109.85537,22.38064],[109.83628,22.32029],[109.75446,22.34006],[109.72726,22.38091],[109.66693,22.33683],[109.6709,22.30264],[109.60391,22.30581],[109.54581,22.1242],[109.59035,22.01431],[109.59779,21.97139],[109.5684,21.96938],[109.58939,21.92406],[109.70235,21.90787],[109.69058,21.67971],[109.76318,21.66732]]]}},{"type":"Feature","properties":{"SYS_ID":"97710","NAME_CH":"廉州","PRES_LOC":"","TYPE_CH":"直隶州","BEG_YR":1374,"BEG_CHG_TY":"更名","END_YR":1375,"END_CHG_TY":"撤销","X_COORD":109.42,"Y_COORD":21.94},"geometry":{"type":"Polygon","coordinates":[[[109.76318,21.66732],[109.73918,21.57823],[109.76939,21.48084],[109.7348,21.46414],[109.65145,21.51188],[109.69558,21.6242],[109.6339,21.58737],[109.63332,21.55384],[109.59901,21.61912],[109.61575,21.64933],[109.5851,21.62355],[109.56057,21.66725],[109.55176,21.69959],[109.61116,21.74316],[109.59363,21.7711],[109.49398,21.70238],[109.51823,21.65663],[109.46149,21.66053],[109.5277,21.64104],[109.57816,21.58096],[109.54489,21.50675],[109.47063,21.46392],[109.47264,21.50753],[109.4276,21.45237],[109.33611,21.44865],[109.32595,21.48181],[109.30647,21.44163],[109.24152,21.44883],[109.23987,21.49688],[109.22744,21.42291],[109.16743,21.40816],[109.16325,21.44247],[109.15715,21.39847],[109.04102,21.44856],[109.1609,21.51671],[109.15249,21.62898],[109.13316,21.57603],[109.11016,21.60516],[109.08366,21.58472],[109.07333,21.62585],[109.06343,21.59335],[109.05147,21.5977],[109.06335,21.64849],[108.9964,21.59888],[108.9416,21.60096],[108.8481,21.68866],[108.86031,21.7344],[108.9316,21.75459],[108.9769,21.83696],[109.05695,21.83961],[109.09991,21.87695],[109.13723,21.84749],[109.22738,21.85491],[109.29068,21.91291],[109.2562,22.03888],[109.2746,22.10813],[109.23493,22.15878],[109.45028,22.40018],[109.47775,22.38531],[109.47842,22.44841],[109.55974,22.55084],[109.50497,22.59735],[109.51542,22.644],[109.5741,22.68607],[109.65267,22.66478],[109.729,22.55625],[109.81197,22.57987],[109.8607,22.52499],[109.80643,22.44378],[109.85537,22.38064],[109.83628,22.32029],[109.75446,22.34006],[109.72726,22.38091],[109.66693,22.33683],[109.6709,22.30264],[109.60391,22.30581],[109.54581,22.1242],[109.59035,22.01431],[109.59779,21.97139],[109.5684,21.96938],[109.58939,21.92406],[109.70235,21.90787],[109.69058,21.67971],[109.76318,21.66732]]]}},{"type":"Feature","properties":{"SYS_ID":"97717","NAME_CH":"钦州路","PRES_LOC":"","TYPE_CH":"路","BEG_YR":1280,"BEG_CHG_TY":"更名","END_YR":1368,"END_CHG_TY":"更名","X_COORD":108.65,"Y_COORD":22.08},"geometry":{"type":"MultiPolygon","coordinates":[[[[109.13692,21.84759],[109.09991,21.87695],[109.05695,21.83961],[108.98895,21.84252],[108.9349,21.75842],[108.88715,21.74797],[108.90231,21.77966],[108.86817,21.74668],[108.87389,21.79988],[108.85484,21.78319],[108.85854,21.80799],[108.79059,21.8366],[108.80688,21.81199],[108.7849,21.8089],[108.85359,21.75656],[108.83135,21.7011],[108.80614,21.74768],[108.78396,21.71978],[108.84229,21.66808],[108.82204,21.63831],[108.86766,21.63137],[108.74229,21.59662],[108.70651,21.65759],[108.745,21.64976],[108.75509,21.67636],[108.70281,21.68383],[108.72953,21.71834],[108.7141,21.74936],[108.68872,21.69416],[108.63922,21.73373],[108.68613,21.80883],[108.6556,21.78218],[108.65572,21.81664],[108.63279,21.75955],[108.61854,21.7901],[108.63544,21.74274],[108.608,21.70823],[108.59935,21.76235],[108.56227,21.78264],[108.63275,21.88245],[108.59989,21.90568],[108.54366,21.88904],[108.56992,21.93943],[108.4793,21.84263],[108.47127,21.92269],[108.43641,21.85609],[108.49526,21.81025],[108.4997,21.75184],[108.54881,21.74425],[108.51408,21.71419],[108.50254,21.74491],[108.46957,21.73159],[108.50484,21.70582],[108.4716,21.69044],[108.50053,21.69876],[108.50298,21.66909],[108.53899,21.71728],[108.52609,21.66762],[108.55173,21.64175],[108.50243,21.63602],[108.52914,21.61566],[108.48499,21.56368],[108.50156,21.59859],[108.47811,21.6088],[108.4473,21.55984],[108.47225,21.55214],[108.39549,21.54883],[108.39416,21.58813],[108.44424,21.58285],[108.44996,21.61654],[108.42173,21.60499],[108.41817,21.62847],[108.47453,21.65916],[108.41635,21.65284],[108.43515,21.68911],[108.38714,21.67207],[108.33802,21.59945],[108.36911,21.66795],[108.33524,21.6893],[108.34948,21.71806],[108.34853,21.73599],[108.30719,21.67359],[108.31853,21.57972],[108.21793,21.49486],[108.26144,21.57723],[108.22192,21.61472],[108.24121,21.63813],[108.24084,21.66717],[108.22084,21.62484],[108.19878,21.64029],[108.21371,21.60862],[108.13149,21.56873],[108.18593,21.52488],[108.12133,21.51096],[108.11237,21.53771],[108.03278,21.54897],[107.9688,21.52396],[107.85928,21.65305],[107.59328,21.60041],[107.56717,21.65445],[107.50704,21.67825],[107.55123,21.72497],[107.893,21.83309],[107.88627,21.86389],[108.18628,21.98582],[108.21058,22.04526],[108.18336,22.14826],[108.2256,22.19501],[108.40688,22.26973],[108.48447,22.24211],[108.53449,22.28793],[108.53819,22.34901],[108.61844,22.31548],[108.69784,22.38716],[108.63825,22.45574],[108.61147,22.43238],[108.63035,22.40278],[108.56789,22.37585],[108.27211,22.44721],[108.32386,22.50887],[108.47734,22.57462],[108.54445,22.72506],[108.72405,22.60344],[108.77957,22.52662],[108.83591,22.54415],[108.88758,22.51482],[108.98301,22.53893],[109.02772,22.51044],[109.15961,22.52082],[109.16543,22.55205],[109.27209,22.4957],[109.31827,22.53231],[109.28992,22.56896],[109.35761,22.63545],[109.44437,22.61176],[109.47551,22.65335],[109.51542,22.644],[109.50497,22.59735],[109.55974,22.55084],[109.47842,22.44841],[109.47775,22.38531],[109.45028,22.40018],[109.23252,22.15164],[109.2746,22.10813],[109.2562,22.03888],[109.29068,21.91291],[109.22738,21.85491],[109.13692,21.84759]]],[[[108.56299,21.69672],[108.54655,21.67022],[108.5429,21.69249],[108.56299,21.69672]]]]}},{"type":"Feature","properties":{"SYS_ID":"97718","NAME_CH":"钦州府","PRES_LOC":"","TYPE_CH":"府","BEG_YR":1369,"BEG_CHG_TY":"更名","END_YR":1373,"END_CHG_TY":"更名","X_COORD":108.65,"Y_COORD":22.08},"geometry":{"type":"MultiPolygon","coordinates":[[[[109.13692,21.84759],[109.09991,21.87695],[109.05695,21.83961],[108.98895,21.84252],[108.9349,21.75842],[108.88715,21.74797],[108.90231,21.77966],[108.86817,21.74668],[108.87389,21.79988],[108.85484,21.78319],[108.85854,21.80799],[108.79059,21.8366],[108.80688,21.81199],[108.7849,21.8089],[108.85359,21.75656],[108.83135,21.7011],[108.80614,21.74768],[108.78396,21.71978],[108.84229,21.66808],[108.82204,21.63831],[108.86766,21.63137],[108.74229,21.59662],[108.70651,21.65759],[108.745,21.64976],[108.75509,21.67636],[108.70281,21.68383],[108.72953,21.71834],[108.7141,21.74936],[108.68872,21.69416],[108.63922,21.73373],[108.68613,21.80883],[108.6556,21.78218],[108.65572,21.81664],[108.63279,21.75955],[108.61854,21.7901],[108.63544,21.74274],[108.608,21.70823],[108.59935,21.76235],[108.56227,21.78264],[108.63275,21.88245],[108.59989,21.90568],[108.54366,21.88904],[108.56992,21.93943],[108.4793,21.84263],[108.47127,21.92269],[108.43641,21.85609],[108.49526,21.81025],[108.4997,21.75184],[108.54881,21.74425],[108.51408,21.71419],[108.50254,21.74491],[108.46957,21.73159],[108.50484,21.70582],[108.4716,21.69044],[108.50053,21.69876],[108.50298,21.66909],[108.53899,21.71728],[108.52609,21.66762],[108.55173,21.64175],[108.50243,21.63602],[108.52914,21.61566],[108.48499,21.56368],[108.50156,21.59859],[108.47811,21.6088],[108.4473,21.55984],[108.47225,21.55214],[108.39549,21.54883],[108.39416,21.58813],[108.44424,21.58285],[108.44996,21.61654],[108.42173,21.60499],[108.41817,21.62847],[108.47453,21.65916],[108.41635,21.65284],[108.43515,21.68911],[108.38714,21.67207],[108.33802,21.59945],[108.36911,21.66795],[108.33524,21.6893],[108.34948,21.71806],[108.34853,21.73599],[108.30719,21.67359],[108.31853,21.57972],[108.21793,21.49486],[108.26144,21.57723],[108.22192,21.61472],[108.24121,21.63813],[108.24084,21.66717],[108.22084,21.62484],[108.19878,21.64029],[108.21371,21.60862],[108.13149,21.56873],[108.18593,21.52488],[108.12133,21.51096],[108.11237,21.53771],[108.03278,21.54897],[107.9688,21.52396],[107.85928,21.65305],[107.59328,21.60041],[107.56717,21.65445],[107.50704,21.67825],[107.55123,21.72497],[107.893,21.83309],[107.88627,21.86389],[108.18628,21.98582],[108.21058,22.04526],[108.18336,22.14826],[108.2256,22.19501],[108.40688,22.26973],[108.48447,22.24211],[108.53449,22.28793],[108.53819,22.34901],[108.61844,22.31548],[108.69784,22.38716],[108.63825,22.45574],[108.61147,22.43238],[108.63035,22.40278],[108.56789,22.37585],[108.27211,22.44721],[108.32386,22.50887],[108.47734,22.57462],[108.54445,22.72506],[108.72405,22.60344],[108.77957,22.52662],[108.83591,22.54415],[108.88758,22.51482],[108.98301,22.53893],[109.02772,22.51044],[109.15961,22.52082],[109.16543,22.55205],[109.27209,22.4957],[109.31827,22.53231],[109.28992,22.56896],[109.35761,22.63545],[109.44437,22.61176],[109.47551,22.65335],[109.51542,22.644],[109.50497,22.59735],[109.55974,22.55084],[109.47842,22.44841],[109.47775,22.38531],[109.45028,22.40018],[109.23252,22.15164],[109.2746,22.10813],[109.2562,22.03888],[109.29068,21.91291],[109.22738,21.85491],[109.13692,21.84759]]],[[[108.56299,21.69672],[108.54655,21.67022],[108.5429,21.69249],[108.56299,21.69672]]]]}},{"type":"Feature","properties":{"SYS_ID":"97719","NAME_CH":"钦州","PRES_LOC":"","TYPE_CH":"直隶州","BEG_YR":1374,"BEG_CHG_TY":"更名","END_YR":1375,"END_CHG_TY":"撤销","X_COORD":108.65,"Y_COORD":22.08},"geometry":{"type":"MultiPolygon","coordinates":[[[[109.13692,21.84759],[109.09991,21.87695],[109.05695,21.83961],[108.98895,21.84252],[108.9349,21.75842],[108.88715,21.74797],[108.90231,21.77966],[108.86817,21.74668],[108.87389,21.79988],[108.85484,21.78319],[108.85854,21.80799],[108.79059,21.8366],[108.80688,21.81199],[108.7849,21.8089],[108.85359,21.75656],[108.83135,21.7011],[108.80614,21.74768],[108.78396,21.71978],[108.84229,21.66808],[108.82204,21.63831],[108.86766,21.63137],[108.74229,21.59662],[108.70651,21.65759],[108.745,21.64976],[108.75509,21.67636],[108.70281,21.68383],[108.72953,21.71834],[108.7141,21.74936],[108.68872,21.69416],[108.63922,21.73373],[108.68613,21.80883],[108.6556,21.78218],[108.65572,21.81664],[108.63279,21.75955],[108.61854,21.7901],[108.63544,21.74274],[108.608,21.70823],[108.59935,21.76235],[108.56227,21.78264],[108.63275,21.88245],[108.59989,21.90568],[108.54366,21.88904],[108.56992,21.93943],[108.4793,21.84263],[108.47127,21.92269],[108.43641,21.85609],[108.49526,21.81025],[108.4997,21.75184],[108.54881,21.74425],[108.51408,21.71419],[108.50254,21.74491],[108.46957,21.73159],[108.50484,21.70582],[108.4716,21.69044],[108.50053,21.69876],[108.50298,21.66909],[108.53899,21.71728],[108.52609,21.66762],[108.55173,21.64175],[108.50243,21.63602],[108.52914,21.61566],[108.48499,21.56368],[108.50156,21.59859],[108.47811,21.6088],[108.4473,21.55984],[108.47225,21.55214],[108.39549,21.54883],[108.39416,21.58813],[108.44424,21.58285],[108.44996,21.61654],[108.42173,21.60499],[108.41817,21.62847],[108.47453,21.65916],[108.41635,21.65284],[108.43515,21.68911],[108.38714,21.67207],[108.33802,21.59945],[108.36911,21.66795],[108.33524,21.6893],[108.34948,21.71806],[108.34853,21.73599],[108.30719,21.67359],[108.31853,21.57972],[108.21793,21.49486],[108.26144,21.57723],[108.22192,21.61472],[108.24121,21.63813],[108.24084,21.66717],[108.22084,21.62484],[108.19878,21.64029],[108.21371,21.60862],[108.13149,21.56873],[108.18593,21.52488],[108.12133,21.51096],[108.11237,21.53771],[108.03278,21.54897],[107.9688,21.52396],[107.85928,21.65305],[107.59328,21.60041],[107.56717,21.65445],[107.50704,21.67825],[107.55123,21.72497],[107.893,21.83309],[107.88627,21.86389],[108.18628,21.98582],[108.21058,22.04526],[108.18336,22.14826],[108.2256,22.19501],[108.40688,22.26973],[108.48447,22.24211],[108.53449,22.28793],[108.53819,22.34901],[108.61844,22.31548],[108.69784,22.38716],[108.63825,22.45574],[108.61147,22.43238],[108.63035,22.40278],[108.56789,22.37585],[108.27211,22.44721],[108.32386,22.50887],[108.47734,22.57462],[108.54445,22.72506],[108.72405,22.60344],[108.77957,22.52662],[108.83591,22.54415],[108.88758,22.51482],[108.98301,22.53893],[109.02772,22.51044],[109.15961,22.52082],[109.16543,22.55205],[109.27209,22.4957],[109.31827,22.53231],[109.28992,22.56896],[109.35761,22.63545],[109.44437,22.61176],[109.47551,22.65335],[109.51542,22.644],[109.50497,22.59735],[109.55974,22.55084],[109.47842,22.44841],[109.47775,22.38531],[109.45028,22.40018],[109.23252,22.15164],[109.2746,22.10813],[109.2562,22.03888],[109.29068,21.91291],[109.22738,21.85491],[109.13692,21.84759]]],[[[108.56299,21.69672],[108.54655,21.67022],[108.5429,21.69249],[108.56299,21.69672]]]]}},{"type":"Feature","properties":{"SYS_ID":"97722","NAME_CH":"封州","PRES_LOC":"","TYPE_CH":"直隶州","BEG_YR":1282,"BEG_CHG_TY":"更名","END_YR":1368,"END_CHG_TY":"撤销","X_COORD":111.69,"Y_COORD":23.53},"geometry":{"type":"Polygon","coordinates":[[[111.54591,23.24095],[111.39228,23.16754],[111.35229,23.27945],[111.38589,23.44935],[111.47482,23.54733],[111.48286,23.63212],[111.61105,23.64541],[111.66016,23.71435],[111.61121,23.73212],[111.6545,23.82934],[111.79997,23.81521],[111.84798,23.94993],[111.97723,23.97738],[111.94616,23.81935],[111.87833,23.71681],[111.9691,23.64934],[111.96857,23.51013],[111.99122,23.47725],[112.02251,23.48554],[112.01005,23.45566],[111.92413,23.39696],[111.85932,23.41041],[111.82446,23.37828],[111.76756,23.40422],[111.72848,23.30446],[111.63509,23.28354],[111.6347,23.22046],[111.54591,23.24095]]]}},{"type":"Feature","properties":{"SYS_ID":"97726","NAME_CH":"雷州府","PRES_LOC":"","TYPE_CH":"府","BEG_YR":1381,"BEG_CHG_TY":"辖区缩小","END_YR":1911,"END_CHG_TY":"数据下限","X_COORD":110.09,"Y_COORD":20.86},"geometry":{"type":"MultiPolygon","coordinates":[[[[110.16408,20.96899],[110.18712,20.84919],[110.16846,20.86435],[110.12479,20.85186],[110.17141,20.84751],[110.13192,20.80941],[110.12849,20.77435],[110.16381,20.82977],[110.22487,20.85147],[110.36333,20.81673],[110.38704,20.72583],[110.36092,20.70261],[110.32408,20.77156],[110.29675,20.73181],[110.3286,20.69241],[110.29397,20.67835],[110.2771,20.64455],[110.32247,20.6751],[110.32798,20.62143],[110.38742,20.65644],[110.38376,20.59752],[110.44802,20.55101],[110.46879,20.56747],[110.51022,20.51652],[110.52367,20.41392],[110.43391,20.31775],[110.28262,20.2378],[110.216,20.27737],[110.22787,20.25755],[110.12484,20.23367],[110.04617,20.28793],[109.97808,20.28518],[109.92053,20.22909],[109.92458,20.34499],[109.86279,20.39717],[109.9044,20.43045],[109.97111,20.38871],[109.98351,20.33283],[110.04453,20.36171],[109.98147,20.35676],[110.02387,20.44512],[109.97563,20.42995],[109.97435,20.46375],[109.94282,20.43462],[109.93447,20.51394],[109.9213,20.43304],[109.89369,20.48697],[109.82662,20.48918],[109.81192,20.5343],[109.86556,20.54068],[109.8378,20.55302],[109.84747,20.58657],[109.82909,20.56585],[109.80168,20.62021],[109.74432,20.6224],[109.76021,20.68017],[109.79462,20.6722],[109.85984,20.71425],[109.76459,20.69868],[109.76041,20.86119],[109.73038,20.85404],[109.73336,20.79792],[109.66943,20.86293],[109.66251,20.93912],[109.70866,21.05139],[109.67493,21.12334],[109.73174,21.18874],[109.73465,21.1487],[109.75971,21.15068],[109.7694,21.34713],[109.96503,21.33537],[109.90438,21.37214],[109.92986,21.42486],[110.10043,21.45191],[110.13963,21.41971],[110.18732,21.5077],[110.24336,21.5126],[110.33782,21.42917],[110.32016,21.41269],[110.36436,21.42834],[110.40926,21.32815],[110.38573,21.32991],[110.40989,21.29229],[110.38519,21.2626],[110.42197,21.22052],[110.35364,21.10923],[110.27628,21.11303],[110.26527,21.08022],[110.23812,21.10711],[110.22343,21.03164],[110.2075,21.10854],[110.11719,21.14865],[110.20574,21.08974],[110.19389,21.00089],[110.1571,20.9818],[110.10613,21.03381],[110.16408,20.96899]]],[[[110.30008,21.05499],[110.39271,21.08755],[110.43486,21.04671],[110.55182,21.05671],[110.52531,20.92025],[110.45964,20.99114],[110.2486,20.95266],[110.34962,21.05649],[110.30008,21.05499]]],[[[110.47261,20.64101],[110.44868,20.58033],[110.40956,20.65445],[110.47261,20.64101]]],[[[109.13222,21.06606],[109.12563,21.02106],[109.08094,21.01728],[109.0851,21.05363],[109.13222,21.06606]]]]}},{"type":"Feature","properties":{"SYS_ID":"97729","NAME_CH":"德庆府","PRES_LOC":"","TYPE_CH":"府","BEG_YR":1369,"BEG_CHG_TY":"辖区扩大","END_YR":1375,"END_CHG_TY":"撤销","X_COORD":111.67,"Y_COORD":23.05},"geometry":{"type":"Polygon","coordinates":[[[112.15668,23.07911],[112.15576,22.96621],[112.02684,22.84416],[111.97922,22.72533],[112.01649,22.66071],[111.88767,22.57497],[111.82576,22.5916],[111.87025,22.66767],[111.81719,22.68234],[111.80344,22.62355],[111.72984,22.56869],[111.6331,22.40966],[111.51138,22.36788],[111.45187,22.27328],[111.37671,22.24857],[111.28339,22.37351],[111.15048,22.45945],[111.04018,22.47985],[110.99275,22.54105],[110.99583,22.6391],[111.08583,22.69691],[111.05392,22.73113],[111.19962,22.7462],[111.27834,22.80194],[111.35966,22.90603],[111.35539,22.9662],[111.4248,23.03825],[111.37278,23.09476],[111.39228,23.16754],[111.35521,23.33861],[111.39612,23.47082],[111.47482,23.54733],[111.48286,23.63212],[111.61105,23.64541],[111.66016,23.71435],[111.61121,23.73212],[111.64163,23.82031],[111.69591,23.84193],[111.79997,23.81521],[111.84798,23.94993],[111.92539,23.97439],[111.98433,23.96766],[111.87984,23.70189],[111.9691,23.64934],[111.98213,23.48586],[112.1398,23.50773],[112.26448,23.45542],[112.18547,23.41302],[112.21504,23.36717],[112.19992,23.32977],[112.26021,23.33162],[112.24635,23.25406],[112.18449,23.23251],[112.22729,23.17773],[112.18063,23.1275],[112.25107,23.12307],[112.15668,23.07911]]]}},{"type":"Feature","properties":{"SYS_ID":"97732","NAME_CH":"新州","PRES_LOC":"","TYPE_CH":"直隶州","BEG_YR":1368,"BEG_CHG_TY":"辖区扩大","END_YR":1368,"END_CHG_TY":"撤销","X_COORD":111.94,"Y_COORD":22.2},"geometry":{"type":"MultiPolygon","coordinates":[[[[112.60341,22.60464],[112.5155,22.35487],[112.47476,22.35761],[112.48581,22.25257],[112.42292,22.21917],[112.39491,22.13517],[112.36415,22.12717],[112.37431,22.02993],[112.28811,21.98975],[112.34408,21.92303],[112.35037,21.8551],[112.29855,21.81891],[112.31131,21.765],[112.1917,21.73328],[112.21702,21.80574],[112.2015,21.84966],[112.20849,21.80895],[112.16875,21.81548],[112.19764,21.79222],[112.02333,21.78921],[112.0094,21.82794],[112.05087,21.85589],[112.05058,21.87981],[111.99893,21.83268],[112.00813,21.78337],[111.9526,21.78885],[112.02295,21.75864],[111.85851,21.67361],[111.81322,21.7103],[111.85013,21.77125],[111.80234,21.75093],[111.78284,21.7809],[111.77155,21.75447],[111.6647,21.77619],[111.64316,21.75299],[111.68613,21.76629],[111.73158,21.70573],[111.78467,21.71096],[111.77468,21.64153],[111.74063,21.63703],[111.78967,21.61268],[111.68356,21.5912],[111.65069,21.51077],[111.59219,21.55966],[111.62777,21.52828],[111.45483,21.51706],[111.49043,21.52489],[111.45152,21.54196],[111.44075,21.59505],[111.40945,21.59284],[111.43761,21.7011],[111.38494,21.74776],[111.42277,21.84399],[111.29245,21.9116],[111.28114,21.98238],[111.30719,22.01839],[111.28295,22.05717],[111.32926,22.11617],[111.35135,22.23436],[111.45187,22.27328],[111.51138,22.36788],[111.62859,22.40467],[111.72984,22.56869],[111.80344,22.62355],[111.81143,22.67783],[111.87025,22.66767],[111.82576,22.5916],[111.89361,22.57444],[112.01649,22.66071],[111.97922,22.72533],[112.02684,22.84416],[112.16853,22.95657],[112.24403,22.90947],[112.31039,22.91776],[112.31439,22.79792],[112.37519,22.79949],[112.40517,22.67528],[112.51912,22.73558],[112.54257,22.65579],[112.60341,22.60464]]],[[[111.91299,21.65807],[112.01786,21.63187],[111.80882,21.55615],[111.85419,21.6144],[111.84634,21.65987],[111.87774,21.63845],[111.91299,21.65807]]]]}},{"type":"Feature","properties":{"SYS_ID":"97736","NAME_CH":"肇庆府","PRES_LOC":"","TYPE_CH":"府","BEG_YR":1376,"BEG_CHG_TY":"辖区扩大","END_YR":1477,"END_CHG_TY":"辖区扩大","X_COORD":111.99,"Y_COORD":22.79},"geometry":{"type":"MultiPolygon","coordinates":[[[[112.05372,23.48878],[112.15867,23.60196],[112.13991,23.69833],[112.23706,23.76913],[112.25114,23.7336],[112.29198,23.76738],[112.33629,23.75958],[112.37684,23.89401],[112.51654,23.97552],[112.66501,23.94638],[112.68481,23.90109],[112.64795,23.81183],[112.69456,23.80666],[112.71422,23.69736],[112.77361,23.67335],[112.75154,23.61022],[112.84228,23.52804],[112.78173,23.40368],[112.83907,23.33815],[112.83488,23.27239],[112.80653,23.20501],[112.7709,23.22562],[112.75896,23.20198],[112.79078,23.14404],[112.9053,23.13388],[112.8654,23.10378],[112.85935,23.04813],[112.89265,22.98925],[112.8637,22.94321],[112.90802,22.8676],[112.85546,22.88074],[112.80482,22.73879],[112.74641,22.68571],[112.71247,22.68655],[112.68531,22.76254],[112.66679,22.71904],[112.58701,22.7085],[112.57291,22.64862],[112.60928,22.56485],[112.5155,22.35487],[112.47476,22.35761],[112.49146,22.26326],[112.36415,22.12717],[112.36771,22.01908],[112.28811,21.98975],[112.34408,21.92303],[112.35037,21.8551],[112.29855,21.81891],[112.31131,21.765],[112.1917,21.73328],[112.21702,21.80574],[112.2015,21.84966],[112.20849,21.80895],[112.16875,21.81548],[112.19764,21.79222],[112.02333,21.78921],[112.0094,21.82794],[112.05087,21.85589],[112.05058,21.87981],[111.99893,21.83268],[112.00813,21.78337],[111.9526,21.78885],[112.02295,21.75864],[111.85851,21.67361],[111.81322,21.7103],[111.85013,21.77125],[111.80234,21.75093],[111.78284,21.7809],[111.77155,21.75447],[111.6647,21.77619],[111.64316,21.75299],[111.68613,21.76629],[111.73158,21.70573],[111.78467,21.71096],[111.77468,21.64153],[111.74063,21.63703],[111.78967,21.61268],[111.68356,21.5912],[111.65069,21.51077],[111.59219,21.55966],[111.62777,21.52828],[111.47412,21.50126],[111.45594,21.52426],[111.482,21.54154],[111.40945,21.59284],[111.43761,21.7011],[111.38494,21.74776],[111.42277,21.84399],[111.33323,21.8777],[111.28458,21.93554],[111.30719,22.01839],[111.28295,22.05717],[111.32926,22.11617],[111.369,22.27116],[111.28339,22.37351],[111.15048,22.45945],[111.04018,22.47985],[110.98503,22.56043],[110.99583,22.6391],[111.07899,22.68251],[111.06167,22.73704],[111.21206,22.75022],[111.35966,22.90603],[111.35413,22.96414],[111.42598,23.05384],[111.37278,23.09476],[111.39228,23.16754],[111.35114,23.28772],[111.37805,23.31223],[111.35521,23.33861],[111.38589,23.44935],[111.47482,23.54733],[111.48286,23.63212],[111.61105,23.64541],[111.66016,23.71435],[111.61121,23.73212],[111.64163,23.82031],[111.69591,23.84193],[111.79997,23.81521],[111.84798,23.94993],[111.98268,23.97364],[111.94616,23.81935],[111.87984,23.70189],[111.9691,23.64934],[111.98213,23.48586],[112.05372,23.48878]]],[[[111.91299,21.65807],[112.01786,21.63187],[111.80882,21.55615],[111.85419,21.6144],[111.84634,21.65987],[111.87774,21.63845],[111.91299,21.65807]]]]}},{"type":"Feature","properties":{"SYS_ID":"97751","NAME_CH":"连州","PRES_LOC":"","TYPE_CH":"直隶州","BEG_YR":1282,"BEG_CHG_TY":"更名和辖区缩小","END_YR":1368,"END_CHG_TY":"撤销","X_COORD":112.1,"Y_COORD":24.51},"geometry":{"type":"Polygon","coordinates":[[[112.18842,24.40163],[112.23942,24.35598],[112.25304,24.29034],[112.24413,24.24351],[112.16368,24.18437],[112.07054,24.26411],[112.02882,24.18976],[111.93022,24.23607],[112.0569,24.36512],[111.98059,24.4686],[111.99618,24.54917],[111.9244,24.61909],[111.93716,24.68865],[112.10474,24.83438],[112.1491,24.83965],[112.18842,24.80149],[112.18652,24.75423],[112.26848,24.70729],[112.20535,24.65638],[112.13961,24.5255],[112.18842,24.40163]]]}},{"type":"Feature","properties":{"SYS_ID":"97752","NAME_CH":"桂阳州","PRES_LOC":"","TYPE_CH":"直隶州","BEG_YR":1282,"BEG_CHG_TY":"新建","END_YR":1368,"END_CHG_TY":"撤销","X_COORD":112.53,"Y_COORD":24.68},"geometry":{"type":"Polygon","coordinates":[[[112.44615,24.27154],[112.26643,24.39875],[112.22311,24.35543],[112.14342,24.50296],[112.20535,24.65638],[112.26848,24.70729],[112.18327,24.7581],[112.18842,24.80149],[112.14682,24.82691],[112.16705,24.91565],[112.1088,24.96688],[112.20285,25.20315],[112.25398,25.16049],[112.35634,25.1927],[112.39117,25.14294],[112.43898,25.18245],[112.53542,25.12705],[112.651,25.13165],[112.71735,25.06047],[112.69795,25.01054],[112.77531,24.9411],[112.77395,24.89697],[112.98813,24.92126],[113.0157,24.86782],[112.9485,24.82362],[112.87529,24.62681],[112.88509,24.60019],[112.96355,24.58732],[112.94746,24.49129],[112.86197,24.46159],[112.84539,24.41021],[112.8748,24.36716],[112.75417,24.32746],[112.76223,24.28199],[112.70828,24.20813],[112.61391,24.21404],[112.5673,23.97467],[112.51654,23.97552],[112.52786,24.01451],[112.4772,24.11696],[112.41919,24.13109],[112.44615,24.27154]]]}},{"type":"Feature","properties":{"SYS_ID":"97759","NAME_CH":"英德州","PRES_LOC":"","TYPE_CH":"直隶州","BEG_YR":1308,"BEG_CHG_TY":"更名","END_YR":1368,"END_CHG_TY":"撤销","X_COORD":113.58,"Y_COORD":24.26},"geometry":{"type":"Polygon","coordinates":[[[114.28565,24.34149],[114.23486,24.23582],[114.04789,24.11356],[114.03049,24.02328],[113.89275,23.92883],[113.77674,23.90321],[113.62875,23.96798],[113.51032,23.96518],[113.36237,23.9219],[113.34216,23.85583],[113.27463,23.84374],[113.16971,23.89662],[113.0973,23.89007],[113.09128,23.92024],[112.98815,23.9593],[112.967,24.05291],[112.89999,24.04713],[112.9091,24.09322],[112.82899,24.12642],[112.79716,24.17996],[112.83263,24.25842],[112.75223,24.32183],[112.8748,24.36716],[112.84539,24.41021],[112.86197,24.46159],[112.94318,24.4849],[112.96288,24.54964],[113.04973,24.46787],[113.10091,24.4965],[113.15495,24.45982],[113.20206,24.53469],[113.20239,24.49188],[113.24378,24.5142],[113.28362,24.46438],[113.37865,24.47962],[113.4379,24.45513],[113.49461,24.48854],[113.52106,24.47293],[113.54574,24.51495],[113.65897,24.46686],[113.66703,24.5565],[113.71703,24.56291],[113.7827,24.5162],[113.77237,24.59034],[113.81207,24.62367],[113.87454,24.62478],[113.89079,24.56724],[114,24.51782],[114.04587,24.61268],[114.14674,24.62191],[114.17725,24.66336],[114.27474,24.62827],[114.30323,24.57259],[114.35217,24.58782],[114.42616,24.48704],[114.41193,24.39612],[114.28565,24.34149]]]}},{"type":"Feature","properties":{"SYS_ID":"97764","NAME_CH":"韶州府","PRES_LOC":"","TYPE_CH":"府","BEG_YR":1381,"BEG_CHG_TY":"辖区缩小","END_YR":1568,"END_CHG_TY":"辖区缩小","X_COORD":113.5,"Y_COORD":24.62},"geometry":{"type":"Polygon","coordinates":[[[112.98813,24.92126],[113.00774,24.97965],[112.97163,25.02581],[113.00647,25.08444],[112.96023,25.15714],[113.0275,25.19996],[112.97398,25.2544],[112.86255,25.24774],[112.85584,25.33323],[112.91476,25.30244],[112.93948,25.33921],[113.01506,25.34844],[113.12275,25.41221],[113.15414,25.48793],[113.22728,25.51522],[113.29178,25.52028],[113.30216,25.44712],[113.35098,25.43924],[113.36461,25.40073],[113.43826,25.36175],[113.53484,25.36586],[113.57375,25.31346],[113.74532,25.36307],[113.76217,25.32815],[113.81207,25.32813],[113.88377,25.43642],[113.95921,25.45732],[114.03433,25.3632],[114.02842,25.31696],[113.95631,25.26436],[113.97131,25.22094],[113.82422,25.13376],[113.86588,25.08755],[113.90812,25.13336],[113.99262,25.10778],[113.91168,25.03413],[113.92774,24.94484],[113.90097,24.90462],[113.9717,24.79554],[113.88551,24.69351],[113.90636,24.67453],[113.86962,24.62628],[113.8863,24.57377],[114,24.51782],[114.04587,24.61268],[114.14674,24.62191],[114.17725,24.66336],[114.22918,24.64691],[114.2841,24.62027],[114.30323,24.57259],[114.35217,24.58782],[114.3806,24.56011],[114.42616,24.48704],[114.41193,24.39612],[114.27306,24.33189],[114.23486,24.23582],[114.04789,24.11356],[114.03049,24.02328],[113.89275,23.92883],[113.77674,23.90321],[113.62875,23.96798],[113.51032,23.96518],[113.36237,23.9219],[113.34216,23.85583],[113.26141,23.84494],[113.16971,23.89662],[113.0973,23.89007],[113.09128,23.92024],[112.98815,23.9593],[112.967,24.05291],[112.89999,24.04713],[112.9091,24.09322],[112.83171,24.12257],[112.79716,24.17996],[112.83263,24.25842],[112.75241,24.31481],[112.8748,24.36716],[112.84539,24.41021],[112.86197,24.46159],[112.94318,24.4849],[112.97528,24.55022],[112.9605,24.59005],[112.8741,24.61791],[112.9485,24.82362],[113.01543,24.86439],[112.98813,24.92126]]]}},{"type":"Feature","properties":{"SYS_ID":"97770","NAME_CH":"南雄府","PRES_LOC":"","TYPE_CH":"府","BEG_YR":1368,"BEG_CHG_TY":"更名","END_YR":1805,"END_CHG_TY":"更名","X_COORD":114.24,"Y_COORD":25.02},"geometry":{"type":"Polygon","coordinates":[[[114,24.51782],[113.89079,24.56724],[113.86962,24.62628],[113.90636,24.67453],[113.88802,24.69908],[113.9717,24.79554],[113.90097,24.90462],[113.92774,24.94484],[113.91168,25.03413],[113.99262,25.10778],[113.90812,25.13336],[113.85093,25.09068],[113.83149,25.15064],[113.92152,25.1766],[113.97131,25.22094],[113.97758,25.27528],[114.01199,25.28538],[114.02846,25.25476],[114.11813,25.31219],[114.23009,25.29059],[114.30407,25.30144],[114.29907,25.33299],[114.38192,25.31765],[114.43279,25.38286],[114.49198,25.38106],[114.52975,25.41853],[114.6267,25.32928],[114.69727,25.31933],[114.7393,25.2522],[114.67704,25.17292],[114.72576,25.11987],[114.64369,25.07755],[114.55755,25.08555],[114.52877,25.02287],[114.39032,24.95209],[114.39539,24.87785],[114.32899,24.80702],[114.32644,24.7481],[114.17381,24.67675],[114.14674,24.62191],[114.04587,24.61268],[114,24.51782]]]}},{"type":"Feature","properties":{"SYS_ID":"97780","NAME_CH":"广州府","PRES_LOC":"","TYPE_CH":"府","BEG_YR":1526,"BEG_CHG_TY":"辖区扩大","END_YR":1648,"END_CHG_TY":"辖区缩小","X_COORD":113.16,"Y_COORD":23.36},"geometry":{"type":"MultiPolygon","coordinates":[[[[112.75241,24.31481],[112.83263,24.25842],[112.79716,24.17996],[112.82899,24.12642],[112.9091,24.09322],[112.89999,24.04713],[112.967,24.05291],[112.98815,23.9593],[113.09128,23.92024],[113.0973,23.89007],[113.16971,23.89662],[113.26141,23.84494],[113.34216,23.85583],[113.36237,23.9219],[113.51032,23.96518],[113.62875,23.96798],[113.77674,23.90321],[113.88145,23.93553],[114.10924,23.92995],[114.16528,23.96143],[114.29722,23.94673],[114.3457,23.89115],[114.32205,23.82351],[114.35689,23.73205],[114.27354,23.60767],[114.32935,23.56843],[114.31268,23.5209],[114.2432,23.44832],[114.20159,23.47909],[114.04096,23.40154],[114.0287,23.32805],[114,23.35165],[113.88613,23.3435],[113.89021,23.1817],[113.84803,23.11669],[114.01804,23.08425],[114.06941,23.10185],[114.21049,22.98535],[114.22991,22.82178],[114.17328,22.78596],[114.20589,22.74149],[114.15098,22.64333],[114.15968,22.60134],[114.31679,22.66979],[114.51057,22.63819],[114.59119,22.6592],[114.48954,22.56935],[114.51538,22.5489],[114.53982,22.57437],[114.62424,22.5126],[114.49835,22.45248],[114.47653,22.54807],[114.41025,22.61278],[114.26556,22.58946],[114.21127,22.5292],[114.25929,22.5526],[114.27466,22.511],[114.33559,22.50623],[114.24593,22.45126],[114.22885,22.47415],[114.1618,22.45491],[114.21245,22.42026],[114.18973,22.38287],[114.23951,22.43716],[114.27379,22.41645],[114.31653,22.47822],[114.34527,22.47311],[114.33762,22.43068],[114.36109,22.45958],[114.40218,22.41754],[114.3691,22.40177],[114.39062,22.36918],[114.27118,22.38667],[114.25314,22.35847],[114.31058,22.29744],[114.27933,22.26678],[114.25536,22.32691],[114.23938,22.28792],[114.20138,22.33005],[114.16828,22.29493],[114.11507,22.37244],[114.02011,22.35825],[113.97576,22.39428],[113.92789,22.36864],[113.90686,22.41009],[114,22.49167],[114.03291,22.47569],[114.04216,22.5189],[113.93402,22.53192],[113.93693,22.48329],[113.8884,22.46617],[113.87032,22.49579],[113.91273,22.53245],[113.83456,22.5895],[113.77268,22.74917],[113.72048,22.77145],[113.66999,22.74421],[113.63545,22.79421],[113.57814,22.73722],[113.52564,22.78127],[113.47716,22.76312],[113.4361,22.73284],[113.5644,22.59697],[113.55283,22.58396],[113.57701,22.50871],[113.53273,22.40305],[113.6249,22.37395],[113.56979,22.28844],[113.5904,22.24681],[113.5583,22.19156],[113.5285,22.17554],[113.54134,22.20661],[113.52124,22.23626],[113.50747,22.2381],[113.48069,22.23003],[113.5147,22.23349],[113.52377,22.17455],[113.45962,22.1645],[113.42334,22.21744],[113.37853,22.22235],[113.3915,22.18652],[113.30976,22.06362],[113.24509,22.04454],[113.25119,22.00272],[113.20168,21.98544],[113.19859,21.95518],[113.20762,22.07309],[113.16941,22.05475],[113.11104,22.07933],[113.12386,22.18769],[113.07809,22.19347],[112.99426,22.08061],[113.03458,21.95085],[112.92638,21.84836],[112.89307,21.85464],[112.83371,21.97181],[112.74407,21.92614],[112.74746,21.88741],[112.72057,21.89462],[112.69301,21.84437],[112.65013,21.84513],[112.65022,21.78787],[112.61037,21.76003],[112.55614,21.75142],[112.49688,21.79397],[112.50261,21.81911],[112.485,21.80027],[112.42862,21.82571],[112.43079,21.86336],[112.45908,21.85363],[112.42191,21.91073],[112.49744,21.92776],[112.51479,21.95327],[112.48976,21.97326],[112.48685,21.94369],[112.39575,21.94177],[112.37255,21.98929],[112.41036,22.00667],[112.38691,22.02247],[112.41586,22.064],[112.37631,22.03885],[112.36415,22.12717],[112.47211,22.10708],[112.47955,22.02045],[112.55479,22.00864],[112.59065,21.96489],[112.62738,22.037],[112.5872,22.06248],[112.62139,22.12981],[112.58455,22.24885],[112.4882,22.28649],[112.47253,22.33172],[112.48303,22.36321],[112.5155,22.35487],[112.60928,22.56485],[112.57291,22.64862],[112.5834,22.70168],[112.64207,22.73439],[112.66679,22.71904],[112.68531,22.76254],[112.71247,22.68655],[112.74641,22.68571],[112.80482,22.73879],[112.85546,22.88074],[112.90939,22.88432],[112.75896,23.20198],[112.7709,23.22562],[112.80653,23.20501],[112.83488,23.27239],[112.83907,23.33815],[112.78173,23.40368],[112.84228,23.52804],[112.75154,23.61022],[112.77361,23.67335],[112.71422,23.69736],[112.69456,23.80666],[112.64795,23.81183],[112.68279,23.92405],[112.51654,23.97552],[112.52786,24.01451],[112.4772,24.11696],[112.41919,24.13109],[112.44296,24.27932],[112.34271,24.37416],[112.24918,24.40047],[112.24596,24.24799],[112.16132,24.18291],[112.07054,24.26411],[112.02882,24.18976],[111.93022,24.23607],[112.0569,24.36512],[111.98059,24.4686],[111.99618,24.54917],[111.92192,24.63586],[111.95286,24.71642],[112.01212,24.734],[112.09766,24.83187],[112.1491,24.83965],[112.16705,24.91565],[112.11014,24.98479],[112.19981,25.20202],[112.25398,25.16049],[112.35634,25.1927],[112.39117,25.14294],[112.43898,25.18245],[112.53542,25.12705],[112.651,25.13165],[112.71735,25.06047],[112.69795,25.01054],[112.77531,24.9411],[112.77395,24.89697],[112.99862,24.9078],[113.01543,24.86439],[112.9485,24.82362],[112.8741,24.61791],[112.9605,24.59005],[112.97528,24.55022],[112.94318,24.4849],[112.86197,24.46159],[112.84539,24.41021],[112.8748,24.36716],[112.75241,24.31481]]],[[[112.23978,21.70171],[112.32247,21.77681],[112.29855,21.81891],[112.35037,21.8551],[112.33674,21.95252],[112.28811,21.98975],[112.37253,22.02837],[112.36745,21.98391],[112.38562,21.93331],[112.37717,21.93123],[112.41366,21.82013],[112.40605,21.73435],[112.30296,21.69823],[112.23978,21.70171]]],[[[112.772,21.56697],[112.7657,21.61776],[112.72952,21.61569],[112.78792,21.68353],[112.73797,21.66899],[112.70708,21.70479],[112.77299,21.72637],[112.77993,21.77376],[112.87737,21.77528],[112.80251,21.70185],[112.81112,21.58996],[112.772,21.56697]]],[[[113.99743,22.32151],[114.01755,22.22589],[113.84468,22.1943],[113.84003,22.23126],[113.89694,22.29133],[113.93206,22.27351],[113.99743,22.32151]]],[[[112.52967,21.58765],[112.53591,21.63762],[112.57954,21.65465],[112.55514,21.66705],[112.65907,21.71433],[112.63125,21.66124],[112.65327,21.63127],[112.5649,21.62189],[112.52967,21.58765]]],[[[114.21927,22.19625],[114.1954,22.23533],[114.13353,22.25061],[114.11893,22.28257],[114.23576,22.28439],[114.25797,22.21622],[114.22617,22.24233],[114.21927,22.19625]]],[[[113.4757,22.72569],[113.56455,22.72618],[113.59907,22.6423],[113.45425,22.72916],[113.4757,22.72569]]],[[[113.4155,22.07867],[113.40566,22.00711],[113.30089,22.00432],[113.32779,22.07262],[113.4155,22.07867]]],[[[113.53058,22.15982],[113.55119,22.08138],[113.46296,22.09889],[113.48037,22.14435],[113.53058,22.15982]]],[[[113.26554,21.88018],[113.2168,21.91304],[113.24651,21.94993],[113.29461,21.92328],[113.26554,21.88018]]],[[[113.63686,22.44351],[113.64532,22.40224],[113.61356,22.40108],[113.63686,22.44351]]],[[[113.13861,21.8374],[113.15754,21.87641],[113.20125,21.87295],[113.13861,21.8374]]],[[[113.53531,22.75245],[113.48316,22.73257],[113.45205,22.73636],[113.53531,22.75245]]],[[[114.15962,22.20723],[114.1152,22.18375],[114.10476,22.23889],[114.15962,22.20723]]],[[[114.22867,22.02216],[114.27327,22.05092],[114.32343,22.0636],[114.30257,22.04286],[114.22867,22.02216]]],[[[113.01717,21.84427],[113.00342,21.87268],[113.04074,21.88309],[113.04425,21.857],[113.01717,21.84427]]],[[[113.57747,22.122],[113.55646,22.13453],[113.59842,22.13357],[113.57747,22.122]]],[[[113.54786,22.65859],[113.56818,22.61582],[113.53368,22.65824],[113.54786,22.65859]]],[[[112.4636,21.6683],[112.43452,21.66796],[112.46052,21.69023],[112.4636,21.6683]]],[[[113.57571,22.56658],[113.57332,22.58505],[113.59051,22.57387],[113.57571,22.56658]]],[[[113.50792,22.68833],[113.52413,22.67285],[113.52604,22.66725],[113.51781,22.67064],[113.50792,22.68833]]]]}},{"type":"Feature","properties":{"SYS_ID":"97790","NAME_CH":"惠州府","PRES_LOC":"","TYPE_CH":"府","BEG_YR":1369,"BEG_CHG_TY":"辖区扩大","END_YR":1492,"END_CHG_TY":"辖区缩小","X_COORD":115.06,"Y_COORD":23.63},"geometry":{"type":"Polygon","coordinates":[[[113.85019,23.1365],[113.89021,23.1817],[113.88613,23.3435],[114.0332,23.33054],[114.04096,23.40154],[114.1815,23.46159],[114.18835,23.53484],[114.3213,23.65019],[114.35689,23.73205],[114.32205,23.82351],[114.3457,23.89115],[114.29449,23.94881],[114.16528,23.96143],[114.10924,23.92995],[113.89561,23.92417],[114.03049,24.02328],[114.04789,24.11356],[114.23486,24.23582],[114.27306,24.33189],[114.41193,24.39612],[114.42616,24.48704],[114.52753,24.55403],[114.58733,24.53497],[114.66,24.5789],[114.70458,24.52986],[114.74101,24.61365],[114.86491,24.56052],[114.9058,24.66297],[114.93913,24.65018],[115.06381,24.70594],[115.10793,24.66337],[115.27941,24.75431],[115.35347,24.7398],[115.36476,24.77459],[115.41084,24.78082],[115.47355,24.75923],[115.56704,24.62237],[115.67007,24.59854],[115.71317,24.5405],[115.83157,24.56542],[115.78122,24.36742],[115.94655,24.23469],[115.97887,24.15851],[115.93696,24.10421],[115.95586,24.06796],[115.90833,24.05751],[115.997,23.97305],[116.022,23.9836],[115.99212,23.94381],[116.02421,23.88939],[116.00707,23.82508],[115.81177,23.64673],[115.80914,23.5778],[115.74451,23.52661],[115.75939,23.46097],[115.80621,23.33261],[116.06407,23.28138],[116.11913,23.20248],[116.20398,23.17891],[116.22379,23.13747],[116.1831,23.01359],[116.2922,22.97683],[116.19875,22.98269],[116.24567,22.95853],[116.29598,22.96691],[116.09729,22.82239],[116.08096,22.86961],[116.14445,22.90102],[116.07275,22.9202],[116.07474,22.85216],[115.94779,22.80258],[115.96925,22.82932],[115.95877,22.83458],[115.81631,22.73917],[115.79301,22.8084],[115.81832,22.81968],[115.69913,22.85062],[115.65929,22.88198],[115.69264,22.90255],[115.67763,22.9038],[115.56053,22.82581],[115.51744,22.75796],[115.55534,22.71437],[115.55717,22.75673],[115.60176,22.75776],[115.55808,22.70299],[115.56643,22.66033],[115.4697,22.70418],[115.36134,22.70655],[115.34286,22.77385],[115.35357,22.76209],[115.39375,22.75128],[115.43559,22.7635],[115.40218,22.79988],[115.36805,22.76543],[115.29636,22.79654],[115.2307,22.78543],[115.32513,22.86738],[115.31915,22.90641],[115.26036,22.83008],[115.18571,22.82912],[115.19157,22.78407],[115.1444,22.81617],[115.05566,22.79388],[115.01878,22.81999],[115.04269,22.80024],[115.03274,22.71891],[114.98248,22.69198],[114.93893,22.77611],[114.90832,22.74792],[114.8681,22.76368],[114.87369,22.73105],[114.96888,22.68106],[114.91718,22.63841],[114.91383,22.56034],[114.88774,22.54704],[114.85852,22.60695],[114.74644,22.589],[114.74294,22.73886],[114.82359,22.79097],[114.76985,22.84313],[114.77808,22.8028],[114.74727,22.77916],[114.68908,22.79505],[114.52241,22.73797],[114.56953,22.70927],[114.51943,22.70933],[114.54304,22.69406],[114.49422,22.65072],[114.57418,22.64993],[114.51057,22.63819],[114.31679,22.66979],[114.15968,22.60134],[114.15098,22.64333],[114.20589,22.74149],[114.17328,22.78596],[114.22991,22.82178],[114.21049,22.98535],[114.07545,23.09965],[114.01804,23.08425],[113.85019,23.1365]],[[115.32079,23.76819],[115.32079,23.7681],[115.32249,23.76533],[115.32079,23.76819]]]}},{"type":"Feature","properties":{"SYS_ID":"97798","NAME_CH":"循州","PRES_LOC":"","TYPE_CH":"直隶州","BEG_YR":1286,"BEG_CHG_TY":"更名","END_YR":1368,"END_CHG_TY":"撤销","X_COORD":115.38,"Y_COORD":24.15},"geometry":{"type":"Polygon","coordinates":[[[115.83157,24.56542],[115.78122,24.36742],[115.94655,24.23469],[115.97835,24.16333],[115.93696,24.10421],[115.95586,24.06796],[115.90833,24.05751],[115.997,23.97305],[116.022,23.9836],[115.99221,23.94793],[116.02421,23.88939],[116.00707,23.82508],[115.81177,23.64673],[115.77851,23.53087],[115.70228,23.52271],[115.67252,23.55779],[115.60309,23.47294],[115.5116,23.43193],[115.41161,23.24156],[115.38248,23.29973],[115.30381,23.3155],[115.20801,23.53749],[115.30963,23.56453],[115.26701,23.68469],[115.37061,23.81805],[115.24866,23.94276],[115.17293,23.94649],[115.10898,24.10803],[115.05412,24.10737],[115.08029,24.20848],[114.96316,24.31239],[114.88542,24.32184],[114.78177,24.39458],[114.70299,24.2935],[114.55,24.23524],[114.41193,24.39612],[114.42616,24.48704],[114.52753,24.55403],[114.58733,24.53497],[114.66,24.5789],[114.70458,24.52986],[114.74101,24.61365],[114.86491,24.56052],[114.9058,24.66297],[114.93913,24.65018],[115.06381,24.70594],[115.10793,24.66337],[115.27941,24.75431],[115.35347,24.7398],[115.36476,24.77459],[115.41084,24.78082],[115.47355,24.75923],[115.56704,24.62237],[115.67007,24.59854],[115.71317,24.5405],[115.83157,24.56542]]]}},{"type":"Feature","properties":{"SYS_ID":"97800","NAME_CH":"梅州","PRES_LOC":"","TYPE_CH":"直隶州","BEG_YR":1286,"BEG_CHG_TY":"更名","END_YR":1368,"END_CHG_TY":"撤销","X_COORD":116.12,"Y_COORD":24.49},"geometry":{"type":"Polygon","coordinates":[[[116.20188,24.13195],[116.16242,24.04969],[116.0843,24.00001],[116.07236,23.88742],[116.01018,23.84175],[116.02421,23.88939],[115.99221,23.94793],[116.022,23.9836],[115.997,23.97305],[115.90833,24.05751],[115.95586,24.06796],[115.93696,24.10421],[115.97835,24.16333],[115.94655,24.23469],[115.8868,24.25773],[115.77556,24.39634],[115.8368,24.58338],[115.7622,24.66543],[115.79782,24.6884],[115.75169,24.74634],[115.8119,24.90282],[115.89568,24.87807],[115.87727,24.93583],[116.01974,24.90244],[116.06659,24.85271],[116.19223,24.8651],[116.24606,24.82603],[116.23911,24.79275],[116.3038,24.80263],[116.3891,24.87443],[116.41285,24.84074],[116.3708,24.80162],[116.41473,24.73964],[116.48509,24.71273],[116.50639,24.61414],[116.5441,24.61297],[116.5306,24.49927],[116.41773,24.42017],[116.41039,24.30602],[116.31934,24.24015],[116.28828,24.16229],[116.2467,24.14207],[116.2565,24.11313],[116.20188,24.13195]]]}},{"type":"Feature","properties":{"SYS_ID":"97801","NAME_CH":"潮州路","PRES_LOC":"","TYPE_CH":"路","BEG_YR":1279,"BEG_CHG_TY":"更名和辖区缩小","END_YR":1368,"END_CHG_TY":"更名和辖区扩大","X_COORD":116.47,"Y_COORD":23.75},"geometry":{"type":"MultiPolygon","coordinates":[[[[115.74451,23.52661],[115.80914,23.5778],[115.81663,23.65261],[116.07236,23.88742],[116.0843,24.00001],[116.16242,24.04969],[116.19937,24.13125],[116.2565,24.11313],[116.2467,24.14207],[116.28828,24.16229],[116.31934,24.24015],[116.41039,24.30602],[116.41773,24.42017],[116.5306,24.49927],[116.5441,24.61297],[116.59433,24.64966],[116.79304,24.67788],[116.80933,24.64417],[116.75189,24.54583],[116.84347,24.47682],[116.83678,24.43093],[116.90677,24.36501],[116.93019,24.2247],[116.98882,24.18147],[116.9199,24.08805],[116.97567,24.00001],[116.96444,23.90444],[117.01509,23.83907],[117.04617,23.70332],[117.19003,23.62166],[117.08788,23.54872],[117.07155,23.61805],[116.98656,23.62966],[116.96379,23.55425],[117.01869,23.55978],[116.99151,23.50983],[116.94218,23.5164],[116.96497,23.54773],[116.88355,23.55288],[116.86179,23.41543],[116.83535,23.42358],[116.74354,23.34563],[116.66073,23.34992],[116.65829,23.37873],[116.62029,23.35943],[116.55143,23.41362],[116.59847,23.30383],[116.67706,23.34584],[116.7348,23.33939],[116.77579,23.24579],[116.81016,23.23767],[116.78671,23.21213],[116.72413,23.27749],[116.6871,23.28276],[116.73456,23.25071],[116.64737,23.16664],[116.60616,23.18508],[116.61809,23.21854],[116.59425,23.23754],[116.52582,23.22543],[116.60986,23.21254],[116.53375,23.12145],[116.56741,23.01887],[116.48415,22.93552],[116.37394,22.9291],[116.19692,22.99874],[116.18003,23.03409],[116.21474,23.16812],[116.11913,23.20248],[116.06407,23.28138],[115.80621,23.33261],[115.74451,23.52661]]],[[[117.12605,23.48491],[117.04875,23.40272],[116.93659,23.42741],[116.97729,23.45986],[117.01337,23.43957],[117.12605,23.48491]]]]}},{"type":"Feature","properties":{"SYS_ID":"97802","NAME_CH":"潮州府","PRES_LOC":"","TYPE_CH":"府","BEG_YR":1369,"BEG_CHG_TY":"更名和辖区扩大","END_YR":1523,"END_CHG_TY":"辖区扩大","X_COORD":116.37,"Y_COORD":23.96},"geometry":{"type":"MultiPolygon","coordinates":[[[[115.74451,23.52661],[115.80914,23.5778],[115.81663,23.65261],[116.00707,23.82508],[116.02421,23.88939],[115.99212,23.94381],[116.022,23.9836],[115.997,23.97305],[115.90833,24.05751],[115.95586,24.06796],[115.93696,24.10421],[115.97887,24.15851],[115.94655,24.23469],[115.89308,24.25246],[115.84813,24.33181],[115.78045,24.37063],[115.8368,24.58338],[115.7622,24.66543],[115.79782,24.6884],[115.75169,24.74634],[115.8119,24.90282],[115.88884,24.87095],[115.87727,24.93583],[116.01974,24.90244],[116.06659,24.85271],[116.19223,24.8651],[116.24606,24.82603],[116.23911,24.79275],[116.3038,24.80263],[116.3891,24.87443],[116.41285,24.84074],[116.3708,24.80162],[116.41473,24.73964],[116.48509,24.71273],[116.51524,24.60922],[116.59433,24.64966],[116.79304,24.67788],[116.80933,24.64417],[116.75189,24.54583],[116.84347,24.47682],[116.83678,24.43093],[116.90677,24.36501],[116.93019,24.2247],[116.98882,24.18147],[116.9199,24.08805],[116.97567,24.00001],[116.96444,23.90444],[117.01509,23.83907],[117.04617,23.70332],[117.19003,23.62166],[117.08788,23.54872],[117.07155,23.61805],[116.98656,23.62966],[116.96379,23.55425],[117.01869,23.55978],[116.99151,23.50983],[116.94218,23.5164],[116.96497,23.54773],[116.88355,23.55288],[116.86179,23.41543],[116.83535,23.42358],[116.74354,23.34563],[116.66073,23.34992],[116.65829,23.37873],[116.62029,23.35943],[116.55143,23.41362],[116.59847,23.30383],[116.67706,23.34584],[116.7348,23.33939],[116.77579,23.24579],[116.81016,23.23767],[116.78671,23.21213],[116.72413,23.27749],[116.6871,23.28276],[116.73456,23.25071],[116.64737,23.16664],[116.60616,23.18508],[116.61809,23.21854],[116.59425,23.23754],[116.52582,23.22543],[116.60986,23.21254],[116.53375,23.12145],[116.56741,23.01887],[116.48415,22.93552],[116.37394,22.9291],[116.19692,22.99874],[116.18003,23.03409],[116.21474,23.16812],[116.11913,23.20248],[116.06407,23.28138],[115.80621,23.33261],[115.74451,23.52661]]],[[[117.12605,23.48491],[117.04875,23.40272],[116.93659,23.42741],[116.97729,23.45986],[117.01337,23.43957],[117.12605,23.48491]]]]}},{"type":"Feature","properties":{"SYS_ID":"97808","NAME_CH":"罗定州","PRES_LOC":"","TYPE_CH":"直隶州","BEG_YR":1577,"BEG_CHG_TY":"新建","END_YR":1754,"END_CHG_TY":"辖区缩小","X_COORD":111.64,"Y_COORD":22.76},"geometry":{"type":"Polygon","coordinates":[[[111.45613,22.27782],[111.37671,22.24857],[111.28339,22.37351],[111.15048,22.45945],[111.04018,22.47985],[110.98503,22.56043],[110.99583,22.6391],[111.08583,22.69691],[111.05392,22.73113],[111.21206,22.75022],[111.35966,22.90603],[111.35413,22.96414],[111.42598,23.05384],[111.37278,23.09476],[111.39228,23.16754],[111.35114,23.28772],[111.37316,23.31962],[111.47498,23.27842],[111.53278,23.32046],[111.57423,23.2598],[111.52884,23.22429],[111.65221,23.15752],[111.95732,23.13568],[112.03513,23.07541],[112.18047,23.07589],[112.28033,23.13526],[112.31824,23.11449],[112.25304,22.93172],[112.31039,22.91776],[112.30871,22.83977],[112.21889,22.84022],[112.06516,22.72612],[112.0665,22.68612],[112.13465,22.62048],[112.0816,22.57377],[112.1282,22.52796],[112.11844,22.49805],[112.06001,22.49385],[112.01649,22.66071],[111.88767,22.57497],[111.82576,22.5916],[111.87025,22.66767],[111.81719,22.68234],[111.80344,22.62355],[111.71061,22.52188],[111.76375,22.40025],[111.74611,22.23708],[111.65897,22.25544],[111.52269,22.22638],[111.45613,22.27782]]]}},{"type":"Feature","properties":{"SYS_ID":"97822","NAME_CH":"琼州府","PRES_LOC":"","TYPE_CH":"府","BEG_YR":1370,"BEG_CHG_TY":"更名","END_YR":1904,"END_CHG_TY":"更名和辖区缩小","X_COORD":109.74,"Y_COORD":19.19},"geometry":{"type":"MultiPolygon","coordinates":[[[[110.14409,20.00993],[110.15342,20.06104],[110.26347,20.02339],[110.34682,20.05704],[110.38335,19.99245],[110.38536,20.07798],[110.43159,20.03243],[110.42418,20.05789],[110.54583,20.01955],[110.54523,19.9633],[110.58777,19.98909],[110.56209,19.94447],[110.59097,19.94373],[110.60412,19.88697],[110.64343,19.90984],[110.60172,20.01079],[110.62785,20.02784],[110.57087,20.01759],[110.57086,20.09413],[110.64883,20.1084],[110.68696,20.16526],[110.77659,20.01232],[110.85626,19.983],[110.9279,20.01682],[110.95776,19.97073],[111.00143,19.67259],[111.02351,19.68405],[111.03873,19.63935],[110.98168,19.63591],[110.86615,19.5196],[110.82529,19.5895],[110.8839,19.59914],[110.90259,19.64364],[110.76173,19.62023],[110.82933,19.55258],[110.80704,19.48571],[110.67296,19.38657],[110.67815,19.32261],[110.57921,19.21726],[110.61552,19.23081],[110.58274,19.15356],[110.51,19.14202],[110.55561,19.1387],[110.55451,19.08447],[110.57628,19.14452],[110.5644,19.04789],[110.51168,18.98495],[110.51646,18.88573],[110.4647,18.88045],[110.43459,18.82167],[110.51263,18.80314],[110.50455,18.88182],[110.53514,18.78075],[110.46447,18.77124],[110.41,18.66181],[110.32992,18.6714],[110.41672,18.6846],[110.41703,18.71321],[110.20145,18.61945],[110.07266,18.4898],[110.08392,18.48665],[110.06422,18.40613],[110.05356,18.44338],[110.03158,18.4112],[110.04626,18.38327],[109.96594,18.38722],[109.95907,18.4077],[110.02016,18.40565],[110.03281,18.42721],[110.01308,18.4559],[110.01753,18.43385],[109.82163,18.37716],[109.75307,18.39459],[109.73398,18.26594],[109.67495,18.27474],[109.74073,18.25142],[109.71149,18.19595],[109.68301,18.23594],[109.62883,18.23024],[109.61687,18.16972],[109.56959,18.1609],[109.57414,18.20644],[109.54193,18.22334],[109.57111,18.24541],[109.5713,18.25891],[109.53329,18.22413],[109.5347,18.20557],[109.51788,18.22249],[109.4746,18.18891],[109.49542,18.24956],[109.43156,18.29247],[109.17869,18.28571],[109.13385,18.35625],[108.98949,18.35633],[108.95543,18.40954],[108.85504,18.42994],[108.89882,18.42702],[108.81998,18.47778],[108.68147,18.50969],[108.7018,18.66134],[108.68922,18.75577],[108.6217,18.83528],[108.65719,18.91352],[108.61629,19.0837],[108.67731,19.14799],[108.67696,19.18691],[108.62213,19.21801],[108.6347,19.29459],[108.68056,19.28438],[108.65934,19.342],[108.67883,19.36794],[108.74194,19.37543],[108.9312,19.50832],[108.9394,19.48353],[109.00055,19.57861],[109.19643,19.66426],[109.21216,19.7197],[109.27237,19.72591],[109.31159,19.68474],[109.27016,19.74218],[109.31244,19.76665],[109.28009,19.79653],[109.2123,19.73114],[109.17075,19.72449],[109.16154,19.76417],[109.30228,19.91572],[109.32391,19.88116],[109.45699,19.86977],[109.47675,19.82514],[109.56714,19.85079],[109.52229,19.87034],[109.5258,19.91194],[109.56967,19.90705],[109.53147,19.91759],[109.53571,19.94248],[109.65786,20.00576],[109.71209,20.01152],[109.72841,19.96791],[109.80239,19.96279],[109.80878,19.93708],[109.82699,19.98213],[109.83469,19.90331],[109.88898,19.98629],[109.9449,19.98961],[109.98885,19.93245],[109.95628,19.91645],[109.99718,19.89458],[110.00053,19.91993],[110.00807,19.89282],[110.01645,19.91397],[109.99294,19.93033],[110.02724,19.96209],[110.05821,19.98382],[110.11658,19.9612],[110.14409,20.00993]]],[[[110.13342,20.01374],[110.11404,19.9816],[110.07835,19.9826],[110.13342,20.01374]]],[[[110.36,20.08097],[110.37936,20.08723],[110.36684,20.06132],[110.36,20.08097]]],[[[110.47311,18.69579],[110.48616,18.67404],[110.48185,18.66211],[110.47318,18.66415],[110.47311,18.69579]]]]}},{"type":"Feature","properties":{"SYS_ID":"97821","NAME_CH":"琼州","PRES_LOC":"","TYPE_CH":"直隶州","BEG_YR":1369,"BEG_CHG_TY":"更名","END_YR":1369,"END_CHG_TY":"更名","X_COORD":109.74,"Y_COORD":19.19},"geometry":{"type":"MultiPolygon","coordinates":[[[[110.14409,20.00993],[110.15342,20.06104],[110.26347,20.02339],[110.34682,20.05704],[110.38335,19.99245],[110.38536,20.07798],[110.43159,20.03243],[110.42418,20.05789],[110.54583,20.01955],[110.54523,19.9633],[110.58777,19.98909],[110.56209,19.94447],[110.59097,19.94373],[110.60412,19.88697],[110.64343,19.90984],[110.60172,20.01079],[110.62785,20.02784],[110.57087,20.01759],[110.57086,20.09413],[110.64883,20.1084],[110.68696,20.16526],[110.77659,20.01232],[110.85626,19.983],[110.9279,20.01682],[110.95776,19.97073],[111.00143,19.67259],[111.02351,19.68405],[111.03873,19.63935],[110.98168,19.63591],[110.86615,19.5196],[110.82529,19.5895],[110.8839,19.59914],[110.90259,19.64364],[110.76173,19.62023],[110.82933,19.55258],[110.80704,19.48571],[110.67296,19.38657],[110.67815,19.32261],[110.57921,19.21726],[110.61552,19.23081],[110.58274,19.15356],[110.51,19.14202],[110.55561,19.1387],[110.55451,19.08447],[110.57628,19.14452],[110.5644,19.04789],[110.51168,18.98495],[110.51646,18.88573],[110.4647,18.88045],[110.43459,18.82167],[110.51263,18.80314],[110.50455,18.88182],[110.53514,18.78075],[110.46447,18.77124],[110.41,18.66181],[110.32992,18.6714],[110.41672,18.6846],[110.41703,18.71321],[110.20145,18.61945],[110.07266,18.4898],[110.08392,18.48665],[110.06422,18.40613],[110.05356,18.44338],[110.03158,18.4112],[110.04626,18.38327],[109.96594,18.38722],[109.95907,18.4077],[110.02016,18.40565],[110.03281,18.42721],[110.01308,18.4559],[110.01753,18.43385],[109.82163,18.37716],[109.75307,18.39459],[109.73398,18.26594],[109.67495,18.27474],[109.74073,18.25142],[109.71149,18.19595],[109.68301,18.23594],[109.62883,18.23024],[109.61687,18.16972],[109.56959,18.1609],[109.57414,18.20644],[109.54193,18.22334],[109.57111,18.24541],[109.5713,18.25891],[109.53329,18.22413],[109.5347,18.20557],[109.51788,18.22249],[109.4746,18.18891],[109.49542,18.24956],[109.43156,18.29247],[109.17869,18.28571],[109.13385,18.35625],[108.98949,18.35633],[108.95543,18.40954],[108.85504,18.42994],[108.89882,18.42702],[108.81998,18.47778],[108.68147,18.50969],[108.7018,18.66134],[108.68922,18.75577],[108.6217,18.83528],[108.65719,18.91352],[108.61629,19.0837],[108.67731,19.14799],[108.67696,19.18691],[108.62213,19.21801],[108.6347,19.29459],[108.68056,19.28438],[108.65934,19.342],[108.67883,19.36794],[108.74194,19.37543],[108.9312,19.50832],[108.9394,19.48353],[109.00055,19.57861],[109.19643,19.66426],[109.21216,19.7197],[109.27237,19.72591],[109.31159,19.68474],[109.27016,19.74218],[109.31244,19.76665],[109.28009,19.79653],[109.2123,19.73114],[109.17075,19.72449],[109.16154,19.76417],[109.30228,19.91572],[109.32391,19.88116],[109.45699,19.86977],[109.47675,19.82514],[109.56714,19.85079],[109.52229,19.87034],[109.5258,19.91194],[109.56967,19.90705],[109.53147,19.91759],[109.53571,19.94248],[109.65786,20.00576],[109.71209,20.01152],[109.72841,19.96791],[109.80239,19.96279],[109.80878,19.93708],[109.82699,19.98213],[109.83469,19.90331],[109.88898,19.98629],[109.9449,19.98961],[109.98885,19.93245],[109.95628,19.91645],[109.99718,19.89458],[110.00053,19.91993],[110.00807,19.89282],[110.01645,19.91397],[109.99294,19.93033],[110.02724,19.96209],[110.05821,19.98382],[110.11658,19.9612],[110.14409,20.00993]]],[[[110.13342,20.01374],[110.11404,19.9816],[110.07835,19.9826],[110.13342,20.01374]]],[[[110.36,20.08097],[110.37936,20.08723],[110.36684,20.06132],[110.36,20.08097]]],[[[110.47311,18.69579],[110.48616,18.67404],[110.48185,18.66211],[110.47318,18.66415],[110.47311,18.69579]]]]}},{"type":"Feature","properties":{"SYS_ID":"97830","NAME_CH":"郧阳府","PRES_LOC":"","TYPE_CH":"府","BEG_YR":1476,"BEG_CHG_TY":"新建","END_YR":1911,"END_CHG_TY":"数据下限","X_COORD":110.42,"Y_COORD":32.31},"geometry":{"type":"Polygon","coordinates":[[[110.91858,31.66669],[110.7849,31.62022],[110.70502,31.65086],[110.49892,31.61896],[110.28296,31.45317],[110.16166,31.49808],[110.03306,31.43652],[109.94312,31.48144],[109.97262,31.5189],[109.81313,31.56955],[109.72054,31.55884],[109.7482,31.61515],[109.72798,31.70164],[109.57661,31.73317],[109.58707,31.79119],[109.63342,31.81333],[109.5802,31.90279],[109.62588,31.94624],[109.57956,32.03959],[109.61752,32.10502],[109.58413,32.1522],[109.599,32.20805],[109.49222,32.29805],[109.49773,32.391],[109.57344,32.51273],[109.63193,32.54344],[109.62696,32.60242],[109.90569,32.59506],[110.01254,32.54913],[110.07896,32.58279],[110.08482,32.61912],[110.15993,32.5959],[110.2013,32.6351],[110.14925,32.6921],[110.13561,32.81071],[110.02139,32.87491],[109.86194,32.91434],[109.7912,32.88105],[109.75892,32.90971],[109.78632,33.07177],[109.68304,33.11855],[109.57133,33.1123],[109.43367,33.15378],[109.5092,33.23957],[109.59581,33.23441],[109.63133,33.27755],[109.7128,33.23528],[109.84707,33.24976],[110.02588,33.19368],[110.15976,33.21101],[110.2272,33.16098],[110.42049,33.17361],[110.55887,33.2568],[110.59605,33.15649],[110.65231,33.15619],[110.70572,33.09762],[110.74016,33.14888],[110.81271,33.15268],[110.81988,33.20504],[110.90807,33.20814],[110.97766,33.25967],[111.05072,33.1944],[111.0343,33.15864],[111.08814,33.18215],[111.1851,33.08853],[111.14237,33.04416],[111.2324,33.0427],[111.26782,32.97379],[111.12396,32.87557],[111.08076,32.80804],[111.09386,32.76839],[110.95265,32.73662],[110.89326,32.62754],[110.93748,32.60537],[110.92024,32.51829],[110.80051,32.41501],[110.81561,32.31772],[110.8706,32.30333],[110.866,32.28104],[110.96663,32.29074],[111.01635,32.24368],[111.12351,32.3145],[111.2122,32.28923],[111.24867,32.20709],[111.20374,32.14371],[111.11983,32.11591],[111.15398,32.02987],[111.29059,32.01969],[111.33675,31.9288],[111.46435,31.89132],[111.43045,31.83226],[111.53895,31.73265],[111.49949,31.72321],[111.47257,31.67005],[111.34206,31.64339],[111.24757,31.53518],[111.26124,31.45386],[111.2168,31.47008],[111.09446,31.42268],[111.05125,31.448],[111.04189,31.56571],[110.94731,31.57398],[110.97261,31.65366],[110.91858,31.66669]]]}},{"type":"Feature","properties":{"SYS_ID":"97831","NAME_CH":"襄阳府","PRES_LOC":"","TYPE_CH":"府","BEG_YR":1476,"BEG_CHG_TY":"辖区缩小","END_YR":1911,"END_CHG_TY":"数据下限","X_COORD":111.91,"Y_COORD":32.07},"geometry":{"type":"Polygon","coordinates":[[[112.66798,31.68805],[112.58773,31.56409],[112.50632,31.56298],[112.4129,31.50463],[112.27426,31.54923],[112.21993,31.52748],[112.15226,31.57722],[112.08431,31.54791],[112.05447,31.56433],[111.94255,31.45674],[111.91366,31.33494],[111.9379,31.28197],[111.8787,31.23977],[111.74918,31.28562],[111.73519,31.37264],[111.61931,31.37489],[111.51322,31.30444],[111.43236,31.3149],[111.41892,31.37311],[111.32439,31.36102],[111.26545,31.41139],[111.25374,31.54841],[111.34206,31.64339],[111.47257,31.67005],[111.53796,31.73634],[111.43045,31.83226],[111.46435,31.89132],[111.33675,31.9288],[111.29059,32.01969],[111.15398,32.02987],[111.11983,32.11591],[111.20374,32.14371],[111.24867,32.20709],[111.2122,32.28923],[111.12351,32.3145],[111.01635,32.24368],[110.96663,32.29074],[110.91347,32.27451],[110.82165,32.30317],[110.80051,32.41501],[110.92024,32.51829],[110.93748,32.60537],[110.89326,32.62754],[110.95265,32.73662],[111.09386,32.76839],[111.08076,32.80804],[111.12396,32.87557],[111.23994,32.97183],[111.24419,32.8862],[111.28008,32.90296],[111.28464,32.86409],[111.37395,32.83069],[111.40971,32.76244],[111.46304,32.77569],[111.4165,32.73183],[111.50515,32.6784],[111.55333,32.60339],[111.63503,32.63705],[111.64061,32.60848],[111.71526,32.60651],[111.87544,32.50864],[111.94659,32.51932],[111.99984,32.45837],[112.05276,32.47434],[112.1424,32.38795],[112.22392,32.39379],[112.30492,32.33214],[112.35387,32.37062],[112.43757,32.35497],[112.54073,32.41143],[112.74976,32.3451],[112.86468,32.40018],[112.87335,32.37705],[112.98212,32.37455],[113.02005,32.42696],[113.09554,32.40056],[113.11554,32.37858],[113.05164,32.35371],[113.08295,32.30742],[113.01883,32.26856],[113.01522,32.16508],[113.04352,32.11744],[112.98412,32.05223],[112.9849,32],[113.02903,31.96071],[112.95496,31.89142],[112.97063,31.84332],[112.85217,31.80657],[112.77952,31.7399],[112.74326,31.74885],[112.72398,31.63768],[112.66798,31.68805]]]}},{"type":"Feature","properties":{"SYS_ID":"97836","NAME_CH":"黄州府","PRES_LOC":"","TYPE_CH":"府","BEG_YR":1376,"BEG_CHG_TY":"辖区扩大","END_YR":1728,"END_CHG_TY":"辖区缩小","X_COORD":115.12,"Y_COORD":30.77},"geometry":{"type":"Polygon","coordinates":[[[114.1494,30.90711],[114.17536,31.10978],[114.23996,31.18015],[114.17568,31.25181],[114.25169,31.35473],[114.2273,31.50327],[114.30545,31.49664],[114.43385,31.58028],[114.51608,31.5878],[114.56465,31.55619],[114.61737,31.59175],[114.69068,31.53256],[114.76828,31.52434],[114.83003,31.46221],[114.96772,31.50009],[114.99559,31.47191],[115.01292,31.52451],[115.08923,31.51378],[115.11942,31.59712],[115.16682,31.60023],[115.22987,31.55583],[115.20113,31.44505],[115.25012,31.39385],[115.37248,31.40295],[115.38187,31.34749],[115.42884,31.3521],[115.45905,31.27285],[115.52476,31.25153],[115.55741,31.1597],[115.58586,31.14731],[115.63838,31.21044],[115.67289,31.20986],[115.77333,31.11449],[115.76073,31.07617],[115.70602,31.06451],[115.71185,31.00835],[115.59856,30.92973],[115.54297,30.83021],[115.5398,30.79834],[115.58634,30.82978],[115.61043,30.81447],[115.61776,30.74682],[115.55314,30.59258],[115.61379,30.58177],[115.6329,30.51919],[115.68678,30.54601],[115.76096,30.67428],[115.80057,30.64765],[115.80682,30.59803],[115.86845,30.58884],[115.90865,30.52047],[115.88981,30.4554],[115.93915,30.42734],[115.87911,30.38501],[115.89776,30.3164],[115.97588,30.29834],[116.06018,30.20699],[116.08636,30.03853],[116.06876,29.96571],[116.12719,29.89122],[116.12962,29.82485],[115.99871,29.74735],[115.99132,29.85218],[115.89779,29.88489],[115.90627,29.73317],[115.77598,29.80927],[115.74895,29.86242],[115.53024,29.84035],[115.45855,29.85979],[115.32396,30.03138],[115.27,30.15231],[115.20416,30.216],[115.07662,30.23663],[115.0506,30.39106],[114.84615,30.44163],[114.83429,30.55827],[114.78389,30.6171],[114.61723,30.55609],[114.53858,30.67098],[114.49271,30.69062],[114.36488,30.69736],[114.24121,30.66402],[114.18075,30.69935],[114.1494,30.90711]]]}},{"type":"Feature","properties":{"SYS_ID":"97838","NAME_CH":"蕲州府","PRES_LOC":"","TYPE_CH":"府","BEG_YR":1364,"BEG_CHG_TY":"更名","END_YR":1375,"END_CHG_TY":"撤销","X_COORD":115.56,"Y_COORD":30.39},"geometry":{"type":"Polygon","coordinates":[[[115.72379,29.86349],[115.53024,29.84035],[115.4516,29.86443],[115.27,30.15231],[115.20416,30.216],[115.07662,30.23663],[115.06558,30.36911],[114.99359,30.44945],[115.0142,30.53839],[115.0556,30.5502],[115.1739,30.74653],[115.21942,30.74708],[115.25854,30.82073],[115.35086,30.88808],[115.32568,30.95957],[115.40371,31.11262],[115.46687,31.13735],[115.48853,31.27151],[115.5765,31.14755],[115.65784,31.2125],[115.77333,31.11449],[115.76073,31.07617],[115.70602,31.06451],[115.71185,31.00835],[115.59856,30.92973],[115.54297,30.83021],[115.5398,30.79834],[115.58634,30.82978],[115.61043,30.81447],[115.61776,30.74682],[115.55314,30.59258],[115.61379,30.58177],[115.6329,30.51919],[115.68678,30.54601],[115.76096,30.67428],[115.80057,30.64765],[115.80682,30.59803],[115.86845,30.58884],[115.90865,30.52047],[115.88981,30.4554],[115.93915,30.42734],[115.87911,30.38501],[115.89776,30.3164],[115.97588,30.29834],[116.06018,30.20699],[116.08636,30.03853],[116.06876,29.96571],[116.12719,29.89122],[116.12962,29.82485],[115.99871,29.74735],[115.99132,29.85218],[115.89779,29.88489],[115.90627,29.73317],[115.72379,29.86349]]]}},{"type":"Feature","properties":{"SYS_ID":"97907","NAME_CH":"德安府","PRES_LOC":"","TYPE_CH":"府","BEG_YR":1380,"BEG_CHG_TY":"新建","END_YR":1728,"END_CHG_TY":"辖区缩小","X_COORD":113.59,"Y_COORD":31.58},"geometry":{"type":"Polygon","coordinates":[[[113.8735,30.81614],[113.78754,30.76347],[113.80399,30.78551],[113.73494,30.85368],[113.61497,30.78406],[113.62248,30.75335],[113.5101,30.71878],[113.32792,30.9112],[113.4561,31.05228],[113.48132,31.22836],[113.30961,31.34643],[113.2345,31.35689],[113.14897,31.43595],[112.98648,31.43543],[112.90104,31.47351],[112.87282,31.55864],[112.72575,31.62709],[112.74326,31.74885],[112.77952,31.7399],[112.85217,31.80657],[112.97063,31.84332],[112.95496,31.89142],[113.02903,31.96071],[112.9849,32],[112.98412,32.05223],[113.04352,32.11744],[113.01522,32.16508],[113.01883,32.26856],[113.08295,32.30742],[113.0549,32.36332],[113.14097,32.38263],[113.16517,32.42563],[113.2112,32.42852],[113.32617,32.34691],[113.34839,32.29738],[113.4172,32.27515],[113.61984,32.36053],[113.66132,32.42769],[113.72042,32.42263],[113.73773,32.3623],[113.76565,32.3676],[113.73481,32.25034],[113.77811,32.20082],[113.71941,32.09909],[113.77737,32.03986],[113.74596,32.00001],[113.80637,31.97017],[113.83673,31.85336],[113.92446,31.87998],[113.98044,31.75674],[114.1821,31.85365],[114.33365,31.72465],[114.34183,31.632],[114.22453,31.49948],[114.25089,31.35136],[114.1755,31.26143],[114.24029,31.19048],[114.1497,31.02773],[114.1747,30.98571],[114.1494,30.90711],[114.16843,30.76325],[113.99697,30.79147],[113.92151,30.76447],[113.8735,30.81614]]]}},{"type":"Feature","properties":{"SYS_ID":"97850","NAME_CH":"沔阳府","PRES_LOC":"","TYPE_CH":"府","BEG_YR":1278,"BEG_CHG_TY":"更名","END_YR":1375,"END_CHG_TY":"更名","X_COORD":113.34,"Y_COORD":30.3},"geometry":{"type":"Polygon","coordinates":[[[112.94962,30.27348],[112.99239,30.47597],[112.90964,30.53014],[112.86762,30.70033],[112.99453,30.79035],[113.06663,30.78415],[113.07253,30.8258],[113.13759,30.80455],[113.27441,30.90411],[113.33219,30.89845],[113.42429,30.7876],[113.44653,30.52285],[113.50085,30.49567],[113.50617,30.53922],[113.543,30.53288],[113.63193,30.46838],[113.61465,30.42435],[113.7378,30.37167],[113.78458,30.28106],[113.7811,30.16776],[113.91922,30.03516],[113.84345,29.96105],[113.75345,29.9506],[113.71519,29.99373],[113.66586,29.98129],[113.59678,29.8648],[113.42469,29.75251],[113.38267,29.76432],[113.22951,29.68229],[113.16101,29.78175],[113.17666,29.93986],[113.28252,29.98632],[113.18303,30.02234],[113.12482,30.15146],[113.00382,30.2043],[112.98681,30.26714],[112.94962,30.27348]]]}},{"type":"Feature","properties":{"SYS_ID":"97852","NAME_CH":"沔阳州","PRES_LOC":"","TYPE_CH":"州","BEG_YR":1376,"BEG_CHG_TY":"更名","END_YR":1530,"END_CHG_TY":"撤销","X_COORD":113.34,"Y_COORD":30.3},"geometry":{"type":"Polygon","coordinates":[[[112.94962,30.27348],[112.99239,30.47597],[112.90964,30.53014],[112.86762,30.70033],[112.99453,30.79035],[113.06663,30.78415],[113.07253,30.8258],[113.13759,30.80455],[113.27441,30.90411],[113.33219,30.89845],[113.42429,30.7876],[113.44653,30.52285],[113.50085,30.49567],[113.50617,30.53922],[113.543,30.53288],[113.63193,30.46838],[113.61465,30.42435],[113.7378,30.37167],[113.78458,30.28106],[113.7811,30.16776],[113.91922,30.03516],[113.84345,29.96105],[113.75345,29.9506],[113.71519,29.99373],[113.66586,29.98129],[113.59678,29.8648],[113.42469,29.75251],[113.38267,29.76432],[113.22951,29.68229],[113.16101,29.78175],[113.17666,29.93986],[113.28252,29.98632],[113.18303,30.02234],[113.12482,30.15146],[113.00382,30.2043],[112.98681,30.26714],[112.94962,30.27348]]]}},{"type":"Feature","properties":{"SYS_ID":"97865","NAME_CH":"武昌府","PRES_LOC":"","TYPE_CH":"府","BEG_YR":1380,"BEG_CHG_TY":"辖区缩小","END_YR":1911,"END_CHG_TY":"数据下限","X_COORD":114.45,"Y_COORD":29.86},"geometry":{"type":"Polygon","coordinates":[[[113.54391,29.68746],[113.48092,29.73168],[113.4836,29.75987],[113.42469,29.75251],[113.60365,29.8698],[113.66586,29.98129],[113.71519,29.99373],[113.75345,29.9506],[113.84345,29.96105],[113.8886,30.02165],[114.08347,30.09964],[113.97285,30.20165],[113.9397,30.20432],[113.96966,30.16196],[113.93279,30.15621],[113.8628,30.21323],[113.94157,30.29933],[114.0514,30.22047],[114.1044,30.34335],[114.27227,30.52459],[114.36488,30.69736],[114.5341,30.67534],[114.61324,30.55674],[114.78389,30.6171],[114.83429,30.55827],[114.85262,30.43459],[115.0506,30.39106],[115.08101,30.23122],[115.20416,30.216],[115.29864,30.11542],[115.4032,29.91927],[115.50517,29.84183],[115.46518,29.74222],[115.28345,29.62656],[115.26063,29.66242],[115.10224,29.68174],[115.13694,29.65403],[115.12911,29.60106],[115.16721,29.595],[115.15743,29.54449],[115.29793,29.54737],[115.29912,29.50198],[115.20257,29.48104],[115.0694,29.52899],[115.09152,29.56424],[114.9959,29.5753],[114.94348,29.5426],[114.94427,29.50088],[114.89217,29.52986],[114.87361,29.45867],[114.90698,29.45185],[114.92761,29.48961],[114.93774,29.46491],[114.88127,29.39605],[114.74802,29.36635],[114.72764,29.39693],[114.66821,29.39899],[114.50638,29.32594],[114.34388,29.32746],[114.28784,29.36616],[114.25108,29.34265],[114.24341,29.23846],[114.06111,29.21164],[113.9502,29.10117],[113.94013,29.04828],[113.89188,29.03528],[113.81707,29.10558],[113.73423,29.06318],[113.71954,29.10957],[113.68112,29.0879],[113.64915,29.16493],[113.69114,29.23124],[113.59711,29.26417],[113.65736,29.3813],[113.72591,29.39876],[113.74504,29.45044],[113.62511,29.523],[113.73328,29.59166],[113.66371,29.63967],[113.65958,29.68182],[113.54391,29.68746]]]}},{"type":"Feature","properties":{"SYS_ID":"97867","NAME_CH":"兴国府","PRES_LOC":"","TYPE_CH":"府","BEG_YR":1364,"BEG_CHG_TY":"更名","END_YR":1375,"END_CHG_TY":"撤销","X_COORD":114.89,"Y_COORD":29.8},"geometry":{"type":"Polygon","coordinates":[[[115.06749,30.20788],[115.20416,30.216],[115.29864,30.11542],[115.4032,29.91927],[115.50517,29.84183],[115.46518,29.74222],[115.28345,29.62656],[115.26063,29.66242],[115.10224,29.68174],[115.13694,29.65403],[115.12911,29.60106],[115.16721,29.595],[115.15743,29.54449],[115.29793,29.54737],[115.29912,29.50198],[115.20257,29.48104],[115.0694,29.52899],[115.09152,29.56424],[114.9959,29.5753],[114.94348,29.5426],[114.9489,29.50354],[114.89703,29.53322],[114.86519,29.4864],[114.88659,29.44919],[114.93674,29.47772],[114.88818,29.39848],[114.74802,29.36635],[114.72764,29.39693],[114.66821,29.39899],[114.50977,29.32628],[114.33959,29.32938],[114.31057,29.36281],[114.34119,29.41155],[114.23412,29.48861],[114.34749,29.67874],[114.39715,29.66227],[114.5947,29.76353],[114.58586,29.8029],[114.71029,29.84903],[114.72261,29.90009],[114.79243,29.87764],[114.74811,30.03291],[114.67802,30.04354],[114.75828,30.06648],[114.64921,30.23823],[114.72178,30.29105],[114.71066,30.32787],[114.76191,30.30508],[114.80919,30.34142],[114.96461,30.32132],[115.03773,30.29274],[115.06749,30.20788]]]}},{"type":"Feature","properties":{"SYS_ID":"97880","NAME_CH":"汉阳府","PRES_LOC":"","TYPE_CH":"府","BEG_YR":1380,"BEG_CHG_TY":"新建","END_YR":1728,"END_CHG_TY":"辖区扩大","X_COORD":113.88,"Y_COORD":30.53},"geometry":{"type":"Polygon","coordinates":[[[113.8735,30.81614],[113.92151,30.76447],[113.99697,30.79147],[114.16291,30.76735],[114.18423,30.69455],[114.24121,30.66402],[114.35221,30.68676],[114.27227,30.52459],[114.10021,30.33687],[114.0514,30.22047],[113.96605,30.29673],[113.89736,30.2734],[113.87003,30.18518],[113.96966,30.16196],[113.9397,30.20432],[113.96663,30.2041],[114.08817,30.11243],[113.91922,30.03516],[113.7811,30.16776],[113.78458,30.28106],[113.7378,30.37167],[113.61465,30.42435],[113.63193,30.46838],[113.543,30.53288],[113.50617,30.53922],[113.50085,30.49567],[113.44653,30.52285],[113.42429,30.7876],[113.37962,30.85297],[113.40981,30.85208],[113.5101,30.71878],[113.62248,30.75335],[113.61497,30.78406],[113.73494,30.85368],[113.80399,30.78551],[113.78754,30.76347],[113.8735,30.81614]]]}},{"type":"Feature","properties":{"SYS_ID":"97892","NAME_CH":"承天府","PRES_LOC":"","TYPE_CH":"府","BEG_YR":1531,"BEG_CHG_TY":"更名和辖区扩大","END_YR":1645,"END_CHG_TY":"更名","X_COORD":112.74,"Y_COORD":30.8},"geometry":{"type":"Polygon","coordinates":[[[113.08376,30.14977],[112.94702,30.24816],[112.92575,30.22037],[113.05094,30.11838],[112.94009,30.17803],[112.87925,30.15879],[112.88254,30.24351],[112.78318,30.31032],[112.53416,30.33315],[112.50366,30.37151],[112.52228,30.39707],[112.45783,30.43829],[112.33976,30.40477],[112.26109,30.50424],[112.20926,30.51134],[112.20767,30.47605],[112.17561,30.47811],[112.17402,30.53182],[112.13029,30.53527],[112.08175,30.66679],[111.9601,30.64963],[111.95048,30.62704],[112.0056,30.5953],[111.90958,30.56394],[111.78309,30.59065],[111.77304,30.62341],[111.70514,30.58634],[111.72256,30.6663],[111.59401,30.65201],[111.55826,30.76891],[111.58202,30.86208],[111.54482,30.87738],[111.54755,30.91448],[111.62165,30.87436],[111.68513,30.88625],[111.65452,31.00457],[111.68541,31.01896],[111.70927,31.15509],[111.69038,31.24584],[111.59121,31.34236],[111.61931,31.37489],[111.74133,31.3708],[111.74918,31.28562],[111.8787,31.23977],[111.9379,31.28197],[111.91366,31.33494],[111.94255,31.45674],[112.05447,31.56433],[112.08431,31.54791],[112.15226,31.57722],[112.21993,31.52748],[112.27426,31.54923],[112.4129,31.50463],[112.50632,31.56298],[112.58773,31.56409],[112.66798,31.68805],[112.73191,31.61914],[112.87282,31.55864],[112.90104,31.47351],[112.98648,31.43543],[113.14079,31.4394],[113.2345,31.35689],[113.4107,31.29201],[113.43858,31.23656],[113.48132,31.22836],[113.48311,31.13357],[113.45295,31.04733],[113.32792,30.9112],[113.42429,30.7876],[113.45506,30.63476],[113.43684,30.53758],[113.48079,30.49897],[113.50617,30.53922],[113.61414,30.49473],[113.61465,30.42435],[113.7378,30.37167],[113.78458,30.28106],[113.7811,30.16776],[113.91922,30.03516],[113.84345,29.96105],[113.75345,29.9506],[113.71519,29.99373],[113.66586,29.98129],[113.59678,29.8648],[113.24175,29.67804],[113.16101,29.78175],[113.17666,29.93986],[113.28252,29.98632],[113.18303,30.02234],[113.12482,30.15146],[113.08376,30.14977]]]}},{"type":"Feature","properties":{"SYS_ID":"97893","NAME_CH":"安陆州","PRES_LOC":"","TYPE_CH":"州","BEG_YR":1376,"BEG_CHG_TY":"","END_YR":1530,"END_CHG_TY":"","X_COORD":112.79,"Y_COORD":31.16},"geometry":{"type":"Polygon","coordinates":[[[112.63684,30.76402],[112.62139,30.81895],[112.67242,30.83615],[112.5624,30.88156],[112.55875,30.93179],[112.39352,30.88568],[112.31156,30.98432],[112.28356,31.123],[112.33436,31.18355],[112.25561,31.2745],[112.29986,31.38157],[112.27723,31.39634],[112.25061,31.35429],[112.18971,31.34378],[112.19171,31.25827],[112.1744,31.35742],[112.19104,31.40344],[112.1551,31.35401],[112.10885,31.35259],[112.07707,31.41104],[112.15226,31.57722],[112.21993,31.52748],[112.27426,31.54923],[112.4129,31.50463],[112.50632,31.56298],[112.58773,31.56409],[112.66798,31.68805],[112.73191,31.61914],[112.87282,31.55864],[112.90104,31.47351],[112.98648,31.43543],[113.14897,31.43595],[113.2345,31.35689],[113.30961,31.34643],[113.48132,31.22836],[113.4561,31.05228],[113.33569,30.9378],[113.32888,30.89308],[113.27441,30.90411],[113.14188,30.80585],[113.07253,30.8258],[113.06663,30.78415],[112.99453,30.79035],[112.86578,30.69983],[112.83713,30.62887],[112.72322,30.61171],[112.75494,30.58722],[112.69353,30.54998],[112.67795,30.62155],[112.70963,30.65693],[112.61902,30.64263],[112.58781,30.67235],[112.63684,30.76402]]]}},{"type":"Feature","properties":{"SYS_ID":"97898","NAME_CH":"安陆府","PRES_LOC":"","TYPE_CH":"府","BEG_YR":1278,"BEG_CHG_TY":"更名","END_YR":1375,"END_CHG_TY":"更名","X_COORD":112.79,"Y_COORD":31.16},"geometry":{"type":"Polygon","coordinates":[[[113.33219,30.89845],[113.23203,30.88273],[113.18262,30.81856],[113.07253,30.8258],[113.06663,30.78415],[112.99453,30.79035],[112.86578,30.69983],[112.83713,30.62887],[112.72322,30.61171],[112.75494,30.58722],[112.69033,30.54969],[112.67795,30.62155],[112.70963,30.65693],[112.61902,30.64263],[112.58734,30.67796],[112.64555,30.77743],[112.62139,30.81895],[112.67024,30.84025],[112.5624,30.88156],[112.55399,30.93305],[112.49886,30.93529],[112.44778,30.88213],[112.36871,30.9101],[112.30929,30.9885],[112.28333,31.10695],[112.33436,31.18355],[112.25561,31.2745],[112.29986,31.38157],[112.27723,31.39634],[112.25061,31.35429],[112.18971,31.34378],[112.19171,31.25827],[112.1744,31.35742],[112.19104,31.40344],[112.1551,31.35401],[112.10885,31.35259],[112.07507,31.45428],[112.15226,31.57722],[112.21993,31.52748],[112.27426,31.54923],[112.4129,31.50463],[112.50632,31.56298],[112.58773,31.56409],[112.66798,31.68805],[112.73191,31.61914],[112.87282,31.55864],[112.90104,31.47351],[112.98648,31.43543],[113.14897,31.43595],[113.2345,31.35689],[113.30961,31.34643],[113.48132,31.22836],[113.4561,31.05228],[113.33569,30.9378],[113.33219,30.89845]]]}},{"type":"Feature","properties":{"SYS_ID":"97912","NAME_CH":"归州","PRES_LOC":"","TYPE_CH":"州","BEG_YR":1279,"BEG_CHG_TY":"更名","END_YR":1375,"END_CHG_TY":"撤销","X_COORD":110.54,"Y_COORD":31.06},"geometry":{"type":"Polygon","coordinates":[[[110.34622,30.24797],[110.11616,30.1879],[110.13203,30.48772],[110.08852,30.65377],[110.22081,30.80809],[110.10555,30.85047],[110.16423,30.98145],[110.11566,31.09465],[110.19107,31.16137],[110.13822,31.39558],[110.03306,31.43652],[110.16166,31.49808],[110.28296,31.45317],[110.49892,31.61896],[110.70502,31.65086],[110.7849,31.62022],[110.94498,31.67142],[110.97283,31.65091],[110.93789,31.58738],[111.04189,31.56571],[111.05125,31.448],[111.11283,31.3486],[111.08193,31.31416],[111.08198,31.17408],[110.85005,31.02535],[110.90836,30.88744],[110.99432,30.83671],[110.98767,30.75536],[110.90809,30.71365],[110.87983,30.74104],[110.84745,30.68125],[110.80085,30.70454],[110.72741,30.63885],[110.59335,30.68766],[110.58209,30.77507],[110.46738,30.74712],[110.44793,30.6636],[110.47057,30.53936],[110.4043,30.48097],[110.35336,30.48206],[110.34586,30.33374],[110.36834,30.30674],[110.34622,30.24797]]]}},{"type":"Feature","properties":{"SYS_ID":"97916","NAME_CH":"荆州府","PRES_LOC":"","TYPE_CH":"府","BEG_YR":1376,"BEG_CHG_TY":"辖区扩大","END_YR":1530,"END_CHG_TY":"辖区缩小","X_COORD":111.59,"Y_COORD":30.6},"geometry":{"type":"GeometryCollection","geometries":[{"type":"MultiPolygon","coordinates":[[[[111.50652,31.30432],[111.61931,31.37489],[111.73519,31.37264],[111.74918,31.28562],[111.8787,31.23977],[111.9379,31.28197],[111.91366,31.33494],[111.95009,31.4676],[112.05447,31.56433],[112.13239,31.55837],[112.07707,31.41104],[112.10885,31.35259],[112.1551,31.35401],[112.19104,31.40344],[112.1744,31.35742],[112.19171,31.25827],[112.18971,31.34378],[112.25061,31.35429],[112.27723,31.39634],[112.29986,31.38157],[112.25561,31.2745],[112.33436,31.18355],[112.28333,31.10695],[112.34341,30.93682],[112.44083,30.88161],[112.49886,30.93529],[112.55875,30.93179],[112.5624,30.88156],[112.67024,30.84025],[112.62139,30.81895],[112.64555,30.77743],[112.58734,30.67796],[112.61902,30.64263],[112.70963,30.65693],[112.67795,30.62155],[112.69033,30.54969],[112.75494,30.58722],[112.72322,30.61171],[112.83713,30.62887],[112.85957,30.6888],[112.86578,30.69983],[112.87436,30.70352],[112.90964,30.53014],[112.99334,30.47159],[112.95188,30.38354],[112.94962,30.27348],[112.98681,30.26714],[113.00382,30.2043],[113.12482,30.15146],[113.18303,30.02234],[113.28252,29.98632],[113.18217,29.9606],[113.16101,29.78175],[113.18498,29.72012],[113.25251,29.67931],[113.38267,29.76432],[113.42469,29.75251],[113.13612,29.44494],[113.0872,29.47187],[113.06609,29.43723],[113.03498,29.50967],[112.94545,29.47042],[112.92923,29.53884],[112.88024,29.53394],[112.92629,29.55519],[112.90765,29.63699],[113.00022,29.69492],[113.02309,29.75859],[112.91309,29.76222],[112.88683,29.80055],[112.67817,29.59691],[112.44314,29.63526],[112.3535,29.52233],[112.28069,29.49812],[112.29735,29.58506],[112.23811,29.61316],[112.23888,29.66441],[112.19135,29.62904],[112.17498,29.66266],[112.06093,29.68373],[112.0716,29.73667],[112.0598,29.77309],[112.05413,29.74573],[111.96767,29.79245],[111.95446,29.83928],[111.74043,29.92135],[111.70057,29.89285],[111.54385,29.89405],[111.51961,29.92977],[111.39838,29.91726],[111.36996,29.95847],[111.34405,29.94542],[111.24471,30.04339],[111.3075,30.05095],[111.35639,30.1009],[111.31577,30.148],[111.10437,30.13952],[111.03472,30.15995],[110.96387,30.2349],[110.73823,30.231],[110.57207,30.30179],[110.54056,30.28941],[110.56291,30.22902],[110.54028,30.20826],[110.31847,30.25277],[110.11616,30.1879],[110.13203,30.48772],[110.08851,30.65627],[110.22194,30.81473],[110.10555,30.85047],[110.16423,30.98145],[110.11566,31.09465],[110.19107,31.16137],[110.13822,31.39558],[110.03306,31.43652],[110.16166,31.49808],[110.28296,31.45317],[110.49892,31.61896],[110.70502,31.65086],[110.7849,31.62022],[110.93939,31.67423],[110.97283,31.65091],[110.94022,31.583],[111.04189,31.56571],[111.05125,31.448],[111.07897,31.4254],[111.22565,31.47042],[111.331,31.35702],[111.41892,31.37311],[111.43236,31.3149],[111.50652,31.30432]],[[111.2953,30.4104],[111.29259,30.40776],[111.29223,30.40226],[111.2953,30.4104]]],[[[112.7035606479956,30.93518165598877],[112.70639,30.92694],[112.70356,30.93518],[112.7035606479956,30.93518165598877]]],[[[112.70306,30.93664],[112.70419,30.93679],[112.7035606479956,30.93518165598877],[112.70306,30.93664]]],[[[111.29259,30.40776],[111.29282,30.40569],[111.29281,30.40478],[111.29259,30.40776]]]]},{"type":"LineString","coordinates":[[111.29281,30.40478],[111.29223,30.40226]]}]}},{"type":"Feature","properties":{"SYS_ID":"97914","NAME_CH":"荆门州","PRES_LOC":"","TYPE_CH":"州","BEG_YR":1278,"BEG_CHG_TY":"更名","END_YR":1375,"END_CHG_TY":"撤销","X_COORD":112.1,"Y_COORD":30.9},"geometry":{"type":"Polygon","coordinates":[[[111.54755,30.91448],[111.62165,30.87436],[111.68645,30.8936],[111.65452,31.00457],[111.68541,31.01896],[111.70794,31.19111],[111.59121,31.34236],[111.61931,31.37489],[111.74133,31.3708],[111.74918,31.28562],[111.8787,31.23977],[111.9379,31.28197],[111.91366,31.33494],[111.95009,31.4676],[112.05447,31.56433],[112.12577,31.56172],[112.07707,31.41104],[112.10885,31.35259],[112.1551,31.35401],[112.19104,31.40344],[112.1744,31.35742],[112.19171,31.25827],[112.18971,31.34378],[112.25061,31.35429],[112.27723,31.39634],[112.29986,31.38157],[112.25561,31.2745],[112.33436,31.18355],[112.28356,31.123],[112.31156,30.98432],[112.39352,30.88568],[112.47169,30.88754],[112.49886,30.93529],[112.55399,30.93305],[112.5624,30.88156],[112.66824,30.84226],[112.62139,30.81895],[112.64555,30.77743],[112.58781,30.67235],[112.61902,30.64263],[112.69025,30.66382],[112.71402,30.64322],[112.64777,30.63715],[112.59937,30.55852],[112.61434,30.39563],[112.53531,30.39314],[112.44331,30.44069],[112.33976,30.40477],[112.26685,30.50182],[112.21247,30.51219],[112.20767,30.47605],[112.17561,30.47811],[112.17402,30.53182],[112.13029,30.53527],[112.08175,30.66679],[111.9601,30.64963],[111.95048,30.62704],[112.0056,30.5953],[111.90958,30.56394],[111.78309,30.59065],[111.77304,30.62341],[111.70514,30.58634],[111.72256,30.6663],[111.60198,30.64685],[111.55826,30.76891],[111.58202,30.86208],[111.54482,30.87738],[111.54755,30.91448]]]}},{"type":"Feature","properties":{"SYS_ID":"97915","NAME_CH":"峡州","PRES_LOC":"","TYPE_CH":"州","BEG_YR":1364,"BEG_CHG_TY":"更名","END_YR":1375,"END_CHG_TY":"撤销","X_COORD":111.15,"Y_COORD":30.69},"geometry":{"type":"Polygon","coordinates":[[[110.34514,30.24592],[110.36834,30.30674],[110.34586,30.33374],[110.35336,30.48206],[110.4043,30.48097],[110.47057,30.53936],[110.44793,30.6636],[110.46738,30.74712],[110.58209,30.77507],[110.59335,30.68766],[110.72741,30.63885],[110.80085,30.70454],[110.84745,30.68125],[110.87983,30.74104],[110.90809,30.71365],[110.98767,30.75536],[110.99432,30.83671],[110.90836,30.88744],[110.85005,31.02535],[111.08198,31.17408],[111.08193,31.31416],[111.11283,31.3486],[111.07897,31.4254],[111.22565,31.47042],[111.331,31.35702],[111.41892,31.37311],[111.43236,31.3149],[111.50652,31.30432],[111.59121,31.34236],[111.69038,31.24584],[111.70927,31.15509],[111.68541,31.01896],[111.65452,31.00457],[111.68513,30.88625],[111.62165,30.87436],[111.55131,30.91534],[111.54482,30.87738],[111.58202,30.86208],[111.55826,30.76891],[111.59401,30.65201],[111.72256,30.6663],[111.62475,30.503],[111.62818,30.44212],[111.6872,30.39071],[111.63549,30.36161],[111.60018,30.27908],[111.54743,30.27707],[111.48029,30.32719],[111.40137,30.20832],[111.48784,30.16278],[111.55715,30.20122],[111.57507,30.124],[111.52108,30.09921],[111.38239,30.12624],[111.35639,30.1009],[111.31577,30.148],[111.11122,30.13811],[111.03472,30.15995],[110.96387,30.2349],[110.73823,30.231],[110.57207,30.30179],[110.54056,30.28941],[110.56291,30.22902],[110.54028,30.20826],[110.34514,30.24592]]]}},{"type":"Feature","properties":{"SYS_ID":"97919","NAME_CH":"施州卫","PRES_LOC":"","TYPE_CH":"卫","BEG_YR":1390,"BEG_CHG_TY":"新建","END_YR":1724,"END_CHG_TY":"撤销","X_COORD":109.55,"Y_COORD":30.08},"geometry":{"type":"Polygon","coordinates":[[[108.81962,30.49819],[108.81471,30.44045],[108.97278,30.37951],[109.05207,30.44785],[109.1215,30.43258],[109.10395,30.47108],[109.14018,30.53532],[109.29876,30.63546],[109.34492,30.56622],[109.34431,30.49628],[109.45847,30.6274],[109.53515,30.67593],[109.57523,30.6573],[109.58202,30.69741],[109.64247,30.71885],[109.73133,30.828],[109.84671,30.88196],[109.96014,30.87323],[109.99979,30.90171],[110.04615,30.80426],[110.10555,30.85047],[110.22194,30.81473],[110.08851,30.65627],[110.13203,30.48772],[110.103,30.28502],[110.12037,30.18518],[110.31847,30.25277],[110.54028,30.20826],[110.56291,30.22902],[110.54056,30.28941],[110.57207,30.30179],[110.73823,30.231],[110.96387,30.2349],[111.03472,30.15995],[111.10437,30.13952],[111.31577,30.148],[111.35639,30.1009],[111.3075,30.05095],[111.24189,30.04302],[110.92368,30.06741],[110.91814,30.11449],[110.85042,30.12812],[110.74876,30.11962],[110.75308,30.05696],[110.71319,30.03903],[110.64614,30.0803],[110.52276,30.06243],[110.49293,30.02325],[110.54929,29.99132],[110.50106,29.91492],[110.54202,29.85928],[110.60893,29.83595],[110.63486,29.76804],[110.51563,29.69461],[110.45757,29.71258],[110.4369,29.66769],[110.3681,29.63759],[110.10845,29.79211],[109.77468,29.76037],[109.75983,29.69207],[109.69286,29.66818],[109.71495,29.61079],[109.51456,29.62175],[109.46088,29.5173],[109.42908,29.53308],[109.43727,29.49132],[109.4063,29.49846],[109.41317,29.45452],[109.34014,29.36797],[109.33872,29.27027],[109.25378,29.2269],[109.27064,29.1385],[109.24145,29.11566],[109.10783,29.20302],[109.13082,29.26636],[109.10501,29.36424],[109.06481,29.39558],[108.97127,29.3309],[108.90912,29.32565],[108.93351,29.41495],[108.86168,29.45874],[108.90385,29.57609],[108.86486,29.59545],[108.87631,29.62989],[108.84123,29.65338],[108.78658,29.63481],[108.78351,29.67356],[108.75415,29.64774],[108.67496,29.69368],[108.65668,29.85115],[108.60778,29.86969],[108.57582,29.83717],[108.51701,29.87786],[108.53415,29.99127],[108.52364,30.05932],[108.49831,30.05388],[108.5582,30.14393],[108.56938,30.25385],[108.40179,30.38095],[108.42053,30.4891],[108.50137,30.50363],[108.56552,30.47513],[108.65719,30.59123],[108.72858,30.50077],[108.81962,30.49819]]]}},{"type":"Feature","properties":{"SYS_ID":"97958","NAME_CH":"夔州路","PRES_LOC":"","TYPE_CH":"路","BEG_YR":1286,"BEG_CHG_TY":"","END_YR":1375,"END_CHG_TY":"","X_COORD":109.35,"Y_COORD":30.35},"geometry":{"type":"Polygon","coordinates":[[[109.61914,30.15827],[109.50232,30.1123],[109.47463,30.03825],[109.44221,30.07589],[109.35895,30.06606],[109.19173,29.83936],[109.16323,29.86661],[109.1515,30.03196],[109.03294,29.99939],[108.98106,29.94214],[108.93007,30.04635],[108.86295,29.97593],[108.86015,29.87248],[108.76434,29.88631],[108.74705,29.86214],[108.71177,29.90074],[108.57582,29.83717],[108.51701,29.87786],[108.53415,29.99127],[108.52364,30.05932],[108.49831,30.05388],[108.5582,30.14393],[108.56938,30.25385],[108.40179,30.38095],[108.41351,30.47185],[108.50137,30.50363],[108.5687,30.47653],[108.65719,30.59123],[108.72858,30.50077],[109.14655,30.53648],[109.26712,30.61595],[109.65593,30.75482],[109.73133,30.828],[109.88833,30.89097],[109.96014,30.87323],[110.00298,30.90077],[110.05306,30.80261],[110.10555,30.85047],[110.21986,30.8191],[110.08851,30.65627],[110.13203,30.48772],[110.10323,30.28089],[110.1756,30.31509],[110.20257,30.22845],[109.94888,30.10806],[109.94201,30.07185],[109.85792,30.1322],[109.79967,30.12158],[109.76915,30.0668],[109.72925,30.11844],[109.68233,30.11312],[109.61914,30.15827]]]}},{"type":"Feature","properties":{"SYS_ID":"93450","NAME_CH":"藤州","PRES_LOC":"","TYPE_CH":"州","BEG_YR":1071,"BEG_CHG_TY":"辖区扩大","END_YR":1368,"END_CHG_TY":"撤销","X_COORD":110.87,"Y_COORD":23.27},"geometry":{"type":"Polygon","coordinates":[[[111.28436,22.80762],[111.19962,22.7462],[111.06167,22.73704],[111.08603,22.69772],[111.05147,22.65404],[110.95374,22.64332],[110.93462,22.60995],[110.87795,22.61966],[110.84941,22.70658],[110.78144,22.73134],[110.79504,22.85859],[110.7538,22.85013],[110.72803,22.88929],[110.73938,22.94933],[110.77448,22.9631],[110.74641,23.06261],[110.70706,23.05023],[110.65534,23.11911],[110.58712,23.10135],[110.54305,23.1291],[110.5415,23.20503],[110.61974,23.22849],[110.65477,23.29689],[110.56391,23.37718],[110.58453,23.45116],[110.62856,23.47685],[110.61414,23.56247],[110.54118,23.66398],[110.57097,23.68034],[110.54534,23.73688],[110.57787,23.78923],[110.55363,23.82902],[110.49853,23.80452],[110.4828,23.85045],[110.35256,23.89385],[110.39354,24.01976],[110.52,24.04303],[110.62605,23.85849],[110.71872,23.88571],[110.76323,23.95239],[110.86319,23.88594],[110.83556,23.83981],[110.85355,23.8108],[110.88535,23.81952],[110.88715,23.71036],[110.94604,23.65215],[110.89411,23.62087],[110.85043,23.5299],[110.88757,23.47025],[110.93041,23.52384],[110.97397,23.43614],[111.10246,23.45243],[111.18549,23.42547],[111.18832,23.36237],[111.13707,23.34148],[111.15018,23.23562],[111.12245,23.12322],[111.20562,23.13627],[111.24796,23.09781],[111.22903,23.07091],[111.36092,23.00039],[111.37189,22.93276],[111.28436,22.80762]]]}},{"type":"Feature","properties":{"SYS_ID":"93543","NAME_CH":"贵州","PRES_LOC":"","TYPE_CH":"州","BEG_YR":758,"BEG_CHG_TY":"更名","END_YR":1368,"END_CHG_TY":"撤销","X_COORD":109.51,"Y_COORD":23.14},"geometry":{"type":"Polygon","coordinates":[[[109.73133,23.06035],[109.63235,22.66248],[109.55091,22.6823],[109.50305,22.79063],[109.52185,22.82416],[109.44736,22.85893],[109.47584,22.89041],[109.40207,22.91483],[109.3037,23.01764],[109.33282,23.08953],[109.24702,23.10444],[109.25713,23.20497],[109.22295,23.30123],[109.18347,23.27449],[109.08476,23.30923],[109.1039,23.43057],[109.34486,23.41949],[109.41995,23.36872],[109.47123,23.38418],[109.54903,23.31133],[109.66075,23.42979],[109.81482,23.3084],[109.79334,23.23823],[109.86853,23.10147],[109.73133,23.06035]]]}},{"type":"Feature","properties":{"SYS_ID":"93562","NAME_CH":"郁林州","PRES_LOC":"","TYPE_CH":"州","BEG_YR":1136,"BEG_CHG_TY":"辖区扩大","END_YR":1368,"END_CHG_TY":"撤销","X_COORD":109.9,"Y_COORD":22.37},"geometry":{"type":"Polygon","coordinates":[[[109.72726,22.38091],[109.75446,22.34006],[109.83628,22.32029],[109.85537,22.38064],[109.80643,22.44378],[109.8607,22.52499],[109.81197,22.57987],[109.729,22.55625],[109.63235,22.66248],[109.70647,22.91177],[109.70233,23.01273],[109.75362,23.0767],[109.84526,23.10331],[109.88333,23.02783],[109.93649,23.02869],[110.05128,22.94409],[110.07989,22.96216],[110.11591,22.88981],[110.22439,22.89526],[110.14472,22.82436],[110.13081,22.73473],[110.31374,22.6807],[110.28623,22.62344],[110.13062,22.53257],[110.17081,22.42073],[110.15912,22.32921],[110.2028,22.31234],[110.0785,22.23349],[110.15995,22.14381],[110.14124,22.08466],[110.18285,22.05885],[110.20367,21.9537],[110.27789,21.90146],[110.24256,21.87771],[110.11866,21.89916],[110.05622,21.86417],[109.97542,21.8774],[109.8889,21.65187],[109.79712,21.63977],[109.77081,21.67489],[109.69058,21.67971],[109.70235,21.90787],[109.61682,21.90553],[109.5684,21.96938],[109.59779,21.97139],[109.54581,22.1242],[109.58392,22.28192],[109.61256,22.30949],[109.6709,22.30264],[109.66693,22.33683],[109.72726,22.38091]]]}},{"type":"Feature","properties":{"SYS_ID":"93698","NAME_CH":"平乐府","PRES_LOC":"","TYPE_CH":"府","BEG_YR":1491,"BEG_CHG_TY":"辖区扩大","END_YR":1911,"END_CHG_TY":"数据下限","X_COORD":110.98,"Y_COORD":24.41},"geometry":{"type":"Polygon","coordinates":[[[110.10724,24.46236],[110.16166,24.54735],[110.13036,24.67368],[110.14559,24.73526],[110.18901,24.76777],[110.26267,24.75673],[110.35716,24.71174],[110.36465,24.67071],[110.58952,24.64444],[110.58997,24.73768],[110.65173,24.76435],[110.67609,24.90232],[110.6076,25.08404],[110.63936,25.0862],[110.64378,25.12666],[110.77784,25.12062],[110.72439,25.21308],[110.81895,25.17651],[110.87154,25.23298],[111.08677,25.28236],[111.09886,25.21649],[110.99239,25.16062],[110.94245,25.05103],[110.99165,24.92269],[111.09199,24.94454],[111.09387,25.03136],[111.26302,25.1457],[111.33823,25.09724],[111.38972,25.13113],[111.43123,25.10114],[111.41288,25.04415],[111.46293,25.02221],[111.42539,24.96977],[111.46482,24.93173],[111.44399,24.8598],[111.47408,24.80038],[111.42715,24.67582],[111.55813,24.63931],[111.58404,24.69376],[111.63391,24.68393],[111.63719,24.73308],[111.70021,24.78569],[111.95577,24.77061],[112.01592,24.73996],[111.95286,24.71642],[111.92091,24.63127],[111.99618,24.54917],[111.98059,24.4686],[112.0569,24.36512],[111.97395,24.25966],[111.86974,24.22627],[111.87071,24.09035],[111.92618,23.97667],[111.84798,23.94993],[111.79997,23.81521],[111.65852,23.83158],[111.64075,23.95475],[111.53332,24.02955],[111.5791,24.09162],[111.57046,24.14289],[111.49918,24.17436],[111.46889,24.09557],[111.39117,24.07794],[111.40716,23.9529],[111.36111,23.86806],[111.23412,23.88737],[111.20251,23.94428],[111.151,23.94496],[111.08767,23.83932],[110.95345,23.72663],[110.95127,23.65166],[110.88715,23.71036],[110.88535,23.81952],[110.85355,23.8108],[110.83556,23.83981],[110.86777,23.86711],[110.85229,23.89725],[110.76323,23.95239],[110.71872,23.88571],[110.62605,23.85849],[110.52,24.04303],[110.48152,24.05451],[110.43858,24.01426],[110.37692,24.05152],[110.30485,24.02119],[110.29284,23.86081],[110.2063,23.91291],[110.18564,23.86366],[110.13745,23.88029],[110.06239,23.80254],[109.99279,23.77943],[109.95941,23.88513],[109.99072,23.92422],[109.98931,24.01631],[110.05107,24.04574],[110.04736,24.10286],[109.94263,24.24343],[109.81105,24.2766],[109.82086,24.44808],[109.98111,24.41378],[110.10724,24.46236]]]}},{"type":"Feature","properties":{"SYS_ID":"93664","NAME_CH":"容州","PRES_LOC":"","TYPE_CH":"州","BEG_YR":1285,"BEG_CHG_TY":"更名","END_YR":1368,"END_CHG_TY":"撤销","X_COORD":110.46,"Y_COORD":22.57},"geometry":{"type":"Polygon","coordinates":[[[110.74295,23.06653],[110.77448,22.9631],[110.73938,22.94933],[110.72946,22.88217],[110.79721,22.84917],[110.76733,22.76791],[110.78684,22.72466],[110.84941,22.70658],[110.89575,22.6123],[110.7995,22.56108],[110.76499,22.58379],[110.7399,22.46873],[110.68154,22.47573],[110.70802,22.36679],[110.78282,22.28416],[110.6938,22.27667],[110.64453,22.22508],[110.67368,22.18705],[110.62799,22.14851],[110.56802,22.19519],[110.50453,22.14799],[110.41742,22.20874],[110.37425,22.16806],[110.3383,22.19298],[110.32383,22.15677],[110.36417,22.12219],[110.34503,22.00714],[110.38514,21.90612],[110.36779,21.88507],[110.26466,21.90846],[110.20367,21.9537],[110.18285,22.05885],[110.14124,22.08466],[110.15995,22.14381],[110.0785,22.23349],[110.2028,22.31234],[110.15912,22.32921],[110.17081,22.42073],[110.13062,22.53257],[110.28623,22.62344],[110.31374,22.6807],[110.13717,22.72384],[110.14472,22.82436],[110.26524,22.8738],[110.25585,22.94174],[110.32891,23.06193],[110.3559,23.04302],[110.48798,23.06862],[110.54305,23.1291],[110.58712,23.10135],[110.6608,23.11702],[110.71474,23.04697],[110.74295,23.06653]]]}},{"type":"Feature","properties":{"SYS_ID":"93666","NAME_CH":"象州","PRES_LOC":"","TYPE_CH":"州","BEG_YR":1285,"BEG_CHG_TY":"更名","END_YR":1368,"END_CHG_TY":"撤销","X_COORD":109.55,"Y_COORD":23.76},"geometry":{"type":"Polygon","coordinates":[[[109.47293,24.02754],[109.58501,24.08246],[109.60924,24.1453],[109.70333,24.16067],[109.75927,24.13299],[109.90054,24.25053],[109.9735,24.22033],[110.04948,24.09083],[110.05107,24.04574],[109.98792,24.01384],[109.99072,23.92422],[109.95941,23.88513],[109.99279,23.77943],[109.91972,23.6809],[109.88831,23.49375],[109.85736,23.46097],[109.78147,23.49144],[109.7213,23.46285],[109.69589,23.40411],[109.64606,23.42864],[109.56023,23.3118],[109.47123,23.38418],[109.41995,23.36872],[109.34486,23.41949],[109.12197,23.44038],[109.08135,23.498],[109.09607,23.55328],[108.96362,23.66682],[109.15494,23.81025],[109.1348,24.01974],[109.20715,24.02173],[109.2279,24.06137],[109.27424,24.05001],[109.35701,23.91262],[109.424,23.91116],[109.48988,23.9851],[109.47293,24.02754]]]}},{"type":"Feature","properties":{"SYS_ID":"93668","NAME_CH":"宾州","PRES_LOC":"","TYPE_CH":"州","BEG_YR":1285,"BEG_CHG_TY":"更名","END_YR":1368,"END_CHG_TY":"撤销","X_COORD":108.81,"Y_COORD":23.51},"geometry":{"type":"Polygon","coordinates":[[[108.89489,23.93578],[108.92181,23.90473],[108.99907,23.90097],[109.03786,23.94539],[109.05092,24.05574],[109.13776,24.04574],[109.15494,23.81025],[108.96362,23.66682],[109.09607,23.55328],[109.08135,23.498],[109.12197,23.44038],[109.08476,23.30923],[109.18347,23.27449],[109.22295,23.30123],[109.25691,23.19441],[109.24419,23.13311],[109.1851,23.07446],[109.08456,23.13163],[108.97461,23.10028],[108.85005,22.95624],[108.77158,22.98005],[108.77129,23.02158],[108.69869,23.09801],[108.53189,23.12832],[108.59695,23.20151],[108.58254,23.3221],[108.48827,23.39805],[108.46384,23.48251],[108.32819,23.53923],[108.32549,23.57413],[108.33285,23.6146],[108.43472,23.66362],[108.56954,23.50384],[108.62595,23.52405],[108.59979,23.59595],[108.49283,23.67429],[108.47829,23.76547],[108.41082,23.82298],[108.47814,23.89529],[108.41812,23.92441],[108.45006,23.98727],[108.59468,23.97704],[108.70618,23.84312],[108.80141,23.81983],[108.83367,23.8212],[108.89489,23.93578]]]}},{"type":"Feature","properties":{"SYS_ID":"93670","NAME_CH":"横州","PRES_LOC":"","TYPE_CH":"州","BEG_YR":1285,"BEG_CHG_TY":"更名","END_YR":1368,"END_CHG_TY":"撤销","X_COORD":109.11,"Y_COORD":22.79},"geometry":{"type":"Polygon","coordinates":[[[109.44437,22.61176],[109.35761,22.63545],[109.28992,22.56896],[109.31827,22.53231],[109.26021,22.4936],[109.16543,22.55205],[109.16678,22.52429],[109.09404,22.51415],[108.98301,22.53893],[108.77957,22.52662],[108.6685,22.64222],[108.75797,22.85128],[108.80935,22.86094],[108.81857,22.97274],[108.87281,22.97196],[108.97461,23.10028],[109.08456,23.13163],[109.1851,23.07446],[109.24419,23.13311],[109.25027,23.09986],[109.32833,23.09457],[109.34135,23.05743],[109.3037,23.01764],[109.40207,22.91483],[109.47086,22.8966],[109.46104,22.84082],[109.52185,22.82416],[109.50305,22.79063],[109.56544,22.66931],[109.47551,22.65335],[109.44437,22.61176]]]}},{"type":"Feature","properties":{"SYS_ID":"93673","NAME_CH":"贺州","PRES_LOC":"","TYPE_CH":"州","BEG_YR":1278,"BEG_CHG_TY":"辖区扩大","END_YR":1368,"END_CHG_TY":"撤销","X_COORD":111.74,"Y_COORD":24.3},"geometry":{"type":"Polygon","coordinates":[[[111.26731,25.1464],[111.33823,25.09724],[111.38972,25.13113],[111.43123,25.10114],[111.41288,25.04415],[111.46293,25.02221],[111.42563,24.97528],[111.46482,24.93173],[111.44399,24.8598],[111.47408,24.80038],[111.43244,24.67101],[111.55813,24.63931],[111.58404,24.69376],[111.63391,24.68393],[111.63719,24.73308],[111.70021,24.78569],[111.95577,24.77061],[112.01592,24.73996],[111.95286,24.71642],[111.92091,24.63127],[111.99618,24.54917],[111.98059,24.4686],[112.0569,24.36512],[111.93022,24.23607],[111.98738,24.19378],[112.03476,24.19194],[112.06377,24.2645],[112.15446,24.18193],[112.24413,24.24351],[112.24918,24.40047],[112.34271,24.37416],[112.4445,24.27646],[112.4174,24.13741],[112.4772,24.11696],[112.52786,24.01451],[112.51654,23.97552],[112.37684,23.89401],[112.33629,23.75958],[112.29198,23.76738],[112.25114,23.7336],[112.23706,23.76913],[112.13991,23.69833],[112.15867,23.60196],[112.05372,23.48878],[111.98213,23.48586],[111.9691,23.64934],[111.87984,23.70189],[111.94616,23.81935],[111.97723,23.97738],[111.84798,23.94993],[111.79997,23.81521],[111.69591,23.84193],[111.67985,23.81964],[111.64075,23.95475],[111.53332,24.02955],[111.5791,24.09162],[111.57046,24.14289],[111.49918,24.17436],[111.46889,24.09557],[111.39117,24.07794],[111.40716,23.9529],[111.36111,23.86806],[111.23412,23.88737],[111.20251,23.94428],[111.30627,24.14751],[111.2781,24.20576],[111.31562,24.26559],[111.29516,24.31494],[111.37041,24.28841],[111.43453,24.41919],[111.26269,24.48583],[111.1613,24.47392],[110.98986,24.59658],[110.98415,24.62916],[111.16483,24.7795],[111.1593,24.90119],[111.11643,24.8955],[111.0857,24.94037],[111.09161,25.02767],[111.26731,25.1464]]]}},{"type":"Feature","properties":{"SYS_ID":"93674","NAME_CH":"思明路","PRES_LOC":"","TYPE_CH":"路","BEG_YR":1287,"BEG_CHG_TY":"更名","END_YR":1368,"END_CHG_TY":"更名","X_COORD":107.46,"Y_COORD":22.13},"geometry":{"type":"Polygon","coordinates":[[[106.81716,22.56233],[106.91522,22.62239],[106.99476,22.60659],[107.04014,22.53059],[107.12579,22.50325],[107.14634,22.45755],[107.21117,22.45451],[107.16804,22.34776],[107.24849,22.33012],[107.26513,22.37589],[107.40915,22.41759],[107.382,22.45042],[107.45141,22.52017],[107.64342,22.37796],[107.71232,22.36324],[108,22.5],[108.08916,22.45553],[108.13811,22.30406],[108.1841,22.27926],[108.21107,22.29994],[108.27738,22.22089],[108.18336,22.14826],[108.21058,22.04526],[108.18628,21.98582],[107.88627,21.86389],[107.893,21.83309],[107.55123,21.72497],[107.37253,21.59476],[107.30162,21.7391],[107.21248,21.70707],[107.08913,21.80291],[107.01399,21.82197],[107.05608,21.89477],[107.02079,21.94391],[106.95672,21.91771],[106.91621,21.97027],[106.81022,21.97024],[106.76543,22.01096],[106.69405,21.96237],[106.6736,21.98962],[106.70593,22.02853],[106.70332,22.16148],[106.67071,22.17728],[106.68889,22.27304],[106.82828,22.14929],[106.90529,22.17302],[107.003,22.26263],[106.94779,22.30238],[106.91502,22.39667],[106.87314,22.4152],[106.81123,22.38825],[106.7475,22.4354],[106.81716,22.56233]]]}},{"type":"Feature","properties":{"SYS_ID":"93676","NAME_CH":"太平路","PRES_LOC":"","TYPE_CH":"路","BEG_YR":1354,"BEG_CHG_TY":"治所迁移","END_YR":1368,"END_CHG_TY":"更名且治所迁移","X_COORD":107.26,"Y_COORD":22.78},"geometry":{"type":"Polygon","coordinates":[[[106.81716,22.56233],[106.69105,22.34616],[106.55687,22.34802],[106.58667,22.37865],[106.55597,22.44836],[106.60026,22.6061],[106.66069,22.57646],[106.72703,22.59274],[106.77156,22.70946],[106.75225,22.72727],[106.88386,22.84139],[106.81963,22.94049],[107.10594,23.07923],[107.1181,23.10692],[107.06992,23.14273],[107.12114,23.16273],[107.16981,23.1392],[107.14804,23.20274],[107.0753,23.21056],[107.05199,23.24392],[107.29459,23.35365],[107.34782,23.31683],[107.39913,23.32556],[107.3299,23.13966],[107.38253,23.09342],[107.33524,23.04989],[107.45649,23.04481],[107.48813,23.06921],[107.62287,23.00391],[107.63505,22.94808],[107.7252,22.95255],[107.79045,22.88753],[107.93198,22.85262],[107.99339,22.79121],[107.90828,22.67751],[107.63232,22.65447],[107.59545,22.53993],[107.52341,22.50569],[107.53125,22.47634],[107.45141,22.52017],[107.382,22.45042],[107.40915,22.41759],[107.26513,22.37589],[107.26351,22.33229],[107.16804,22.34776],[107.20746,22.45842],[107.14634,22.45755],[107.12579,22.50325],[107.08075,22.50235],[107.00442,22.60039],[106.95362,22.61805],[106.81716,22.56233]]]}},{"type":"Feature","properties":{"SYS_ID":"93677","NAME_CH":"田州路","PRES_LOC":"","TYPE_CH":"路","BEG_YR":1292,"BEG_CHG_TY":"新建","END_YR":1368,"END_CHG_TY":"更名且治所迁移","X_COORD":107.53,"Y_COORD":23.8},"geometry":{"type":"Polygon","coordinates":[[[106.98076,23.02149],[106.93948,23.12182],[106.76291,23.07976],[106.77409,23.1817],[107.00403,23.30586],[107.08145,23.40393],[107.04175,23.45452],[107.2039,23.49157],[107.26945,23.56801],[107.11285,23.57737],[106.98926,23.63728],[107.05879,23.79264],[106.96547,23.78547],[106.97411,23.86196],[106.84605,23.871],[106.74038,23.97595],[106.72322,24.04454],[106.83441,24.11618],[106.85855,24.19537],[106.91524,24.23049],[106.88164,24.31917],[106.90024,24.38183],[107.10994,24.3224],[107.15736,24.19996],[107.27836,24.16711],[107.29743,24.2459],[107.48473,24.48197],[107.6357,24.5219],[107.67414,24.39307],[107.70731,24.39691],[107.72346,24.35616],[107.76376,24.37025],[107.77945,24.19364],[107.81752,24.16234],[107.80154,24.05389],[107.91894,23.99675],[107.88683,23.9599],[107.9848,23.89227],[108.02165,23.78692],[108.09688,23.80458],[108.12777,23.85565],[108.17567,23.82928],[108.28638,23.95662],[108.31486,23.9548],[108.32806,24.00559],[108.42797,23.96829],[108.41812,23.92441],[108.47814,23.89529],[108.41082,23.82298],[108.48032,23.76182],[108.49586,23.66995],[108.6096,23.57947],[108.62595,23.52405],[108.58916,23.50234],[108.40549,23.66637],[108.33285,23.6146],[108.32549,23.57413],[108.26908,23.55988],[108.25504,23.49936],[108.12492,23.45479],[108.05717,23.47293],[108.05966,23.40987],[107.90663,23.48242],[107.82782,23.3708],[107.8326,23.33153],[107.78339,23.35012],[107.68716,23.28245],[107.34782,23.31683],[107.29459,23.35365],[107.05199,23.24392],[107.0753,23.21056],[107.14804,23.20274],[107.16981,23.1392],[107.12114,23.16273],[107.06992,23.14273],[107.11938,23.09278],[106.98076,23.02149]]]}},{"type":"Feature","properties":{"SYS_ID":"93678","NAME_CH":"来安路","PRES_LOC":"","TYPE_CH":"路","BEG_YR":1276,"BEG_CHG_TY":"新建","END_YR":1368,"END_CHG_TY":"更名","X_COORD":106.08,"Y_COORD":24.61},"geometry":{"type":"Polygon","coordinates":[[[106.99588,24.46668],[106.98671,24.34156],[106.96972,24.35487],[106.9501,24.38319],[106.93375,24.38766],[106.87978,24.36776],[106.91524,24.23049],[106.85855,24.19537],[106.83441,24.11618],[106.72322,24.04454],[106.74038,23.97595],[106.84605,23.871],[106.97411,23.86196],[106.96547,23.78547],[107.05879,23.79264],[106.98926,23.63728],[107.11285,23.57737],[107.26945,23.56801],[107.2039,23.49157],[107.04175,23.45452],[107.0776,23.39099],[106.99158,23.30425],[106.893,23.46027],[106.90216,23.49287],[106.67825,23.51777],[106.6432,23.48855],[106.46721,23.49055],[106.45071,23.55361],[106.40547,23.57157],[106.38433,23.51663],[106.23322,23.5084],[106.21186,23.43048],[106.18641,23.43586],[106.14568,23.48752],[106.1827,23.54325],[106.11619,23.6028],[106.15459,23.71202],[106.13326,23.79795],[106.18877,23.82739],[106.16928,23.86423],[106.19421,23.87377],[106.14929,23.89923],[106.09341,24.03184],[105.99865,24.13204],[105.91624,24.1252],[105.8962,24.05463],[105.85414,24.06241],[105.83813,24.03101],[105.78908,24.03739],[105.80108,24.06009],[105.76927,24.0761],[105.66042,24.04547],[105.61486,24.1395],[105.53104,24.13166],[105.47828,24.02556],[105.40964,24.0416],[105.31842,24.12121],[105.25756,24.07329],[105.12917,24.16469],[104.7154,24.21303],[104.69276,24.32574],[104.60533,24.38432],[104.48077,24.65484],[104.53002,24.73437],[104.73013,24.62358],[104.84279,24.68211],[104.87315,24.74512],[105.03294,24.79779],[105.03973,24.88136],[105.19984,24.99864],[105.3038,24.93033],[105.42365,24.93633],[105.43265,24.98326],[105.4976,24.95296],[105.64307,24.97852],[105.60987,25.04606],[105.65457,25.16623],[105.62085,25.22255],[105.62853,25.29384],[105.59022,25.34441],[105.42421,25.39586],[105.43903,25.46528],[105.55743,25.60724],[105.52769,25.67705],[105.56386,25.7159],[105.67769,25.66452],[105.78316,25.47245],[105.89057,25.42544],[105.923,25.44538],[105.91338,25.50222],[105.9897,25.55445],[105.97073,25.61955],[106.00518,25.57415],[106.09393,25.58002],[106.07861,25.52045],[106.1355,25.46125],[106.19577,25.45816],[106.22295,25.39691],[106.41741,25.35213],[106.39645,25.47894],[106.42927,25.56317],[106.55475,25.74051],[106.61616,25.69576],[106.63021,25.74955],[106.74618,25.60225],[106.81876,25.57843],[106.85827,25.63387],[106.91644,25.64356],[106.9957,25.60173],[106.98818,25.5571],[107.05874,25.56195],[107.06641,25.51881],[106.95891,25.41738],[107.00922,25.34984],[106.97974,25.18708],[107.05005,25.02524],[106.89798,24.81885],[106.94973,24.63928],[106.9191,24.6175],[106.92884,24.5442],[106.99588,24.46668]]]}},{"type":"Feature","properties":{"SYS_ID":"93679","NAME_CH":"镇安路","PRES_LOC":"","TYPE_CH":"路","BEG_YR":1292,"BEG_CHG_TY":"更名","END_YR":1368,"END_CHG_TY":"更名且治所迁移","X_COORD":106.3,"Y_COORD":23.21},"geometry":{"type":"Polygon","coordinates":[[[105.52452,23.24725],[105.65554,23.35376],[105.68914,23.33178],[105.64732,23.40144],[105.80286,23.47016],[105.84122,23.5269],[105.98288,23.49229],[105.99643,23.45061],[106.13786,23.57216],[106.1827,23.54325],[106.14568,23.48752],[106.2024,23.42975],[106.23322,23.5084],[106.38433,23.51663],[106.40547,23.57157],[106.45071,23.55361],[106.46721,23.49055],[106.6432,23.48855],[106.67825,23.51777],[106.90216,23.49287],[106.893,23.46027],[106.99158,23.30425],[106.94107,23.29459],[106.89613,23.22638],[106.77582,23.18331],[106.75816,23.08985],[106.80592,23.07202],[106.93948,23.12182],[106.98076,23.0156],[106.81963,22.94049],[106.88386,22.84139],[106.83072,22.81263],[106.76676,22.81232],[106.70932,22.88222],[106.64408,22.87221],[106.60068,22.93156],[106.5194,22.95198],[106.48833,22.90436],[106.28375,22.86979],[106.20337,22.98117],[106.14737,22.99676],[106.00473,22.9949],[106.00098,22.94539],[105.90437,22.94705],[105.8758,22.92068],[105.70898,23.06383],[105.55035,23.08098],[105.56161,23.15622],[105.52452,23.24725]]]}},{"type":"Feature","properties":{"SYS_ID":"93680","NAME_CH":"龙州","PRES_LOC":"","TYPE_CH":"州","BEG_YR":1301,"BEG_CHG_TY":"新建","END_YR":1368,"END_CHG_TY":"撤销","X_COORD":106.83,"Y_COORD":22.29},"geometry":{"type":"Polygon","coordinates":[[[106.88588,22.41351],[107.003,22.26263],[106.89641,22.16727],[106.7989,22.15407],[106.79709,22.18782],[106.66736,22.28195],[106.65334,22.33496],[106.7129,22.36131],[106.7475,22.4354],[106.81123,22.38825],[106.88588,22.41351]]]}},{"type":"Feature","properties":{"SYS_ID":"93687","NAME_CH":"全州府","PRES_LOC":"","TYPE_CH":"府","BEG_YR":1368,"BEG_CHG_TY":"更名","END_YR":1375,"END_CHG_TY":"撤销","X_COORD":110.94,"Y_COORD":25.85},"geometry":{"type":"Polygon","coordinates":[[[110.91705,26.25847],[110.96558,26.38758],[110.99251,26.32365],[111.16112,26.30673],[111.19777,26.26898],[111.27513,26.26029],[111.24844,26.14928],[111.2669,26.11696],[111.19348,25.97753],[111.2154,25.89792],[111.2766,25.85472],[111.32506,25.90195],[111.48669,25.86581],[111.41958,25.83628],[111.43469,25.77246],[111.29937,25.71584],[111.33368,25.60984],[111.32221,25.52621],[111.23897,25.38699],[111.06441,25.26535],[110.87154,25.23298],[110.81416,25.17675],[110.71684,25.23505],[110.76872,25.33065],[110.87825,25.36732],[110.87937,25.43116],[110.92878,25.48317],[110.80286,25.52985],[110.839,25.69722],[110.77638,25.72189],[110.78215,25.76252],[110.67747,25.7315],[110.63484,25.78502],[110.59377,25.7879],[110.59431,25.83153],[110.5287,25.83302],[110.4612,25.91177],[110.46888,25.97164],[110.40667,25.99059],[110.34853,26.05777],[110.43314,26.15709],[110.5129,26.19017],[110.53771,26.2657],[110.57164,26.26782],[110.6078,26.33723],[110.7062,26.29525],[110.73692,26.31728],[110.72756,26.27266],[110.75655,26.25242],[110.91705,26.25847]]]}},{"type":"Feature","properties":{"SYS_ID":"93688","NAME_CH":"靖江府","PRES_LOC":"","TYPE_CH":"府","BEG_YR":1368,"BEG_CHG_TY":"更名","END_YR":1371,"END_CHG_TY":"更名","X_COORD":110.17,"Y_COORD":25.1},"geometry":{"type":"Polygon","coordinates":[[[110.06014,26.0531],[110.15075,26.02105],[110.19191,26.07134],[110.24062,26.02546],[110.2487,25.9656],[110.32086,25.97873],[110.34726,26.03387],[110.45835,25.97939],[110.48313,25.87697],[110.5314,25.83128],[110.59431,25.83153],[110.59377,25.7879],[110.63484,25.78502],[110.66132,25.73802],[110.78909,25.75942],[110.77638,25.72189],[110.84071,25.69208],[110.80286,25.52985],[110.92908,25.48798],[110.87937,25.43116],[110.87825,25.36732],[110.79656,25.35066],[110.73019,25.27186],[110.72228,25.18216],[110.77784,25.12062],[110.64378,25.12666],[110.63936,25.0862],[110.6076,25.08404],[110.67452,24.87843],[110.6562,24.77403],[110.58997,24.73768],[110.60293,24.66591],[110.5717,24.63787],[110.63048,24.59452],[110.55647,24.59015],[110.55266,24.56368],[110.58431,24.45005],[110.64638,24.44384],[110.64837,24.41778],[110.47528,24.34977],[110.43579,24.43643],[110.37448,24.45804],[110.34749,24.42451],[110.37039,24.33584],[110.25357,24.21433],[110.25521,24.14137],[110.32352,24.03194],[110.29284,23.86081],[110.2063,23.91291],[110.18564,23.86366],[110.13745,23.88029],[110.06239,23.80254],[109.99279,23.77943],[109.95941,23.88513],[109.99072,23.92422],[109.98931,24.01631],[110.05107,24.04574],[110.04452,24.11057],[109.94263,24.24343],[109.81105,24.2766],[109.82086,24.44808],[109.70571,24.49713],[109.7262,24.70853],[109.68602,24.69213],[109.64501,24.75166],[109.56237,24.73392],[109.52818,24.77783],[109.56669,24.82657],[109.52105,24.88271],[109.54989,24.92235],[109.53358,25.03039],[109.57637,25.0711],[109.65594,25.08176],[109.60116,25.28165],[109.62934,25.36377],[109.74777,25.39613],[109.77691,25.49392],[109.73233,25.58542],[109.79775,25.73791],[109.71323,25.8091],[109.72342,25.85587],[109.80672,25.88089],[109.82147,25.91462],[109.78725,26.02051],[109.86449,26.03416],[109.90281,26.14835],[109.96177,26.19892],[110.02277,26.15946],[110.08128,26.17117],[110.06014,26.0531]]]}},{"type":"Feature","properties":{"SYS_ID":"93692","NAME_CH":"桂林府","PRES_LOC":"","TYPE_CH":"府","BEG_YR":1491,"BEG_CHG_TY":"辖区缩小","END_YR":1905,"END_CHG_TY":"辖区扩大","X_COORD":110.41,"Y_COORD":25.46},"geometry":{"type":"Polygon","coordinates":[[[110.82486,25.17783],[110.72439,25.21308],[110.77784,25.12062],[110.64378,25.12666],[110.63936,25.0862],[110.6076,25.08404],[110.67609,24.90232],[110.65173,24.76435],[110.58997,24.73768],[110.59452,24.64839],[110.36465,24.67071],[110.35716,24.71174],[110.18901,24.76777],[110.13077,24.68101],[110.16166,24.54735],[110.12385,24.47299],[110.03332,24.42013],[109.87319,24.42422],[109.80007,24.4703],[109.7143,24.47539],[109.7262,24.70853],[109.68602,24.69213],[109.64501,24.75166],[109.56237,24.73392],[109.52818,24.77783],[109.56669,24.82657],[109.52105,24.88271],[109.55028,24.93004],[109.52732,25.01808],[109.57637,25.0711],[109.65594,25.08176],[109.60325,25.29203],[109.6356,25.3751],[109.75201,25.40033],[109.77691,25.49392],[109.73233,25.58542],[109.79775,25.73791],[109.71664,25.80248],[109.72073,25.84871],[109.80872,25.88299],[109.78725,26.02051],[109.86449,26.03416],[109.90281,26.14835],[109.96177,26.19892],[110.02277,26.15946],[110.08128,26.17117],[110.06014,26.0531],[110.09058,26.02452],[110.15075,26.02105],[110.19191,26.07134],[110.25712,25.96454],[110.32086,25.97873],[110.37231,26.0975],[110.46655,26.18173],[110.50304,26.17998],[110.6078,26.33723],[110.7062,26.29525],[110.73692,26.31728],[110.72756,26.27266],[110.75655,26.25242],[110.91705,26.25847],[110.93452,26.36972],[110.96558,26.38758],[110.99251,26.32365],[111.16112,26.30673],[111.19777,26.26898],[111.28178,26.2548],[111.24797,26.05765],[111.19523,25.98695],[111.2154,25.89792],[111.2766,25.85472],[111.32506,25.90195],[111.48669,25.86581],[111.41958,25.83628],[111.43469,25.77246],[111.29937,25.71584],[111.33368,25.60984],[111.32221,25.52621],[111.23897,25.38699],[111.05631,25.26162],[110.87983,25.23578],[110.82486,25.17783]]]}},{"type":"Feature","properties":{"SYS_ID":"93701","NAME_CH":"梧州府","PRES_LOC":"","TYPE_CH":"府","BEG_YR":1377,"BEG_CHG_TY":"辖区扩大","END_YR":1724,"END_CHG_TY":"辖区缩小","X_COORD":110.79,"Y_COORD":23.04},"geometry":{"type":"MultiPolygon","coordinates":[[[[109.79857,22.97673],[109.93649,23.02869],[110.05128,22.94409],[110.07989,22.96216],[110.11591,22.88981],[110.20607,22.90816],[110.25927,22.87015],[110.25585,22.94174],[110.32891,23.06193],[110.3559,23.04302],[110.48798,23.06862],[110.54305,23.1291],[110.54575,23.21097],[110.6478,23.25931],[110.65212,23.31044],[110.58332,23.33374],[110.56391,23.37718],[110.58453,23.45116],[110.62856,23.47685],[110.61414,23.56247],[110.54118,23.66398],[110.57097,23.68034],[110.54534,23.73688],[110.57787,23.78923],[110.55363,23.82902],[110.49853,23.80452],[110.4828,23.85045],[110.35256,23.89385],[110.39354,24.01976],[110.52,24.04303],[110.62605,23.85849],[110.78816,23.94375],[110.86319,23.88594],[110.83556,23.83981],[110.85355,23.8108],[110.88535,23.81952],[110.88715,23.71036],[110.95127,23.65166],[110.95345,23.72663],[111.08767,23.83932],[111.151,23.94496],[111.20251,23.94428],[111.23412,23.88737],[111.36111,23.86806],[111.40716,23.9529],[111.39365,24.08148],[111.46889,24.09557],[111.49406,24.17281],[111.57046,24.14289],[111.5791,24.09162],[111.53332,24.02955],[111.64416,23.94806],[111.65852,23.83158],[111.61121,23.73212],[111.66016,23.71435],[111.61105,23.64541],[111.48286,23.63212],[111.47482,23.54733],[111.38589,23.44935],[111.35521,23.33861],[111.37805,23.31223],[111.35114,23.28772],[111.39228,23.16754],[111.37278,23.09476],[111.42598,23.05384],[111.35413,22.96414],[111.35181,22.89257],[111.21206,22.75022],[111.05392,22.73113],[111.08583,22.69691],[111.05147,22.65404],[110.95374,22.64332],[110.94283,22.61333],[110.7995,22.56108],[110.76499,22.58379],[110.7399,22.46873],[110.68153,22.47252],[110.70802,22.36679],[110.78282,22.28416],[110.6938,22.27667],[110.6478,22.23241],[110.67368,22.18705],[110.63492,22.15031],[110.56802,22.19519],[110.50453,22.14799],[110.41742,22.20874],[110.37425,22.16806],[110.3383,22.19298],[110.37495,21.88734],[110.29594,21.91426],[110.24256,21.87771],[110.11866,21.89916],[110.05622,21.86417],[109.97936,21.87992],[109.93542,21.82741],[109.899,21.6576],[109.79712,21.63977],[109.77081,21.67489],[109.69058,21.67971],[109.70235,21.90787],[109.58939,21.92406],[109.5684,21.96938],[109.59779,21.97139],[109.59035,22.01431],[109.54558,22.11181],[109.59527,22.2996],[109.6709,22.30264],[109.66693,22.33683],[109.72726,22.38091],[109.80093,22.31618],[109.84098,22.3274],[109.85537,22.38064],[109.80643,22.44378],[109.86118,22.51513],[109.84563,22.5615],[109.76095,22.58609],[109.729,22.55625],[109.65515,22.66249],[109.71677,22.70007],[109.72421,22.74021],[109.79216,22.75512],[109.75821,22.77944],[109.75204,22.83978],[109.77813,22.91304],[109.82609,22.93817],[109.79857,22.97673]]],[[[112.15867,23.60196],[112.05372,23.48878],[111.97582,23.49604],[111.9691,23.64934],[111.87844,23.72392],[111.94276,23.81068],[111.98433,23.96766],[111.92539,23.97439],[111.87071,24.09035],[111.86569,24.21158],[111.94,24.24249],[112.02882,24.18976],[112.07054,24.26411],[112.16132,24.18291],[112.24413,24.24351],[112.25696,24.4],[112.34271,24.37416],[112.44296,24.27932],[112.41919,24.13109],[112.4772,24.11696],[112.52818,24.00875],[112.48634,23.94384],[112.37684,23.89401],[112.33629,23.75958],[112.29198,23.76738],[112.25114,23.7336],[112.23706,23.76913],[112.13991,23.69833],[112.15867,23.60196]]]]}},{"type":"Feature","properties":{"SYS_ID":"93706","NAME_CH":"浔州府","PRES_LOC":"","TYPE_CH":"府","BEG_YR":1377,"BEG_CHG_TY":"辖区缩小","END_YR":1729,"END_CHG_TY":"辖区扩大","X_COORD":109.98,"Y_COORD":23.31},"geometry":{"type":"Polygon","coordinates":[[[109.18347,23.27449],[109.08049,23.31725],[109.12197,23.44038],[109.34486,23.41949],[109.41995,23.36872],[109.47123,23.38418],[109.54903,23.31133],[109.64606,23.42864],[109.70162,23.40572],[109.7213,23.46285],[109.78147,23.49144],[109.86485,23.46509],[109.91972,23.6809],[109.98303,23.77142],[110.06239,23.80254],[110.13745,23.88029],[110.18564,23.86366],[110.2063,23.91291],[110.29284,23.86081],[110.31656,23.91394],[110.30045,24.01196],[110.33099,24.0366],[110.39288,24.0356],[110.35256,23.89385],[110.4828,23.85045],[110.49853,23.80452],[110.55363,23.82902],[110.57787,23.78923],[110.54534,23.73688],[110.57097,23.68034],[110.54118,23.66398],[110.61414,23.56247],[110.62856,23.47685],[110.58453,23.45116],[110.56391,23.37718],[110.58332,23.33374],[110.65212,23.31044],[110.6478,23.25931],[110.54575,23.21097],[110.54305,23.1291],[110.48798,23.06862],[110.3559,23.04302],[110.32891,23.06193],[110.25585,22.94174],[110.25927,22.87015],[110.20607,22.90816],[110.11591,22.88981],[110.07989,22.96216],[110.05128,22.94409],[109.93649,23.02869],[109.88333,23.02783],[109.79857,22.97673],[109.82609,22.93817],[109.77813,22.91304],[109.75279,22.84643],[109.78943,22.75168],[109.72421,22.74021],[109.71677,22.70007],[109.65515,22.66249],[109.56544,22.66931],[109.50305,22.79063],[109.52185,22.82416],[109.44736,22.85893],[109.47584,22.89041],[109.40207,22.91483],[109.3037,23.01764],[109.33282,23.08953],[109.24702,23.10444],[109.25713,23.20497],[109.22295,23.30123],[109.18347,23.27449]]]}},{"type":"Feature","properties":{"SYS_ID":"93672","NAME_CH":"融州","PRES_LOC":"","TYPE_CH":"州","BEG_YR":1285,"BEG_CHG_TY":"更名","END_YR":1368,"END_CHG_TY":"撤销","X_COORD":109.22,"Y_COORD":25.32},"geometry":{"type":"Polygon","coordinates":[[[108.81257,24.73391],[108.75207,24.86601],[108.79295,24.94765],[108.74389,24.95804],[108.68164,25.05337],[108.66685,25.13567],[108.71035,25.17679],[108.64667,25.21426],[108.64024,25.28901],[108.59554,25.32411],[108.62218,25.35248],[108.59467,25.46698],[108.63405,25.48461],[108.62894,25.5162],[108.67902,25.5221],[108.66473,25.58612],[108.77556,25.63277],[108.80496,25.52839],[108.93418,25.55853],[109.02795,25.51806],[109.07017,25.54825],[109.03684,25.5752],[109.03017,25.64789],[109.06863,25.73682],[109.00061,25.73279],[108.93765,25.67369],[108.89422,25.68456],[108.90673,25.72592],[108.96304,25.73092],[108.98753,25.784],[109.10879,25.80831],[109.1301,25.75035],[109.17605,25.76587],[109.16527,25.80749],[109.20332,25.73764],[109.32281,25.73487],[109.33085,25.83171],[109.42964,25.93531],[109.40104,25.96724],[109.47802,26.03277],[109.52422,25.99904],[109.63058,26.0507],[109.64744,26.01787],[109.70696,26.00746],[109.65707,25.88364],[109.75653,25.88504],[109.71323,25.8091],[109.79775,25.73791],[109.73233,25.58542],[109.7776,25.49806],[109.75201,25.40033],[109.6356,25.3751],[109.60325,25.29203],[109.65594,25.08176],[109.57637,25.0711],[109.52732,25.01808],[109.55028,24.93004],[109.52105,24.88271],[109.56669,24.82657],[109.54699,24.79085],[109.42827,24.75939],[109.36481,24.79314],[109.30302,24.75696],[109.22385,24.78482],[109.20837,24.82583],[109.12735,24.79402],[109.08199,24.83225],[109.03372,24.82514],[108.93188,24.73337],[108.9544,24.65066],[108.8746,24.61441],[108.79333,24.62833],[108.7738,24.66047],[108.81257,24.73391]]]}},{"type":"Feature","properties":{"SYS_ID":"93711","NAME_CH":"柳州府","PRES_LOC":"","TYPE_CH":"府","BEG_YR":1369,"BEG_CHG_TY":"辖区扩大","END_YR":1724,"END_CHG_TY":"辖区缩小","X_COORD":109.23,"Y_COORD":24.42},"geometry":{"type":"Polygon","coordinates":[[[108.53189,23.12832],[108.59695,23.20151],[108.58254,23.3221],[108.48827,23.39805],[108.46384,23.48251],[108.32819,23.53923],[108.33285,23.6146],[108.41148,23.66618],[108.56954,23.50384],[108.62595,23.52405],[108.59979,23.59595],[108.49283,23.67429],[108.47829,23.76547],[108.41082,23.82298],[108.47814,23.89529],[108.41812,23.92441],[108.42944,23.97175],[108.49359,24],[108.59468,23.97704],[108.70618,23.84312],[108.83367,23.8212],[108.89489,23.93578],[108.92181,23.90473],[108.99907,23.90097],[109.03786,23.94539],[109.04931,24.05351],[109.09889,24.08291],[108.96784,24.12635],[108.92978,24.1798],[108.91747,24.36903],[108.99062,24.37942],[109.04231,24.46378],[108.86473,24.50981],[108.83406,24.54123],[108.90491,24.58974],[108.90014,24.62272],[108.79679,24.62682],[108.7738,24.66047],[108.81257,24.73391],[108.75207,24.87937],[108.79295,24.94765],[108.74389,24.95804],[108.68164,25.05337],[108.66685,25.13567],[108.71035,25.17679],[108.64667,25.21426],[108.64024,25.28901],[108.59554,25.32411],[108.62218,25.35248],[108.59467,25.46698],[108.63405,25.48461],[108.62894,25.5162],[108.67902,25.5221],[108.66473,25.58612],[108.76435,25.63415],[108.80496,25.52839],[108.93418,25.55853],[109.03522,25.5221],[109.07017,25.54825],[109.03684,25.5752],[109.03017,25.64789],[109.06863,25.73682],[109.00061,25.73279],[108.93765,25.67369],[108.89422,25.68456],[108.90673,25.72592],[108.96304,25.73092],[108.98753,25.784],[109.10879,25.80831],[109.1301,25.75035],[109.17605,25.76587],[109.16527,25.80749],[109.20332,25.73764],[109.32281,25.73487],[109.33085,25.83171],[109.42964,25.93531],[109.40379,25.97027],[109.47802,26.03277],[109.52422,25.99904],[109.63622,26.04894],[109.71799,25.9874],[109.65707,25.88364],[109.75653,25.88504],[109.71323,25.8091],[109.79781,25.73331],[109.73233,25.58542],[109.77751,25.50381],[109.75449,25.40426],[109.6356,25.3751],[109.60325,25.29203],[109.65594,25.08176],[109.57637,25.0711],[109.52732,25.01808],[109.55028,24.93004],[109.52105,24.88271],[109.56669,24.82657],[109.52818,24.77783],[109.56237,24.73392],[109.64501,24.75166],[109.68602,24.69213],[109.7262,24.70853],[109.70571,24.49713],[109.82086,24.44808],[109.81105,24.2766],[109.94263,24.24343],[110.04736,24.10286],[110.05107,24.04574],[109.98792,24.01384],[109.99072,23.92422],[109.95941,23.88513],[109.99279,23.77943],[109.91972,23.6809],[109.88831,23.49375],[109.85736,23.46097],[109.78147,23.49144],[109.7213,23.46285],[109.69589,23.40411],[109.64606,23.42864],[109.56023,23.3118],[109.47123,23.38418],[109.41995,23.36872],[109.34486,23.41949],[109.12197,23.44038],[109.08049,23.31725],[109.18347,23.27449],[109.22295,23.30123],[109.25713,23.20497],[109.24419,23.13311],[109.1851,23.07446],[109.08456,23.13163],[108.97461,23.10028],[108.85005,22.95624],[108.77158,22.98005],[108.77129,23.02158],[108.69869,23.09801],[108.53189,23.12832]]]}},{"type":"Feature","properties":{"SYS_ID":"93718","NAME_CH":"庆远府","PRES_LOC":"","TYPE_CH":"府","BEG_YR":1426,"BEG_CHG_TY":"辖区缩小","END_YR":1731,"END_CHG_TY":"辖区缩小","X_COORD":107.94,"Y_COORD":24.79},"geometry":{"type":"Polygon","coordinates":[[[108.42564,24.21666],[108.21307,24.25543],[108.12477,24.21069],[107.99723,24.21666],[107.81752,24.16234],[107.53255,24.16107],[107.48766,24.11861],[107.49212,24.0793],[107.17207,24.191],[107.10994,24.3224],[106.98671,24.34156],[106.99588,24.46668],[106.92884,24.5442],[106.9191,24.6175],[106.94973,24.63928],[106.89798,24.81885],[107.05005,25.02524],[106.97974,25.18708],[107.00922,25.34984],[106.95891,25.41738],[107.06641,25.51881],[107.05874,25.56195],[107.22451,25.60785],[107.22827,25.55946],[107.3359,25.48898],[107.30655,25.42899],[107.41978,25.39279],[107.42834,25.29185],[107.4773,25.30301],[107.46262,25.22616],[107.50246,25.21908],[107.6051,25.272],[107.6897,25.3722],[107.80894,25.75886],[107.87809,25.79059],[108.02385,25.75981],[108.0578,25.80654],[108.09932,25.7646],[108.104,25.7004],[108.15124,25.69299],[108.18644,25.61728],[108.23806,25.6251],[108.2837,25.52654],[108.33243,25.53177],[108.40767,25.44302],[108.48189,25.45505],[108.54761,25.40438],[108.64024,25.28901],[108.64667,25.21426],[108.71035,25.17679],[108.66685,25.13567],[108.68164,25.05337],[108.74389,24.95804],[108.79295,24.94765],[108.75207,24.87937],[108.81257,24.73391],[108.7738,24.66047],[108.79333,24.62833],[108.90014,24.62272],[108.909,24.59855],[108.83406,24.54123],[108.93305,24.47799],[109.02862,24.48722],[109.04231,24.46378],[108.99062,24.37942],[108.91747,24.36903],[108.92978,24.1798],[108.96784,24.12635],[109.09869,24.08107],[109.04931,24.05351],[109.03786,23.94539],[108.99907,23.90097],[108.92181,23.90473],[108.89489,23.93578],[108.83367,23.8212],[108.76837,23.82476],[108.70113,23.84742],[108.60332,23.97165],[108.49646,23.99446],[108.47972,24.14181],[108.42564,24.21666]]]}},{"type":"Feature","properties":{"SYS_ID":"93715","NAME_CH":"庆远南丹安抚司","PRES_LOC":"","TYPE_CH":"安抚司","BEG_YR":1369,"BEG_CHG_TY":"更名","END_YR":1369,"END_CHG_TY":"更名","X_COORD":107.94,"Y_COORD":24.79},"geometry":{"type":"Polygon","coordinates":[[[108.42564,24.21666],[108.21307,24.25543],[108.12477,24.21069],[107.99723,24.21666],[107.81752,24.16234],[107.53255,24.16107],[107.48766,24.11861],[107.49212,24.0793],[107.17207,24.191],[107.10994,24.3224],[106.98671,24.34156],[106.99588,24.46668],[106.92884,24.5442],[106.9191,24.6175],[106.94973,24.63928],[106.89798,24.81885],[107.05005,25.02524],[106.97974,25.18708],[107.00922,25.34984],[106.95891,25.41738],[107.06641,25.51881],[107.05874,25.56195],[107.22451,25.60785],[107.22827,25.55946],[107.3359,25.48898],[107.30655,25.42899],[107.41978,25.39279],[107.42834,25.29185],[107.4773,25.30301],[107.46262,25.22616],[107.50246,25.21908],[107.6051,25.272],[107.6897,25.3722],[107.80894,25.75886],[107.87809,25.79059],[108.02385,25.75981],[108.0578,25.80654],[108.09932,25.7646],[108.104,25.7004],[108.15124,25.69299],[108.18644,25.61728],[108.23806,25.6251],[108.2837,25.52654],[108.33243,25.53177],[108.40767,25.44302],[108.48189,25.45505],[108.54761,25.40438],[108.64024,25.28901],[108.64667,25.21426],[108.71035,25.17679],[108.66685,25.13567],[108.68164,25.05337],[108.74389,24.95804],[108.79295,24.94765],[108.75207,24.87937],[108.81257,24.73391],[108.7738,24.66047],[108.79333,24.62833],[108.90014,24.62272],[108.909,24.59855],[108.83406,24.54123],[108.93305,24.47799],[109.02862,24.48722],[109.04231,24.46378],[108.99062,24.37942],[108.91747,24.36903],[108.92978,24.1798],[108.96784,24.12635],[109.09869,24.08107],[109.04931,24.05351],[109.03786,23.94539],[108.99907,23.90097],[108.92181,23.90473],[108.89489,23.93578],[108.83367,23.8212],[108.76837,23.82476],[108.70113,23.84742],[108.60332,23.97165],[108.49646,23.99446],[108.47972,24.14181],[108.42564,24.21666]]]}},{"type":"Feature","properties":{"SYS_ID":"93724","NAME_CH":"泗城州","PRES_LOC":"","TYPE_CH":"州","BEG_YR":1426,"BEG_CHG_TY":"辖区扩大","END_YR":1522,"END_CHG_TY":"辖区扩大","X_COORD":106.53,"Y_COORD":24.92},"geometry":{"type":"Polygon","coordinates":[[[106.22295,25.39691],[106.41741,25.35213],[106.39645,25.47894],[106.55832,25.74301],[106.61616,25.69576],[106.63021,25.74955],[106.77272,25.59178],[106.82741,25.5809],[106.85393,25.63092],[106.91644,25.64356],[106.9957,25.60173],[106.98818,25.5571],[107.05874,25.56195],[107.06641,25.51881],[106.95891,25.41738],[107.00922,25.34984],[106.97974,25.18708],[107.05005,25.02524],[106.89798,24.81885],[106.94973,24.63928],[106.9191,24.6175],[106.92884,24.5442],[106.99588,24.46668],[106.98671,24.34156],[106.93375,24.38766],[106.87978,24.36776],[106.91142,24.22365],[106.85855,24.19537],[106.83441,24.11618],[106.61976,23.95459],[106.51718,23.96395],[106.46813,24.02066],[106.29807,24.00574],[106.46893,24.16031],[106.47026,24.22766],[106.4137,24.30188],[106.43607,24.36665],[106.40109,24.40412],[106.3129,24.41872],[106.21222,24.40177],[106.19914,24.52089],[106.10058,24.6447],[106.09956,24.7133],[106.17254,24.77075],[106.19533,24.83212],[106.18933,24.89705],[106.14271,24.95803],[106.11929,24.90436],[106.0554,24.92961],[106.07358,25.00842],[106.0108,25.01028],[105.95393,25.05948],[105.83928,25.29198],[105.84515,25.33937],[105.92106,25.40595],[105.91338,25.50222],[105.9897,25.55445],[105.97073,25.61955],[106.00518,25.57415],[106.09393,25.58002],[106.07861,25.52045],[106.1355,25.46125],[106.19577,25.45816],[106.22295,25.39691]]]}},{"type":"Feature","properties":{"SYS_ID":"93730","NAME_CH":"利州","PRES_LOC":"","TYPE_CH":"州","BEG_YR":1374,"BEG_CHG_TY":"新建","END_YR":1522,"END_CHG_TY":"撤销","X_COORD":106.25,"Y_COORD":24.2},"geometry":{"type":"Polygon","coordinates":[[[106.29807,24.00574],[106.13047,23.94525],[106.03219,24.10728],[106.08769,24.32825],[106.14034,24.38413],[106.3129,24.41872],[106.43235,24.37674],[106.41468,24.29776],[106.47369,24.21115],[106.46893,24.16031],[106.29807,24.00574]]]}},{"type":"Feature","properties":{"SYS_ID":"93731","NAME_CH":"安隆长官司","PRES_LOC":"","TYPE_CH":"司","BEG_YR":1403,"BEG_CHG_TY":"新建","END_YR":1665,"END_CHG_TY":"撤销","X_COORD":105.48,"Y_COORD":24.86},"geometry":{"type":"Polygon","coordinates":[[[105.84515,25.33937],[105.9039,25.12287],[106.0108,25.01028],[106.07358,25.00842],[106.0554,24.92961],[106.11929,24.90436],[106.14271,24.95803],[106.18933,24.89705],[106.19533,24.83212],[106.17254,24.77075],[106.09956,24.7133],[106.10058,24.6447],[106.19914,24.52089],[106.13639,24.49144],[105.97922,24.51044],[105.85102,24.60752],[105.65892,24.53902],[105.551,24.57768],[105.31839,24.56509],[105.1745,24.60075],[105.11877,24.5452],[105.08367,24.43487],[104.93269,24.41145],[104.75195,24.4612],[104.70319,24.43971],[104.70658,24.32425],[104.60533,24.38432],[104.48077,24.65484],[104.52091,24.72916],[104.73013,24.62358],[104.84279,24.68211],[104.87315,24.74512],[105.03294,24.79779],[105.03973,24.88136],[105.18987,24.99499],[105.3038,24.93033],[105.42365,24.93633],[105.43265,24.98326],[105.4976,24.95296],[105.64307,24.97852],[105.60987,25.04606],[105.65457,25.16623],[105.62085,25.22255],[105.62853,25.29384],[105.59022,25.34441],[105.42421,25.39586],[105.43903,25.46528],[105.55743,25.60724],[105.53175,25.69732],[105.57467,25.71575],[105.67769,25.66452],[105.78316,25.47245],[105.89057,25.42544],[105.90748,25.44622],[105.92106,25.40595],[105.84515,25.33937]]]}},{"type":"Feature","properties":{"SYS_ID":"93733","NAME_CH":"上林长官司","PRES_LOC":"","TYPE_CH":"司","BEG_YR":1409,"BEG_CHG_TY":"新建","END_YR":1591,"END_CHG_TY":"撤销","X_COORD":105.48,"Y_COORD":24.33},"geometry":{"type":"Polygon","coordinates":[[[106.14034,24.38413],[106.08769,24.32825],[106.03219,24.10728],[105.91624,24.1252],[105.8962,24.05463],[105.85414,24.06241],[105.83813,24.03101],[105.78908,24.03739],[105.80108,24.06009],[105.76927,24.0761],[105.66042,24.04547],[105.60423,24.14191],[105.53104,24.13166],[105.48278,24.02558],[105.40964,24.0416],[105.31842,24.12121],[105.25756,24.07329],[105.12917,24.16469],[104.7154,24.21303],[104.69276,24.32574],[104.71869,24.34292],[104.70319,24.43971],[104.75195,24.4612],[104.93269,24.41145],[105.08367,24.43487],[105.11877,24.5452],[105.1745,24.60075],[105.31839,24.56509],[105.551,24.57768],[105.65892,24.53902],[105.85102,24.60752],[105.97922,24.51044],[106.13639,24.49144],[106.19914,24.52089],[106.21222,24.40177],[106.14034,24.38413]]]}},{"type":"Feature","properties":{"SYS_ID":"93735","NAME_CH":"南宁府","PRES_LOC":"","TYPE_CH":"府","BEG_YR":1377,"BEG_CHG_TY":"辖区扩大","END_YR":1504,"END_CHG_TY":"辖区扩大","X_COORD":108.4,"Y_COORD":22.89},"geometry":{"type":"Polygon","coordinates":[[[109.56544,22.66931],[109.47551,22.65335],[109.44437,22.61176],[109.35761,22.63545],[109.28992,22.56896],[109.31827,22.53231],[109.26021,22.4936],[109.16543,22.55205],[109.16678,22.52429],[109.09404,22.51415],[108.98301,22.53893],[108.77957,22.52662],[108.72405,22.60344],[108.54445,22.72506],[108.47734,22.57462],[108.26936,22.46248],[108.37233,22.40365],[108.51183,22.40694],[108.56789,22.37585],[108.63035,22.40278],[108.63231,22.45593],[108.69063,22.40767],[108.61844,22.31548],[108.53819,22.34901],[108.53449,22.28793],[108.47388,22.23836],[108.41527,22.27095],[108.30113,22.2172],[108.25233,22.23008],[108.21107,22.29994],[108.1841,22.27926],[108.13811,22.30406],[108.08916,22.45553],[108,22.5],[107.7542,22.37166],[107.67954,22.36493],[107.55382,22.43957],[107.52346,22.49765],[107.59545,22.53993],[107.63232,22.65447],[107.90828,22.67751],[107.99339,22.79121],[107.93198,22.85262],[107.79045,22.88753],[107.7252,22.95255],[107.63505,22.94808],[107.62287,23.00391],[107.48813,23.06921],[107.52818,23.11945],[107.52636,23.28857],[107.57578,23.31231],[107.66897,23.28557],[107.73236,23.47176],[107.74146,23.4428],[107.83582,23.42654],[107.91685,23.48374],[108.05966,23.40987],[108.05717,23.47293],[108.12492,23.45479],[108.25504,23.49936],[108.26908,23.55988],[108.32549,23.57413],[108.32819,23.53923],[108.46384,23.48251],[108.48827,23.39805],[108.58254,23.3221],[108.59695,23.20151],[108.53189,23.12832],[108.69869,23.09801],[108.77129,23.02158],[108.77158,22.98005],[108.85005,22.95624],[108.97461,23.10028],[109.08456,23.13163],[109.1851,23.07446],[109.24419,23.13311],[109.25027,23.09986],[109.32833,23.09457],[109.34135,23.05743],[109.3037,23.01764],[109.40207,22.91483],[109.47086,22.8966],[109.46104,22.84082],[109.52185,22.82416],[109.50305,22.79063],[109.56544,22.66931]]]}},{"type":"Feature","properties":{"SYS_ID":"93745","NAME_CH":"来安府","PRES_LOC":"","TYPE_CH":"府","BEG_YR":1369,"BEG_CHG_TY":"更名","END_YR":1373,"END_CHG_TY":"撤销","X_COORD":106.08,"Y_COORD":24.61},"geometry":{"type":"Polygon","coordinates":[[[106.21186,23.43048],[106.15026,23.47515],[106.1827,23.54325],[106.11619,23.6028],[106.15459,23.71202],[106.13326,23.79795],[106.18877,23.82739],[106.16928,23.86423],[106.19421,23.87377],[106.14929,23.89923],[106.09341,24.03184],[105.99865,24.13204],[105.91624,24.1252],[105.8962,24.05463],[105.85414,24.06241],[105.83813,24.03101],[105.78908,24.03739],[105.80108,24.06009],[105.76927,24.0761],[105.66042,24.04547],[105.61486,24.1395],[105.53104,24.13166],[105.47828,24.02556],[105.40964,24.0416],[105.31842,24.12121],[105.25756,24.07329],[105.12917,24.16469],[104.7154,24.21303],[104.69276,24.32574],[104.60533,24.38432],[104.48077,24.65484],[104.53002,24.73437],[104.73013,24.62358],[104.84279,24.68211],[104.87315,24.74512],[105.03294,24.79779],[105.03973,24.88136],[105.19984,24.99864],[105.3038,24.93033],[105.42365,24.93633],[105.43265,24.98326],[105.4976,24.95296],[105.64307,24.97852],[105.60987,25.04606],[105.65457,25.16623],[105.62085,25.22255],[105.62853,25.29384],[105.59022,25.34441],[105.42421,25.39586],[105.43903,25.46528],[105.55743,25.60724],[105.52769,25.67705],[105.56386,25.7159],[105.68584,25.6561],[105.78316,25.47245],[105.89057,25.42544],[105.9197,25.44263],[105.91338,25.50222],[105.9897,25.55445],[105.9786,25.61794],[106.01456,25.57139],[106.08582,25.58691],[106.07861,25.52045],[106.13069,25.46469],[106.19577,25.45816],[106.22092,25.39829],[106.27434,25.40115],[106.32835,25.357],[106.42453,25.36012],[106.39645,25.47894],[106.55832,25.74301],[106.61616,25.69576],[106.63021,25.74955],[106.77272,25.59178],[106.82741,25.5809],[106.85393,25.63092],[106.91644,25.64356],[106.9957,25.60173],[106.98818,25.5571],[107.05874,25.56195],[107.06641,25.51881],[106.95891,25.41738],[107.00922,25.34984],[106.97974,25.18708],[107.05005,25.02524],[106.89798,24.81885],[106.94973,24.63928],[106.9191,24.6175],[106.92884,24.5442],[106.99588,24.46668],[106.99425,24.37425],[106.98671,24.34156],[106.93375,24.38766],[106.87978,24.36776],[106.91524,24.23049],[106.85855,24.19537],[106.83441,24.11618],[106.72322,24.04454],[106.80771,23.89653],[106.90256,23.85546],[106.96035,23.87227],[106.96547,23.78547],[107.05879,23.79264],[106.98926,23.63728],[107.11285,23.57737],[107.26945,23.56801],[107.2039,23.49157],[107.04175,23.45452],[107.08145,23.40393],[107.00403,23.30586],[106.92523,23.39833],[106.90216,23.49287],[106.67825,23.51777],[106.6432,23.48855],[106.46721,23.49055],[106.45071,23.55361],[106.40547,23.57157],[106.38433,23.51663],[106.23322,23.5084],[106.21186,23.43048]]]}},{"type":"Feature","properties":{"SYS_ID":"93750","NAME_CH":"田州府","PRES_LOC":"","TYPE_CH":"府","BEG_YR":1404,"BEG_CHG_TY":"辖区缩小","END_YR":1504,"END_CHG_TY":"辖区缩小","X_COORD":106.93,"Y_COORD":23.82},"geometry":{"type":"Polygon","coordinates":[[[106.64917,23.49017],[106.45897,23.49305],[106.45071,23.55361],[106.40547,23.57157],[106.38433,23.51663],[106.25499,23.5178],[106.21186,23.43048],[106.1804,23.44088],[106.14564,23.49326],[106.1827,23.54325],[106.11619,23.6028],[106.15459,23.71202],[106.13326,23.79795],[106.18877,23.82739],[106.16928,23.86423],[106.19421,23.87377],[106.13047,23.94525],[106.25228,24.00574],[106.46813,24.02066],[106.51718,23.96395],[106.61976,23.95459],[106.83441,24.11618],[106.85855,24.19537],[106.91142,24.22365],[106.87978,24.36776],[106.92066,24.38766],[106.98671,24.34156],[107.10994,24.3224],[107.17207,24.191],[107.51656,24.07409],[107.52458,23.98461],[107.58087,24.0005],[107.52557,23.85413],[107.5719,23.80328],[107.62378,23.78108],[107.744,23.79782],[107.72313,23.70723],[107.49461,23.73548],[107.35209,23.65674],[107.42284,23.59692],[107.41257,23.41851],[107.51259,23.35175],[107.55254,23.43871],[107.70321,23.40612],[107.64489,23.27608],[107.57578,23.31231],[107.34782,23.31683],[107.29932,23.3541],[107.20667,23.32094],[107.18773,23.34863],[107.26201,23.42393],[107.17493,23.48864],[107.22951,23.50566],[107.26945,23.56801],[107.04882,23.59919],[106.91686,23.70098],[106.93112,23.74512],[106.90823,23.7149],[106.868,23.74371],[106.82856,23.72205],[106.81717,23.75866],[106.7541,23.66878],[106.66189,23.68756],[106.57737,23.65235],[106.55432,23.6195],[106.64917,23.49017]]]}},{"type":"Feature","properties":{"SYS_ID":"93752","NAME_CH":"田宁府","PRES_LOC":"","TYPE_CH":"府","BEG_YR":1528,"BEG_CHG_TY":"更名","END_YR":1528,"END_CHG_TY":"更名","X_COORD":106.9,"Y_COORD":23.85},"geometry":{"type":"MultiPolygon","coordinates":[[[[106.64917,23.49017],[106.45897,23.49305],[106.45071,23.55361],[106.40547,23.57157],[106.38433,23.51663],[106.25499,23.5178],[106.21186,23.43048],[106.1804,23.44088],[106.14564,23.49326],[106.1827,23.54325],[106.11619,23.6028],[106.15459,23.71202],[106.13326,23.79795],[106.18877,23.82739],[106.16928,23.86423],[106.19421,23.87377],[106.13047,23.94525],[106.25228,24.00574],[106.46813,24.02066],[106.51718,23.96395],[106.61976,23.95459],[106.83441,24.11618],[106.85855,24.19537],[106.91142,24.22365],[106.87978,24.36776],[106.92066,24.38766],[106.98671,24.34156],[107.10994,24.3224],[107.17207,24.191],[107.51656,24.07409],[107.52458,23.98461],[107.58087,24.0005],[107.52557,23.85413],[107.5719,23.80328],[107.62378,23.78108],[107.744,23.79782],[107.72313,23.70723],[107.49461,23.73548],[107.40905,23.68898],[107.42174,23.67334],[107.35934,23.66682],[107.35928,23.634],[107.42284,23.59692],[107.42344,23.52807],[107.39343,23.50331],[107.28586,23.57142],[107.04882,23.59919],[106.91686,23.70098],[106.93112,23.74512],[106.90823,23.7149],[106.868,23.74371],[106.82856,23.72205],[106.81717,23.75866],[106.7541,23.66878],[106.66189,23.68756],[106.55432,23.6195],[106.64917,23.49017]]],[[[107.34782,23.31683],[107.30106,23.35272],[107.35273,23.43021],[107.39985,23.44573],[107.56888,23.30104],[107.34782,23.31683]]]]}},{"type":"Feature","properties":{"SYS_ID":"93754","NAME_CH":"田州","PRES_LOC":"","TYPE_CH":"州","BEG_YR":1530,"BEG_CHG_TY":"辖区缩小","END_YR":1663,"END_CHG_TY":"撤销","X_COORD":106.89,"Y_COORD":23.86},"geometry":{"type":"Polygon","coordinates":[[[106.64917,23.49017],[106.45897,23.49305],[106.45071,23.55361],[106.40547,23.57157],[106.38433,23.51663],[106.25499,23.5178],[106.21186,23.43048],[106.1804,23.44088],[106.14564,23.49326],[106.1827,23.54325],[106.11619,23.6028],[106.15459,23.71202],[106.13326,23.79795],[106.18877,23.82739],[106.16928,23.86423],[106.19421,23.87377],[106.13047,23.94525],[106.25228,24.00574],[106.46813,24.02066],[106.51718,23.96395],[106.61976,23.95459],[106.83441,24.11618],[106.85855,24.19537],[106.91142,24.22365],[106.87978,24.36776],[106.92066,24.38766],[106.98671,24.34156],[107.10994,24.3224],[107.17207,24.191],[107.51656,24.07409],[107.52458,23.98461],[107.58087,24.0005],[107.52557,23.85413],[107.5719,23.80328],[107.62378,23.78108],[107.744,23.79782],[107.72313,23.70723],[107.49461,23.73548],[107.40905,23.68898],[107.42174,23.67334],[107.35934,23.66682],[107.35928,23.634],[107.42284,23.59692],[107.42344,23.52807],[107.39343,23.50331],[107.28586,23.57142],[107.04882,23.59919],[106.91686,23.70098],[106.93112,23.74512],[106.90823,23.7149],[106.868,23.74371],[106.82856,23.72205],[106.81717,23.75866],[106.7541,23.66878],[106.66189,23.68756],[106.55432,23.6195],[106.64917,23.49017]]]}},{"type":"Feature","properties":{"SYS_ID":"93755","NAME_CH":"奉议州","PRES_LOC":"","TYPE_CH":"州","BEG_YR":1374,"BEG_CHG_TY":"新建","END_YR":1526,"END_CHG_TY":"撤销","X_COORD":106.89,"Y_COORD":23.56},"geometry":{"type":"Polygon","coordinates":[[[106.99158,23.30425],[106.893,23.46027],[106.90216,23.49287],[106.60811,23.52561],[106.55432,23.6195],[106.57737,23.65235],[106.66189,23.68756],[106.7541,23.66878],[106.81717,23.75866],[106.82856,23.72205],[106.868,23.74371],[106.90823,23.7149],[106.93112,23.74512],[106.91686,23.70098],[107.04882,23.59919],[107.26945,23.56801],[107.2039,23.49157],[107.04175,23.45452],[107.0776,23.39099],[106.99158,23.30425]]]}},{"type":"Feature","properties":{"SYS_ID":"93756","NAME_CH":"思恩州","PRES_LOC":"","TYPE_CH":"州","BEG_YR":1404,"BEG_CHG_TY":"新建","END_YR":1438,"END_CHG_TY":"更名","X_COORD":107.97,"Y_COORD":23.82},"geometry":{"type":"Polygon","coordinates":[[[108.62595,23.52405],[108.56954,23.50384],[108.40549,23.66637],[108.33285,23.6146],[108.32549,23.57413],[108.26908,23.55988],[108.25504,23.49936],[108.12492,23.45479],[108.05717,23.47293],[108.05966,23.40987],[107.91685,23.48374],[107.83582,23.42654],[107.74146,23.4428],[107.73236,23.47176],[107.67453,23.40529],[107.55254,23.43871],[107.51259,23.35175],[107.40526,23.43178],[107.42284,23.59692],[107.35209,23.65674],[107.49461,23.73548],[107.68225,23.69377],[107.74933,23.75994],[107.74226,23.80012],[107.62378,23.78108],[107.5283,23.84655],[107.58087,24.0005],[107.54215,23.97299],[107.5193,23.9901],[107.48766,24.11861],[107.53255,24.16107],[107.81752,24.16234],[107.99723,24.21666],[108.12477,24.21069],[108.21307,24.25543],[108.42564,24.21666],[108.47972,24.14181],[108.50114,24.03395],[108.48977,23.99545],[108.42944,23.97175],[108.41812,23.92441],[108.47814,23.89529],[108.41082,23.82298],[108.47829,23.76547],[108.49283,23.67429],[108.59979,23.59595],[108.62595,23.52405]]]}},{"type":"Feature","properties":{"SYS_ID":"93758","NAME_CH":"思恩府","PRES_LOC":"","TYPE_CH":"府","BEG_YR":1442,"BEG_CHG_TY":"治所迁移","END_YR":1526,"END_CHG_TY":"辖区扩大","X_COORD":107.97,"Y_COORD":23.82},"geometry":{"type":"Polygon","coordinates":[[[108.62595,23.52405],[108.56954,23.50384],[108.40549,23.66637],[108.33285,23.6146],[108.32549,23.57413],[108.26908,23.55988],[108.25504,23.49936],[108.12492,23.45479],[108.05717,23.47293],[108.05966,23.40987],[107.91685,23.48374],[107.83582,23.42654],[107.74146,23.4428],[107.73236,23.47176],[107.67453,23.40529],[107.55254,23.43871],[107.51259,23.35175],[107.40526,23.43178],[107.42284,23.59692],[107.35209,23.65674],[107.49461,23.73548],[107.68225,23.69377],[107.74933,23.75994],[107.74226,23.80012],[107.62378,23.78108],[107.5283,23.84655],[107.58087,24.0005],[107.54215,23.97299],[107.5193,23.9901],[107.48766,24.11861],[107.53255,24.16107],[107.81752,24.16234],[107.99723,24.21666],[108.12477,24.21069],[108.21307,24.25543],[108.42564,24.21666],[108.47972,24.14181],[108.50114,24.03395],[108.48977,23.99545],[108.42944,23.97175],[108.41812,23.92441],[108.47814,23.89529],[108.41082,23.82298],[108.47829,23.76547],[108.49283,23.67429],[108.59979,23.59595],[108.62595,23.52405]]]}},{"type":"Feature","properties":{"SYS_ID":"93771","NAME_CH":"归顺直隶州","PRES_LOC":"","TYPE_CH":"直隶州","BEG_YR":1522,"BEG_CHG_TY":"新建","END_YR":1663,"END_CHG_TY":"撤销","X_COORD":106.09,"Y_COORD":23.19},"geometry":{"type":"Polygon","coordinates":[[[106.66363,23.04076],[106.60068,22.93156],[106.5194,22.95198],[106.48833,22.90436],[106.34956,22.8609],[106.27753,22.8716],[106.20337,22.98117],[106.14737,22.99676],[106.00473,22.9949],[106.00098,22.94539],[105.90437,22.94705],[105.8758,22.92068],[105.70898,23.06383],[105.562,23.06812],[105.52357,23.24311],[105.64759,23.35232],[105.68914,23.33178],[105.64732,23.40144],[105.80286,23.47016],[105.82286,23.51827],[105.87759,23.53198],[105.98288,23.49229],[105.99643,23.45061],[106.13786,23.57216],[106.1827,23.54325],[106.14568,23.48752],[106.18641,23.43586],[106.31629,23.38185],[106.36976,23.39631],[106.41953,23.35588],[106.42862,23.28223],[106.53686,23.28834],[106.57408,23.19204],[106.63008,23.18071],[106.59645,23.13081],[106.66363,23.04076]]]}},{"type":"Feature","properties":{"SYS_ID":"93774","NAME_CH":"向武直隶州","PRES_LOC":"","TYPE_CH":"直隶州","BEG_YR":1400,"BEG_CHG_TY":"新建","END_YR":1643,"END_CHG_TY":"撤销","X_COORD":107.03,"Y_COORD":23.27},"geometry":{"type":"Polygon","coordinates":[[[107.15316,23.49452],[107.26201,23.42393],[107.18773,23.34863],[107.20667,23.32094],[107.05071,23.23686],[107.14804,23.20274],[107.16981,23.1392],[107.12114,23.16273],[106.80592,23.07202],[106.75992,23.08296],[106.77409,23.1817],[106.89613,23.22638],[106.94107,23.29459],[107.00403,23.30586],[107.06992,23.37922],[107.07888,23.41569],[107.04175,23.45452],[107.15316,23.49452]]]}},{"type":"Feature","properties":{"SYS_ID":"93775","NAME_CH":"都康直隶州","PRES_LOC":"","TYPE_CH":"直隶州","BEG_YR":1399,"BEG_CHG_TY":"新建","END_YR":1663,"END_CHG_TY":"撤销","X_COORD":107.03,"Y_COORD":23.09},"geometry":{"type":"Polygon","coordinates":[[[107.11938,23.09278],[106.98076,23.02149],[106.93948,23.12182],[107.06992,23.14273],[107.11938,23.09278]]]}},{"type":"Feature","properties":{"SYS_ID":"93776","NAME_CH":"龙州直隶州","PRES_LOC":"","TYPE_CH":"直隶州","BEG_YR":1376,"BEG_CHG_TY":"新建","END_YR":1643,"END_CHG_TY":"撤销","X_COORD":106.96,"Y_COORD":22.36},"geometry":{"type":"Polygon","coordinates":[[[106.80055,22.18392],[106.66736,22.28195],[106.65334,22.33496],[106.7129,22.36131],[106.81716,22.56233],[106.91522,22.62239],[107.00442,22.60039],[107.04014,22.53059],[107.12579,22.50325],[107.14634,22.45755],[107.20746,22.45842],[107.16804,22.34776],[107.26351,22.33229],[107.24933,22.22324],[107.31996,22.20821],[107.10279,22.18427],[107.07366,22.23477],[107.003,22.26263],[106.89641,22.16727],[106.7989,22.15407],[106.80055,22.18392]]]}},{"type":"Feature","properties":{"SYS_ID":"93777","NAME_CH":"江州直隶州","PRES_LOC":"","TYPE_CH":"直隶州","BEG_YR":1387,"BEG_CHG_TY":"新建","END_YR":1643,"END_CHG_TY":"撤销","X_COORD":107.44,"Y_COORD":22.33},"geometry":{"type":"Polygon","coordinates":[[[107.31996,22.20821],[107.24785,22.22737],[107.26513,22.37589],[107.38366,22.39403],[107.40915,22.41759],[107.382,22.45042],[107.45141,22.52017],[107.63881,22.40254],[107.62013,22.29514],[107.48641,22.19177],[107.41926,22.20663],[107.33374,22.17167],[107.31996,22.20821]]]}},{"type":"Feature","properties":{"SYS_ID":"93778","NAME_CH":"思陵直隶州","PRES_LOC":"","TYPE_CH":"直隶州","BEG_YR":1388,"BEG_CHG_TY":"新建","END_YR":1643,"END_CHG_TY":"撤销","X_COORD":107.21,"Y_COORD":21.83},"geometry":{"type":"Polygon","coordinates":[[[107.08322,21.80612],[107.02188,21.81462],[107.01027,21.85412],[107.05138,21.91406],[107.16675,21.94913],[107.23776,21.89681],[107.37797,21.8698],[107.4071,21.79048],[107.31808,21.7145],[107.29867,21.74048],[107.22872,21.70544],[107.08322,21.80612]]]}},{"type":"Feature","properties":{"SYS_ID":"93779","NAME_CH":"凭祥直隶州","PRES_LOC":"","TYPE_CH":"直隶州","BEG_YR":1482,"BEG_CHG_TY":"新建","END_YR":1643,"END_CHG_TY":"撤销","X_COORD":106.73,"Y_COORD":22.12},"geometry":{"type":"Polygon","coordinates":[[[106.80055,22.18392],[106.74742,22.01368],[106.69158,21.96282],[106.68889,22.27304],[106.80055,22.18392]]]}},{"type":"Feature","properties":{"SYS_ID":"93786","NAME_CH":"思明府","PRES_LOC":"","TYPE_CH":"府","BEG_YR":1504,"BEG_CHG_TY":"辖区缩小","END_YR":1574,"END_CHG_TY":"辖区缩小","X_COORD":107.43,"Y_COORD":22.07},"geometry":{"type":"Polygon","coordinates":[[[107.7725,22.21027],[107.78117,22.11178],[107.66536,21.95686],[107.70105,21.91468],[107.71239,21.76504],[107.55123,21.72497],[107.38311,21.59451],[107.31808,21.7145],[107.4071,21.79048],[107.37797,21.8698],[107.23776,21.89681],[107.16675,21.94913],[107.05138,21.91406],[106.99207,21.9511],[106.95672,21.91771],[106.91621,21.97027],[106.81022,21.97024],[106.74742,22.01368],[106.78355,22.16553],[106.89641,22.16727],[107.003,22.26263],[107.07366,22.23477],[107.10279,22.18427],[107.31996,22.20821],[107.33374,22.17167],[107.41926,22.20663],[107.48196,22.19018],[107.62013,22.29514],[107.64342,22.37796],[107.7542,22.37166],[107.9894,22.50032],[108.08916,22.45553],[108.09932,22.36703],[107.99036,22.33086],[107.90096,22.21286],[107.7725,22.21027]]]}},{"type":"Feature","properties":{"SYS_ID":"93797","NAME_CH":"镇安府","PRES_LOC":"","TYPE_CH":"府","BEG_YR":1369,"BEG_CHG_TY":"更名且治所迁移","END_YR":1521,"END_CHG_TY":"辖区缩小","X_COORD":106.3,"Y_COORD":23.21},"geometry":{"type":"Polygon","coordinates":[[[106.40547,23.57157],[106.45071,23.55361],[106.46721,23.49055],[106.6432,23.48855],[106.67825,23.51777],[106.90216,23.49287],[106.893,23.46027],[106.99158,23.30425],[106.94107,23.29459],[106.89613,23.22638],[106.77582,23.18331],[106.75816,23.08985],[106.80592,23.07202],[106.95451,23.1081],[106.97308,23.00381],[106.88039,22.98579],[106.81791,22.93521],[106.87343,22.81784],[106.76676,22.81232],[106.70932,22.88222],[106.64408,22.87221],[106.60068,22.93156],[106.5194,22.95198],[106.48833,22.90436],[106.28375,22.86979],[106.20337,22.98117],[106.14737,22.99676],[106.00473,22.9949],[106.00098,22.94539],[105.90437,22.94705],[105.8758,22.92068],[105.70898,23.06383],[105.54761,23.08557],[105.56161,23.15622],[105.52452,23.24725],[105.64759,23.35232],[105.68914,23.33178],[105.64732,23.40144],[105.80286,23.47016],[105.82286,23.51827],[105.87759,23.53198],[105.98288,23.49229],[105.99643,23.45061],[106.13786,23.57216],[106.1827,23.54325],[106.15026,23.47515],[106.21186,23.43048],[106.23322,23.5084],[106.38433,23.51663],[106.40547,23.57157]]]}},{"type":"Feature","properties":{"SYS_ID":"94017","NAME_CH":"太原府","PRES_LOC":"","TYPE_CH":"府","BEG_YR":1376,"BEG_CHG_TY":"辖区缩小","END_YR":1594,"END_CHG_TY":"辖区缩小","X_COORD":112.27,"Y_COORD":38.32},"geometry":{"type":"Polygon","coordinates":[[[110.5545,38.21454],[110.57942,38.30222],[110.65595,38.30437],[110.73715,38.36396],[110.78198,38.44859],[110.87338,38.4624],[110.91682,38.58128],[110.88319,38.65059],[111.01371,38.87855],[110.97501,38.97599],[111.12057,39.05244],[111.2051,39.27574],[111.2468,39.29997],[111.11328,39.37178],[111.08341,39.67314],[111.14121,39.65518],[111.37317,39.70652],[111.43094,39.63911],[111.53621,39.65526],[111.76056,39.58995],[111.91929,39.61533],[111.88815,39.49383],[111.90727,39.45972],[112.00353,39.4452],[112.0078,39.35003],[112.07848,39.25199],[112.12789,39.27801],[112.19598,39.26442],[112.1877,39.20528],[112.25192,39.19558],[112.2979,39.10828],[112.43091,39.10332],[112.52163,39.1417],[112.6118,39.08516],[112.73718,39.14845],[112.7602,39.25774],[112.8722,39.24612],[112.98132,39.3711],[113.12885,39.34262],[113.3105,39.42604],[113.36302,39.51004],[113.49015,39.53294],[113.50884,39.47796],[113.59248,39.42099],[113.73244,39.41766],[113.78453,39.37527],[113.89503,39.36911],[113.96177,39.27591],[113.93055,39.19926],[113.95539,39.10007],[113.76231,38.96933],[113.76956,38.88489],[113.84913,38.82835],[113.83312,38.75779],[113.79636,38.76263],[113.75643,38.70071],[113.70691,38.70866],[113.70319,38.65468],[113.60639,38.64555],[113.59993,38.5923],[113.5555,38.55784],[113.57701,38.46553],[113.51879,38.38247],[113.55074,38.34301],[113.53828,38.27001],[113.57631,38.22855],[113.82755,38.15828],[113.80961,38.11452],[113.87309,38.06342],[113.87419,37.99459],[113.93033,37.92267],[114,37.9],[114.05162,37.82487],[114.17548,37.82819],[114.20595,37.78258],[114.14312,37.72556],[114.1119,37.58974],[113.93689,37.33979],[113.89487,37.37218],[113.84486,37.32973],[113.7814,37.34747],[113.73337,37.42725],[113.60519,37.44466],[113.56516,37.49934],[113.51933,37.49057],[113.51003,37.4573],[113.36249,37.45284],[113.33273,37.52562],[113.3484,37.5834],[113.1758,37.55873],[113.07056,37.60238],[113.10507,37.55732],[113.06752,37.50251],[113.08472,37.41404],[112.88973,37.3449],[112.84941,37.27594],[112.6824,37.27616],[112.68562,37.14941],[112.58441,37.08144],[112.51452,37.12965],[112.44019,37.11746],[112.45052,37.1589],[112.37914,37.25131],[112.25919,37.30884],[112.25809,37.33748],[112.12705,37.27633],[111.8879,37.39283],[111.89897,37.45937],[111.62866,37.48097],[111.58234,37.46108],[111.59833,37.40828],[111.56122,37.36399],[111.40112,37.3147],[111.38463,37.21708],[111.26597,37.16216],[111.21075,37.19211],[111.15011,37.17154],[111.13517,37.07917],[111.09647,37.06073],[111.04366,37.11378],[110.84306,37.12672],[110.69317,37.26492],[110.6728,37.31294],[110.69489,37.35229],[110.63112,37.36815],[110.64066,37.43668],[110.74333,37.4585],[110.78577,37.55113],[110.75628,37.63739],[110.79377,37.65902],[110.70805,37.69738],[110.70017,37.72226],[110.74706,37.75497],[110.6664,37.79426],[110.59267,37.9153],[110.51308,37.96114],[110.50246,38.17985],[110.5545,38.21454]],[[113.2877,38.46738],[113.29235,38.46968],[113.28496,38.46864],[113.2877,38.46738]],[[111.36168,38.17165],[111.3619,38.17266],[111.36035,38.16571],[111.36168,38.17165]]]}},{"type":"Feature","properties":{"SYS_ID":"94041","NAME_CH":"汾州府","PRES_LOC":"","TYPE_CH":"府","BEG_YR":1615,"BEG_CHG_TY":"辖区缩小","END_YR":1911,"END_CHG_TY":"数据下限","X_COORD":111.26,"Y_COORD":37.45},"geometry":{"type":"Polygon","coordinates":[[[112.21609,37.01497],[112.05478,36.97493],[112.09301,36.93003],[112.0618,36.90783],[112.07845,36.86411],[112.00043,36.83923],[111.83128,36.94987],[111.83314,36.98805],[111.76583,37.04694],[111.61825,36.95182],[111.54007,36.98372],[111.51117,36.96676],[111.42166,37.04615],[111.2981,37.03749],[111.13305,37.07509],[111.09647,37.06073],[111.06958,36.93133],[110.83327,36.85873],[110.69966,36.93624],[110.64786,36.92817],[110.62493,36.87181],[110.40839,36.89711],[110.4252,36.96413],[110.37202,37.023],[110.44814,37.00721],[110.41157,37.03447],[110.52483,37.10285],[110.65699,37.27753],[110.68623,37.27987],[110.6728,37.31294],[110.70107,37.34296],[110.63112,37.36815],[110.6376,37.42979],[110.73598,37.45019],[110.78577,37.55113],[110.75628,37.63739],[110.79377,37.65902],[110.6982,37.71124],[110.74706,37.75497],[110.6664,37.79426],[110.59267,37.9153],[110.51308,37.96114],[110.51703,38.21022],[110.853,38.12638],[111.02535,38.19874],[111.03985,38.23456],[111.1249,38.19424],[111.23196,38.20261],[111.19547,38.175],[111.25501,38.09462],[111.29527,38.13409],[111.35573,38.12028],[111.36168,38.17165],[111.52213,38.11611],[111.54186,38.07989],[111.50875,38.01846],[111.57109,37.9017],[111.42429,37.87954],[111.40591,37.81467],[111.45145,37.7694],[111.45428,37.69974],[111.50938,37.68654],[111.54038,37.63992],[111.55988,37.57901],[111.51079,37.54406],[111.55862,37.46166],[111.89897,37.45937],[111.8879,37.39283],[112.12705,37.27633],[112.25809,37.33748],[112.25919,37.30884],[112.32623,37.29549],[112.45052,37.1589],[112.33825,37.01916],[112.33172,36.93906],[112.21609,37.01497]]]}},{"type":"Feature","properties":{"SYS_ID":"94028","NAME_CH":"汾州","PRES_LOC":"","TYPE_CH":"州","BEG_YR":1376,"BEG_CHG_TY":"新建","END_YR":1594,"END_CHG_TY":"更名和辖区扩大","X_COORD":111.83,"Y_COORD":37.17},"geometry":{"type":"Polygon","coordinates":[[[112.21609,37.01497],[112.05478,36.97493],[112.09301,36.93003],[112.0618,36.90783],[112.07845,36.86411],[112.00043,36.83923],[111.83128,36.94987],[111.83314,36.98805],[111.76583,37.04694],[111.61825,36.95182],[111.54007,36.98372],[111.51117,36.96676],[111.42166,37.04615],[111.2981,37.03749],[111.13305,37.07509],[111.13608,37.11778],[111.17545,37.18525],[111.26597,37.16216],[111.38463,37.21708],[111.40112,37.3147],[111.57385,37.37349],[111.59419,37.46962],[111.87022,37.46647],[111.90406,37.4566],[111.87199,37.41605],[111.8879,37.39283],[112.12705,37.27633],[112.25809,37.33748],[112.25919,37.30884],[112.32623,37.29549],[112.45052,37.1589],[112.33825,37.01916],[112.33172,36.93906],[112.21609,37.01497]]]}},{"type":"Feature","properties":{"SYS_ID":"94031","NAME_CH":"辽州","PRES_LOC":"","TYPE_CH":"州","BEG_YR":1368,"BEG_CHG_TY":"新建","END_YR":1911,"END_CHG_TY":"数据下限","X_COORD":113.33,"Y_COORD":37.15},"geometry":{"type":"Polygon","coordinates":[[[113.5491,36.75456],[113.37728,36.8721],[113.298,36.97934],[113.22916,36.92668],[113.00234,36.93014],[112.89137,36.87486],[112.86481,36.98436],[112.7812,37.01003],[112.7177,37.0892],[112.64706,37.11978],[112.68562,37.14941],[112.67947,37.2717],[112.84941,37.27594],[112.88973,37.3449],[113.08003,37.40931],[113.06752,37.50251],[113.10507,37.55732],[113.07056,37.60238],[113.1758,37.55873],[113.3484,37.5834],[113.33273,37.52562],[113.36863,37.45094],[113.51003,37.4573],[113.51933,37.49057],[113.56516,37.49934],[113.60519,37.44466],[113.73337,37.42725],[113.7814,37.34747],[113.84486,37.32973],[113.90569,37.36784],[113.93689,37.33979],[113.82565,37.16708],[113.76093,37.14409],[113.75171,37.07517],[113.78184,37.05936],[113.76547,37.01639],[113.78857,36.99459],[113.75525,36.95567],[113.78764,36.88178],[113.759,36.8521],[113.76933,36.77987],[113.84824,36.77238],[113.77693,36.68],[113.70846,36.65942],[113.58548,36.67061],[113.5491,36.75456]]]}},{"type":"Feature","properties":{"SYS_ID":"94035","NAME_CH":"沁州","PRES_LOC":"","TYPE_CH":"州","BEG_YR":1368,"BEG_CHG_TY":"新建","END_YR":1594,"END_CHG_TY":"撤销","X_COORD":112.57,"Y_COORD":36.76},"geometry":{"type":"MultiPolygon","coordinates":[[[[112.00292,36.84235],[112.07845,36.86411],[112.0618,36.90783],[112.09301,36.93003],[112.05478,36.97493],[112.20941,37.01671],[112.33172,36.93906],[112.33825,37.01916],[112.42138,37.10857],[112.51452,37.12965],[112.58441,37.08144],[112.64039,37.12155],[112.71045,37.09496],[112.7812,37.01003],[112.87077,36.9778],[112.89137,36.87486],[113.00234,36.93014],[113.22916,36.92668],[113.298,36.97934],[113.36906,36.88609],[113.32651,36.86287],[113.34934,36.82499],[113.29775,36.71046],[113.22163,36.65976],[113.13016,36.72021],[113.02623,36.73034],[113.00079,36.70662],[112.91543,36.74016],[112.87834,36.6869],[112.74488,36.67134],[112.75144,36.57148],[112.66909,36.44483],[112.5883,36.43263],[112.56291,36.46523],[112.49366,36.43984],[112.44277,36.33945],[112.34843,36.34298],[112.20644,36.40956],[112.1553,36.51269],[112.07831,36.58253],[112.04983,36.59011],[112.04447,36.59289],[112.03507,36.60179],[112.0326,36.63663],[112.16688,36.6663],[112.03797,36.77784],[111.97274,36.77388],[112.00292,36.84235]]],[[[112.04484,36.5905],[112.04447,36.59289],[112.04563,36.59091],[112.04484,36.5905]]],[[[112.64636,37.12115],[112.64631,37.121],[112.64756,37.12449],[112.64636,37.12115]]]]}},{"type":"Feature","properties":{"SYS_ID":"94048","NAME_CH":"平阳府","PRES_LOC":"","TYPE_CH":"府","BEG_YR":1368,"BEG_CHG_TY":"更名和辖区缩小","END_YR":1594,"END_CHG_TY":"辖区缩小","X_COORD":111.24,"Y_COORD":35.93},"geometry":{"type":"Polygon","coordinates":[[[110.24545,34.70478],[110.28021,34.78363],[110.27056,34.96877],[110.36012,35.1051],[110.40205,35.27748],[110.51608,35.40528],[110.60838,35.63075],[110.44464,36.16486],[110.50008,36.58114],[110.38811,36.67961],[110.43301,36.68473],[110.45012,36.73003],[110.41945,36.72417],[110.42699,36.76294],[110.37981,36.77015],[110.42085,36.8011],[110.41975,36.85968],[110.37607,36.87403],[110.4252,36.96413],[110.37202,37.023],[110.44814,37.00721],[110.41157,37.03447],[110.52483,37.10285],[110.65699,37.27753],[110.68623,37.27987],[110.84306,37.12672],[111.04366,37.11378],[111.09647,37.06073],[111.42166,37.04615],[111.517,36.96541],[111.54007,36.98372],[111.62535,36.9533],[111.73281,37.04694],[111.79296,37.03683],[111.83128,36.94987],[112.00292,36.84235],[111.97274,36.77388],[112.03797,36.77784],[112.16479,36.67888],[112.14487,36.6445],[112.0326,36.63663],[112.03507,36.60179],[112.1553,36.51269],[112.19643,36.41784],[112.34843,36.34298],[112.43989,36.34133],[112.387,36.2272],[112.56114,36.1886],[112.5624,36.11874],[112.4842,36.06871],[112.52396,35.97362],[112.38924,35.89692],[112.15347,35.92221],[112.12887,35.85223],[112.03253,35.86123],[112.02491,35.70786],[111.93531,35.62297],[111.94385,35.4967],[111.97817,35.4171],[112.02642,35.39045],[112.05231,35.27867],[111.91473,35.07806],[111.8223,35.07238],[111.79742,35.03109],[111.66746,34.99079],[111.66917,34.94717],[111.56667,34.8488],[111.22098,34.79193],[111.15018,34.8083],[111.09357,34.75371],[110.96023,34.70467],[110.92331,34.73365],[110.89564,34.66204],[110.75208,34.65646],[110.67405,34.59258],[110.30063,34.61231],[110.24545,34.70478]],[[111.37803,36.39729],[111.37749,36.39165],[111.37737,36.39037],[111.37803,36.39729]],[[112.04484,36.5905],[112.04563,36.59091],[112.04447,36.59289],[112.04484,36.5905]]]}},{"type":"Feature","properties":{"SYS_ID":"94063","NAME_CH":"泽州","PRES_LOC":"","TYPE_CH":"州","BEG_YR":1368,"BEG_CHG_TY":"新建","END_YR":1727,"END_CHG_TY":"更名","X_COORD":112.7,"Y_COORD":35.61},"geometry":{"type":"Polygon","coordinates":[[[113.23615,35.44535],[113.1605,35.41368],[113.11111,35.33412],[113.00777,35.36077],[112.9856,35.29462],[112.93576,35.28891],[112.92178,35.25],[112.80983,35.25726],[112.76125,35.20546],[112.67141,35.22384],[112.64692,35.26751],[112.60484,35.22071],[112.39263,35.24766],[112.28596,35.21807],[112.28093,35.25444],[112.21088,35.23162],[112.20283,35.25675],[112.05029,35.28098],[112.02642,35.39045],[111.97817,35.4171],[111.94385,35.4967],[111.93531,35.62297],[112.02491,35.70786],[112.03253,35.86123],[112.12887,35.85223],[112.15347,35.92221],[112.38924,35.89692],[112.52396,35.97362],[112.52597,36.03844],[112.62383,36.06252],[112.6815,36.00512],[112.86753,35.97633],[112.88422,35.92441],[113.00443,35.93584],[113.14282,35.86842],[113.19338,35.89784],[113.27025,35.86335],[113.33183,35.88673],[113.37892,35.83373],[113.4476,35.86527],[113.57193,35.82172],[113.6186,35.63657],[113.54446,35.64771],[113.49055,35.53055],[113.29435,35.47701],[113.29665,35.42688],[113.23615,35.44535]]]}},{"type":"Feature","properties":{"SYS_ID":"94066","NAME_CH":"潞安府","PRES_LOC":"","TYPE_CH":"府","BEG_YR":1529,"BEG_CHG_TY":"更名","END_YR":1911,"END_CHG_TY":"数据下限","X_COORD":113.14,"Y_COORD":36.3},"geometry":{"type":"Polygon","coordinates":[[[113.66568,36.20015],[113.69077,36.18162],[113.65091,36.16582],[113.69953,36.13724],[113.64716,36.12343],[113.67841,36.06402],[113.6542,36.03483],[113.69307,36],[113.63164,35.98867],[113.64893,35.83092],[113.57193,35.82172],[113.4476,35.86527],[113.37892,35.83373],[113.33183,35.88673],[113.27025,35.86335],[113.19338,35.89784],[113.14282,35.86842],[113.00443,35.93584],[112.88422,35.92441],[112.86753,35.97633],[112.6815,36.00512],[112.62383,36.06252],[112.49708,36.03266],[112.49183,36.08256],[112.5624,36.11874],[112.56114,36.1886],[112.387,36.2272],[112.49366,36.43984],[112.56291,36.46523],[112.5883,36.43263],[112.66909,36.44483],[112.75144,36.57148],[112.74488,36.67134],[112.87834,36.6869],[112.91543,36.74016],[113.00079,36.70662],[113.02623,36.73034],[113.13016,36.72021],[113.22163,36.65976],[113.29775,36.71046],[113.34934,36.82499],[113.32651,36.86287],[113.36906,36.88609],[113.53713,36.7442],[113.4587,36.70745],[113.50053,36.70464],[113.4725,36.64039],[113.53793,36.62341],[113.53337,36.59403],[113.58189,36.56276],[113.5486,36.49606],[113.70201,36.42331],[113.72324,36.38158],[113.69589,36.20885],[113.66568,36.20015]]]}},{"type":"Feature","properties":{"SYS_ID":"94067","NAME_CH":"潞州","PRES_LOC":"","TYPE_CH":"州","BEG_YR":1368,"BEG_CHG_TY":"新建","END_YR":1528,"END_CHG_TY":"更名","X_COORD":113.14,"Y_COORD":36.3},"geometry":{"type":"Polygon","coordinates":[[[113.66568,36.20015],[113.69077,36.18162],[113.65091,36.16582],[113.69953,36.13724],[113.64716,36.12343],[113.67841,36.06402],[113.6542,36.03483],[113.69307,36],[113.63164,35.98867],[113.64893,35.83092],[113.57193,35.82172],[113.4476,35.86527],[113.37892,35.83373],[113.33183,35.88673],[113.27025,35.86335],[113.19338,35.89784],[113.14282,35.86842],[113.00443,35.93584],[112.88422,35.92441],[112.86753,35.97633],[112.6815,36.00512],[112.62383,36.06252],[112.49708,36.03266],[112.49183,36.08256],[112.5624,36.11874],[112.56114,36.1886],[112.387,36.2272],[112.49366,36.43984],[112.56291,36.46523],[112.5883,36.43263],[112.66909,36.44483],[112.75144,36.57148],[112.74488,36.67134],[112.87834,36.6869],[112.91543,36.74016],[113.00079,36.70662],[113.02623,36.73034],[113.13016,36.72021],[113.22163,36.65976],[113.29775,36.71046],[113.34934,36.82499],[113.32651,36.86287],[113.36906,36.88609],[113.53713,36.7442],[113.4587,36.70745],[113.50053,36.70464],[113.4725,36.64039],[113.53793,36.62341],[113.53337,36.59403],[113.58189,36.56276],[113.5486,36.49606],[113.70201,36.42331],[113.72324,36.38158],[113.69589,36.20885],[113.66568,36.20015]]]}},{"type":"Feature","properties":{"SYS_ID":"-9999_9","NAME_CH":"南赕","PRES_LOC":"","TYPE_CH":"","BEG_YR":1276,"BEG_CHG_TY":"","END_YR":1381,"END_CHG_TY":"","X_COORD":98,"Y_COORD":25.08},"geometry":{"type":"Polygon","coordinates":[[[98.10743,24.93101],[97.73084,24.95686],[97.72012,25.08366],[97.77314,25.11273],[97.83507,25.26415],[97.93211,25.21086],[98.01471,25.30229],[98.09094,25.33575],[98.19009,25.21705],[98.17447,25.15839],[98.26845,25.09457],[98.22251,24.98161],[98.25284,24.91832],[98.20361,24.86225],[98.10743,24.93101]]]}},{"type":"Feature","properties":{"SYS_ID":"79615","NAME_CH":"养息牧场","PRES_LOC":"","TYPE_CH":"","BEG_YR":0,"BEG_CHG_TY":"","END_YR":1901,"END_CHG_TY":"撤销","X_COORD":122.46,"Y_COORD":42.52},"geometry":{"type":"Polygon","coordinates":[[[121.89798,42.57213],[121.93098,42.68454],[122.05119,42.72195],[122.15884,42.68525],[122.19264,42.69115],[122.19147,42.72661],[122.38111,42.67765],[122.44748,42.76192],[122.36388,42.77295],[122.33636,42.82398],[122.41592,42.8486],[122.55169,42.82349],[122.6183,42.7733],[122.73557,42.77707],[122.8261,42.7234],[122.74446,42.68314],[122.95792,42.56953],[122.89636,42.50487],[122.80769,42.48057],[122.87909,42.34014],[122.42252,42.12906],[122.37225,42.19505],[122.38619,42.26777],[122.23376,42.33652],[122.14101,42.43519],[122.07256,42.43594],[122.04285,42.49231],[121.89798,42.57213]]]}}]}