{"type":"FeatureCollection","features":[{"type":"Feature","properties":{"NAME_CH":"闽县","TYPE_CH":"县","PRES_LOC":"福建省福州市","BEG_YR":948,"END_YR":1911},"geometry":{"type":"Point","coordinates":[119.3216,26.074]}},{"type":"Feature","properties":{"NAME_CH":"侯官县","TYPE_CH":"县","PRES_LOC":"福建省福州市","BEG_YR":935,"END_YR":1911},"geometry":{"type":"Point","coordinates":[119.3216,26.074]}},{"type":"Feature","properties":{"NAME_CH":"怀安县","TYPE_CH":"县","PRES_LOC":"福建省福州市","BEG_YR":1379,"END_YR":1579},"geometry":{"type":"Point","coordinates":[119.3216,26.074]}},{"type":"Feature","properties":{"NAME_CH":"福清州","TYPE_CH":"州","PRES_LOC":"福建省福清市","BEG_YR":1295,"END_YR":1368},"geometry":{"type":"Point","coordinates":[119.3814,25.7279]}},{"type":"Feature","properties":{"NAME_CH":"福清县","TYPE_CH":"县","PRES_LOC":"福建省福清市","BEG_YR":1369,"END_YR":1911},"geometry":{"type":"Point","coordinates":[119.3814,25.7279]}},{"type":"Feature","properties":{"NAME_CH":"连江县","TYPE_CH":"县","PRES_LOC":"福建省连江县","BEG_YR":623,"END_YR":1911},"geometry":{"type":"Point","coordinates":[119.5345,26.198]}},{"type":"Feature","properties":{"NAME_CH":"福安县","TYPE_CH":"县","PRES_LOC":"福建省福安县","BEG_YR":1244,"END_YR":1911},"geometry":{"type":"Point","coordinates":[119.6468,27.0887]}},{"type":"Feature","properties":{"NAME_CH":"罗源县","TYPE_CH":"县","PRES_LOC":"福建省罗源县","BEG_YR":1022,"END_YR":1911},"geometry":{"type":"Point","coordinates":[119.5449,26.4909]}},{"type":"Feature","properties":{"NAME_CH":"古田县","TYPE_CH":"县","PRES_LOC":"福建省古田县东北水库中","BEG_YR":988,"END_YR":1911},"geometry":{"type":"Point","coordinates":[118.7849,26.6017]}},{"type":"Feature","properties":{"NAME_CH":"古田县","TYPE_CH":"县","PRES_LOC":"今广西永福县西北旧县村","BEG_YR":1381,"END_YR":1481},"geometry":{"type":"Point","coordinates":[109.7498,25.1235]}},{"type":"Feature","properties":{"NAME_CH":"闽清县","TYPE_CH":"县","PRES_LOC":"福建省闽清县","BEG_YR":911,"END_YR":1911},"geometry":{"type":"Point","coordinates":[118.8625,26.2132]}},{"type":"Feature","properties":{"NAME_CH":"永福县","TYPE_CH":"县","PRES_LOC":"福建省永泰县","BEG_YR":1102,"END_YR":1911},"geometry":{"type":"Point","coordinates":[118.9341,25.8676]}},{"type":"Feature","properties":{"NAME_CH":"永福县","TYPE_CH":"县","PRES_LOC":"今广西永福县","BEG_YR":621,"END_YR":1911},"geometry":{"type":"Point","coordinates":[109.9801,24.9817]}},{"type":"Feature","properties":{"NAME_CH":"福宁州","TYPE_CH":"州","PRES_LOC":"福建省霞浦县","BEG_YR":1286,"END_YR":1368},"geometry":{"type":"Point","coordinates":[119.9904,26.8835]}},{"type":"Feature","properties":{"NAME_CH":"福宁县","TYPE_CH":"县","PRES_LOC":"福建省霞浦县","BEG_YR":1369,"END_YR":1472},"geometry":{"type":"Point","coordinates":[119.9904,26.8835]}},{"type":"Feature","properties":{"NAME_CH":"宁德县","TYPE_CH":"县","PRES_LOC":"福建省宁德县","BEG_YR":933,"END_YR":1911},"geometry":{"type":"Point","coordinates":[119.5173,26.6612]}},{"type":"Feature","properties":{"NAME_CH":"寿宁县","TYPE_CH":"县","PRES_LOC":"福建省寿宁县","BEG_YR":1455,"END_YR":1911},"geometry":{"type":"Point","coordinates":[119.5106,27.4596]}},{"type":"Feature","properties":{"NAME_CH":"建安县","TYPE_CH":"县","PRES_LOC":"福建省建瓯县","BEG_YR":196,"END_YR":1911},"geometry":{"type":"Point","coordinates":[118.3238,27.0389]}},{"type":"Feature","properties":{"NAME_CH":"欧宁县","TYPE_CH":"县","PRES_LOC":"福建省建瓯县","BEG_YR":1089,"END_YR":1911},"geometry":{"type":"Point","coordinates":[118.3238,27.0389]}},{"type":"Feature","properties":{"NAME_CH":"崇安县","TYPE_CH":"县","PRES_LOC":"福建省崇安县","BEG_YR":994,"END_YR":1911},"geometry":{"type":"Point","coordinates":[118.0268,27.756]}},{"type":"Feature","properties":{"NAME_CH":"建阳县","TYPE_CH":"县","PRES_LOC":"福建省建阳县","BEG_YR":1280,"END_YR":1911},"geometry":{"type":"Point","coordinates":[118.1054,27.3399]}},{"type":"Feature","properties":{"NAME_CH":"浦城县","TYPE_CH":"县","PRES_LOC":"福建省浦城县","BEG_YR":742,"END_YR":1911},"geometry":{"type":"Point","coordinates":[118.5363,27.9247]}},{"type":"Feature","properties":{"NAME_CH":"松溪县","TYPE_CH":"县","PRES_LOC":"福建省松溪县","BEG_YR":975,"END_YR":1911},"geometry":{"type":"Point","coordinates":[118.7746,27.5284]}},{"type":"Feature","properties":{"NAME_CH":"政和县","TYPE_CH":"县","PRES_LOC":"福建省政和县","BEG_YR":1115,"END_YR":1911},"geometry":{"type":"Point","coordinates":[118.8532,27.3721]}},{"type":"Feature","properties":{"NAME_CH":"南安县","TYPE_CH":"县","PRES_LOC":"福建省南安县东丰州","BEG_YR":589,"END_YR":1911},"geometry":{"type":"Point","coordinates":[118.5378,24.9538]}},{"type":"Feature","properties":{"NAME_CH":"晋江县","TYPE_CH":"县","PRES_LOC":"福建省泉州市","BEG_YR":728,"END_YR":1911},"geometry":{"type":"Point","coordinates":[118.5899,24.9096]}},{"type":"Feature","properties":{"NAME_CH":"惠安县","TYPE_CH":"县","PRES_LOC":"福建省惠安县","BEG_YR":981,"END_YR":1911},"geometry":{"type":"Point","coordinates":[118.8028,25.0221]}},{"type":"Feature","properties":{"NAME_CH":"同安县","TYPE_CH":"县","PRES_LOC":"福建省同安县","BEG_YR":939,"END_YR":1911},"geometry":{"type":"Point","coordinates":[118.1441,24.736]}},{"type":"Feature","properties":{"NAME_CH":"安溪县","TYPE_CH":"县","PRES_LOC":"福建省安溪县","BEG_YR":1121,"END_YR":1911},"geometry":{"type":"Point","coordinates":[118.1813,25.0606]}},{"type":"Feature","properties":{"NAME_CH":"邵武县","TYPE_CH":"县","PRES_LOC":"福建省邵武市","BEG_YR":948,"END_YR":1911},"geometry":{"type":"Point","coordinates":[117.4834,27.3377]}},{"type":"Feature","properties":{"NAME_CH":"光泽县","TYPE_CH":"县","PRES_LOC":"福建省光泽县","BEG_YR":981,"END_YR":1911},"geometry":{"type":"Point","coordinates":[117.3333,27.5395]}},{"type":"Feature","properties":{"NAME_CH":"建宁县","TYPE_CH":"县","PRES_LOC":"福建省建宁县","BEG_YR":961,"END_YR":1911},"geometry":{"type":"Point","coordinates":[116.8325,26.8325]}},{"type":"Feature","properties":{"NAME_CH":"泰宁县","TYPE_CH":"县","PRES_LOC":"福建省泰宁县","BEG_YR":1086,"END_YR":1911},"geometry":{"type":"Point","coordinates":[117.1591,26.8985]}},{"type":"Feature","properties":{"NAME_CH":"长汀县","TYPE_CH":"县","PRES_LOC":"福建省长汀县","BEG_YR":779,"END_YR":1911},"geometry":{"type":"Point","coordinates":[116.3495,25.8334]}},{"type":"Feature","properties":{"NAME_CH":"宁化县","TYPE_CH":"县","PRES_LOC":"福建省宁化县","BEG_YR":923,"END_YR":1911},"geometry":{"type":"Point","coordinates":[116.6595,26.2664]}},{"type":"Feature","properties":{"NAME_CH":"清流县","TYPE_CH":"县","PRES_LOC":"福建省清流县","BEG_YR":1278,"END_YR":1911},"geometry":{"type":"Point","coordinates":[116.8141,26.1635]}},{"type":"Feature","properties":{"NAME_CH":"归化县","TYPE_CH":"县","PRES_LOC":"福建省明溪县","BEG_YR":1470,"END_YR":1911},"geometry":{"type":"Point","coordinates":[117.1987,26.3498]}},{"type":"Feature","properties":{"NAME_CH":"连城县","TYPE_CH":"县","PRES_LOC":"福建省连城县","BEG_YR":1346,"END_YR":1911},"geometry":{"type":"Point","coordinates":[116.7457,25.7085]}},{"type":"Feature","properties":{"NAME_CH":"上杭县","TYPE_CH":"县","PRES_LOC":"福建省上杭县","BEG_YR":1168,"END_YR":1911},"geometry":{"type":"Point","coordinates":[116.4178,25.0533]}},{"type":"Feature","properties":{"NAME_CH":"武平县","TYPE_CH":"县","PRES_LOC":"福建省武平县","BEG_YR":967,"END_YR":1911},"geometry":{"type":"Point","coordinates":[116.0906,25.0915]}},{"type":"Feature","properties":{"NAME_CH":"永定县","TYPE_CH":"县","PRES_LOC":"福建省永定县","BEG_YR":1478,"END_YR":1911},"geometry":{"type":"Point","coordinates":[116.7208,24.7204]}},{"type":"Feature","properties":{"NAME_CH":"莆田县","TYPE_CH":"县","PRES_LOC":"福建省莆田市","BEG_YR":622,"END_YR":1911},"geometry":{"type":"Point","coordinates":[119.0111,25.434]}},{"type":"Feature","properties":{"NAME_CH":"仙游县","TYPE_CH":"县","PRES_LOC":"福建省仙游县","BEG_YR":742,"END_YR":1911},"geometry":{"type":"Point","coordinates":[118.6837,25.3646]}},{"type":"Feature","properties":{"NAME_CH":"兴化县","TYPE_CH":"县","PRES_LOC":"福建省莆田市北新县","BEG_YR":1312,"END_YR":1447},"geometry":{"type":"Point","coordinates":[119.0545,25.6505]}},{"type":"Feature","properties":{"NAME_CH":"兴化县","TYPE_CH":"县","PRES_LOC":"江苏兴化市","BEG_YR":1149,"END_YR":1911},"geometry":{"type":"Point","coordinates":[119.8353,32.935]}},{"type":"Feature","properties":{"NAME_CH":"南平县","TYPE_CH":"县","PRES_LOC":"福建省南平市","BEG_YR":1302,"END_YR":1911},"geometry":{"type":"Point","coordinates":[118.1692,26.6422]}},{"type":"Feature","properties":{"NAME_CH":"顺昌县","TYPE_CH":"县","PRES_LOC":"福建省顺昌县","BEG_YR":948,"END_YR":1911},"geometry":{"type":"Point","coordinates":[117.8063,26.7971]}},{"type":"Feature","properties":{"NAME_CH":"将乐县","TYPE_CH":"县","PRES_LOC":"福建省将乐县","BEG_YR":810,"END_YR":1911},"geometry":{"type":"Point","coordinates":[117.455,26.7208]}},{"type":"Feature","properties":{"NAME_CH":"沙县","TYPE_CH":"县","PRES_LOC":"福建省沙县","BEG_YR":884,"END_YR":1911},"geometry":{"type":"Point","coordinates":[117.7818,26.3976]}},{"type":"Feature","properties":{"NAME_CH":"尤溪县","TYPE_CH":"县","PRES_LOC":"福建省尤溪县","BEG_YR":741,"END_YR":1911},"geometry":{"type":"Point","coordinates":[118.1822,26.1718]}},{"type":"Feature","properties":{"NAME_CH":"永安县","TYPE_CH":"县","PRES_LOC":"福建省永安市","BEG_YR":1452,"END_YR":1911},"geometry":{"type":"Point","coordinates":[117.3614,25.965]}},{"type":"Feature","properties":{"NAME_CH":"永安县","TYPE_CH":"县","PRES_LOC":"广东省紫金县","BEG_YR":1569,"END_YR":1911},"geometry":{"type":"Point","coordinates":[115.1731,23.6431]}},{"type":"Feature","properties":{"NAME_CH":"永春县","TYPE_CH":"县","PRES_LOC":"福建省永春县","BEG_YR":938,"END_YR":1733},"geometry":{"type":"Point","coordinates":[118.2872,25.3258]}},{"type":"Feature","properties":{"NAME_CH":"德化县","TYPE_CH":"县","PRES_LOC":"福建省德化县","BEG_YR":932,"END_YR":1911},"geometry":{"type":"Point","coordinates":[118.2292,25.477]}},{"type":"Feature","properties":{"NAME_CH":"德化县","TYPE_CH":"县","PRES_LOC":"江西九江市","BEG_YR":930,"END_YR":1911},"geometry":{"type":"Point","coordinates":[115.9857,29.7224]}},{"type":"Feature","properties":{"NAME_CH":"大田县","TYPE_CH":"县","PRES_LOC":"福建省大田县","BEG_YR":1536,"END_YR":1911},"geometry":{"type":"Point","coordinates":[117.8368,25.6923]}},{"type":"Feature","properties":{"NAME_CH":"龙岩县","TYPE_CH":"县","PRES_LOC":"福建省龙岩县","BEG_YR":736,"END_YR":1733},"geometry":{"type":"Point","coordinates":[117.0292,25.1037]}},{"type":"Feature","properties":{"NAME_CH":"漳平县","TYPE_CH":"县","PRES_LOC":"福建省漳平县","BEG_YR":1470,"END_YR":1911},"geometry":{"type":"Point","coordinates":[117.404,25.2895]}},{"type":"Feature","properties":{"NAME_CH":"宁洋县","TYPE_CH":"县","PRES_LOC":"福建省漳平县北双洋","BEG_YR":1567,"END_YR":1911},"geometry":{"type":"Point","coordinates":[117.3643,25.615]}},{"type":"Feature","properties":{"NAME_CH":"龙溪县","TYPE_CH":"县","PRES_LOC":"福建省漳州市","BEG_YR":786,"END_YR":1911},"geometry":{"type":"Point","coordinates":[117.6531,24.5117]}},{"type":"Feature","properties":{"NAME_CH":"漳浦县","TYPE_CH":"县","PRES_LOC":"福建省漳浦县","BEG_YR":716,"END_YR":1911},"geometry":{"type":"Point","coordinates":[117.6107,24.1171]}},{"type":"Feature","properties":{"NAME_CH":"海澄县","TYPE_CH":"县","PRES_LOC":"福建省龙海县东南海澄","BEG_YR":1567,"END_YR":1911},"geometry":{"type":"Point","coordinates":[117.8511,24.4114]}},{"type":"Feature","properties":{"NAME_CH":"南靖县","TYPE_CH":"县","PRES_LOC":"福建省南靖县东北靖城","BEG_YR":1356,"END_YR":1565},"geometry":{"type":"Point","coordinates":[117.5057,24.573]}},{"type":"Feature","properties":{"NAME_CH":"长泰县","TYPE_CH":"县","PRES_LOC":"福建省长泰县","BEG_YR":955,"END_YR":1911},"geometry":{"type":"Point","coordinates":[117.7505,24.6205]}},{"type":"Feature","properties":{"NAME_CH":"平和县","TYPE_CH":"县","PRES_LOC":"福建省平和县西南九峰","BEG_YR":1519,"END_YR":1911},"geometry":{"type":"Point","coordinates":[117.0172,24.2531]}},{"type":"Feature","properties":{"NAME_CH":"诏安县","TYPE_CH":"县","PRES_LOC":"福建省诏安县","BEG_YR":1530,"END_YR":1911},"geometry":{"type":"Point","coordinates":[117.1749,23.7054]}},{"type":"Feature","properties":{"NAME_CH":"长兴州","TYPE_CH":"州","PRES_LOC":"今浙江长兴县治","BEG_YR":1362,"END_YR":1368},"geometry":{"type":"Point","coordinates":[119.9014,31.0139]}},{"type":"Feature","properties":{"NAME_CH":"长兴县","TYPE_CH":"县","PRES_LOC":"今浙江长兴县治","BEG_YR":1369,"END_YR":1911},"geometry":{"type":"Point","coordinates":[119.9014,31.0139]}},{"type":"Feature","properties":{"NAME_CH":"安吉县","TYPE_CH":"县","PRES_LOC":"今浙江安吉县安城镇","BEG_YR":1356,"END_YR":1505},"geometry":{"type":"Point","coordinates":[119.6836,30.7209]}},{"type":"Feature","properties":{"NAME_CH":"安吉州","TYPE_CH":"州","PRES_LOC":"今浙江安吉县安城镇","BEG_YR":1506,"END_YR":1772},"geometry":{"type":"Point","coordinates":[119.6836,30.7209]}},{"type":"Feature","properties":{"NAME_CH":"孝丰县","TYPE_CH":"县","PRES_LOC":"今浙江安吉县西南孝丰镇","BEG_YR":1487,"END_YR":1911},"geometry":{"type":"Point","coordinates":[119.5486,30.5854]}},{"type":"Feature","properties":{"NAME_CH":"嘉兴县","TYPE_CH":"县","PRES_LOC":"今浙江嘉兴市治","BEG_YR":896,"END_YR":1911},"geometry":{"type":"Point","coordinates":[120.7532,30.7675]}},{"type":"Feature","properties":{"NAME_CH":"秀水县","TYPE_CH":"县","PRES_LOC":"今浙江嘉兴市治","BEG_YR":1430,"END_YR":1911},"geometry":{"type":"Point","coordinates":[120.7532,30.7675]}},{"type":"Feature","properties":{"NAME_CH":"嘉善县","TYPE_CH":"县","PRES_LOC":"今浙江嘉善县治","BEG_YR":1430,"END_YR":1911},"geometry":{"type":"Point","coordinates":[120.9172,30.8438]}},{"type":"Feature","properties":{"NAME_CH":"桐乡县","TYPE_CH":"县","PRES_LOC":"今浙江桐乡市治","BEG_YR":1430,"END_YR":1911},"geometry":{"type":"Point","coordinates":[120.5427,30.6417]}},{"type":"Feature","properties":{"NAME_CH":"崇德州","TYPE_CH":"州","PRES_LOC":"今浙江桐乡市西南崇福镇","BEG_YR":1295,"END_YR":1368},"geometry":{"type":"Point","coordinates":[120.4187,30.5304]}},{"type":"Feature","properties":{"NAME_CH":"崇德县","TYPE_CH":"县","PRES_LOC":"今浙江桐乡市西南崇福镇","BEG_YR":1369,"END_YR":1661},"geometry":{"type":"Point","coordinates":[120.4187,30.5304]}},{"type":"Feature","properties":{"NAME_CH":"海盐州","TYPE_CH":"州","PRES_LOC":"今浙江海盐县治","BEG_YR":1295,"END_YR":1368},"geometry":{"type":"Point","coordinates":[120.932,30.5179]}},{"type":"Feature","properties":{"NAME_CH":"海盐县","TYPE_CH":"县","PRES_LOC":"今浙江海盐县治","BEG_YR":1369,"END_YR":1911},"geometry":{"type":"Point","coordinates":[120.932,30.5179]}},{"type":"Feature","properties":{"NAME_CH":"钱塘县","TYPE_CH":"县","PRES_LOC":"今浙江杭州市","BEG_YR":621,"END_YR":1911},"geometry":{"type":"Point","coordinates":[120.1686,30.2941]}},{"type":"Feature","properties":{"NAME_CH":"仁和县","TYPE_CH":"县","PRES_LOC":"今浙江杭州市","BEG_YR":979,"END_YR":1911},"geometry":{"type":"Point","coordinates":[120.1686,30.2941]}},{"type":"Feature","properties":{"NAME_CH":"余杭县","TYPE_CH":"县","PRES_LOC":"今浙江余杭县余杭镇","BEG_YR":173,"END_YR":1911},"geometry":{"type":"Point","coordinates":[119.9406,30.2718]}},{"type":"Feature","properties":{"NAME_CH":"富阳县","TYPE_CH":"县","PRES_LOC":"今浙江富阳县城西北隅","BEG_YR":372,"END_YR":1911},"geometry":{"type":"Point","coordinates":[119.9478,30.0534]}},{"type":"Feature","properties":{"NAME_CH":"临安县","TYPE_CH":"县","PRES_LOC":"今浙江临安市","BEG_YR":1262,"END_YR":1911},"geometry":{"type":"Point","coordinates":[119.7213,30.2311]}},{"type":"Feature","properties":{"NAME_CH":"於潜县","TYPE_CH":"县","PRES_LOC":"今浙江临安市于潜镇","BEG_YR":25,"END_YR":1911},"geometry":{"type":"Point","coordinates":[119.3948,30.192]}},{"type":"Feature","properties":{"NAME_CH":"昌化县","TYPE_CH":"县","PRES_LOC":"今浙江临安市西昌化镇","BEG_YR":978,"END_YR":1911},"geometry":{"type":"Point","coordinates":[119.2118,30.1719]}},{"type":"Feature","properties":{"NAME_CH":"昌化县","TYPE_CH":"县","PRES_LOC":"海南省昌江县西昌城镇","BEG_YR":1441,"END_YR":1911},"geometry":{"type":"Point","coordinates":[108.676,19.3307]}},{"type":"Feature","properties":{"NAME_CH":"海宁州","TYPE_CH":"州","PRES_LOC":"今浙江海宁市南盐官镇","BEG_YR":1329,"END_YR":1368},"geometry":{"type":"Point","coordinates":[120.5375,30.4063]}},{"type":"Feature","properties":{"NAME_CH":"海宁县","TYPE_CH":"县","PRES_LOC":"今浙江海宁市南盐官镇","BEG_YR":1369,"END_YR":1772},"geometry":{"type":"Point","coordinates":[120.5375,30.4063]}},{"type":"Feature","properties":{"NAME_CH":"新城县","TYPE_CH":"县","PRES_LOC":"今浙江富阳市西南新登镇","BEG_YR":979,"END_YR":1911},"geometry":{"type":"Point","coordinates":[119.724,29.971]}},{"type":"Feature","properties":{"NAME_CH":"新城县","TYPE_CH":"县","PRES_LOC":"江西黎川县","BEG_YR":1138,"END_YR":1911},"geometry":{"type":"Point","coordinates":[116.9142,27.2968]}},{"type":"Feature","properties":{"NAME_CH":"新城县","TYPE_CH":"县","PRES_LOC":"湖南耒阳县北新市","BEG_YR":1336,"END_YR":1376},"geometry":{"type":"Point","coordinates":[112.9227,26.6091]}},{"type":"Feature","properties":{"NAME_CH":"新城县","TYPE_CH":"县","PRES_LOC":"今河北省新城县驻地东南新城镇","BEG_YR":1235,"END_YR":1911},"geometry":{"type":"Point","coordinates":[115.9876,39.2459]}},{"type":"Feature","properties":{"NAME_CH":"新城县","TYPE_CH":"县","PRES_LOC":"今桓台县西桓台城","BEG_YR":1378,"END_YR":1912},"geometry":{"type":"Point","coordinates":[117.9431,36.9496]}},{"type":"Feature","properties":{"NAME_CH":"乌程县","TYPE_CH":"县","PRES_LOC":"今浙江湖州市治","BEG_YR":405,"END_YR":1911},"geometry":{"type":"Point","coordinates":[120.0993,30.865]}},{"type":"Feature","properties":{"NAME_CH":"归安县","TYPE_CH":"县","PRES_LOC":"今浙江湖州市治","BEG_YR":982,"END_YR":1911},"geometry":{"type":"Point","coordinates":[120.0993,30.865]}},{"type":"Feature","properties":{"NAME_CH":"平湖县","TYPE_CH":"县","PRES_LOC":"今浙江平湖市治","BEG_YR":1430,"END_YR":1911},"geometry":{"type":"Point","coordinates":[121.0123,30.7042]}},{"type":"Feature","properties":{"NAME_CH":"武康县","TYPE_CH":"县","PRES_LOC":"今浙江德清县（武康镇）治","BEG_YR":602,"END_YR":1911},"geometry":{"type":"Point","coordinates":[119.9641,30.5505]}},{"type":"Feature","properties":{"NAME_CH":"德清县","TYPE_CH":"县","PRES_LOC":"今浙江德清县（武康镇）东城关镇","BEG_YR":742,"END_YR":1911},"geometry":{"type":"Point","coordinates":[120.0848,30.5531]}},{"type":"Feature","properties":{"NAME_CH":"常熟州","TYPE_CH":"州","PRES_LOC":"今江苏常熟市","BEG_YR":1295,"END_YR":1368},"geometry":{"type":"Point","coordinates":[120.7338,31.6466]}},{"type":"Feature","properties":{"NAME_CH":"常熟县","TYPE_CH":"县","PRES_LOC":"今江苏常熟市区","BEG_YR":1369,"END_YR":1911},"geometry":{"type":"Point","coordinates":[120.7338,31.6466]}},{"type":"Feature","properties":{"NAME_CH":"崇明州","TYPE_CH":"州","PRES_LOC":"今上海市崇明县东北富民农场东北长江中","BEG_YR":1352,"END_YR":1368},"geometry":{"type":"Point","coordinates":[121.6022,31.6766]}},{"type":"Feature","properties":{"NAME_CH":"崇明县","TYPE_CH":"县","PRES_LOC":"今江苏启东县东和合南江边","BEG_YR":1421,"END_YR":1528},"geometry":{"type":"Point","coordinates":[121.8117,31.6894]}},{"type":"Feature","properties":{"NAME_CH":"嘉定州","TYPE_CH":"州","PRES_LOC":"今上海嘉定县治嘉定镇","BEG_YR":1295,"END_YR":1368},"geometry":{"type":"Point","coordinates":[121.249,31.3858]}},{"type":"Feature","properties":{"NAME_CH":"嘉定县","TYPE_CH":"县","PRES_LOC":"今上海嘉定县治嘉定镇","BEG_YR":1369,"END_YR":1911},"geometry":{"type":"Point","coordinates":[121.249,31.3858]}},{"type":"Feature","properties":{"NAME_CH":"昆山州","TYPE_CH":"州","PRES_LOC":"今江苏昆山市","BEG_YR":1357,"END_YR":1368},"geometry":{"type":"Point","coordinates":[120.9482,31.3861]}},{"type":"Feature","properties":{"NAME_CH":"昆山县","TYPE_CH":"县","PRES_LOC":"今江苏昆山市","BEG_YR":1369,"END_YR":1911},"geometry":{"type":"Point","coordinates":[120.9482,31.3861]}},{"type":"Feature","properties":{"NAME_CH":"吴县","TYPE_CH":"县","PRES_LOC":"今江苏苏州市区","BEG_YR":624,"END_YR":1911},"geometry":{"type":"Point","coordinates":[120.6186,31.3127]}},{"type":"Feature","properties":{"NAME_CH":"长洲县","TYPE_CH":"县","PRES_LOC":"今江苏苏州市","BEG_YR":696,"END_YR":1911},"geometry":{"type":"Point","coordinates":[120.6186,31.3127]}},{"type":"Feature","properties":{"NAME_CH":"吴江州","TYPE_CH":"州","PRES_LOC":"今江苏吴江县","BEG_YR":1295,"END_YR":1368},"geometry":{"type":"Point","coordinates":[120.6378,31.1671]}},{"type":"Feature","properties":{"NAME_CH":"吴江县","TYPE_CH":"县","PRES_LOC":"今江苏吴江县","BEG_YR":1369,"END_YR":1911},"geometry":{"type":"Point","coordinates":[120.6378,31.1671]}},{"type":"Feature","properties":{"NAME_CH":"太仓州","TYPE_CH":"州","PRES_LOC":"今江苏太仓县","BEG_YR":1497,"END_YR":1723},"geometry":{"type":"Point","coordinates":[121.0986,31.451]}},{"type":"Feature","properties":{"NAME_CH":"江阴县","TYPE_CH":"县","PRES_LOC":"今江苏江阴市","BEG_YR":1367,"END_YR":1911},"geometry":{"type":"Point","coordinates":[120.2661,31.9088]}},{"type":"Feature","properties":{"NAME_CH":"靖江县","TYPE_CH":"县","PRES_LOC":"今江苏靖江县治","BEG_YR":1471,"END_YR":1911},"geometry":{"type":"Point","coordinates":[120.2632,32.0144]}},{"type":"Feature","properties":{"NAME_CH":"无锡州","TYPE_CH":"州","PRES_LOC":"今江苏无锡市区","BEG_YR":1295,"END_YR":1368},"geometry":{"type":"Point","coordinates":[120.2977,31.5746]}},{"type":"Feature","properties":{"NAME_CH":"无锡县","TYPE_CH":"县","PRES_LOC":"今江苏无锡市治","BEG_YR":1369,"END_YR":1911},"geometry":{"type":"Point","coordinates":[120.2977,31.5746]}},{"type":"Feature","properties":{"NAME_CH":"武进县","TYPE_CH":"县","PRES_LOC":"今江苏常州市区","BEG_YR":1362,"END_YR":1911},"geometry":{"type":"Point","coordinates":[119.9523,31.7828]}},{"type":"Feature","properties":{"NAME_CH":"宜兴州","TYPE_CH":"州","PRES_LOC":"今江苏宜兴县治","BEG_YR":1359,"END_YR":1368},"geometry":{"type":"Point","coordinates":[119.8144,31.3636]}},{"type":"Feature","properties":{"NAME_CH":"宜兴县","TYPE_CH":"县","PRES_LOC":"今江苏宜兴县治","BEG_YR":1369,"END_YR":1911},"geometry":{"type":"Point","coordinates":[119.8144,31.3636]}},{"type":"Feature","properties":{"NAME_CH":"华亭县","TYPE_CH":"县","PRES_LOC":"上海市松江县松江镇","BEG_YR":1278,"END_YR":1911},"geometry":{"type":"Point","coordinates":[121.2276,31.0095]}},{"type":"Feature","properties":{"NAME_CH":"华亭县","TYPE_CH":"县","PRES_LOC":"今甘肃华亭县","BEG_YR":959,"END_YR":1911},"geometry":{"type":"Point","coordinates":[106.652,35.2188]}},{"type":"Feature","properties":{"NAME_CH":"上海县","TYPE_CH":"县","PRES_LOC":"上海市南市区老城厢","BEG_YR":1292,"END_YR":1911},"geometry":{"type":"Point","coordinates":[121.4868,31.2244]}},{"type":"Feature","properties":{"NAME_CH":"青浦县","TYPE_CH":"县","PRES_LOC":"上海市青浦县青浦镇","BEG_YR":1573,"END_YR":1911},"geometry":{"type":"Point","coordinates":[121.1078,31.1448]}},{"type":"Feature","properties":{"NAME_CH":"句容县","TYPE_CH":"县","PRES_LOC":"今江苏句容县","BEG_YR":1021,"END_YR":1911},"geometry":{"type":"Point","coordinates":[119.1627,31.9465]}},{"type":"Feature","properties":{"NAME_CH":"上元县","TYPE_CH":"县","PRES_LOC":"今江苏南京市","BEG_YR":1357,"END_YR":1911},"geometry":{"type":"Point","coordinates":[118.769,32.0526]}},{"type":"Feature","properties":{"NAME_CH":"江宁县","TYPE_CH":"县","PRES_LOC":"今江苏南京市","BEG_YR":917,"END_YR":1911},"geometry":{"type":"Point","coordinates":[118.769,32.0526]}},{"type":"Feature","properties":{"NAME_CH":"溧水州","TYPE_CH":"州","PRES_LOC":"今江苏溧水县","BEG_YR":1295,"END_YR":1368},"geometry":{"type":"Point","coordinates":[119.0229,31.6566]}},{"type":"Feature","properties":{"NAME_CH":"溧水县","TYPE_CH":"县","PRES_LOC":"今江苏溧水县","BEG_YR":1369,"END_YR":1911},"geometry":{"type":"Point","coordinates":[119.0229,31.6566]}},{"type":"Feature","properties":{"NAME_CH":"六合县","TYPE_CH":"县","PRES_LOC":"今江苏六合县","BEG_YR":584,"END_YR":1911},"geometry":{"type":"Point","coordinates":[118.8379,32.3484]}},{"type":"Feature","properties":{"NAME_CH":"江浦县","TYPE_CH":"县","PRES_LOC":"今江苏江浦县","BEG_YR":1391,"END_YR":1911},"geometry":{"type":"Point","coordinates":[118.6176,32.0649]}},{"type":"Feature","properties":{"NAME_CH":"高淳县","TYPE_CH":"县","PRES_LOC":"今江苏高淳县","BEG_YR":1491,"END_YR":1911},"geometry":{"type":"Point","coordinates":[118.8615,31.3216]}},{"type":"Feature","properties":{"NAME_CH":"丹徒县","TYPE_CH":"县","PRES_LOC":"今江苏镇江市","BEG_YR":620,"END_YR":1911},"geometry":{"type":"Point","coordinates":[119.4443,32.2065]}},{"type":"Feature","properties":{"NAME_CH":"丹阳县","TYPE_CH":"县","PRES_LOC":"今江苏丹阳市","BEG_YR":742,"END_YR":1911},"geometry":{"type":"Point","coordinates":[119.5699,31.9958]}},{"type":"Feature","properties":{"NAME_CH":"溧阳州","TYPE_CH":"州","PRES_LOC":"今江苏溧阳市","BEG_YR":1295,"END_YR":1368},"geometry":{"type":"Point","coordinates":[119.486,31.4307]}},{"type":"Feature","properties":{"NAME_CH":"溧阳县","TYPE_CH":"县","PRES_LOC":"今江苏溧阳市","BEG_YR":1369,"END_YR":1911},"geometry":{"type":"Point","coordinates":[119.486,31.4307]}},{"type":"Feature","properties":{"NAME_CH":"金坛县","TYPE_CH":"县","PRES_LOC":"今江苏金坛县","BEG_YR":688,"END_YR":1911},"geometry":{"type":"Point","coordinates":[119.5706,31.747]}},{"type":"Feature","properties":{"NAME_CH":"缙云县","TYPE_CH":"县","PRES_LOC":"今浙江缙雲县治五雲镇","BEG_YR":696,"END_YR":1911},"geometry":{"type":"Point","coordinates":[120.0584,28.6484]}},{"type":"Feature","properties":{"NAME_CH":"景宁县","TYPE_CH":"县","PRES_LOC":"今浙江景宁畲族自治县治鹤溪镇","BEG_YR":1452,"END_YR":1911},"geometry":{"type":"Point","coordinates":[119.6432,27.9744]}},{"type":"Feature","properties":{"NAME_CH":"丽水县","TYPE_CH":"县","PRES_LOC":"今浙江丽水市治老城区","BEG_YR":907,"END_YR":1911},"geometry":{"type":"Point","coordinates":[119.913,28.4487]}},{"type":"Feature","properties":{"NAME_CH":"龙泉县","TYPE_CH":"县","PRES_LOC":"今浙江龙泉县治龙渊镇","BEG_YR":1131,"END_YR":1911},"geometry":{"type":"Point","coordinates":[119.1209,28.0826]}},{"type":"Feature","properties":{"NAME_CH":"龙泉县","TYPE_CH":"县","PRES_LOC":"江西遂川县","BEG_YR":1131,"END_YR":1911},"geometry":{"type":"Point","coordinates":[114.5057,26.3279]}},{"type":"Feature","properties":{"NAME_CH":"青田县","TYPE_CH":"县","PRES_LOC":"今浙江青田县治鹤城镇","BEG_YR":711,"END_YR":1911},"geometry":{"type":"Point","coordinates":[120.2882,28.1439]}},{"type":"Feature","properties":{"NAME_CH":"庆元县","TYPE_CH":"县","PRES_LOC":"今浙江庆元县治松源镇","BEG_YR":1380,"END_YR":1911},"geometry":{"type":"Point","coordinates":[119.0513,27.6142]}},{"type":"Feature","properties":{"NAME_CH":"松阳县","TYPE_CH":"县","PRES_LOC":"今浙江松阳县治西屏镇","BEG_YR":999,"END_YR":1911},"geometry":{"type":"Point","coordinates":[119.4853,28.4507]}},{"type":"Feature","properties":{"NAME_CH":"遂昌县","TYPE_CH":"县","PRES_LOC":"今浙江遂昌县治妙高镇","BEG_YR":711,"END_YR":1911},"geometry":{"type":"Point","coordinates":[119.2635,28.5879]}},{"type":"Feature","properties":{"NAME_CH":"宣平县","TYPE_CH":"县","PRES_LOC":"今浙江武义县西南柳城镇","BEG_YR":1452,"END_YR":1911},"geometry":{"type":"Point","coordinates":[119.5963,28.6262]}},{"type":"Feature","properties":{"NAME_CH":"云和县","TYPE_CH":"县","PRES_LOC":"今浙江雲和县治","BEG_YR":1452,"END_YR":1911},"geometry":{"type":"Point","coordinates":[119.5638,28.1124]}},{"type":"Feature","properties":{"NAME_CH":"常山县","TYPE_CH":"县","PRES_LOC":"今浙江常山县治天马镇","BEG_YR":1276,"END_YR":1911},"geometry":{"type":"Point","coordinates":[118.5027,28.9037]}},{"type":"Feature","properties":{"NAME_CH":"江山县","TYPE_CH":"县","PRES_LOC":"今浙江江山市","BEG_YR":1276,"END_YR":1911},"geometry":{"type":"Point","coordinates":[118.6159,28.7353]}},{"type":"Feature","properties":{"NAME_CH":"开化县","TYPE_CH":"县","PRES_LOC":"今浙江开化县治","BEG_YR":981,"END_YR":1911},"geometry":{"type":"Point","coordinates":[118.4049,29.1449]}},{"type":"Feature","properties":{"NAME_CH":"龙游县","TYPE_CH":"县","PRES_LOC":"今浙江龙游县治龙游镇","BEG_YR":1131,"END_YR":1911},"geometry":{"type":"Point","coordinates":[119.1724,29.0348]}},{"type":"Feature","properties":{"NAME_CH":"龙游县","TYPE_CH":"县","PRES_LOC":"今四川乐山市治","BEG_YR":1131,"END_YR":1375},"geometry":{"type":"Point","coordinates":[103.7516,29.5707]}},{"type":"Feature","properties":{"NAME_CH":"西安县","TYPE_CH":"县","PRES_LOC":"今浙江衢州市","BEG_YR":866,"END_YR":1911},"geometry":{"type":"Point","coordinates":[118.8676,28.9568]}},{"type":"Feature","properties":{"NAME_CH":"黄岩州","TYPE_CH":"州","PRES_LOC":"今浙江黄岩市","BEG_YR":1295,"END_YR":1369},"geometry":{"type":"Point","coordinates":[121.2584,28.6426]}},{"type":"Feature","properties":{"NAME_CH":"黄岩县","TYPE_CH":"县","PRES_LOC":"今浙江黄岩市","BEG_YR":1370,"END_YR":1911},"geometry":{"type":"Point","coordinates":[121.2584,28.6426]}},{"type":"Feature","properties":{"NAME_CH":"临海县","TYPE_CH":"县","PRES_LOC":"今浙江临海市","BEG_YR":257,"END_YR":1911},"geometry":{"type":"Point","coordinates":[121.1206,28.8431]}},{"type":"Feature","properties":{"NAME_CH":"宁海县","TYPE_CH":"县","PRES_LOC":"今浙江宁海县","BEG_YR":689,"END_YR":1911},"geometry":{"type":"Point","coordinates":[121.4256,29.2836]}},{"type":"Feature","properties":{"NAME_CH":"太平县","TYPE_CH":"县","PRES_LOC":"今浙江温岭县治","BEG_YR":1469,"END_YR":1911},"geometry":{"type":"Point","coordinates":[121.3536,28.3639]}},{"type":"Feature","properties":{"NAME_CH":"太平县","TYPE_CH":"县","PRES_LOC":"今安徽黄山市黄山区所在","BEG_YR":772,"END_YR":1911},"geometry":{"type":"Point","coordinates":[118.1231,30.2986]}},{"type":"Feature","properties":{"NAME_CH":"太平县","TYPE_CH":"县","PRES_LOC":"今山西襄汾县西南17.5公里汾城镇","BEG_YR":633,"END_YR":1911},"geometry":{"type":"Point","coordinates":[111.2741,35.8133]}},{"type":"Feature","properties":{"NAME_CH":"天台县","TYPE_CH":"县","PRES_LOC":"今浙江天台县","BEG_YR":960,"END_YR":1911},"geometry":{"type":"Point","coordinates":[121.0266,29.1383]}},{"type":"Feature","properties":{"NAME_CH":"仙居县","TYPE_CH":"县","PRES_LOC":"今浙江仙居县","BEG_YR":1007,"END_YR":1911},"geometry":{"type":"Point","coordinates":[120.7335,28.8522]}},{"type":"Feature","properties":{"NAME_CH":"乐清县","TYPE_CH":"县","PRES_LOC":"今浙江乐清县治乐成镇","BEG_YR":908,"END_YR":1911},"geometry":{"type":"Point","coordinates":[120.9577,28.1307]}},{"type":"Feature","properties":{"NAME_CH":"平阳州","TYPE_CH":"州","PRES_LOC":"今浙江平阳县治昆阳镇","BEG_YR":1295,"END_YR":1369},"geometry":{"type":"Point","coordinates":[120.5564,27.6757]}},{"type":"Feature","properties":{"NAME_CH":"平阳县","TYPE_CH":"县","PRES_LOC":"今浙江平阳县治昆阳镇","BEG_YR":1370,"END_YR":1911},"geometry":{"type":"Point","coordinates":[120.5564,27.6757]}},{"type":"Feature","properties":{"NAME_CH":"平阳县","TYPE_CH":"县","PRES_LOC":"湖南桂阳县驻地城关镇","BEG_YR":1017,"END_YR":1375},"geometry":{"type":"Point","coordinates":[112.7259,25.742]}},{"type":"Feature","properties":{"NAME_CH":"瑞安州","TYPE_CH":"州","PRES_LOC":"今浙江瑞安市旧城","BEG_YR":1295,"END_YR":1368},"geometry":{"type":"Point","coordinates":[120.6307,27.7905]}},{"type":"Feature","properties":{"NAME_CH":"瑞安县","TYPE_CH":"县","PRES_LOC":"今浙江瑞安市旧城","BEG_YR":1369,"END_YR":1911},"geometry":{"type":"Point","coordinates":[120.6307,27.7905]}},{"type":"Feature","properties":{"NAME_CH":"泰顺县","TYPE_CH":"县","PRES_LOC":"今浙江泰顺县治罗阳镇","BEG_YR":1452,"END_YR":1911},"geometry":{"type":"Point","coordinates":[119.7105,27.5578]}},{"type":"Feature","properties":{"NAME_CH":"永嘉县","TYPE_CH":"县","PRES_LOC":"今浙江温州市","BEG_YR":589,"END_YR":1911},"geometry":{"type":"Point","coordinates":[120.6532,28.0183]}},{"type":"Feature","properties":{"NAME_CH":"金华县","TYPE_CH":"县","PRES_LOC":"治今浙江金华市","BEG_YR":705,"END_YR":1911},"geometry":{"type":"Point","coordinates":[119.6499,29.1047]}},{"type":"Feature","properties":{"NAME_CH":"兰溪州","TYPE_CH":"州","PRES_LOC":"治今浙江兰溪市","BEG_YR":1295,"END_YR":1369},"geometry":{"type":"Point","coordinates":[119.4789,29.2045]}},{"type":"Feature","properties":{"NAME_CH":"兰溪县","TYPE_CH":"县","PRES_LOC":"治今浙江兰溪市","BEG_YR":1370,"END_YR":1911},"geometry":{"type":"Point","coordinates":[119.4789,29.2045]}},{"type":"Feature","properties":{"NAME_CH":"汤溪县","TYPE_CH":"县","PRES_LOC":"治今金华县西汤溪镇","BEG_YR":1471,"END_YR":1911},"geometry":{"type":"Point","coordinates":[119.4,29.0489]}},{"type":"Feature","properties":{"NAME_CH":"浦江县","TYPE_CH":"县","PRES_LOC":"治今浙江浦江县","BEG_YR":910,"END_YR":1911},"geometry":{"type":"Point","coordinates":[119.8837,29.4587]}},{"type":"Feature","properties":{"NAME_CH":"义乌县","TYPE_CH":"县","PRES_LOC":"治今浙江义乌市","BEG_YR":624,"END_YR":1911},"geometry":{"type":"Point","coordinates":[120.0716,29.3001]}},{"type":"Feature","properties":{"NAME_CH":"东阳县","TYPE_CH":"县","PRES_LOC":"治今浙江东阳市","BEG_YR":999,"END_YR":1911},"geometry":{"type":"Point","coordinates":[120.228,29.2606]}},{"type":"Feature","properties":{"NAME_CH":"永康县","TYPE_CH":"县","PRES_LOC":"治今浙江永康县","BEG_YR":621,"END_YR":1911},"geometry":{"type":"Point","coordinates":[120.0253,28.8973]}},{"type":"Feature","properties":{"NAME_CH":"永康县","TYPE_CH":"县","PRES_LOC":"今广西扶绥县西北旧县村","BEG_YR":972,"END_YR":1599},"geometry":{"type":"Point","coordinates":[107.8158,22.8557]}},{"type":"Feature","properties":{"NAME_CH":"永康县","TYPE_CH":"县","PRES_LOC":"今四川崇庆县西北街子场","BEG_YR":953,"END_YR":1371},"geometry":{"type":"Point","coordinates":[103.5574,30.8162]}},{"type":"Feature","properties":{"NAME_CH":"武义县","TYPE_CH":"县","PRES_LOC":"治今浙江武义县","BEG_YR":905,"END_YR":1911},"geometry":{"type":"Point","coordinates":[119.8023,28.8954]}},{"type":"Feature","properties":{"NAME_CH":"慈溪县","TYPE_CH":"县","PRES_LOC":"治今浙江宁波市西镇海区慈城镇","BEG_YR":738,"END_YR":1417},"geometry":{"type":"Point","coordinates":[121.4442,29.9792]}},{"type":"Feature","properties":{"NAME_CH":"慈谿县","TYPE_CH":"县","PRES_LOC":"治今浙江宁波市西镇海区慈城镇","BEG_YR":1418,"END_YR":1911},"geometry":{"type":"Point","coordinates":[121.4442,29.9792]}},{"type":"Feature","properties":{"NAME_CH":"奉化州","TYPE_CH":"州","PRES_LOC":"治今浙江奉化市","BEG_YR":1295,"END_YR":1368},"geometry":{"type":"Point","coordinates":[121.4069,29.6517]}},{"type":"Feature","properties":{"NAME_CH":"奉化县","TYPE_CH":"县","PRES_LOC":"治今浙江奉化市","BEG_YR":1369,"END_YR":1911},"geometry":{"type":"Point","coordinates":[121.4069,29.6517]}},{"type":"Feature","properties":{"NAME_CH":"鄞县","TYPE_CH":"县","PRES_LOC":"今鄞县（治今浙江宁波市）","BEG_YR":909,"END_YR":1911},"geometry":{"type":"Point","coordinates":[121.5427,29.8663]}},{"type":"Feature","properties":{"NAME_CH":"定海县","TYPE_CH":"县","PRES_LOC":"治今宁波市镇海区","BEG_YR":910,"END_YR":1686},"geometry":{"type":"Point","coordinates":[121.7117,29.9537]}},{"type":"Feature","properties":{"NAME_CH":"昌国州","TYPE_CH":"州","PRES_LOC":"治今舟山市定海区","BEG_YR":1277,"END_YR":1368},"geometry":{"type":"Point","coordinates":[122.1011,30.0152]}},{"type":"Feature","properties":{"NAME_CH":"昌国县","TYPE_CH":"县","PRES_LOC":"治今舟山市定海区","BEG_YR":1369,"END_YR":1386},"geometry":{"type":"Point","coordinates":[122.1011,30.0152]}},{"type":"Feature","properties":{"NAME_CH":"象山县","TYPE_CH":"县","PRES_LOC":"今浙江象山县","BEG_YR":706,"END_YR":1911},"geometry":{"type":"Point","coordinates":[121.8662,29.4744]}},{"type":"Feature","properties":{"NAME_CH":"山阴县","TYPE_CH":"县","PRES_LOC":"治今浙江绍兴市","BEG_YR":815,"END_YR":1911},"geometry":{"type":"Point","coordinates":[120.5783,30.0045]}},{"type":"Feature","properties":{"NAME_CH":"山阴县","TYPE_CH":"县","PRES_LOC":"今山西山阴县山阴城镇","BEG_YR":1266,"END_YR":1911},"geometry":{"type":"Point","coordinates":[112.9427,39.4404]}},{"type":"Feature","properties":{"NAME_CH":"会稽县","TYPE_CH":"县","PRES_LOC":"治今浙江绍兴市","BEG_YR":589,"END_YR":1911},"geometry":{"type":"Point","coordinates":[120.5783,30.0045]}},{"type":"Feature","properties":{"NAME_CH":"嵊县","TYPE_CH":"县","PRES_LOC":"治今浙江嵊县","BEG_YR":1121,"END_YR":1911},"geometry":{"type":"Point","coordinates":[120.8153,29.5875]}},{"type":"Feature","properties":{"NAME_CH":"上虞县","TYPE_CH":"县","PRES_LOC":"治今浙江上虞县丰惠镇","BEG_YR":822,"END_YR":1911},"geometry":{"type":"Point","coordinates":[120.9736,29.9527]}},{"type":"Feature","properties":{"NAME_CH":"新昌县","TYPE_CH":"县","PRES_LOC":"治今浙江新昌县","BEG_YR":908,"END_YR":1911},"geometry":{"type":"Point","coordinates":[120.9021,29.4947]}},{"type":"Feature","properties":{"NAME_CH":"新昌县","TYPE_CH":"县","PRES_LOC":"江西宜丰县","BEG_YR":1372,"END_YR":1911},"geometry":{"type":"Point","coordinates":[114.7789,28.3933]}},{"type":"Feature","properties":{"NAME_CH":"萧山县","TYPE_CH":"县","PRES_LOC":"治今浙江萧山市","BEG_YR":742,"END_YR":1911},"geometry":{"type":"Point","coordinates":[120.2589,30.1615]}},{"type":"Feature","properties":{"NAME_CH":"余姚州","TYPE_CH":"州","PRES_LOC":"治今浙江余姚市","BEG_YR":1295,"END_YR":1368},"geometry":{"type":"Point","coordinates":[121.1528,30.0491]}},{"type":"Feature","properties":{"NAME_CH":"余姚县","TYPE_CH":"县","PRES_LOC":"治今浙江余姚市","BEG_YR":1369,"END_YR":1911},"geometry":{"type":"Point","coordinates":[121.1528,30.0491]}},{"type":"Feature","properties":{"NAME_CH":"诸暨县","TYPE_CH":"县","PRES_LOC":"治今浙江诸暨市","BEG_YR":1367,"END_YR":1911},"geometry":{"type":"Point","coordinates":[120.2277,29.7131]}},{"type":"Feature","properties":{"NAME_CH":"分水县","TYPE_CH":"县","PRES_LOC":"治今浙江桐庐县西北分水镇","BEG_YR":705,"END_YR":1911},"geometry":{"type":"Point","coordinates":[119.4335,29.9234]}},{"type":"Feature","properties":{"NAME_CH":"建德县","TYPE_CH":"县","PRES_LOC":"治今浙江建德县东梅城镇","BEG_YR":683,"END_YR":1911},"geometry":{"type":"Point","coordinates":[119.4989,29.5445]}},{"type":"Feature","properties":{"NAME_CH":"建德县","TYPE_CH":"县","PRES_LOC":"今安徽东至县（尧渡镇）东北秋浦","BEG_YR":921,"END_YR":1911},"geometry":{"type":"Point","coordinates":[117.0346,30.1242]}},{"type":"Feature","properties":{"NAME_CH":"淳安县","TYPE_CH":"县","PRES_LOC":"治今浙江淳安县（排岭镇）西约8公里新安江","BEG_YR":1121,"END_YR":1911},"geometry":{"type":"Point","coordinates":[118.9652,29.6123]}},{"type":"Feature","properties":{"NAME_CH":"桐庐县","TYPE_CH":"县","PRES_LOC":"治今浙江桐庐县","BEG_YR":739,"END_YR":1911},"geometry":{"type":"Point","coordinates":[119.6649,29.8025]}},{"type":"Feature","properties":{"NAME_CH":"寿昌县","TYPE_CH":"县","PRES_LOC":"治今浙江建德县西南寿昌镇","BEG_YR":705,"END_YR":1911},"geometry":{"type":"Point","coordinates":[119.2196,29.3696]}},{"type":"Feature","properties":{"NAME_CH":"遂安县","TYPE_CH":"县","PRES_LOC":"治今浙江淳安县（排岭镇）西南34公里水库中","BEG_YR":603,"END_YR":1911},"geometry":{"type":"Point","coordinates":[118.7384,29.4808]}},{"type":"Feature","properties":{"NAME_CH":"长乐县","TYPE_CH":"县","PRES_LOC":"福建省长乐县","BEG_YR":948,"END_YR":1911},"geometry":{"type":"Point","coordinates":[119.5188,25.9598]}},{"type":"Feature","properties":{"NAME_CH":"长乐县","TYPE_CH":"县","PRES_LOC":"广东省五华县西北华城镇","BEG_YR":1292,"END_YR":1911},"geometry":{"type":"Point","coordinates":[115.6164,24.0661]}},{"type":"Feature","properties":{"NAME_CH":"赣县","TYPE_CH":"县","PRES_LOC":"江西赣州市","BEG_YR":553,"END_YR":1911},"geometry":{"type":"Point","coordinates":[114.9325,25.847]}},{"type":"Feature","properties":{"NAME_CH":"雩都县","TYPE_CH":"县","PRES_LOC":"江西于都县治","BEG_YR":631,"END_YR":1911},"geometry":{"type":"Point","coordinates":[115.4094,25.9541]}},{"type":"Feature","properties":{"NAME_CH":"信丰县","TYPE_CH":"县","PRES_LOC":"江西信丰县","BEG_YR":742,"END_YR":1911},"geometry":{"type":"Point","coordinates":[114.9311,25.3784]}},{"type":"Feature","properties":{"NAME_CH":"兴国县","TYPE_CH":"县","PRES_LOC":"江西兴国县","BEG_YR":982,"END_YR":1911},"geometry":{"type":"Point","coordinates":[115.3428,26.3217]}},{"type":"Feature","properties":{"NAME_CH":"会昌州","TYPE_CH":"州","PRES_LOC":"江西会昌县","BEG_YR":1297,"END_YR":1368},"geometry":{"type":"Point","coordinates":[115.783,25.5843]}},{"type":"Feature","properties":{"NAME_CH":"会昌县","TYPE_CH":"县","PRES_LOC":"江西会昌县","BEG_YR":1369,"END_YR":1911},"geometry":{"type":"Point","coordinates":[115.783,25.5843]}},{"type":"Feature","properties":{"NAME_CH":"安远县","TYPE_CH":"县","PRES_LOC":"江西安远县","BEG_YR":1310,"END_YR":1911},"geometry":{"type":"Point","coordinates":[115.3917,25.1382]}},{"type":"Feature","properties":{"NAME_CH":"安远县","TYPE_CH":"县","PRES_LOC":"广西钦州市","BEG_YR":1006,"END_YR":1373},"geometry":{"type":"Point","coordinates":[108.6144,21.9514]}},{"type":"Feature","properties":{"NAME_CH":"长宁县","TYPE_CH":"县","PRES_LOC":"广东省新丰县","BEG_YR":1573,"END_YR":1911},"geometry":{"type":"Point","coordinates":[114.2017,24.0625]}},{"type":"Feature","properties":{"NAME_CH":"长宁县","TYPE_CH":"县","PRES_LOC":"今湖北秭归县东南、长江南岸旧州河","BEG_YR":1377,"END_YR":1379},"geometry":{"type":"Point","coordinates":[110.6903,30.984]}},{"type":"Feature","properties":{"NAME_CH":"龙南县","TYPE_CH":"县","PRES_LOC":"江西龙南县","BEG_YR":1310,"END_YR":1911},"geometry":{"type":"Point","coordinates":[114.7848,24.899]}},{"type":"Feature","properties":{"NAME_CH":"定南县","TYPE_CH":"县","PRES_LOC":"江西定南县西南老城","BEG_YR":1569,"END_YR":1772},"geometry":{"type":"Point","coordinates":[114.9882,24.6833]}},{"type":"Feature","properties":{"NAME_CH":"瑞金县","TYPE_CH":"县","PRES_LOC":"江西瑞金县","BEG_YR":953,"END_YR":1911},"geometry":{"type":"Point","coordinates":[116.0247,25.8726]}},{"type":"Feature","properties":{"NAME_CH":"石城县","TYPE_CH":"县","PRES_LOC":"江西石城县","BEG_YR":953,"END_YR":1911},"geometry":{"type":"Point","coordinates":[116.3389,26.3282]}},{"type":"Feature","properties":{"NAME_CH":"石城县","TYPE_CH":"县","PRES_LOC":"广东省廉江县","BEG_YR":1328,"END_YR":1911},"geometry":{"type":"Point","coordinates":[110.2833,21.6132]}},{"type":"Feature","properties":{"NAME_CH":"宁都州","TYPE_CH":"州","PRES_LOC":"江西宁都县","BEG_YR":1297,"END_YR":1368},"geometry":{"type":"Point","coordinates":[116.0101,26.4665]}},{"type":"Feature","properties":{"NAME_CH":"宁都县","TYPE_CH":"县","PRES_LOC":"江西宁都县","BEG_YR":1369,"END_YR":1753},"geometry":{"type":"Point","coordinates":[116.0101,26.4665]}},{"type":"Feature","properties":{"NAME_CH":"大庾县","TYPE_CH":"县","PRES_LOC":"江西大余县东二里","BEG_YR":705,"END_YR":1911},"geometry":{"type":"Point","coordinates":[114.3628,25.3993]}},{"type":"Feature","properties":{"NAME_CH":"南康县","TYPE_CH":"县","PRES_LOC":"江西南康县","BEG_YR":280,"END_YR":1911},"geometry":{"type":"Point","coordinates":[114.7452,25.6586]}},{"type":"Feature","properties":{"NAME_CH":"上猶县","TYPE_CH":"县","PRES_LOC":"江西上犹县","BEG_YR":1280,"END_YR":1911},"geometry":{"type":"Point","coordinates":[114.5317,25.7964]}},{"type":"Feature","properties":{"NAME_CH":"崇义县","TYPE_CH":"县","PRES_LOC":"江西崇义县","BEG_YR":1519,"END_YR":1911},"geometry":{"type":"Point","coordinates":[114.3019,25.6936]}},{"type":"Feature","properties":{"NAME_CH":"庐陵县","TYPE_CH":"县","PRES_LOC":"江西吉安市","BEG_YR":682,"END_YR":1911},"geometry":{"type":"Point","coordinates":[114.9713,27.1032]}},{"type":"Feature","properties":{"NAME_CH":"太和州","TYPE_CH":"州","PRES_LOC":"江西泰和县","BEG_YR":1295,"END_YR":1368},"geometry":{"type":"Point","coordinates":[114.8949,26.7921]}},{"type":"Feature","properties":{"NAME_CH":"太和县","TYPE_CH":"县","PRES_LOC":"江西泰和县","BEG_YR":1369,"END_YR":1911},"geometry":{"type":"Point","coordinates":[114.8949,26.7921]}},{"type":"Feature","properties":{"NAME_CH":"太和县","TYPE_CH":"县","PRES_LOC":"安徽太和县治","BEG_YR":1304,"END_YR":1911},"geometry":{"type":"Point","coordinates":[115.609,33.1654]}},{"type":"Feature","properties":{"NAME_CH":"太和县","TYPE_CH":"县","PRES_LOC":"云南省大理市大理古城","BEG_YR":1289,"END_YR":1911},"geometry":{"type":"Point","coordinates":[100.1644,25.6978]}},{"type":"Feature","properties":{"NAME_CH":"吉水州","TYPE_CH":"州","PRES_LOC":"江西吉水县","BEG_YR":1295,"END_YR":1368},"geometry":{"type":"Point","coordinates":[115.1322,27.2144]}},{"type":"Feature","properties":{"NAME_CH":"吉水县","TYPE_CH":"县","PRES_LOC":"江西吉水县","BEG_YR":1369,"END_YR":1911},"geometry":{"type":"Point","coordinates":[115.1322,27.2144]}},{"type":"Feature","properties":{"NAME_CH":"永豐县","TYPE_CH":"县","PRES_LOC":"江西永丰县","BEG_YR":1054,"END_YR":1911},"geometry":{"type":"Point","coordinates":[115.4327,27.3221]}},{"type":"Feature","properties":{"NAME_CH":"安福州","TYPE_CH":"州","PRES_LOC":"江西安福县","BEG_YR":1295,"END_YR":1368},"geometry":{"type":"Point","coordinates":[114.6085,27.3825]}},{"type":"Feature","properties":{"NAME_CH":"安福县","TYPE_CH":"县","PRES_LOC":"江西安福县","BEG_YR":1369,"END_YR":1911},"geometry":{"type":"Point","coordinates":[114.6085,27.3825]}},{"type":"Feature","properties":{"NAME_CH":"万安县","TYPE_CH":"县","PRES_LOC":"江西万安县","BEG_YR":1071,"END_YR":1911},"geometry":{"type":"Point","coordinates":[114.7797,26.4618]}},{"type":"Feature","properties":{"NAME_CH":"万安县","TYPE_CH":"县","PRES_LOC":"海南省万宁县","BEG_YR":1143,"END_YR":1438},"geometry":{"type":"Point","coordinates":[110.4075,18.8006]}},{"type":"Feature","properties":{"NAME_CH":"永新州","TYPE_CH":"州","PRES_LOC":"江西永新县","BEG_YR":1295,"END_YR":1368},"geometry":{"type":"Point","coordinates":[114.2369,26.9456]}},{"type":"Feature","properties":{"NAME_CH":"永新县","TYPE_CH":"县","PRES_LOC":"江西永新县","BEG_YR":1369,"END_YR":1911},"geometry":{"type":"Point","coordinates":[114.2369,26.9456]}},{"type":"Feature","properties":{"NAME_CH":"永宁县","TYPE_CH":"县","PRES_LOC":"江西宁冈县东北新城","BEG_YR":1352,"END_YR":1911},"geometry":{"type":"Point","coordinates":[114.0801,26.7605]}},{"type":"Feature","properties":{"NAME_CH":"永宁县","TYPE_CH":"县","PRES_LOC":"今河南洛宁","BEG_YR":1161,"END_YR":1911},"geometry":{"type":"Point","coordinates":[111.6534,34.3858]}},{"type":"Feature","properties":{"NAME_CH":"清江县","TYPE_CH":"县","PRES_LOC":"江西樟树市西南临江镇","BEG_YR":938,"END_YR":1911},"geometry":{"type":"Point","coordinates":[115.399,28.0156]}},{"type":"Feature","properties":{"NAME_CH":"新淦州","TYPE_CH":"州","PRES_LOC":"江西新干县","BEG_YR":1295,"END_YR":1368},"geometry":{"type":"Point","coordinates":[115.3938,27.7597]}},{"type":"Feature","properties":{"NAME_CH":"新淦县","TYPE_CH":"县","PRES_LOC":"江西新干县","BEG_YR":1369,"END_YR":1911},"geometry":{"type":"Point","coordinates":[115.3938,27.7597]}},{"type":"Feature","properties":{"NAME_CH":"新喻州","TYPE_CH":"州","PRES_LOC":"江西新余市","BEG_YR":1295,"END_YR":1368},"geometry":{"type":"Point","coordinates":[114.9311,27.8041]}},{"type":"Feature","properties":{"NAME_CH":"新喻县","TYPE_CH":"县","PRES_LOC":"江西新余市","BEG_YR":1369,"END_YR":1911},"geometry":{"type":"Point","coordinates":[114.9311,27.8041]}},{"type":"Feature","properties":{"NAME_CH":"峡江县","TYPE_CH":"县","PRES_LOC":"江西峡江县","BEG_YR":1526,"END_YR":1911},"geometry":{"type":"Point","coordinates":[115.1473,27.5537]}},{"type":"Feature","properties":{"NAME_CH":"宜春县","TYPE_CH":"县","PRES_LOC":"今江西宜春市","BEG_YR":1161,"END_YR":1911},"geometry":{"type":"Point","coordinates":[114.3759,27.7943]}},{"type":"Feature","properties":{"NAME_CH":"分宜县","TYPE_CH":"县","PRES_LOC":"江西分宜县东南江口水库中北部","BEG_YR":984,"END_YR":1911},"geometry":{"type":"Point","coordinates":[114.6936,27.767]}},{"type":"Feature","properties":{"NAME_CH":"萍乡州","TYPE_CH":"州","PRES_LOC":"江西萍乡市","BEG_YR":1295,"END_YR":1368},"geometry":{"type":"Point","coordinates":[113.8386,27.6314]}},{"type":"Feature","properties":{"NAME_CH":"萍乡县","TYPE_CH":"县","PRES_LOC":"江西萍乡市","BEG_YR":1369,"END_YR":1911},"geometry":{"type":"Point","coordinates":[113.8386,27.6314]}},{"type":"Feature","properties":{"NAME_CH":"万载县","TYPE_CH":"县","PRES_LOC":"江西万载县","BEG_YR":1131,"END_YR":1911},"geometry":{"type":"Point","coordinates":[114.4494,28.1115]}},{"type":"Feature","properties":{"NAME_CH":"南城县","TYPE_CH":"县","PRES_LOC":"江西南城县","BEG_YR":317,"END_YR":1911},"geometry":{"type":"Point","coordinates":[116.6274,27.5597]}},{"type":"Feature","properties":{"NAME_CH":"南丰县","TYPE_CH":"县","PRES_LOC":"江西南丰县","BEG_YR":1370,"END_YR":1911},"geometry":{"type":"Point","coordinates":[116.5299,27.2143]}},{"type":"Feature","properties":{"NAME_CH":"广昌县","TYPE_CH":"县","PRES_LOC":"江西广昌县","BEG_YR":1138,"END_YR":1911},"geometry":{"type":"Point","coordinates":[116.3166,26.8364]}},{"type":"Feature","properties":{"NAME_CH":"广昌县","TYPE_CH":"县","PRES_LOC":"今河北涞源县驻地涞源镇","BEG_YR":1368,"END_YR":1911},"geometry":{"type":"Point","coordinates":[114.6888,39.354]}},{"type":"Feature","properties":{"NAME_CH":"泸溪县","TYPE_CH":"县","PRES_LOC":"江西资溪县","BEG_YR":1578,"END_YR":1911},"geometry":{"type":"Point","coordinates":[117.0631,27.703]}},{"type":"Feature","properties":{"NAME_CH":"临川县","TYPE_CH":"县","PRES_LOC":"江西临川市","BEG_YR":762,"END_YR":1911},"geometry":{"type":"Point","coordinates":[116.3513,27.9848]}},{"type":"Feature","properties":{"NAME_CH":"崇仁县","TYPE_CH":"县","PRES_LOC":"江西崇仁县","BEG_YR":589,"END_YR":1911},"geometry":{"type":"Point","coordinates":[116.0616,27.7556]}},{"type":"Feature","properties":{"NAME_CH":"金溪县","TYPE_CH":"县","PRES_LOC":"江西金溪县","BEG_YR":994,"END_YR":1911},"geometry":{"type":"Point","coordinates":[116.7763,27.9101]}},{"type":"Feature","properties":{"NAME_CH":"宜黄县","TYPE_CH":"县","PRES_LOC":"江西宜黄县","BEG_YR":968,"END_YR":1911},"geometry":{"type":"Point","coordinates":[116.2102,27.5464]}},{"type":"Feature","properties":{"NAME_CH":"乐安县","TYPE_CH":"县","PRES_LOC":"江西乐安县","BEG_YR":1149,"END_YR":1911},"geometry":{"type":"Point","coordinates":[115.8318,27.4263]}},{"type":"Feature","properties":{"NAME_CH":"乐安县","TYPE_CH":"县","PRES_LOC":"今山东广饶县","BEG_YR":1138,"END_YR":1911},"geometry":{"type":"Point","coordinates":[118.4003,37.0498]}},{"type":"Feature","properties":{"NAME_CH":"东乡县","TYPE_CH":"县","PRES_LOC":"江西东乡县","BEG_YR":1512,"END_YR":1911},"geometry":{"type":"Point","coordinates":[116.6061,28.2323]}},{"type":"Feature","properties":{"NAME_CH":"东乡县","TYPE_CH":"县","PRES_LOC":"今四川宣汉县治","BEG_YR":1465,"END_YR":1911},"geometry":{"type":"Point","coordinates":[107.7153,31.3594]}},{"type":"Feature","properties":{"NAME_CH":"南昌县","TYPE_CH":"县","PRES_LOC":"江西南昌市","BEG_YR":763,"END_YR":1911},"geometry":{"type":"Point","coordinates":[115.8977,28.6749]}},{"type":"Feature","properties":{"NAME_CH":"新建县","TYPE_CH":"县","PRES_LOC":"江西南昌市","BEG_YR":979,"END_YR":1911},"geometry":{"type":"Point","coordinates":[115.8977,28.6749]}},{"type":"Feature","properties":{"NAME_CH":"富州","TYPE_CH":"州","PRES_LOC":"江西丰城市","BEG_YR":1286,"END_YR":1376},"geometry":{"type":"Point","coordinates":[115.7858,28.1978]}},{"type":"Feature","properties":{"NAME_CH":"丰城县","TYPE_CH":"县","PRES_LOC":"江西丰城市","BEG_YR":1377,"END_YR":1911},"geometry":{"type":"Point","coordinates":[115.7858,28.1978]}},{"type":"Feature","properties":{"NAME_CH":"进贤县","TYPE_CH":"县","PRES_LOC":"江西进贤县","BEG_YR":1103,"END_YR":1911},"geometry":{"type":"Point","coordinates":[116.2591,28.3645]}},{"type":"Feature","properties":{"NAME_CH":"奉新县","TYPE_CH":"县","PRES_LOC":"江西奉新县","BEG_YR":937,"END_YR":1911},"geometry":{"type":"Point","coordinates":[115.3772,28.7072]}},{"type":"Feature","properties":{"NAME_CH":"靖安县","TYPE_CH":"县","PRES_LOC":"江西靖安县","BEG_YR":937,"END_YR":1911},"geometry":{"type":"Point","coordinates":[115.3566,28.861]}},{"type":"Feature","properties":{"NAME_CH":"武宁县","TYPE_CH":"县","PRES_LOC":"江西武宁县附近","BEG_YR":800,"END_YR":1911},"geometry":{"type":"Point","coordinates":[115.0996,29.2775]}},{"type":"Feature","properties":{"NAME_CH":"武宁县","TYPE_CH":"县","PRES_LOC":"今重庆市万县西南长江西岸武陵","BEG_YR":575,"END_YR":1370},"geometry":{"type":"Point","coordinates":[108.2548,30.5057]}},{"type":"Feature","properties":{"NAME_CH":"分宁县","TYPE_CH":"县","PRES_LOC":"江西修水县","BEG_YR":800,"END_YR":1368},"geometry":{"type":"Point","coordinates":[114.5596,29.0387]}},{"type":"Feature","properties":{"NAME_CH":"宁县","TYPE_CH":"县","PRES_LOC":"江西修水县","BEG_YR":1369,"END_YR":1502},"geometry":{"type":"Point","coordinates":[114.5596,29.0387]}},{"type":"Feature","properties":{"NAME_CH":"宁州","TYPE_CH":"州","PRES_LOC":"江西修水县","BEG_YR":1503,"END_YR":1800},"geometry":{"type":"Point","coordinates":[114.5596,29.0387]}},{"type":"Feature","properties":{"NAME_CH":"宁州","TYPE_CH":"州","PRES_LOC":"云南省华宁县宁州镇","BEG_YR":1341,"END_YR":1911},"geometry":{"type":"Point","coordinates":[102.9277,24.1974]}},{"type":"Feature","properties":{"NAME_CH":"星子县","TYPE_CH":"县","PRES_LOC":"江西星子县","BEG_YR":978,"END_YR":1911},"geometry":{"type":"Point","coordinates":[116.0411,29.4535]}},{"type":"Feature","properties":{"NAME_CH":"都昌县","TYPE_CH":"县","PRES_LOC":"江西都昌县","BEG_YR":772,"END_YR":1911},"geometry":{"type":"Point","coordinates":[116.1892,29.2726]}},{"type":"Feature","properties":{"NAME_CH":"安义县","TYPE_CH":"县","PRES_LOC":"江西安义县","BEG_YR":1518,"END_YR":1911},"geometry":{"type":"Point","coordinates":[115.5499,28.8426]}},{"type":"Feature","properties":{"NAME_CH":"德安县","TYPE_CH":"县","PRES_LOC":"江西德安县","BEG_YR":927,"END_YR":1911},"geometry":{"type":"Point","coordinates":[115.745,29.3306]}},{"type":"Feature","properties":{"NAME_CH":"瑞昌县","TYPE_CH":"县","PRES_LOC":"江西瑞昌","BEG_YR":1203,"END_YR":1911},"geometry":{"type":"Point","coordinates":[115.6545,29.6853]}},{"type":"Feature","properties":{"NAME_CH":"湖口县","TYPE_CH":"县","PRES_LOC":"江西湖口","BEG_YR":949,"END_YR":1911},"geometry":{"type":"Point","coordinates":[116.218,29.735]}},{"type":"Feature","properties":{"NAME_CH":"彭泽县","TYPE_CH":"县","PRES_LOC":"江西彭泽县","BEG_YR":938,"END_YR":1911},"geometry":{"type":"Point","coordinates":[116.5512,29.8961]}},{"type":"Feature","properties":{"NAME_CH":"鄱阳县","TYPE_CH":"县","PRES_LOC":"江西波阳县","BEG_YR":245,"END_YR":1911},"geometry":{"type":"Point","coordinates":[116.6638,28.9942]}},{"type":"Feature","properties":{"NAME_CH":"德兴县","TYPE_CH":"县","PRES_LOC":"江西德兴市","BEG_YR":938,"END_YR":1911},"geometry":{"type":"Point","coordinates":[117.5801,28.9534]}},{"type":"Feature","properties":{"NAME_CH":"余干州","TYPE_CH":"州","PRES_LOC":"江西余干县","BEG_YR":1295,"END_YR":1368},"geometry":{"type":"Point","coordinates":[116.682,28.6915]}},{"type":"Feature","properties":{"NAME_CH":"余干县","TYPE_CH":"县","PRES_LOC":"江西余干县","BEG_YR":1369,"END_YR":1911},"geometry":{"type":"Point","coordinates":[116.682,28.6915]}},{"type":"Feature","properties":{"NAME_CH":"乐平州","TYPE_CH":"州","PRES_LOC":"江西乐平县","BEG_YR":1295,"END_YR":1368},"geometry":{"type":"Point","coordinates":[117.1241,28.965]}},{"type":"Feature","properties":{"NAME_CH":"乐平县","TYPE_CH":"县","PRES_LOC":"江西乐平县","BEG_YR":1369,"END_YR":1911},"geometry":{"type":"Point","coordinates":[117.1241,28.965]}},{"type":"Feature","properties":{"NAME_CH":"乐平县","TYPE_CH":"县","PRES_LOC":"今山西昔阳县城","BEG_YR":1270,"END_YR":1795},"geometry":{"type":"Point","coordinates":[113.6968,37.6084]}},{"type":"Feature","properties":{"NAME_CH":"万年县","TYPE_CH":"县","PRES_LOC":"江西万年县西南青云镇","BEG_YR":1512,"END_YR":1911},"geometry":{"type":"Point","coordinates":[116.9254,28.6626]}},{"type":"Feature","properties":{"NAME_CH":"万年县","TYPE_CH":"县","PRES_LOC":"今西安市西北十二里未央、草滩二区","BEG_YR":703,"END_YR":0},"geometry":{"type":"Point","coordinates":[108.9372,34.318]}},{"type":"Feature","properties":{"NAME_CH":"安仁县","TYPE_CH":"县","PRES_LOC":"江西余江县北锦江镇","BEG_YR":988,"END_YR":1911},"geometry":{"type":"Point","coordinates":[116.9033,28.4044]}},{"type":"Feature","properties":{"NAME_CH":"安仁县","TYPE_CH":"县","PRES_LOC":"湖南安仁县驻地城关镇","BEG_YR":1002,"END_YR":1911},"geometry":{"type":"Point","coordinates":[113.2676,26.7068]}},{"type":"Feature","properties":{"NAME_CH":"上饶县","TYPE_CH":"县","PRES_LOC":"江西上饶市","BEG_YR":758,"END_YR":1911},"geometry":{"type":"Point","coordinates":[117.9649,28.4507]}},{"type":"Feature","properties":{"NAME_CH":"弋阳县","TYPE_CH":"县","PRES_LOC":"江西弋阳县","BEG_YR":592,"END_YR":1911},"geometry":{"type":"Point","coordinates":[117.4213,28.4019]}},{"type":"Feature","properties":{"NAME_CH":"贵溪县","TYPE_CH":"县","PRES_LOC":"江西贵溪县","BEG_YR":765,"END_YR":1911},"geometry":{"type":"Point","coordinates":[117.2023,28.2879]}},{"type":"Feature","properties":{"NAME_CH":"铅山州","TYPE_CH":"州","PRES_LOC":"江西铅山县南永平镇","BEG_YR":1295,"END_YR":1368},"geometry":{"type":"Point","coordinates":[117.7766,28.2084]}},{"type":"Feature","properties":{"NAME_CH":"铅山县","TYPE_CH":"县","PRES_LOC":"江西铅山县南永平镇","BEG_YR":1369,"END_YR":1911},"geometry":{"type":"Point","coordinates":[117.7766,28.2084]}},{"type":"Feature","properties":{"NAME_CH":"永丰县","TYPE_CH":"县","PRES_LOC":"江西广丰县","BEG_YR":1074,"END_YR":1730},"geometry":{"type":"Point","coordinates":[118.1914,28.4385]}},{"type":"Feature","properties":{"NAME_CH":"兴安县","TYPE_CH":"县","PRES_LOC":"江西横峰县","BEG_YR":1560,"END_YR":1911},"geometry":{"type":"Point","coordinates":[117.603,28.4238]}},{"type":"Feature","properties":{"NAME_CH":"兴安县","TYPE_CH":"县","PRES_LOC":"今广西兴安县","BEG_YR":977,"END_YR":1911},"geometry":{"type":"Point","coordinates":[110.6659,25.6131]}},{"type":"Feature","properties":{"NAME_CH":"玉山县","TYPE_CH":"县","PRES_LOC":"江西玉山县","BEG_YR":695,"END_YR":1911},"geometry":{"type":"Point","coordinates":[118.2402,28.6796]}},{"type":"Feature","properties":{"NAME_CH":"上高县","TYPE_CH":"县","PRES_LOC":"江西上高县","BEG_YR":952,"END_YR":1911},"geometry":{"type":"Point","coordinates":[114.9267,28.2414]}},{"type":"Feature","properties":{"NAME_CH":"建昌州","TYPE_CH":"州","PRES_LOC":"江西永修县西北艾城","BEG_YR":1295,"END_YR":1368},"geometry":{"type":"Point","coordinates":[115.7618,29.0878]}},{"type":"Feature","properties":{"NAME_CH":"建昌县","TYPE_CH":"县","PRES_LOC":"江西永修县西北艾城","BEG_YR":1369,"END_YR":1911},"geometry":{"type":"Point","coordinates":[115.7618,29.0878]}},{"type":"Feature","properties":{"NAME_CH":"高安县","TYPE_CH":"县","PRES_LOC":"江西高安县","BEG_YR":622,"END_YR":1911},"geometry":{"type":"Point","coordinates":[115.3723,28.4256]}},{"type":"Feature","properties":{"NAME_CH":"新昌州","TYPE_CH":"州","PRES_LOC":"江西宜丰县","BEG_YR":1295,"END_YR":1371},"geometry":{"type":"Point","coordinates":[114.7789,28.3933]}},{"type":"Feature","properties":{"NAME_CH":"浮梁州","TYPE_CH":"州","PRES_LOC":"江西浮梁县","BEG_YR":1295,"END_YR":1368},"geometry":{"type":"Point","coordinates":[117.2364,29.3827]}},{"type":"Feature","properties":{"NAME_CH":"浮梁县","TYPE_CH":"县","PRES_LOC":"江西浮梁县","BEG_YR":1369,"END_YR":1911},"geometry":{"type":"Point","coordinates":[117.2364,29.3827]}},{"type":"Feature","properties":{"NAME_CH":"宣城县","TYPE_CH":"县","PRES_LOC":"今安徽宣州市治","BEG_YR":607,"END_YR":1911},"geometry":{"type":"Point","coordinates":[118.7425,30.9469]}},{"type":"Feature","properties":{"NAME_CH":"旌德县","TYPE_CH":"县","PRES_LOC":"今安徽旌德县治","BEG_YR":765,"END_YR":1911},"geometry":{"type":"Point","coordinates":[118.5388,30.291]}},{"type":"Feature","properties":{"NAME_CH":"宁国县","TYPE_CH":"县","PRES_LOC":"今安徽宁国县治","BEG_YR":744,"END_YR":1911},"geometry":{"type":"Point","coordinates":[118.9775,30.62]}},{"type":"Feature","properties":{"NAME_CH":"泾县","TYPE_CH":"县","PRES_LOC":"今安徽泾县西二里跨古赏溪（今青弋江）","BEG_YR":-202,"END_YR":1911},"geometry":{"type":"Point","coordinates":[118.4066,30.6867]}},{"type":"Feature","properties":{"NAME_CH":"南陵县","TYPE_CH":"县","PRES_LOC":"今安徽南陵县治","BEG_YR":704,"END_YR":1911},"geometry":{"type":"Point","coordinates":[118.3324,30.9244]}},{"type":"Feature","properties":{"NAME_CH":"歙县","TYPE_CH":"县","PRES_LOC":"今安徽歙县（徽城镇）治","BEG_YR":591,"END_YR":1911},"geometry":{"type":"Point","coordinates":[118.4339,29.8658]}},{"type":"Feature","properties":{"NAME_CH":"黟县","TYPE_CH":"县","PRES_LOC":"今安徽黟县（碧阳镇）治","BEG_YR":591,"END_YR":1911},"geometry":{"type":"Point","coordinates":[117.9302,29.9331]}},{"type":"Feature","properties":{"NAME_CH":"休宁县","TYPE_CH":"县","PRES_LOC":"今安徽休宁县治","BEG_YR":750,"END_YR":1911},"geometry":{"type":"Point","coordinates":[118.1758,29.7812]}},{"type":"Feature","properties":{"NAME_CH":"祁门县","TYPE_CH":"县","PRES_LOC":"今安徽祁门县治","BEG_YR":766,"END_YR":1911},"geometry":{"type":"Point","coordinates":[117.707,29.8541]}},{"type":"Feature","properties":{"NAME_CH":"婺源县","TYPE_CH":"县","PRES_LOC":"今江西婺源县治","BEG_YR":1368,"END_YR":1911},"geometry":{"type":"Point","coordinates":[117.8446,29.2447]}},{"type":"Feature","properties":{"NAME_CH":"绩溪县","TYPE_CH":"县","PRES_LOC":"今安徽绩溪县治","BEG_YR":767,"END_YR":1911},"geometry":{"type":"Point","coordinates":[118.5841,30.0778]}},{"type":"Feature","properties":{"NAME_CH":"贵池县","TYPE_CH":"县","PRES_LOC":"今安徽池州市治","BEG_YR":926,"END_YR":1911},"geometry":{"type":"Point","coordinates":[117.4818,30.6547]}},{"type":"Feature","properties":{"NAME_CH":"青阳县","TYPE_CH":"县","PRES_LOC":"今安徽青阳县（蓉城镇）治","BEG_YR":742,"END_YR":1911},"geometry":{"type":"Point","coordinates":[117.8631,30.6366]}},{"type":"Feature","properties":{"NAME_CH":"石埭县","TYPE_CH":"县","PRES_LOC":"今安徽黄山市黄山区（甘棠镇）西北广阳","BEG_YR":1231,"END_YR":1911},"geometry":{"type":"Point","coordinates":[117.9451,30.3742]}},{"type":"Feature","properties":{"NAME_CH":"广德县","TYPE_CH":"县","PRES_LOC":"今安徽广德县治","BEG_YR":757,"END_YR":1379},"geometry":{"type":"Point","coordinates":[119.4202,30.8947]}},{"type":"Feature","properties":{"NAME_CH":"建平县","TYPE_CH":"县","PRES_LOC":"今安徽郎溪县治","BEG_YR":988,"END_YR":1911},"geometry":{"type":"Point","coordinates":[119.1815,31.1342]}},{"type":"Feature","properties":{"NAME_CH":"铜陵县","TYPE_CH":"县","PRES_LOC":"今安徽铜陵县治","BEG_YR":951,"END_YR":1911},"geometry":{"type":"Point","coordinates":[117.7875,30.9538]}},{"type":"Feature","properties":{"NAME_CH":"东流县","TYPE_CH":"县","PRES_LOC":"今安徽东至县西北东流镇","BEG_YR":953,"END_YR":1911},"geometry":{"type":"Point","coordinates":[116.9114,30.2132]}},{"type":"Feature","properties":{"NAME_CH":"当涂县","TYPE_CH":"县","PRES_LOC":"今安徽当涂县治","BEG_YR":614,"END_YR":1911},"geometry":{"type":"Point","coordinates":[118.4834,31.5557]}},{"type":"Feature","properties":{"NAME_CH":"芜湖县","TYPE_CH":"县","PRES_LOC":"安徽芜湖市治","BEG_YR":937,"END_YR":1911},"geometry":{"type":"Point","coordinates":[118.3626,31.3349]}},{"type":"Feature","properties":{"NAME_CH":"繁昌县","TYPE_CH":"县","PRES_LOC":"今安徽繁昌县县治","BEG_YR":1457,"END_YR":1911},"geometry":{"type":"Point","coordinates":[118.1943,31.0906]}},{"type":"Feature","properties":{"NAME_CH":"郴阳县","TYPE_CH":"县","PRES_LOC":"湖南郴州市","BEG_YR":1276,"END_YR":1375},"geometry":{"type":"Point","coordinates":[113.0251,25.8027]}},{"type":"Feature","properties":{"NAME_CH":"兴宁县","TYPE_CH":"县","PRES_LOC":"湖南资兴市东兴宁镇（管子壕）","BEG_YR":1229,"END_YR":1911},"geometry":{"type":"Point","coordinates":[113.4007,25.9699]}},{"type":"Feature","properties":{"NAME_CH":"兴宁县","TYPE_CH":"县","PRES_LOC":"广东省兴宁县","BEG_YR":1078,"END_YR":1911},"geometry":{"type":"Point","coordinates":[115.7273,24.1387]}},{"type":"Feature","properties":{"NAME_CH":"永兴县","TYPE_CH":"县","PRES_LOC":"湖南永兴县驻地城关镇","BEG_YR":1073,"END_YR":1911},"geometry":{"type":"Point","coordinates":[113.1149,26.1339]}},{"type":"Feature","properties":{"NAME_CH":"永兴县","TYPE_CH":"县","PRES_LOC":"今湖北阳新县","BEG_YR":792,"END_YR":1375},"geometry":{"type":"Point","coordinates":[115.2096,29.8301]}},{"type":"Feature","properties":{"NAME_CH":"宜章县","TYPE_CH":"县","PRES_LOC":"湖南宜章县驻地城关镇","BEG_YR":976,"END_YR":1911},"geometry":{"type":"Point","coordinates":[112.9421,25.4014]}},{"type":"Feature","properties":{"NAME_CH":"桂阳县","TYPE_CH":"县","PRES_LOC":"湖南汝城县驻地城关镇","BEG_YR":978,"END_YR":1911},"geometry":{"type":"Point","coordinates":[113.6797,25.5517]}},{"type":"Feature","properties":{"NAME_CH":"桂东县","TYPE_CH":"县","PRES_LOC":"湖南桂东县驻地城关镇","BEG_YR":1358,"END_YR":1911},"geometry":{"type":"Point","coordinates":[113.9331,26.0827]}},{"type":"Feature","properties":{"NAME_CH":"长沙县","TYPE_CH":"县","PRES_LOC":"湖南长沙市城区西北","BEG_YR":589,"END_YR":1911},"geometry":{"type":"Point","coordinates":[112.9781,28.1982]}},{"type":"Feature","properties":{"NAME_CH":"善化县","TYPE_CH":"县","PRES_LOC":"湖南长沙市老城区东南","BEG_YR":1380,"END_YR":1911},"geometry":{"type":"Point","coordinates":[112.9781,28.1982]}},{"type":"Feature","properties":{"NAME_CH":"安化县","TYPE_CH":"县","PRES_LOC":"湖南安化县东南梅城镇","BEG_YR":1130,"END_YR":1911},"geometry":{"type":"Point","coordinates":[111.6447,28.1412]}},{"type":"Feature","properties":{"NAME_CH":"安化县","TYPE_CH":"县","PRES_LOC":"今贵州省思南县思唐镇","BEG_YR":1605,"END_YR":1881},"geometry":{"type":"Point","coordinates":[108.2418,27.9401]}},{"type":"Feature","properties":{"NAME_CH":"醴陵州","TYPE_CH":"州","PRES_LOC":"湖南醴陵市驻地","BEG_YR":1295,"END_YR":1368},"geometry":{"type":"Point","coordinates":[113.4941,27.6685]}},{"type":"Feature","properties":{"NAME_CH":"醴陵县","TYPE_CH":"县","PRES_LOC":"湖南醴陵市驻地","BEG_YR":1369,"END_YR":1911},"geometry":{"type":"Point","coordinates":[113.4941,27.6685]}},{"type":"Feature","properties":{"NAME_CH":"浏阳州","TYPE_CH":"州","PRES_LOC":"湖南浏阳县驻地","BEG_YR":1295,"END_YR":1368},"geometry":{"type":"Point","coordinates":[113.6214,28.1496]}},{"type":"Feature","properties":{"NAME_CH":"浏阳县","TYPE_CH":"县","PRES_LOC":"湖南浏阳县","BEG_YR":1369,"END_YR":1911},"geometry":{"type":"Point","coordinates":[113.6214,28.1496]}},{"type":"Feature","properties":{"NAME_CH":"湘潭州","TYPE_CH":"州","PRES_LOC":"湖南湘潭市","BEG_YR":1295,"END_YR":1369},"geometry":{"type":"Point","coordinates":[112.9113,27.8727]}},{"type":"Feature","properties":{"NAME_CH":"湘潭县","TYPE_CH":"县","PRES_LOC":"湖南省湘潭市","BEG_YR":1370,"END_YR":1911},"geometry":{"type":"Point","coordinates":[112.9113,27.8727]}},{"type":"Feature","properties":{"NAME_CH":"湘乡县","TYPE_CH":"县","PRES_LOC":"湖南湘乡市城区","BEG_YR":1364,"END_YR":1911},"geometry":{"type":"Point","coordinates":[112.5187,27.7372]}},{"type":"Feature","properties":{"NAME_CH":"湘阴县","TYPE_CH":"县","PRES_LOC":"湖南湘阴县驻地文星镇","BEG_YR":1368,"END_YR":1911},"geometry":{"type":"Point","coordinates":[112.8803,28.6762]}},{"type":"Feature","properties":{"NAME_CH":"益阳县","TYPE_CH":"县","PRES_LOC":"湖南益阳市区","BEG_YR":1368,"END_YR":1911},"geometry":{"type":"Point","coordinates":[112.3353,28.5978]}},{"type":"Feature","properties":{"NAME_CH":"攸州","TYPE_CH":"县","PRES_LOC":"湖南攸县","BEG_YR":1295,"END_YR":1369},"geometry":{"type":"Point","coordinates":[113.3433,27.004]}},{"type":"Feature","properties":{"NAME_CH":"攸县","TYPE_CH":"县","PRES_LOC":"湖南攸县","BEG_YR":1370,"END_YR":1911},"geometry":{"type":"Point","coordinates":[113.3433,27.004]}},{"type":"Feature","properties":{"NAME_CH":"茶陵县","TYPE_CH":"县","PRES_LOC":"湖南省茶陵县治","BEG_YR":1369,"END_YR":1481},"geometry":{"type":"Point","coordinates":[113.5522,26.802]}},{"type":"Feature","properties":{"NAME_CH":"茶陵州","TYPE_CH":"州","PRES_LOC":"湖南省茶陵县治","BEG_YR":1482,"END_YR":1911},"geometry":{"type":"Point","coordinates":[113.5522,26.802]}},{"type":"Feature","properties":{"NAME_CH":"宁乡县","TYPE_CH":"县","PRES_LOC":"湖南宁乡县驻地城关镇","BEG_YR":977,"END_YR":1911},"geometry":{"type":"Point","coordinates":[112.5505,28.2593]}},{"type":"Feature","properties":{"NAME_CH":"宁乡县","TYPE_CH":"县","PRES_LOC":"今山西中阳县","BEG_YR":1195,"END_YR":1911},"geometry":{"type":"Point","coordinates":[111.1881,37.3396]}},{"type":"Feature","properties":{"NAME_CH":"沅陵县","TYPE_CH":"县","PRES_LOC":"湖南沅陵县驻地沅陵镇","BEG_YR":560,"END_YR":1911},"geometry":{"type":"Point","coordinates":[110.397,28.4582]}},{"type":"Feature","properties":{"NAME_CH":"卢溪县","TYPE_CH":"县","PRES_LOC":"湖南泸溪县驻地武溪镇","BEG_YR":620,"END_YR":1670},"geometry":{"type":"Point","coordinates":[110.1542,28.28]}},{"type":"Feature","properties":{"NAME_CH":"辰溪县","TYPE_CH":"县","PRES_LOC":"湖南辰溪县驻地","BEG_YR":589,"END_YR":1911},"geometry":{"type":"Point","coordinates":[110.1826,28.0185]}},{"type":"Feature","properties":{"NAME_CH":"溆浦县","TYPE_CH":"县","PRES_LOC":"湖南溆浦县驻地卢峰镇","BEG_YR":622,"END_YR":1911},"geometry":{"type":"Point","coordinates":[110.5959,27.9156]}},{"type":"Feature","properties":{"NAME_CH":"蓝山县","TYPE_CH":"县","PRES_LOC":"湖南蓝山县驻地塔峰镇","BEG_YR":742,"END_YR":1911},"geometry":{"type":"Point","coordinates":[112.1778,25.3724]}},{"type":"Feature","properties":{"NAME_CH":"桂阳州","TYPE_CH":"州","PRES_LOC":"湖南桂阳县驻地","BEG_YR":1376,"END_YR":1731},"geometry":{"type":"Point","coordinates":[112.7259,25.742]}},{"type":"Feature","properties":{"NAME_CH":"临武县","TYPE_CH":"县","PRES_LOC":"湖南临武县驻地城关镇","BEG_YR":1146,"END_YR":1911},"geometry":{"type":"Point","coordinates":[112.5384,25.2815]}},{"type":"Feature","properties":{"NAME_CH":"嘉禾县","TYPE_CH":"县","PRES_LOC":"湖南嘉禾县驻地","BEG_YR":1639,"END_YR":1911},"geometry":{"type":"Point","coordinates":[112.3587,25.587]}},{"type":"Feature","properties":{"NAME_CH":"耒阳县","TYPE_CH":"县","PRES_LOC":"湖南耒阳市城区","BEG_YR":1370,"END_YR":1911},"geometry":{"type":"Point","coordinates":[112.8469,26.4151]}},{"type":"Feature","properties":{"NAME_CH":"衡阳县","TYPE_CH":"县","PRES_LOC":"湖南衡阳市城区","BEG_YR":732,"END_YR":1911},"geometry":{"type":"Point","coordinates":[112.597,26.9016]}},{"type":"Feature","properties":{"NAME_CH":"衡山县","TYPE_CH":"县","PRES_LOC":"湖南衡山县驻地开云镇","BEG_YR":749,"END_YR":1911},"geometry":{"type":"Point","coordinates":[112.8524,27.2456]}},{"type":"Feature","properties":{"NAME_CH":"常宁县","TYPE_CH":"县","PRES_LOC":"湖南常宁县","BEG_YR":1370,"END_YR":1911},"geometry":{"type":"Point","coordinates":[112.3871,26.4073]}},{"type":"Feature","properties":{"NAME_CH":"酃县","TYPE_CH":"县","PRES_LOC":"湖南酃县驻地城关镇","BEG_YR":1211,"END_YR":1911},"geometry":{"type":"Point","coordinates":[113.7666,26.4969]}},{"type":"Feature","properties":{"NAME_CH":"永平县","TYPE_CH":"县","PRES_LOC":"湖南靖州苗族自治县驻地渠阳镇","BEG_YR":1138,"END_YR":1375},"geometry":{"type":"Point","coordinates":[109.6948,26.5758]}},{"type":"Feature","properties":{"NAME_CH":"永平县","TYPE_CH":"县","PRES_LOC":"云南省永平县县城老街镇","BEG_YR":1274,"END_YR":1911},"geometry":{"type":"Point","coordinates":[99.5193,25.4632]}},{"type":"Feature","properties":{"NAME_CH":"会同县","TYPE_CH":"县","PRES_LOC":"湖南会同县驻地林城镇","BEG_YR":1103,"END_YR":1911},"geometry":{"type":"Point","coordinates":[109.7135,26.8615]}},{"type":"Feature","properties":{"NAME_CH":"会同县","TYPE_CH":"县","PRES_LOC":"海南省琼海县东北塔洋镇","BEG_YR":1292,"END_YR":1911},"geometry":{"type":"Point","coordinates":[110.5078,19.2964]}},{"type":"Feature","properties":{"NAME_CH":"通道县","TYPE_CH":"县","PRES_LOC":"湖南通道侗族自治县西北县溪镇","BEG_YR":1380,"END_YR":1911},"geometry":{"type":"Point","coordinates":[109.6257,26.3194]}},{"type":"Feature","properties":{"NAME_CH":"绥宁县","TYPE_CH":"县","PRES_LOC":"湖南绥宁县驻地长铺镇西南在市苗族侗族乡驻","BEG_YR":1155,"END_YR":1911},"geometry":{"type":"Point","coordinates":[110.0268,26.4911]}},{"type":"Feature","properties":{"NAME_CH":"天柱县","TYPE_CH":"县","PRES_LOC":"贵州天柱县治","BEG_YR":1597,"END_YR":1725},"geometry":{"type":"Point","coordinates":[109.2004,26.9088]}},{"type":"Feature","properties":{"NAME_CH":"武陵县","TYPE_CH":"县","PRES_LOC":"湖南常德市城区","BEG_YR":589,"END_YR":1911},"geometry":{"type":"Point","coordinates":[111.6913,29.0348]}},{"type":"Feature","properties":{"NAME_CH":"龙阳州","TYPE_CH":"州","PRES_LOC":"湖南常德市汉寿县","BEG_YR":1295,"END_YR":1369},"geometry":{"type":"Point","coordinates":[111.97,28.9118]}},{"type":"Feature","properties":{"NAME_CH":"龙阳县","TYPE_CH":"县","PRES_LOC":"湖南省汉寿县","BEG_YR":1370,"END_YR":1911},"geometry":{"type":"Point","coordinates":[111.97,28.9118]}},{"type":"Feature","properties":{"NAME_CH":"沅江县","TYPE_CH":"县","PRES_LOC":"湖南省沅江市","BEG_YR":1380,"END_YR":1911},"geometry":{"type":"Point","coordinates":[112.38,28.8378]}},{"type":"Feature","properties":{"NAME_CH":"桃源州","TYPE_CH":"州","PRES_LOC":"湖南省桃源县","BEG_YR":1295,"END_YR":1368},"geometry":{"type":"Point","coordinates":[111.4778,28.9016]}},{"type":"Feature","properties":{"NAME_CH":"桃源县","TYPE_CH":"县","PRES_LOC":"湖南省桃源县","BEG_YR":1369,"END_YR":1911},"geometry":{"type":"Point","coordinates":[111.4778,28.9016]}},{"type":"Feature","properties":{"NAME_CH":"桃源县","TYPE_CH":"县","PRES_LOC":"江苏泗阳县西南城厢（旧泗阳）","BEG_YR":1368,"END_YR":1911},"geometry":{"type":"Point","coordinates":[118.6546,33.6859]}},{"type":"Feature","properties":{"NAME_CH":"澧阳县","TYPE_CH":"县","PRES_LOC":"湖南津市市南新洲镇","BEG_YR":1356,"END_YR":1375},"geometry":{"type":"Point","coordinates":[111.8762,29.5578]}},{"type":"Feature","properties":{"NAME_CH":"安乡县","TYPE_CH":"县","PRES_LOC":"湖南省安乡县驻地城关镇","BEG_YR":1143,"END_YR":1911},"geometry":{"type":"Point","coordinates":[112.1674,29.4087]}},{"type":"Feature","properties":{"NAME_CH":"慈利州","TYPE_CH":"州","PRES_LOC":"湖南慈利县驻地零阳镇","BEG_YR":1295,"END_YR":1368},"geometry":{"type":"Point","coordinates":[111.1217,29.4263]}},{"type":"Feature","properties":{"NAME_CH":"慈利县","TYPE_CH":"县","PRES_LOC":"湖南慈利县驻地零阳镇","BEG_YR":1376,"END_YR":1567},"geometry":{"type":"Point","coordinates":[111.1217,29.4263]}},{"type":"Feature","properties":{"NAME_CH":"石门县","TYPE_CH":"县","PRES_LOC":"湖南省石门县驻地","BEG_YR":569,"END_YR":1911},"geometry":{"type":"Point","coordinates":[111.3736,29.5885]}},{"type":"Feature","properties":{"NAME_CH":"零陵县","TYPE_CH":"县","PRES_LOC":"湖南永州市南芝山区","BEG_YR":589,"END_YR":1911},"geometry":{"type":"Point","coordinates":[111.6126,26.2103]}},{"type":"Feature","properties":{"NAME_CH":"祁阳县","TYPE_CH":"县","PRES_LOC":"湖南祁阳县驻地浯溪镇","BEG_YR":1451,"END_YR":1911},"geometry":{"type":"Point","coordinates":[111.8559,26.5917]}},{"type":"Feature","properties":{"NAME_CH":"东安县","TYPE_CH":"县","PRES_LOC":"湖南东安县西南紫溪市","BEG_YR":984,"END_YR":1911},"geometry":{"type":"Point","coordinates":[111.2221,26.332]}},{"type":"Feature","properties":{"NAME_CH":"东安县","TYPE_CH":"县","PRES_LOC":"广东省云浮县治","BEG_YR":1577,"END_YR":1911},"geometry":{"type":"Point","coordinates":[112.04,22.9332]}},{"type":"Feature","properties":{"NAME_CH":"东安县","TYPE_CH":"县","PRES_LOC":"今河北廊坊市东南旧安次","BEG_YR":1370,"END_YR":1911},"geometry":{"type":"Point","coordinates":[116.7163,39.4489]}},{"type":"Feature","properties":{"NAME_CH":"宁远县","TYPE_CH":"县","PRES_LOC":"湖南宁远县驻地城关镇","BEG_YR":965,"END_YR":1911},"geometry":{"type":"Point","coordinates":[111.9387,25.5985]}},{"type":"Feature","properties":{"NAME_CH":"宁远县","TYPE_CH":"县","PRES_LOC":"海南省崖县崖城镇","BEG_YR":1136,"END_YR":1438},"geometry":{"type":"Point","coordinates":[109.167,18.3755]}},{"type":"Feature","properties":{"NAME_CH":"宁远县","TYPE_CH":"县","PRES_LOC":"今甘肃武山县","BEG_YR":1264,"END_YR":1911},"geometry":{"type":"Point","coordinates":[104.8853,34.72]}},{"type":"Feature","properties":{"NAME_CH":"江华县","TYPE_CH":"县","PRES_LOC":"湖南江华瑶族自治县西北沱江镇","BEG_YR":1462,"END_YR":1911},"geometry":{"type":"Point","coordinates":[111.5824,25.1899]}},{"type":"Feature","properties":{"NAME_CH":"永明县","TYPE_CH":"县","PRES_LOC":"湖南江永县驻地潇浦镇","BEG_YR":1276,"END_YR":1911},"geometry":{"type":"Point","coordinates":[111.3364,25.277]}},{"type":"Feature","properties":{"NAME_CH":"新田县","TYPE_CH":"县","PRES_LOC":"湖南新田县驻地龙泉镇","BEG_YR":1639,"END_YR":1911},"geometry":{"type":"Point","coordinates":[112.2102,25.9129]}},{"type":"Feature","properties":{"NAME_CH":"全州","TYPE_CH":"州","PRES_LOC":"广西壮族自治区全州县","BEG_YR":1376,"END_YR":1911},"geometry":{"type":"Point","coordinates":[111.065,25.9318]}},{"type":"Feature","properties":{"NAME_CH":"清湘县","TYPE_CH":"县","PRES_LOC":"广西全州县驻地西七里处","BEG_YR":939,"END_YR":1375},"geometry":{"type":"Point","coordinates":[111.0378,25.9435]}},{"type":"Feature","properties":{"NAME_CH":"灌阳县","TYPE_CH":"县","PRES_LOC":"广西壮族自治区灌阳县","BEG_YR":960,"END_YR":1911},"geometry":{"type":"Point","coordinates":[111.1447,25.4887]}},{"type":"Feature","properties":{"NAME_CH":"营道县","TYPE_CH":"县","PRES_LOC":"湖南道县驻地道江镇","BEG_YR":962,"END_YR":1375},"geometry":{"type":"Point","coordinates":[111.5909,25.5314]}},{"type":"Feature","properties":{"NAME_CH":"道州","TYPE_CH":"州","PRES_LOC":"湖南道县","BEG_YR":1376,"END_YR":1911},"geometry":{"type":"Point","coordinates":[111.5909,25.5314]}},{"type":"Feature","properties":{"NAME_CH":"邵阳县","TYPE_CH":"县","PRES_LOC":"湖南邵阳市城区","BEG_YR":589,"END_YR":1911},"geometry":{"type":"Point","coordinates":[111.4749,27.2493]}},{"type":"Feature","properties":{"NAME_CH":"城步县","TYPE_CH":"县","PRES_LOC":"湖南城步苗族自治县","BEG_YR":1503,"END_YR":1911},"geometry":{"type":"Point","coordinates":[110.3092,26.3606]}},{"type":"Feature","properties":{"NAME_CH":"武冈县","TYPE_CH":"县","PRES_LOC":"湖南武冈县驻地","BEG_YR":621,"END_YR":1375},"geometry":{"type":"Point","coordinates":[110.6223,26.7307]}},{"type":"Feature","properties":{"NAME_CH":"武冈州","TYPE_CH":"州","PRES_LOC":"湖南武冈县","BEG_YR":1376,"END_YR":1911},"geometry":{"type":"Point","coordinates":[110.6223,26.7307]}},{"type":"Feature","properties":{"NAME_CH":"新宁县","TYPE_CH":"县","PRES_LOC":"湖南新宁县驻地金石镇","BEG_YR":1451,"END_YR":1911},"geometry":{"type":"Point","coordinates":[110.8444,26.4331]}},{"type":"Feature","properties":{"NAME_CH":"新宁县","TYPE_CH":"县","PRES_LOC":"广东省台山县","BEG_YR":1498,"END_YR":1911},"geometry":{"type":"Point","coordinates":[112.7944,22.2514]}},{"type":"Feature","properties":{"NAME_CH":"新宁县","TYPE_CH":"县","PRES_LOC":"今四川开江县治","BEG_YR":1380,"END_YR":1667},"geometry":{"type":"Point","coordinates":[107.8675,31.0788]}},{"type":"Feature","properties":{"NAME_CH":"保靖州宣慰司","TYPE_CH":"宣慰司","PRES_LOC":"湖南保靖县驻地迁陵镇","BEG_YR":1368,"END_YR":1373},"geometry":{"type":"Point","coordinates":[109.6481,28.7086]}},{"type":"Feature","properties":{"NAME_CH":"五寨长官司","TYPE_CH":"长官司","PRES_LOC":"湖南凤凰县驻地沱江镇","BEG_YR":1374,"END_YR":1704},"geometry":{"type":"Point","coordinates":[109.599,27.9524]}},{"type":"Feature","properties":{"NAME_CH":"筸子坪长官司","TYPE_CH":"长官司","PRES_LOC":"湖南凤凰县驻地沱江镇北竿子坪乡","BEG_YR":1405,"END_YR":1704},"geometry":{"type":"Point","coordinates":[109.6368,28.2163]}},{"type":"Feature","properties":{"NAME_CH":"南渭州","TYPE_CH":"州","PRES_LOC":"湖南永顺县西南","BEG_YR":1369,"END_YR":1728},"geometry":{"type":"Point","coordinates":[109.7261,28.7605]}},{"type":"Feature","properties":{"NAME_CH":"会溪施容等处长官司","TYPE_CH":"长官司","PRES_LOC":"湖南永顺县东南","BEG_YR":1295,"END_YR":1368},"geometry":{"type":"Point","coordinates":[109.8609,28.7775]}},{"type":"Feature","properties":{"NAME_CH":"施溶州","TYPE_CH":"州","PRES_LOC":"湖南永顺县东南","BEG_YR":1369,"END_YR":1726},"geometry":{"type":"Point","coordinates":[109.8609,28.7775]}},{"type":"Feature","properties":{"NAME_CH":"施溶溪长官司","TYPE_CH":"长官司","PRES_LOC":"湖南永顺县东南长官","BEG_YR":1370,"END_YR":1725},"geometry":{"type":"Point","coordinates":[109.903,28.7516]}},{"type":"Feature","properties":{"NAME_CH":"白崖洞长官司","TYPE_CH":"长官司","PRES_LOC":"湖南龙山县东北部","BEG_YR":1370,"END_YR":1725},"geometry":{"type":"Point","coordinates":[109.5203,29.5609]}},{"type":"Feature","properties":{"NAME_CH":"腊惹洞长官司","TYPE_CH":"长官司","PRES_LOC":"湖南永顺县东南风香塘西","BEG_YR":1295,"END_YR":1725},"geometry":{"type":"Point","coordinates":[109.8294,28.7918]}},{"type":"Feature","properties":{"NAME_CH":"驴迟洞长官司","TYPE_CH":"长官司","PRES_LOC":"湖南永顺县东南松柏乡西南","BEG_YR":1370,"END_YR":1725},"geometry":{"type":"Point","coordinates":[109.8937,28.7753]}},{"type":"Feature","properties":{"NAME_CH":"麦著黄洞长官司","TYPE_CH":"长官司","PRES_LOC":"湖南永顺县东南王村西","BEG_YR":1372,"END_YR":1725},"geometry":{"type":"Point","coordinates":[109.8186,28.7664]}},{"type":"Feature","properties":{"NAME_CH":"田家洞长官司","TYPE_CH":"长官司","PRES_LOC":"湖南古丈县西北断龙山乡驻地田家洞","BEG_YR":1370,"END_YR":1725},"geometry":{"type":"Point","coordinates":[109.8112,28.681]}},{"type":"Feature","properties":{"NAME_CH":"黔阳县","TYPE_CH":"县","PRES_LOC":"湖南黔阳县西南黔城（旧黔阳）","BEG_YR":1080,"END_YR":1911},"geometry":{"type":"Point","coordinates":[109.8119,27.1951]}},{"type":"Feature","properties":{"NAME_CH":"麻阳县","TYPE_CH":"县","PRES_LOC":"湖南麻阳县","BEG_YR":1073,"END_YR":1911},"geometry":{"type":"Point","coordinates":[109.597,27.7171]}},{"type":"Feature","properties":{"NAME_CH":"卢阳县","TYPE_CH":"县","PRES_LOC":"湖南芷江县","BEG_YR":1074,"END_YR":1375},"geometry":{"type":"Point","coordinates":[109.6841,27.4473]}},{"type":"Feature","properties":{"NAME_CH":"平江州","TYPE_CH":"州","PRES_LOC":"湖南平江县驻地汉昌镇","BEG_YR":1295,"END_YR":1369},"geometry":{"type":"Point","coordinates":[113.5749,28.7098]}},{"type":"Feature","properties":{"NAME_CH":"平江县","TYPE_CH":"县","PRES_LOC":"湖南省平江县","BEG_YR":1370,"END_YR":1911},"geometry":{"type":"Point","coordinates":[113.5749,28.7098]}},{"type":"Feature","properties":{"NAME_CH":"巴陵县","TYPE_CH":"县","PRES_LOC":"湖南省岳阳市区","BEG_YR":1381,"END_YR":1911},"geometry":{"type":"Point","coordinates":[113.0977,29.3713]}},{"type":"Feature","properties":{"NAME_CH":"华容县","TYPE_CH":"县","PRES_LOC":"湖南华容县驻地城关镇","BEG_YR":1054,"END_YR":1911},"geometry":{"type":"Point","coordinates":[112.5593,29.5188]}},{"type":"Feature","properties":{"NAME_CH":"临湘县","TYPE_CH":"县","PRES_LOC":"湖南省岳阳市东北陆城镇","BEG_YR":996,"END_YR":1911},"geometry":{"type":"Point","coordinates":[113.2929,29.5881]}},{"type":"Feature","properties":{"NAME_CH":"澧州","TYPE_CH":"州","PRES_LOC":"湖南澧县驻地","BEG_YR":1376,"END_YR":1728},"geometry":{"type":"Point","coordinates":[111.757,29.6402]}},{"type":"Feature","properties":{"NAME_CH":"电白县","TYPE_CH":"县","PRES_LOC":"广东省电白县电城镇","BEG_YR":1467,"END_YR":1911},"geometry":{"type":"Point","coordinates":[111.2933,21.5124]}},{"type":"Feature","properties":{"NAME_CH":"信宜县","TYPE_CH":"县","PRES_LOC":"广东省信谊县南镇隆镇","BEG_YR":976,"END_YR":1911},"geometry":{"type":"Point","coordinates":[110.8732,22.2083]}},{"type":"Feature","properties":{"NAME_CH":"石龙县","TYPE_CH":"县","PRES_LOC":"广东省化州县","BEG_YR":557,"END_YR":1374},"geometry":{"type":"Point","coordinates":[110.6253,21.654]}},{"type":"Feature","properties":{"NAME_CH":"化县","TYPE_CH":"县","PRES_LOC":"广东省化州县","BEG_YR":1376,"END_YR":1380},"geometry":{"type":"Point","coordinates":[110.6253,21.654]}},{"type":"Feature","properties":{"NAME_CH":"化州","TYPE_CH":"州","PRES_LOC":"广东省化州县","BEG_YR":1381,"END_YR":1911},"geometry":{"type":"Point","coordinates":[110.6253,21.654]}},{"type":"Feature","properties":{"NAME_CH":"吴川县","TYPE_CH":"县","PRES_LOC":"广东省吴川县西南吴阳镇","BEG_YR":607,"END_YR":1911},"geometry":{"type":"Point","coordinates":[110.6826,21.3506]}},{"type":"Feature","properties":{"NAME_CH":"徐闻县","TYPE_CH":"县","PRES_LOC":"广东省徐闻县","BEG_YR":1291,"END_YR":1461},"geometry":{"type":"Point","coordinates":[110.1628,20.3297]}},{"type":"Feature","properties":{"NAME_CH":"海康县","TYPE_CH":"县","PRES_LOC":"广东省海康县","BEG_YR":917,"END_YR":1911},"geometry":{"type":"Point","coordinates":[110.0879,20.902]}},{"type":"Feature","properties":{"NAME_CH":"遂溪县","TYPE_CH":"县","PRES_LOC":"广东省遂溪县","BEG_YR":1149,"END_YR":1911},"geometry":{"type":"Point","coordinates":[110.2509,21.383]}},{"type":"Feature","properties":{"NAME_CH":"文昌县","TYPE_CH":"县","PRES_LOC":"海南省文昌县","BEG_YR":1331,"END_YR":1911},"geometry":{"type":"Point","coordinates":[110.7559,19.621]}},{"type":"Feature","properties":{"NAME_CH":"琼山县","TYPE_CH":"县","PRES_LOC":"海南省琼山县","BEG_YR":1071,"END_YR":1911},"geometry":{"type":"Point","coordinates":[110.3579,20.0082]}},{"type":"Feature","properties":{"NAME_CH":"澄迈县","TYPE_CH":"县","PRES_LOC":"海南省澄迈县东北老城镇","BEG_YR":607,"END_YR":1911},"geometry":{"type":"Point","coordinates":[110.1122,19.9584]}},{"type":"Feature","properties":{"NAME_CH":"定安县","TYPE_CH":"县","PRES_LOC":"海南省定安县","BEG_YR":1368,"END_YR":1911},"geometry":{"type":"Point","coordinates":[110.3181,19.7025]}},{"type":"Feature","properties":{"NAME_CH":"乐会县","TYPE_CH":"县","PRES_LOC":"海南省琼海县东南万全河中岛上会乐故址","BEG_YR":1302,"END_YR":1911},"geometry":{"type":"Point","coordinates":[110.5223,19.1421]}},{"type":"Feature","properties":{"NAME_CH":"临高县","TYPE_CH":"县","PRES_LOC":"海南省临高县","BEG_YR":1131,"END_YR":1911},"geometry":{"type":"Point","coordinates":[109.6862,19.9181]}},{"type":"Feature","properties":{"NAME_CH":"宜伦县","TYPE_CH":"县","PRES_LOC":"海南省儋县西北中和镇","BEG_YR":976,"END_YR":1438},"geometry":{"type":"Point","coordinates":[109.3416,19.7487]}},{"type":"Feature","properties":{"NAME_CH":"儋州","TYPE_CH":"州","PRES_LOC":"海南省儋县西北中和镇","BEG_YR":1368,"END_YR":1911},"geometry":{"type":"Point","coordinates":[109.3416,19.7487]}},{"type":"Feature","properties":{"NAME_CH":"万州","TYPE_CH":"州","PRES_LOC":"海南省万宁县","BEG_YR":1368,"END_YR":1904},"geometry":{"type":"Point","coordinates":[110.4075,18.8006]}},{"type":"Feature","properties":{"NAME_CH":"万州","TYPE_CH":"州","PRES_LOC":"今重庆市万县市治","BEG_YR":1283,"END_YR":1372},"geometry":{"type":"Point","coordinates":[108.3736,30.8129]}},{"type":"Feature","properties":{"NAME_CH":"陵水县","TYPE_CH":"县","PRES_LOC":"海南省陵水县","BEG_YR":1442,"END_YR":1911},"geometry":{"type":"Point","coordinates":[110.0339,18.5054]}},{"type":"Feature","properties":{"NAME_CH":"威恩县","TYPE_CH":"县","PRES_LOC":"海南省东方县南感城镇","BEG_YR":1081,"END_YR":1580},"geometry":{"type":"Point","coordinates":[108.6398,18.8464]}},{"type":"Feature","properties":{"NAME_CH":"合浦县","TYPE_CH":"县","PRES_LOC":"广西合浦县","BEG_YR":1381,"END_YR":1911},"geometry":{"type":"Point","coordinates":[109.19,21.6701]}},{"type":"Feature","properties":{"NAME_CH":"石康县","TYPE_CH":"县","PRES_LOC":"广西合浦县东北石康镇","BEG_YR":972,"END_YR":1471},"geometry":{"type":"Point","coordinates":[109.3336,21.773]}},{"type":"Feature","properties":{"NAME_CH":"灵山县","TYPE_CH":"县","PRES_LOC":"广西灵山县","BEG_YR":636,"END_YR":1911},"geometry":{"type":"Point","coordinates":[109.2874,22.4346]}},{"type":"Feature","properties":{"NAME_CH":"钦县","TYPE_CH":"县","PRES_LOC":"广西钦州市","BEG_YR":1376,"END_YR":1380},"geometry":{"type":"Point","coordinates":[108.6144,21.9514]}},{"type":"Feature","properties":{"NAME_CH":"程乡县","TYPE_CH":"县","PRES_LOC":"广东省梅州市","BEG_YR":591,"END_YR":1732},"geometry":{"type":"Point","coordinates":[116.1105,24.3158]}},{"type":"Feature","properties":{"NAME_CH":"平远县","TYPE_CH":"县","PRES_LOC":"广东省平远县北仁居镇","BEG_YR":1563,"END_YR":1911},"geometry":{"type":"Point","coordinates":[115.8813,24.8113]}},{"type":"Feature","properties":{"NAME_CH":"镇平县","TYPE_CH":"县","PRES_LOC":"广东省焦岭县","BEG_YR":1633,"END_YR":1911},"geometry":{"type":"Point","coordinates":[116.1702,24.6514]}},{"type":"Feature","properties":{"NAME_CH":"始兴县","TYPE_CH":"县","PRES_LOC":"广东省始兴县","BEG_YR":1307,"END_YR":1911},"geometry":{"type":"Point","coordinates":[114.0631,24.9458]}},{"type":"Feature","properties":{"NAME_CH":"保昌县","TYPE_CH":"县","PRES_LOC":"广东省南雄县","BEG_YR":1023,"END_YR":1805},"geometry":{"type":"Point","coordinates":[114.3021,25.1188]}},{"type":"Feature","properties":{"NAME_CH":"阳山县","TYPE_CH":"县","PRES_LOC":"广东省阳山县","BEG_YR":706,"END_YR":1911},"geometry":{"type":"Point","coordinates":[112.6383,24.485]}},{"type":"Feature","properties":{"NAME_CH":"连山县","TYPE_CH":"县","PRES_LOC":"广东省连山县东北旧城村","BEG_YR":1462,"END_YR":1815},"geometry":{"type":"Point","coordinates":[112.1927,24.7026]}},{"type":"Feature","properties":{"NAME_CH":"泷水县","TYPE_CH":"县","PRES_LOC":"广东省罗定县","BEG_YR":1304,"END_YR":1576},"geometry":{"type":"Point","coordinates":[111.5704,22.7669]}},{"type":"Feature","properties":{"NAME_CH":"西宁县","TYPE_CH":"县","PRES_LOC":"广东省郁南县南建城镇","BEG_YR":1577,"END_YR":1911},"geometry":{"type":"Point","coordinates":[111.5406,23.1455]}},{"type":"Feature","properties":{"NAME_CH":"西宁县","TYPE_CH":"县","PRES_LOC":"今甘肃会宁县","BEG_YR":1234,"END_YR":1377},"geometry":{"type":"Point","coordinates":[105.0561,35.6942]}},{"type":"Feature","properties":{"NAME_CH":"海阳县","TYPE_CH":"县","PRES_LOC":"广东省潮州市潮安县","BEG_YR":591,"END_YR":1911},"geometry":{"type":"Point","coordinates":[116.6367,23.6677]}},{"type":"Feature","properties":{"NAME_CH":"海阳县","TYPE_CH":"县","PRES_LOC":"今河北滦县滦州镇西南","BEG_YR":-201,"END_YR":0},"geometry":{"type":"Point","coordinates":[118.6743,39.6835]}},{"type":"Feature","properties":{"NAME_CH":"潮阳县","TYPE_CH":"县","PRES_LOC":"广东省潮阳县","BEG_YR":1138,"END_YR":1911},"geometry":{"type":"Point","coordinates":[116.5941,23.261]}},{"type":"Feature","properties":{"NAME_CH":"揭阳县","TYPE_CH":"县","PRES_LOC":"广东省揭阳县","BEG_YR":1138,"END_YR":1911},"geometry":{"type":"Point","coordinates":[116.3498,23.543]}},{"type":"Feature","properties":{"NAME_CH":"饶平县","TYPE_CH":"县","PRES_LOC":"广东省饶平县西北三饶镇","BEG_YR":1476,"END_YR":1911},"geometry":{"type":"Point","coordinates":[116.8229,23.9825]}},{"type":"Feature","properties":{"NAME_CH":"惠来县","TYPE_CH":"县","PRES_LOC":"广东省惠来县","BEG_YR":1524,"END_YR":1911},"geometry":{"type":"Point","coordinates":[116.2885,23.0391]}},{"type":"Feature","properties":{"NAME_CH":"大埔县","TYPE_CH":"县","PRES_LOC":"广东省大埔县北茶阳镇","BEG_YR":1526,"END_YR":1911},"geometry":{"type":"Point","coordinates":[116.6854,24.5177]}},{"type":"Feature","properties":{"NAME_CH":"澄海县","TYPE_CH":"县","PRES_LOC":"广东省澄海县","BEG_YR":1563,"END_YR":1665},"geometry":{"type":"Point","coordinates":[116.768,23.4632]}},{"type":"Feature","properties":{"NAME_CH":"普安县","TYPE_CH":"县","PRES_LOC":"广东省潮阳县西北贵屿","BEG_YR":1563,"END_YR":1581},"geometry":{"type":"Point","coordinates":[116.3422,23.3304]}},{"type":"Feature","properties":{"NAME_CH":"普安县","TYPE_CH":"县","PRES_LOC":"今四川剑阁县治","BEG_YR":554,"END_YR":1372},"geometry":{"type":"Point","coordinates":[105.4633,32.0334]}},{"type":"Feature","properties":{"NAME_CH":"普宁县","TYPE_CH":"县","PRES_LOC":"广东省普宁县北洪阳镇","BEG_YR":1586,"END_YR":1911},"geometry":{"type":"Point","coordinates":[116.2064,23.4424]}},{"type":"Feature","properties":{"NAME_CH":"普宁县","TYPE_CH":"县","PRES_LOC":"今广西容县","BEG_YR":599,"END_YR":1376},"geometry":{"type":"Point","coordinates":[110.551,22.8636]}},{"type":"Feature","properties":{"NAME_CH":"归善县","TYPE_CH":"县","PRES_LOC":"广东省惠州市区西区北部","BEG_YR":1293,"END_YR":1577},"geometry":{"type":"Point","coordinates":[114.4024,23.0919]}},{"type":"Feature","properties":{"NAME_CH":"博罗县","TYPE_CH":"县","PRES_LOC":"广东省博罗县","BEG_YR":-214,"END_YR":1911},"geometry":{"type":"Point","coordinates":[114.2736,23.1722]}},{"type":"Feature","properties":{"NAME_CH":"海丰县","TYPE_CH":"县","PRES_LOC":"广东省海丰县","BEG_YR":331,"END_YR":1911},"geometry":{"type":"Point","coordinates":[115.3348,22.9757]}},{"type":"Feature","properties":{"NAME_CH":"海丰县","TYPE_CH":"县","PRES_LOC":"今山东无棣县","BEG_YR":1373,"END_YR":1911},"geometry":{"type":"Point","coordinates":[117.6012,37.7406]}},{"type":"Feature","properties":{"NAME_CH":"龙川县","TYPE_CH":"县","PRES_LOC":"广东省龙川县西南佗城","BEG_YR":1131,"END_YR":1911},"geometry":{"type":"Point","coordinates":[115.1862,24.06]}},{"type":"Feature","properties":{"NAME_CH":"连平州","TYPE_CH":"州","PRES_LOC":"广东省连平县","BEG_YR":1633,"END_YR":1911},"geometry":{"type":"Point","coordinates":[114.4824,24.3577]}},{"type":"Feature","properties":{"NAME_CH":"河源县","TYPE_CH":"县","PRES_LOC":"广东省河源县","BEG_YR":479,"END_YR":1911},"geometry":{"type":"Point","coordinates":[114.6915,23.7368]}},{"type":"Feature","properties":{"NAME_CH":"和平县","TYPE_CH":"县","PRES_LOC":"广东省和平县","BEG_YR":1518,"END_YR":1911},"geometry":{"type":"Point","coordinates":[114.9324,24.4397]}},{"type":"Feature","properties":{"NAME_CH":"南海县","TYPE_CH":"县","PRES_LOC":"广东省广州市","BEG_YR":972,"END_YR":1911},"geometry":{"type":"Point","coordinates":[113.2561,23.1346]}},{"type":"Feature","properties":{"NAME_CH":"番禺县","TYPE_CH":"县","PRES_LOC":"广东省广州市","BEG_YR":1088,"END_YR":1911},"geometry":{"type":"Point","coordinates":[113.2561,23.1346]}},{"type":"Feature","properties":{"NAME_CH":"顺德县","TYPE_CH":"县","PRES_LOC":"广东省顺德县","BEG_YR":1452,"END_YR":1911},"geometry":{"type":"Point","coordinates":[113.2539,22.8479]}},{"type":"Feature","properties":{"NAME_CH":"东莞县","TYPE_CH":"县","PRES_LOC":"广东省东莞县","BEG_YR":973,"END_YR":1911},"geometry":{"type":"Point","coordinates":[113.7498,23.0466]}},{"type":"Feature","properties":{"NAME_CH":"新安县","TYPE_CH":"县","PRES_LOC":"广东省深圳市南头","BEG_YR":1573,"END_YR":1666},"geometry":{"type":"Point","coordinates":[113.9186,22.5452]}},{"type":"Feature","properties":{"NAME_CH":"新安县","TYPE_CH":"县","PRES_LOC":"今河北省安新县驻地新安镇","BEG_YR":1380,"END_YR":1831},"geometry":{"type":"Point","coordinates":[115.9282,38.9252]}},{"type":"Feature","properties":{"NAME_CH":"新安县","TYPE_CH":"县","PRES_LOC":"今河南新安","BEG_YR":606,"END_YR":1911},"geometry":{"type":"Point","coordinates":[112.1443,34.7331]}},{"type":"Feature","properties":{"NAME_CH":"从化县","TYPE_CH":"县","PRES_LOC":"广州省从化县","BEG_YR":1496,"END_YR":1911},"geometry":{"type":"Point","coordinates":[113.5811,23.5554]}},{"type":"Feature","properties":{"NAME_CH":"龙门县","TYPE_CH":"县","PRES_LOC":"广东省龙门县","BEG_YR":1493,"END_YR":1911},"geometry":{"type":"Point","coordinates":[114.2431,23.7393]}},{"type":"Feature","properties":{"NAME_CH":"增城县","TYPE_CH":"县","PRES_LOC":"广东省增城县","BEG_YR":973,"END_YR":1911},"geometry":{"type":"Point","coordinates":[113.8292,23.2926]}},{"type":"Feature","properties":{"NAME_CH":"新会县","TYPE_CH":"县","PRES_LOC":"广东省新会县","BEG_YR":639,"END_YR":1911},"geometry":{"type":"Point","coordinates":[113.0384,22.5266]}},{"type":"Feature","properties":{"NAME_CH":"香山县","TYPE_CH":"县","PRES_LOC":"广东省中山市","BEG_YR":1152,"END_YR":1911},"geometry":{"type":"Point","coordinates":[113.3736,22.5258]}},{"type":"Feature","properties":{"NAME_CH":"三水县","TYPE_CH":"县","PRES_LOC":"广东省三水县西河口镇","BEG_YR":1526,"END_YR":1911},"geometry":{"type":"Point","coordinates":[112.828,23.1767]}},{"type":"Feature","properties":{"NAME_CH":"三水县","TYPE_CH":"县","PRES_LOC":"今陕西旬邑县城","BEG_YR":1477,"END_YR":1911},"geometry":{"type":"Point","coordinates":[108.3326,35.1225]}},{"type":"Feature","properties":{"NAME_CH":"清远县","TYPE_CH":"县","PRES_LOC":"广东省清远市","BEG_YR":590,"END_YR":1911},"geometry":{"type":"Point","coordinates":[113.0221,23.7207]}},{"type":"Feature","properties":{"NAME_CH":"曲江县","TYPE_CH":"县","PRES_LOC":"广东省韶关市","BEG_YR":-111,"END_YR":1911},"geometry":{"type":"Point","coordinates":[113.6034,24.8102]}},{"type":"Feature","properties":{"NAME_CH":"乐昌县","TYPE_CH":"县","PRES_LOC":"广东省乐昌县","BEG_YR":598,"END_YR":1911},"geometry":{"type":"Point","coordinates":[113.3468,25.1349]}},{"type":"Feature","properties":{"NAME_CH":"仁化县","TYPE_CH":"县","PRES_LOC":"广东省仁化县","BEG_YR":1000,"END_YR":1911},"geometry":{"type":"Point","coordinates":[113.7431,25.0901]}},{"type":"Feature","properties":{"NAME_CH":"乳源县","TYPE_CH":"县","PRES_LOC":"广东省乳源县","BEG_YR":1368,"END_YR":1911},"geometry":{"type":"Point","coordinates":[113.2693,24.7842]}},{"type":"Feature","properties":{"NAME_CH":"翁源县","TYPE_CH":"县","PRES_LOC":"广东省翁源县翁城镇","BEG_YR":1369,"END_YR":1911},"geometry":{"type":"Point","coordinates":[113.8203,24.3751]}},{"type":"Feature","properties":{"NAME_CH":"英德县","TYPE_CH":"县","PRES_LOC":"广东省英德县","BEG_YR":1368,"END_YR":1911},"geometry":{"type":"Point","coordinates":[113.4021,24.1729]}},{"type":"Feature","properties":{"NAME_CH":"高要县","TYPE_CH":"县","PRES_LOC":"广东省高要县","BEG_YR":-111,"END_YR":1911},"geometry":{"type":"Point","coordinates":[112.4532,23.0569]}},{"type":"Feature","properties":{"NAME_CH":"四会县","TYPE_CH":"县","PRES_LOC":"广东省四会县","BEG_YR":973,"END_YR":1911},"geometry":{"type":"Point","coordinates":[112.6945,23.3487]}},{"type":"Feature","properties":{"NAME_CH":"新兴县","TYPE_CH":"县","PRES_LOC":"广东省新兴县","BEG_YR":502,"END_YR":1911},"geometry":{"type":"Point","coordinates":[112.2251,22.7029]}},{"type":"Feature","properties":{"NAME_CH":"阳春县","TYPE_CH":"县","PRES_LOC":"广东省阳春县北春湾镇","BEG_YR":1006,"END_YR":1911},"geometry":{"type":"Point","coordinates":[111.9401,22.4402]}},{"type":"Feature","properties":{"NAME_CH":"阳江县","TYPE_CH":"县","PRES_LOC":"广东省阳江市","BEG_YR":618,"END_YR":1866},"geometry":{"type":"Point","coordinates":[111.9589,21.8454]}},{"type":"Feature","properties":{"NAME_CH":"高明县","TYPE_CH":"县","PRES_LOC":"广东省高明县明城镇","BEG_YR":1476,"END_YR":1911},"geometry":{"type":"Point","coordinates":[112.8485,22.889]}},{"type":"Feature","properties":{"NAME_CH":"恩平县","TYPE_CH":"县","PRES_LOC":"广东省恩平县","BEG_YR":1478,"END_YR":1911},"geometry":{"type":"Point","coordinates":[112.3075,22.1919]}},{"type":"Feature","properties":{"NAME_CH":"广宁县","TYPE_CH":"县","PRES_LOC":"广东省广宁县","BEG_YR":1559,"END_YR":1911},"geometry":{"type":"Point","coordinates":[112.4313,23.6427]}},{"type":"Feature","properties":{"NAME_CH":"端溪县","TYPE_CH":"县","PRES_LOC":"广东省德庆县","BEG_YR":-111,"END_YR":1375},"geometry":{"type":"Point","coordinates":[111.771,23.1468]}},{"type":"Feature","properties":{"NAME_CH":"德庆州","TYPE_CH":"州","PRES_LOC":"广东省德庆县","BEG_YR":1376,"END_YR":1911},"geometry":{"type":"Point","coordinates":[111.771,23.1468]}},{"type":"Feature","properties":{"NAME_CH":"封川县","TYPE_CH":"县","PRES_LOC":"广东省封开县封川镇","BEG_YR":598,"END_YR":1911},"geometry":{"type":"Point","coordinates":[111.5094,23.4]}},{"type":"Feature","properties":{"NAME_CH":"开建县","TYPE_CH":"县","PRES_LOC":"广东省开建县南丰镇","BEG_YR":973,"END_YR":1911},"geometry":{"type":"Point","coordinates":[111.8041,23.7587]}},{"type":"Feature","properties":{"NAME_CH":"茂名县","TYPE_CH":"县","PRES_LOC":"广东省高州县","BEG_YR":1381,"END_YR":1911},"geometry":{"type":"Point","coordinates":[110.8538,21.9192]}},{"type":"Feature","properties":{"NAME_CH":"连州","TYPE_CH":"州","PRES_LOC":"广东省连县","BEG_YR":1381,"END_YR":1726},"geometry":{"type":"Point","coordinates":[112.3781,24.7797]}},{"type":"Feature","properties":{"NAME_CH":"廉州","TYPE_CH":"州","PRES_LOC":"广西合浦县","BEG_YR":1376,"END_YR":1380},"geometry":{"type":"Point","coordinates":[109.19,21.6701]}},{"type":"Feature","properties":{"NAME_CH":"江都县","TYPE_CH":"县","PRES_LOC":"江苏扬州市","BEG_YR":1361,"END_YR":1911},"geometry":{"type":"Point","coordinates":[119.4372,32.3913]}},{"type":"Feature","properties":{"NAME_CH":"海陵县","TYPE_CH":"县","PRES_LOC":"江苏泰州市","BEG_YR":624,"END_YR":1368},"geometry":{"type":"Point","coordinates":[119.9112,32.4959]}},{"type":"Feature","properties":{"NAME_CH":"扬子县","TYPE_CH":"县","PRES_LOC":"江苏仪征县东新城","BEG_YR":1291,"END_YR":1368},"geometry":{"type":"Point","coordinates":[119.2395,32.288]}},{"type":"Feature","properties":{"NAME_CH":"高邮县","TYPE_CH":"县","PRES_LOC":"江苏高邮市","BEG_YR":651,"END_YR":1368},"geometry":{"type":"Point","coordinates":[119.4373,32.7907]}},{"type":"Feature","properties":{"NAME_CH":"宝应县","TYPE_CH":"县","PRES_LOC":"江苏宝应县","BEG_YR":1283,"END_YR":1911},"geometry":{"type":"Point","coordinates":[119.31,33.2359]}},{"type":"Feature","properties":{"NAME_CH":"仪真县","TYPE_CH":"县","PRES_LOC":"江苏仪征市","BEG_YR":1369,"END_YR":1722},"geometry":{"type":"Point","coordinates":[119.1776,32.2675]}},{"type":"Feature","properties":{"NAME_CH":"盐城县","TYPE_CH":"县","PRES_LOC":"江苏盐城市","BEG_YR":624,"END_YR":1911},"geometry":{"type":"Point","coordinates":[120.1337,33.3852]}},{"type":"Feature","properties":{"NAME_CH":"山阳县","TYPE_CH":"县","PRES_LOC":"江苏淮安市","BEG_YR":1276,"END_YR":1911},"geometry":{"type":"Point","coordinates":[119.1411,33.5028]}},{"type":"Feature","properties":{"NAME_CH":"山阳县","TYPE_CH":"县","PRES_LOC":"今陕西山阳县","BEG_YR":1476,"END_YR":1911},"geometry":{"type":"Point","coordinates":[109.879,33.5339]}},{"type":"Feature","properties":{"NAME_CH":"清河县","TYPE_CH":"县","PRES_LOC":"江苏淮阴县西南旧县","BEG_YR":1328,"END_YR":1642},"geometry":{"type":"Point","coordinates":[118.8939,33.5804]}},{"type":"Feature","properties":{"NAME_CH":"清河县","TYPE_CH":"县","PRES_LOC":"今河北清河县驻地西城关乡","BEG_YR":994,"END_YR":1911},"geometry":{"type":"Point","coordinates":[115.6241,37.073]}},{"type":"Feature","properties":{"NAME_CH":"萧县","TYPE_CH":"县","PRES_LOC":"安徽萧县西北三台山","BEG_YR":1275,"END_YR":1576},"geometry":{"type":"Point","coordinates":[116.924,34.2055]}},{"type":"Feature","properties":{"NAME_CH":"砀山县","TYPE_CH":"县","PRES_LOC":"安徽砀山县","BEG_YR":1266,"END_YR":1561},"geometry":{"type":"Point","coordinates":[116.3402,34.4279]}},{"type":"Feature","properties":{"NAME_CH":"丰县","TYPE_CH":"县","PRES_LOC":"江苏丰县","BEG_YR":457,"END_YR":1911},"geometry":{"type":"Point","coordinates":[116.5842,34.7036]}},{"type":"Feature","properties":{"NAME_CH":"沛县","TYPE_CH":"县","PRES_LOC":"江苏沛县","BEG_YR":1369,"END_YR":1780},"geometry":{"type":"Point","coordinates":[116.9269,34.738]}},{"type":"Feature","properties":{"NAME_CH":"下邳县","TYPE_CH":"县","PRES_LOC":"江苏睢宁县北古邳镇","BEG_YR":1217,"END_YR":1368},"geometry":{"type":"Point","coordinates":[117.8773,34.1192]}},{"type":"Feature","properties":{"NAME_CH":"邳州","TYPE_CH":"州","PRES_LOC":"江苏睢宁县北古邳镇","BEG_YR":1215,"END_YR":1689},"geometry":{"type":"Point","coordinates":[117.8773,34.1192]}},{"type":"Feature","properties":{"NAME_CH":"宿迁县","TYPE_CH":"县","PRES_LOC":"江苏宿迁市","BEG_YR":968,"END_YR":1911},"geometry":{"type":"Point","coordinates":[118.2971,33.9583]}},{"type":"Feature","properties":{"NAME_CH":"睢宁县","TYPE_CH":"县","PRES_LOC":"江苏睢宁县","BEG_YR":1276,"END_YR":1911},"geometry":{"type":"Point","coordinates":[117.9444,33.8991]}},{"type":"Feature","properties":{"NAME_CH":"高邮州","TYPE_CH":"州","PRES_LOC":"江苏高邮县","BEG_YR":1368,"END_YR":1911},"geometry":{"type":"Point","coordinates":[119.4373,32.7907]}},{"type":"Feature","properties":{"NAME_CH":"赣榆县","TYPE_CH":"县","PRES_LOC":"江苏赣榆县西北赣马","BEG_YR":1167,"END_YR":1911},"geometry":{"type":"Point","coordinates":[119.0884,34.8967]}},{"type":"Feature","properties":{"NAME_CH":"沭阳县","TYPE_CH":"县","PRES_LOC":"江苏沭阳县","BEG_YR":578,"END_YR":1911},"geometry":{"type":"Point","coordinates":[118.7773,34.1341]}},{"type":"Feature","properties":{"NAME_CH":"安东州","TYPE_CH":"州","PRES_LOC":"江苏涟水县","BEG_YR":1260,"END_YR":1368},"geometry":{"type":"Point","coordinates":[119.2612,33.7664]}},{"type":"Feature","properties":{"NAME_CH":"安东县","TYPE_CH":"县","PRES_LOC":"江苏涟水县","BEG_YR":1369,"END_YR":1911},"geometry":{"type":"Point","coordinates":[119.2612,33.7664]}},{"type":"Feature","properties":{"NAME_CH":"泰州","TYPE_CH":"州","PRES_LOC":"江苏泰州市","BEG_YR":937,"END_YR":1911},"geometry":{"type":"Point","coordinates":[119.9112,32.4959]}},{"type":"Feature","properties":{"NAME_CH":"静海县","TYPE_CH":"县","PRES_LOC":"江苏南通市","BEG_YR":958,"END_YR":1368},"geometry":{"type":"Point","coordinates":[120.8546,32.0105]}},{"type":"Feature","properties":{"NAME_CH":"静海县","TYPE_CH":"县","PRES_LOC":"今天津市静海县驻地","BEG_YR":1368,"END_YR":1911},"geometry":{"type":"Point","coordinates":[116.9191,38.9344]}},{"type":"Feature","properties":{"NAME_CH":"如皋县","TYPE_CH":"县","PRES_LOC":"江苏如皋县","BEG_YR":952,"END_YR":1911},"geometry":{"type":"Point","coordinates":[120.5587,32.384]}},{"type":"Feature","properties":{"NAME_CH":"海门县","TYPE_CH":"县","PRES_LOC":"江苏启东市西北吕四港","BEG_YR":1354,"END_YR":1511},"geometry":{"type":"Point","coordinates":[121.5947,32.0537]}},{"type":"Feature","properties":{"NAME_CH":"泰兴县","TYPE_CH":"县","PRES_LOC":"江苏泰兴县","BEG_YR":1144,"END_YR":1911},"geometry":{"type":"Point","coordinates":[120.0162,32.1604]}},{"type":"Feature","properties":{"NAME_CH":"潜山县","TYPE_CH":"县","PRES_LOC":"安徽潜山县治梅城镇","BEG_YR":1323,"END_YR":1911},"geometry":{"type":"Point","coordinates":[116.5672,30.6303]}},{"type":"Feature","properties":{"NAME_CH":"怀宁县","TYPE_CH":"县","PRES_LOC":"安徽安庆市","BEG_YR":1260,"END_YR":1911},"geometry":{"type":"Point","coordinates":[117.0347,30.5123]}},{"type":"Feature","properties":{"NAME_CH":"太湖县","TYPE_CH":"县","PRES_LOC":"安徽太湖县治","BEG_YR":598,"END_YR":1911},"geometry":{"type":"Point","coordinates":[116.2651,30.4201]}},{"type":"Feature","properties":{"NAME_CH":"望江县","TYPE_CH":"县","PRES_LOC":"安徽望江县治","BEG_YR":598,"END_YR":1911},"geometry":{"type":"Point","coordinates":[116.6743,30.1235]}},{"type":"Feature","properties":{"NAME_CH":"桐城县","TYPE_CH":"县","PRES_LOC":"安徽桐城县治","BEG_YR":1277,"END_YR":1911},"geometry":{"type":"Point","coordinates":[116.9386,31.0523]}},{"type":"Feature","properties":{"NAME_CH":"巢县","TYPE_CH":"县","PRES_LOC":"安徽巢湖市","BEG_YR":1291,"END_YR":1911},"geometry":{"type":"Point","coordinates":[117.8648,31.6017]}},{"type":"Feature","properties":{"NAME_CH":"无为县","TYPE_CH":"县","PRES_LOC":"安徽无为县治","BEG_YR":1070,"END_YR":1368},"geometry":{"type":"Point","coordinates":[117.9113,31.2985]}},{"type":"Feature","properties":{"NAME_CH":"无为州","TYPE_CH":"州","PRES_LOC":"安徽无为县治","BEG_YR":1369,"END_YR":1911},"geometry":{"type":"Point","coordinates":[117.9113,31.2985]}},{"type":"Feature","properties":{"NAME_CH":"合肥县","TYPE_CH":"县","PRES_LOC":"安徽合肥市","BEG_YR":583,"END_YR":1911},"geometry":{"type":"Point","coordinates":[117.2765,31.8645]}},{"type":"Feature","properties":{"NAME_CH":"梁县","TYPE_CH":"县","PRES_LOC":"安徽肥东县梁园镇","BEG_YR":1162,"END_YR":1368},"geometry":{"type":"Point","coordinates":[117.5544,31.9976]}},{"type":"Feature","properties":{"NAME_CH":"钟离县","TYPE_CH":"县","PRES_LOC":"安徽凤阳县临淮镇","BEG_YR":550,"END_YR":1368},"geometry":{"type":"Point","coordinates":[117.6402,32.9016]}},{"type":"Feature","properties":{"NAME_CH":"中立县","TYPE_CH":"县","PRES_LOC":"安徽凤阳县临淮镇","BEG_YR":1369,"END_YR":1369},"geometry":{"type":"Point","coordinates":[117.6402,32.9016]}},{"type":"Feature","properties":{"NAME_CH":"临淮县","TYPE_CH":"县","PRES_LOC":"安徽凤阳县临淮镇","BEG_YR":1370,"END_YR":1753},"geometry":{"type":"Point","coordinates":[117.6402,32.9016]}},{"type":"Feature","properties":{"NAME_CH":"定远县","TYPE_CH":"县","PRES_LOC":"安徽定远县治","BEG_YR":745,"END_YR":1911},"geometry":{"type":"Point","coordinates":[117.6757,32.5302]}},{"type":"Feature","properties":{"NAME_CH":"定远县","TYPE_CH":"县","PRES_LOC":"今四川武胜县（沿口镇）南旧县","BEG_YR":1287,"END_YR":1550},"geometry":{"type":"Point","coordinates":[106.2846,30.3129]}},{"type":"Feature","properties":{"NAME_CH":"定远县","TYPE_CH":"县","PRES_LOC":"云南省牟定县西北十二里吕交城","BEG_YR":1391,"END_YR":1911},"geometry":{"type":"Point","coordinates":[101.4924,25.3536]}},{"type":"Feature","properties":{"NAME_CH":"历阳县","TYPE_CH":"县","PRES_LOC":"安徽和县治","BEG_YR":280,"END_YR":1368},"geometry":{"type":"Point","coordinates":[118.3611,31.7142]}},{"type":"Feature","properties":{"NAME_CH":"含山县","TYPE_CH":"县","PRES_LOC":"安徽含山县治","BEG_YR":1380,"END_YR":1911},"geometry":{"type":"Point","coordinates":[118.103,31.7201]}},{"type":"Feature","properties":{"NAME_CH":"乌江县","TYPE_CH":"县","PRES_LOC":"安徽和县乌江镇","BEG_YR":1137,"END_YR":1368},"geometry":{"type":"Point","coordinates":[118.455,31.8573]}},{"type":"Feature","properties":{"NAME_CH":"六安县","TYPE_CH":"县","PRES_LOC":"安徽六安市治","BEG_YR":1291,"END_YR":1370},"geometry":{"type":"Point","coordinates":[116.4941,31.7546]}},{"type":"Feature","properties":{"NAME_CH":"六安州","TYPE_CH":"州","PRES_LOC":"安徽六安市治","BEG_YR":1371,"END_YR":1723},"geometry":{"type":"Point","coordinates":[116.4941,31.7546]}},{"type":"Feature","properties":{"NAME_CH":"寿春县","TYPE_CH":"县","PRES_LOC":"安徽寿县治","BEG_YR":500,"END_YR":1370},"geometry":{"type":"Point","coordinates":[116.7771,32.5757]}},{"type":"Feature","properties":{"NAME_CH":"寿州","TYPE_CH":"州","PRES_LOC":"安徽寿县治","BEG_YR":1371,"END_YR":1911},"geometry":{"type":"Point","coordinates":[116.7771,32.5757]}},{"type":"Feature","properties":{"NAME_CH":"滁州","TYPE_CH":"州","PRES_LOC":"安徽滁州市治","BEG_YR":1368,"END_YR":1388},"geometry":{"type":"Point","coordinates":[118.3042,32.317]}},{"type":"Feature","properties":{"NAME_CH":"来安县","TYPE_CH":"县","PRES_LOC":"安徽来安县治","BEG_YR":1380,"END_YR":1911},"geometry":{"type":"Point","coordinates":[118.4269,32.4524]}},{"type":"Feature","properties":{"NAME_CH":"舒城县","TYPE_CH":"县","PRES_LOC":"安徽舒城县治","BEG_YR":735,"END_YR":1911},"geometry":{"type":"Point","coordinates":[116.9385,31.4564]}},{"type":"Feature","properties":{"NAME_CH":"下蔡县","TYPE_CH":"县","PRES_LOC":"安徽凤台县治","BEG_YR":605,"END_YR":1373},"geometry":{"type":"Point","coordinates":[116.7201,32.7056]}},{"type":"Feature","properties":{"NAME_CH":"宿州","TYPE_CH":"州","PRES_LOC":"安徽宿县治","BEG_YR":1265,"END_YR":1911},"geometry":{"type":"Point","coordinates":[116.9714,33.6424]}},{"type":"Feature","properties":{"NAME_CH":"霍邱县","TYPE_CH":"县","PRES_LOC":"安徽霍邱县治","BEG_YR":599,"END_YR":1911},"geometry":{"type":"Point","coordinates":[116.2607,32.3386]}},{"type":"Feature","properties":{"NAME_CH":"安丰县","TYPE_CH":"县","PRES_LOC":"安徽寿县板桥镇东北","BEG_YR":583,"END_YR":1381},"geometry":{"type":"Point","coordinates":[116.6745,32.3341]}},{"type":"Feature","properties":{"NAME_CH":"虹县","TYPE_CH":"县","PRES_LOC":"安徽泗县治","BEG_YR":644,"END_YR":1776},"geometry":{"type":"Point","coordinates":[117.8789,33.4784]}},{"type":"Feature","properties":{"NAME_CH":"天长县","TYPE_CH":"县","PRES_LOC":"安徽天长县治","BEG_YR":748,"END_YR":1911},"geometry":{"type":"Point","coordinates":[118.9982,32.6905]}},{"type":"Feature","properties":{"NAME_CH":"五河县","TYPE_CH":"县","PRES_LOC":"安徽五河县治南","BEG_YR":1271,"END_YR":1545},"geometry":{"type":"Point","coordinates":[117.8791,33.1326]}},{"type":"Feature","properties":{"NAME_CH":"灵壁县","TYPE_CH":"县","PRES_LOC":"安徽灵璧县治","BEG_YR":1117,"END_YR":1911},"geometry":{"type":"Point","coordinates":[117.5518,33.5458]}},{"type":"Feature","properties":{"NAME_CH":"盱眙县","TYPE_CH":"县","PRES_LOC":"安徽盱眙县治","BEG_YR":1127,"END_YR":1911},"geometry":{"type":"Point","coordinates":[118.4953,33.0147]}},{"type":"Feature","properties":{"NAME_CH":"英山县","TYPE_CH":"县","PRES_LOC":"湖北英山县治","BEG_YR":1267,"END_YR":1638},"geometry":{"type":"Point","coordinates":[115.6694,30.7421]}},{"type":"Feature","properties":{"NAME_CH":"颍上县","TYPE_CH":"县","PRES_LOC":"安徽颍上县治","BEG_YR":1304,"END_YR":1911},"geometry":{"type":"Point","coordinates":[116.2525,32.6386]}},{"type":"Feature","properties":{"NAME_CH":"谯县","TYPE_CH":"县","PRES_LOC":"安徽亳州市治","BEG_YR":607,"END_YR":1370},"geometry":{"type":"Point","coordinates":[115.7709,33.8793]}},{"type":"Feature","properties":{"NAME_CH":"城父县","TYPE_CH":"县","PRES_LOC":"安徽亳州市大杨东南","BEG_YR":1304,"END_YR":1380},"geometry":{"type":"Point","coordinates":[115.9925,33.6389]}},{"type":"Feature","properties":{"NAME_CH":"蒙城县","TYPE_CH":"县","PRES_LOC":"安徽蒙城县治","BEG_YR":742,"END_YR":1911},"geometry":{"type":"Point","coordinates":[116.5557,33.2686]}},{"type":"Feature","properties":{"NAME_CH":"宿松县","TYPE_CH":"县","PRES_LOC":"安徽宿松县治","BEG_YR":598,"END_YR":1911},"geometry":{"type":"Point","coordinates":[116.1142,30.1512]}},{"type":"Feature","properties":{"NAME_CH":"庐江县","TYPE_CH":"县","PRES_LOC":"安徽庐江县治","BEG_YR":519,"END_YR":1911},"geometry":{"type":"Point","coordinates":[117.2884,31.2534]}},{"type":"Feature","properties":{"NAME_CH":"怀远县","TYPE_CH":"县","PRES_LOC":"安徽怀远县治北","BEG_YR":1291,"END_YR":1581},"geometry":{"type":"Point","coordinates":[117.1964,32.9657]}},{"type":"Feature","properties":{"NAME_CH":"怀远县","TYPE_CH":"县","PRES_LOC":"今广西三江县西南老堡乡","BEG_YR":1380,"END_YR":1590},"geometry":{"type":"Point","coordinates":[109.4719,25.661]}},{"type":"Feature","properties":{"NAME_CH":"全椒县","TYPE_CH":"县","PRES_LOC":"安徽全椒县治","BEG_YR":1380,"END_YR":1911},"geometry":{"type":"Point","coordinates":[118.2644,32.0983]}},{"type":"Feature","properties":{"NAME_CH":"凤阳县","TYPE_CH":"县","PRES_LOC":"安徽凤阳县治","BEG_YR":1374,"END_YR":1911},"geometry":{"type":"Point","coordinates":[117.5377,32.8653]}},{"type":"Feature","properties":{"NAME_CH":"泗州","TYPE_CH":"州","PRES_LOC":"江苏盱眙县北古淮河北岸洪泽湖中","BEG_YR":1371,"END_YR":1679},"geometry":{"type":"Point","coordinates":[118.4681,33.0234]}},{"type":"Feature","properties":{"NAME_CH":"亳县","TYPE_CH":"县","PRES_LOC":"安徽亳州市治","BEG_YR":1368,"END_YR":1495},"geometry":{"type":"Point","coordinates":[115.7709,33.8793]}},{"type":"Feature","properties":{"NAME_CH":"亳州","TYPE_CH":"州","PRES_LOC":"安徽亳州市治","BEG_YR":1496,"END_YR":1723},"geometry":{"type":"Point","coordinates":[115.7709,33.8793]}},{"type":"Feature","properties":{"NAME_CH":"和州","TYPE_CH":"州","PRES_LOC":"安徽和县治","BEG_YR":1369,"END_YR":1373},"geometry":{"type":"Point","coordinates":[118.3611,31.7142]}},{"type":"Feature","properties":{"NAME_CH":"颍州","TYPE_CH":"州","PRES_LOC":"安徽阜阳县治","BEG_YR":1265,"END_YR":1723},"geometry":{"type":"Point","coordinates":[115.809,32.9031]}},{"type":"Feature","properties":{"NAME_CH":"霍山县","TYPE_CH":"县","PRES_LOC":"安徽霍山县治","BEG_YR":1489,"END_YR":1911},"geometry":{"type":"Point","coordinates":[116.3201,31.4078]}},{"type":"Feature","properties":{"NAME_CH":"新化县","TYPE_CH":"县","PRES_LOC":"湖南新化县驻地上梅镇","BEG_YR":1095,"END_YR":1911},"geometry":{"type":"Point","coordinates":[111.2947,27.7489]}},{"type":"Feature","properties":{"NAME_CH":"沅州","TYPE_CH":"州","PRES_LOC":"湖南芷江县","BEG_YR":1376,"END_YR":1729},"geometry":{"type":"Point","coordinates":[109.6841,27.4473]}},{"type":"Feature","properties":{"NAME_CH":"武昌县","TYPE_CH":"县","PRES_LOC":"今湖北鄂州市","BEG_YR":221,"END_YR":1911},"geometry":{"type":"Point","coordinates":[114.8799,30.4027]}},{"type":"Feature","properties":{"NAME_CH":"蒲圻县","TYPE_CH":"县","PRES_LOC":"今湖北蒲圻市","BEG_YR":633,"END_YR":1911},"geometry":{"type":"Point","coordinates":[113.8746,29.7084]}},{"type":"Feature","properties":{"NAME_CH":"咸宁县","TYPE_CH":"县","PRES_LOC":"今湖北咸宁市","BEG_YR":1007,"END_YR":1911},"geometry":{"type":"Point","coordinates":[114.2716,29.8925]}},{"type":"Feature","properties":{"NAME_CH":"咸宁县","TYPE_CH":"县","PRES_LOC":"今西安市西北十二里未央、草滩二区","BEG_YR":1452,"END_YR":1781},"geometry":{"type":"Point","coordinates":[108.9372,34.318]}},{"type":"Feature","properties":{"NAME_CH":"崇阳县","TYPE_CH":"县","PRES_LOC":"今湖北崇阳县","BEG_YR":975,"END_YR":1911},"geometry":{"type":"Point","coordinates":[114.0438,29.5488]}},{"type":"Feature","properties":{"NAME_CH":"嘉鱼县","TYPE_CH":"县","PRES_LOC":"今湖北省嘉鱼县","BEG_YR":953,"END_YR":1911},"geometry":{"type":"Point","coordinates":[113.8956,29.9756]}},{"type":"Feature","properties":{"NAME_CH":"通城县","TYPE_CH":"县","PRES_LOC":"今湖北通城县","BEG_YR":1147,"END_YR":1911},"geometry":{"type":"Point","coordinates":[113.8064,29.2612]}},{"type":"Feature","properties":{"NAME_CH":"大冶县","TYPE_CH":"县","PRES_LOC":"今湖北大冶县","BEG_YR":967,"END_YR":1911},"geometry":{"type":"Point","coordinates":[114.963,30.0931]}},{"type":"Feature","properties":{"NAME_CH":"通山县","TYPE_CH":"县","PRES_LOC":"今湖北通山县","BEG_YR":1135,"END_YR":1911},"geometry":{"type":"Point","coordinates":[114.5038,29.5972]}},{"type":"Feature","properties":{"NAME_CH":"江夏县","TYPE_CH":"县","PRES_LOC":"今湖北武汉市武昌","BEG_YR":591,"END_YR":1911},"geometry":{"type":"Point","coordinates":[114.3067,30.5737]}},{"type":"Feature","properties":{"NAME_CH":"汉阳县","TYPE_CH":"县","PRES_LOC":"今湖北武汉市汉阳","BEG_YR":621,"END_YR":1911},"geometry":{"type":"Point","coordinates":[114.269,30.5522]}},{"type":"Feature","properties":{"NAME_CH":"汉阳州","TYPE_CH":"州","PRES_LOC":"今湖北武汉市汉阳","BEG_YR":1376,"END_YR":1379},"geometry":{"type":"Point","coordinates":[114.269,30.5522]}},{"type":"Feature","properties":{"NAME_CH":"汉川县","TYPE_CH":"县","PRES_LOC":"今湖北汉川县","BEG_YR":1285,"END_YR":1911},"geometry":{"type":"Point","coordinates":[113.8287,30.6485]}},{"type":"Feature","properties":{"NAME_CH":"孝感县","TYPE_CH":"县","PRES_LOC":"今湖北孝感市","BEG_YR":1380,"END_YR":1911},"geometry":{"type":"Point","coordinates":[113.9104,30.9262]}},{"type":"Feature","properties":{"NAME_CH":"黄陂县","TYPE_CH":"县","PRES_LOC":"今湖北黄陂县","BEG_YR":1275,"END_YR":1911},"geometry":{"type":"Point","coordinates":[114.3656,30.8757]}},{"type":"Feature","properties":{"NAME_CH":"玉沙县","TYPE_CH":"县","PRES_LOC":"今湖北仙桃市西南沔城镇","BEG_YR":1278,"END_YR":1375},"geometry":{"type":"Point","coordinates":[113.2366,30.1895]}},{"type":"Feature","properties":{"NAME_CH":"黄冈县","TYPE_CH":"县","PRES_LOC":"今湖北黄州市","BEG_YR":885,"END_YR":1911},"geometry":{"type":"Point","coordinates":[114.8655,30.447]}},{"type":"Feature","properties":{"NAME_CH":"黄安县","TYPE_CH":"县","PRES_LOC":"今湖北红安县","BEG_YR":1563,"END_YR":1911},"geometry":{"type":"Point","coordinates":[114.6157,31.2876]}},{"type":"Feature","properties":{"NAME_CH":"蕲水县","TYPE_CH":"县","PRES_LOC":"今湖北浠水县","BEG_YR":742,"END_YR":1911},"geometry":{"type":"Point","coordinates":[115.252,30.4587]}},{"type":"Feature","properties":{"NAME_CH":"罗田县","TYPE_CH":"县","PRES_LOC":"今湖北罗田县","BEG_YR":1304,"END_YR":1911},"geometry":{"type":"Point","coordinates":[115.3904,30.7903]}},{"type":"Feature","properties":{"NAME_CH":"麻城县","TYPE_CH":"县","PRES_LOC":"今湖北麻城市","BEG_YR":1363,"END_YR":1911},"geometry":{"type":"Point","coordinates":[115.031,31.1809]}},{"type":"Feature","properties":{"NAME_CH":"蕲春县","TYPE_CH":"县","PRES_LOC":"今湖北蕲春县西南蕲州镇","BEG_YR":1263,"END_YR":1373},"geometry":{"type":"Point","coordinates":[115.3452,30.0625]}},{"type":"Feature","properties":{"NAME_CH":"蕲州","TYPE_CH":"州","PRES_LOC":"今湖北蕲春县西南蕲州镇","BEG_YR":1374,"END_YR":1911},"geometry":{"type":"Point","coordinates":[115.3452,30.0625]}},{"type":"Feature","properties":{"NAME_CH":"广济县","TYPE_CH":"县","PRES_LOC":"今湖北武穴市北梅川镇","BEG_YR":1275,"END_YR":1911},"geometry":{"type":"Point","coordinates":[115.5912,30.1365]}},{"type":"Feature","properties":{"NAME_CH":"黄梅县","TYPE_CH":"县","PRES_LOC":"今湖北黄梅县","BEG_YR":1275,"END_YR":1911},"geometry":{"type":"Point","coordinates":[115.9349,30.0792]}},{"type":"Feature","properties":{"NAME_CH":"京山县","TYPE_CH":"县","PRES_LOC":"今湖北京山县","BEG_YR":1275,"END_YR":1911},"geometry":{"type":"Point","coordinates":[113.1169,31.0248]}},{"type":"Feature","properties":{"NAME_CH":"长寿县","TYPE_CH":"县","PRES_LOC":"今湖北钟祥县","BEG_YR":1370,"END_YR":1375},"geometry":{"type":"Point","coordinates":[112.5893,31.1698]}},{"type":"Feature","properties":{"NAME_CH":"钟祥县","TYPE_CH":"县","PRES_LOC":"今湖北钟祥县","BEG_YR":1531,"END_YR":1911},"geometry":{"type":"Point","coordinates":[112.5893,31.1698]}},{"type":"Feature","properties":{"NAME_CH":"潜江县","TYPE_CH":"县","PRES_LOC":"今湖北潜江县","BEG_YR":1367,"END_YR":1911},"geometry":{"type":"Point","coordinates":[112.893,30.421]}},{"type":"Feature","properties":{"NAME_CH":"景陵县","TYPE_CH":"县","PRES_LOC":"今湖北天门市","BEG_YR":1278,"END_YR":1725},"geometry":{"type":"Point","coordinates":[113.1641,30.6562]}},{"type":"Feature","properties":{"NAME_CH":"安陆县","TYPE_CH":"县","PRES_LOC":"今湖北安陆市","BEG_YR":1380,"END_YR":1911},"geometry":{"type":"Point","coordinates":[113.6889,31.2637]}},{"type":"Feature","properties":{"NAME_CH":"云梦县","TYPE_CH":"县","PRES_LOC":"今湖北云梦县","BEG_YR":1148,"END_YR":1911},"geometry":{"type":"Point","coordinates":[113.7464,31.0258]}},{"type":"Feature","properties":{"NAME_CH":"应城县","TYPE_CH":"县","PRES_LOC":"今湖北应城市","BEG_YR":1380,"END_YR":1911},"geometry":{"type":"Point","coordinates":[113.5697,30.946]}},{"type":"Feature","properties":{"NAME_CH":"随县","TYPE_CH":"县","PRES_LOC":"今湖北随州市","BEG_YR":907,"END_YR":1368},"geometry":{"type":"Point","coordinates":[113.3698,31.7151]}},{"type":"Feature","properties":{"NAME_CH":"应山县","TYPE_CH":"县","PRES_LOC":"今湖北省广水市","BEG_YR":1380,"END_YR":1911},"geometry":{"type":"Point","coordinates":[113.7926,31.7413]}},{"type":"Feature","properties":{"NAME_CH":"江陵县","TYPE_CH":"县","PRES_LOC":"今湖北江陵县","BEG_YR":23,"END_YR":1911},"geometry":{"type":"Point","coordinates":[112.1908,30.3504]}},{"type":"Feature","properties":{"NAME_CH":"公安县","TYPE_CH":"县","PRES_LOC":"今湖北公安县斗湖堤","BEG_YR":557,"END_YR":1627},"geometry":{"type":"Point","coordinates":[112.2265,30.0575]}},{"type":"Feature","properties":{"NAME_CH":"石首县","TYPE_CH":"县","PRES_LOC":"今湖北石首市","BEG_YR":1086,"END_YR":1911},"geometry":{"type":"Point","coordinates":[112.4065,29.7243]}},{"type":"Feature","properties":{"NAME_CH":"监利县","TYPE_CH":"县","PRES_LOC":"今湖北监利县","BEG_YR":1275,"END_YR":1911},"geometry":{"type":"Point","coordinates":[112.9003,29.8158]}},{"type":"Feature","properties":{"NAME_CH":"松滋县","TYPE_CH":"县","PRES_LOC":"今湖北松滋县西北老城镇","BEG_YR":337,"END_YR":1911},"geometry":{"type":"Point","coordinates":[111.7141,30.3457]}},{"type":"Feature","properties":{"NAME_CH":"枝江县","TYPE_CH":"县","PRES_LOC":"今湖北枝城市东南枝城镇","BEG_YR":1380,"END_YR":1911},"geometry":{"type":"Point","coordinates":[111.5012,30.296]}},{"type":"Feature","properties":{"NAME_CH":"宜都县","TYPE_CH":"县","PRES_LOC":"今湖北枝城市","BEG_YR":619,"END_YR":1911},"geometry":{"type":"Point","coordinates":[111.4579,30.3924]}},{"type":"Feature","properties":{"NAME_CH":"临桂县","TYPE_CH":"县","PRES_LOC":"今广西桂林市","BEG_YR":757,"END_YR":1911},"geometry":{"type":"Point","coordinates":[110.2863,25.2801]}},{"type":"Feature","properties":{"NAME_CH":"灵川县","TYPE_CH":"县","PRES_LOC":"今广西灵川县东北三街镇","BEG_YR":662,"END_YR":1911},"geometry":{"type":"Point","coordinates":[110.3837,25.4632]}},{"type":"Feature","properties":{"NAME_CH":"阳朔县","TYPE_CH":"县","PRES_LOC":"今广西阳朔县","BEG_YR":825,"END_YR":1911},"geometry":{"type":"Point","coordinates":[110.4836,24.7778]}},{"type":"Feature","properties":{"NAME_CH":"古县","TYPE_CH":"县","PRES_LOC":"今广西永福县西北旧县村","BEG_YR":1368,"END_YR":1380},"geometry":{"type":"Point","coordinates":[109.7498,25.1235]}},{"type":"Feature","properties":{"NAME_CH":"永宁州","TYPE_CH":"州","PRES_LOC":"今广西永福县西北寿城镇","BEG_YR":1571,"END_YR":1911},"geometry":{"type":"Point","coordinates":[109.7667,25.1678]}},{"type":"Feature","properties":{"NAME_CH":"永宁州","TYPE_CH":"州","PRES_LOC":"今山西离石市","BEG_YR":1567,"END_YR":1911},"geometry":{"type":"Point","coordinates":[111.1352,37.5101]}},{"type":"Feature","properties":{"NAME_CH":"永宁州","TYPE_CH":"州","PRES_LOC":"今贵州省关岭县永宁北十里","BEG_YR":1278,"END_YR":1531},"geometry":{"type":"Point","coordinates":[105.4862,25.9487]}},{"type":"Feature","properties":{"NAME_CH":"理定县","TYPE_CH":"县","PRES_LOC":"今广西鹿寨县西北里定村","BEG_YR":1128,"END_YR":1439},"geometry":{"type":"Point","coordinates":[109.8542,24.7798]}},{"type":"Feature","properties":{"NAME_CH":"义宁县","TYPE_CH":"县","PRES_LOC":"今广西临桂县西北五通镇","BEG_YR":972,"END_YR":1911},"geometry":{"type":"Point","coordinates":[110.0633,25.3754]}},{"type":"Feature","properties":{"NAME_CH":"马平县","TYPE_CH":"县","PRES_LOC":"今广西柳州市","BEG_YR":502,"END_YR":1911},"geometry":{"type":"Point","coordinates":[109.4044,24.31]}},{"type":"Feature","properties":{"NAME_CH":"洛容县","TYPE_CH":"县","PRES_LOC":"今广西鹿寨县北中渡镇","BEG_YR":1464,"END_YR":1575},"geometry":{"type":"Point","coordinates":[109.694,24.6746]}},{"type":"Feature","properties":{"NAME_CH":"雒容县","TYPE_CH":"县","PRES_LOC":"今广西鹿寨县西南雒容镇","BEG_YR":1644,"END_YR":1911},"geometry":{"type":"Point","coordinates":[109.6091,24.4145]}},{"type":"Feature","properties":{"NAME_CH":"柳城县","TYPE_CH":"县","PRES_LOC":"今广西柳城县南凤山镇","BEG_YR":1368,"END_YR":1911},"geometry":{"type":"Point","coordinates":[109.2601,24.5273]}},{"type":"Feature","properties":{"NAME_CH":"罗城县","TYPE_CH":"县","PRES_LOC":"今广西罗城县","BEG_YR":1369,"END_YR":1911},"geometry":{"type":"Point","coordinates":[108.8985,24.7813]}},{"type":"Feature","properties":{"NAME_CH":"融水县","TYPE_CH":"县","PRES_LOC":"今广西融水县","BEG_YR":623,"END_YR":1368},"geometry":{"type":"Point","coordinates":[109.2485,25.0654]}},{"type":"Feature","properties":{"NAME_CH":"融州","TYPE_CH":"州","PRES_LOC":"今广西融水县","BEG_YR":1369,"END_YR":1376},"geometry":{"type":"Point","coordinates":[109.2485,25.0654]}},{"type":"Feature","properties":{"NAME_CH":"融县","TYPE_CH":"县","PRES_LOC":"今广西融水县","BEG_YR":1377,"END_YR":1911},"geometry":{"type":"Point","coordinates":[109.2485,25.0654]}},{"type":"Feature","properties":{"NAME_CH":"象州","TYPE_CH":"州","PRES_LOC":"今广西象州县","BEG_YR":1369,"END_YR":1911},"geometry":{"type":"Point","coordinates":[109.6825,23.9581]}},{"type":"Feature","properties":{"NAME_CH":"阳寿县","TYPE_CH":"县","PRES_LOC":"今广西象州县","BEG_YR":591,"END_YR":1368},"geometry":{"type":"Point","coordinates":[109.6825,23.9581]}},{"type":"Feature","properties":{"NAME_CH":"来宾县","TYPE_CH":"县","PRES_LOC":"今广西来宾县东南旧来宾","BEG_YR":743,"END_YR":1911},"geometry":{"type":"Point","coordinates":[109.2764,23.6813]}},{"type":"Feature","properties":{"NAME_CH":"宣化县","TYPE_CH":"县","PRES_LOC":"今广西南宁市","BEG_YR":1051,"END_YR":1911},"geometry":{"type":"Point","coordinates":[108.3121,22.8061]}},{"type":"Feature","properties":{"NAME_CH":"武缘县","TYPE_CH":"县","PRES_LOC":"今广西武鸣县","BEG_YR":1035,"END_YR":1911},"geometry":{"type":"Point","coordinates":[108.2763,23.1668]}},{"type":"Feature","properties":{"NAME_CH":"隆安县","TYPE_CH":"县","PRES_LOC":"今广西隆安县","BEG_YR":1533,"END_YR":1911},"geometry":{"type":"Point","coordinates":[107.685,23.1782]}},{"type":"Feature","properties":{"NAME_CH":"宁普县","TYPE_CH":"县","PRES_LOC":"今广西横县","BEG_YR":756,"END_YR":1368},"geometry":{"type":"Point","coordinates":[109.267,22.693]}},{"type":"Feature","properties":{"NAME_CH":"横州","TYPE_CH":"州","PRES_LOC":"今广西横县","BEG_YR":1380,"END_YR":1911},"geometry":{"type":"Point","coordinates":[109.267,22.693]}},{"type":"Feature","properties":{"NAME_CH":"横县","TYPE_CH":"县","PRES_LOC":"今广西横县","BEG_YR":1377,"END_YR":1379},"geometry":{"type":"Point","coordinates":[109.267,22.693]}},{"type":"Feature","properties":{"NAME_CH":"永淳县","TYPE_CH":"县","PRES_LOC":"今广西横县西峦城镇","BEG_YR":1398,"END_YR":1911},"geometry":{"type":"Point","coordinates":[108.9142,22.8046]}},{"type":"Feature","properties":{"NAME_CH":"新宁州","TYPE_CH":"州","PRES_LOC":"今广西扶绥县","BEG_YR":1572,"END_YR":1911},"geometry":{"type":"Point","coordinates":[107.9054,22.6433]}},{"type":"Feature","properties":{"NAME_CH":"果化土州","TYPE_CH":"土州","PRES_LOC":"今广西平果县西北果化镇","BEG_YR":972,"END_YR":1911},"geometry":{"type":"Point","coordinates":[107.4106,23.4177]}},{"type":"Feature","properties":{"NAME_CH":"忠州土州","TYPE_CH":"土州","PRES_LOC":"今广西扶绥县南偏西旧城","BEG_YR":1388,"END_YR":1911},"geometry":{"type":"Point","coordinates":[107.7797,22.3054]}},{"type":"Feature","properties":{"NAME_CH":"下雷土州","TYPE_CH":"土州","PRES_LOC":"今广西大新县西偏北下雷","BEG_YR":1590,"END_YR":1911},"geometry":{"type":"Point","coordinates":[106.7509,22.9136]}},{"type":"Feature","properties":{"NAME_CH":"上思州","TYPE_CH":"羁縻州","PRES_LOC":"今广西上思县","BEG_YR":1503,"END_YR":1891},"geometry":{"type":"Point","coordinates":[107.9788,22.1526]}},{"type":"Feature","properties":{"NAME_CH":"上石西州","TYPE_CH":"羁縻州","PRES_LOC":"今广西凭祥市东南上石镇","BEG_YR":1059,"END_YR":1397},"geometry":{"type":"Point","coordinates":[106.8321,22.0793]}},{"type":"Feature","properties":{"NAME_CH":"上石西州","TYPE_CH":"土州","PRES_LOC":"今广西凭祥市东南上石镇","BEG_YR":1404,"END_YR":1728},"geometry":{"type":"Point","coordinates":[106.8321,22.0793]}},{"type":"Feature","properties":{"NAME_CH":"下石西州","TYPE_CH":"羁縻州","PRES_LOC":"今广西凭祥市东旧州村","BEG_YR":1059,"END_YR":1609},"geometry":{"type":"Point","coordinates":[106.9017,22.1009]}},{"type":"Feature","properties":{"NAME_CH":"下石西州","TYPE_CH":"土州","PRES_LOC":"今广西凭祥市东夏石镇","BEG_YR":1610,"END_YR":1911},"geometry":{"type":"Point","coordinates":[106.8945,22.1257]}},{"type":"Feature","properties":{"NAME_CH":"思明州","TYPE_CH":"羁縻州","PRES_LOC":"今广西宁明县","BEG_YR":667,"END_YR":1719},"geometry":{"type":"Point","coordinates":[107.0628,22.1384]}},{"type":"Feature","properties":{"NAME_CH":"万承州","TYPE_CH":"羁縻州","PRES_LOC":"今广西大新县东北龙门乡","BEG_YR":667,"END_YR":1911},"geometry":{"type":"Point","coordinates":[107.3109,22.9036]}},{"type":"Feature","properties":{"NAME_CH":"左州","TYPE_CH":"羁縻州","PRES_LOC":"今广西崇左县东北左州镇","BEG_YR":1520,"END_YR":1911},"geometry":{"type":"Point","coordinates":[107.4908,22.6922]}},{"type":"Feature","properties":{"NAME_CH":"归德州","TYPE_CH":"羁縻州","PRES_LOC":"今广西平果县东北归德村","BEG_YR":1131,"END_YR":1911},"geometry":{"type":"Point","coordinates":[107.6833,23.4237]}},{"type":"Feature","properties":{"NAME_CH":"平乐县","TYPE_CH":"县","PRES_LOC":"今广西平乐县西恭城河北岸","BEG_YR":265,"END_YR":1603},"geometry":{"type":"Point","coordinates":[110.6349,24.6423]}},{"type":"Feature","properties":{"NAME_CH":"恭城县","TYPE_CH":"县","PRES_LOC":"今广西恭城县","BEG_YR":621,"END_YR":1911},"geometry":{"type":"Point","coordinates":[110.822,24.833]}},{"type":"Feature","properties":{"NAME_CH":"富川县","TYPE_CH":"县","PRES_LOC":"今广西富川县","BEG_YR":1396,"END_YR":1911},"geometry":{"type":"Point","coordinates":[111.2651,24.8242]}},{"type":"Feature","properties":{"NAME_CH":"临贺县","TYPE_CH":"县","PRES_LOC":"今广西贺县东南贺街镇","BEG_YR":616,"END_YR":1368},"geometry":{"type":"Point","coordinates":[111.6589,24.3368]}},{"type":"Feature","properties":{"NAME_CH":"贺县","TYPE_CH":"县","PRES_LOC":"今广西贺县东南贺街镇","BEG_YR":1377,"END_YR":1911},"geometry":{"type":"Point","coordinates":[111.6589,24.3368]}},{"type":"Feature","properties":{"NAME_CH":"荔浦县","TYPE_CH":"县","PRES_LOC":"今广西荔浦县","BEG_YR":-111,"END_YR":1911},"geometry":{"type":"Point","coordinates":[110.3912,24.496]}},{"type":"Feature","properties":{"NAME_CH":"修仁县","TYPE_CH":"县","PRES_LOC":"今广西荔浦县西南修仁镇","BEG_YR":1450,"END_YR":1911},"geometry":{"type":"Point","coordinates":[110.2415,24.4205]}},{"type":"Feature","properties":{"NAME_CH":"龙平县","TYPE_CH":"县","PRES_LOC":"今广西昭平县","BEG_YR":1179,"END_YR":1384},"geometry":{"type":"Point","coordinates":[110.8036,24.1691]}},{"type":"Feature","properties":{"NAME_CH":"昭平县","TYPE_CH":"县","PRES_LOC":"今广西昭平县","BEG_YR":1576,"END_YR":1911},"geometry":{"type":"Point","coordinates":[110.8036,24.1691]}},{"type":"Feature","properties":{"NAME_CH":"立山县","TYPE_CH":"县","PRES_LOC":"今广西蒙山县东南古眉村","BEG_YR":622,"END_YR":1384},"geometry":{"type":"Point","coordinates":[110.5758,24.115]}},{"type":"Feature","properties":{"NAME_CH":"永安州","TYPE_CH":"州","PRES_LOC":"今广西蒙山县","BEG_YR":1477,"END_YR":1911},"geometry":{"type":"Point","coordinates":[110.5198,24.2032]}},{"type":"Feature","properties":{"NAME_CH":"宜山县","TYPE_CH":"县","PRES_LOC":"今广西宜山县","BEG_YR":1119,"END_YR":1911},"geometry":{"type":"Point","coordinates":[108.6559,24.4907]}},{"type":"Feature","properties":{"NAME_CH":"天河县","TYPE_CH":"县","PRES_LOC":"今广西罗城县西天河镇","BEG_YR":1442,"END_YR":1533},"geometry":{"type":"Point","coordinates":[108.6952,24.7776]}},{"type":"Feature","properties":{"NAME_CH":"河池县","TYPE_CH":"县","PRES_LOC":"今广西河池市西河池镇","BEG_YR":1127,"END_YR":1503},"geometry":{"type":"Point","coordinates":[107.8444,24.7032]}},{"type":"Feature","properties":{"NAME_CH":"河池州","TYPE_CH":"州","PRES_LOC":"今广西河池市西河池镇","BEG_YR":1504,"END_YR":1911},"geometry":{"type":"Point","coordinates":[107.8444,24.7032]}},{"type":"Feature","properties":{"NAME_CH":"思恩县","TYPE_CH":"县","PRES_LOC":"今广西环江县","BEG_YR":1472,"END_YR":1911},"geometry":{"type":"Point","coordinates":[108.2564,24.8296]}},{"type":"Feature","properties":{"NAME_CH":"安化州","TYPE_CH":"羁縻州","PRES_LOC":"广西环江县东北东兴乡","BEG_YR":1017,"END_YR":1368},"geometry":{"type":"Point","coordinates":[108.5354,25.1721]}},{"type":"Feature","properties":{"NAME_CH":"东兰州","TYPE_CH":"羁縻州","PRES_LOC":"今广西东兰县","BEG_YR":1297,"END_YR":1911},"geometry":{"type":"Point","coordinates":[107.3726,24.5206]}},{"type":"Feature","properties":{"NAME_CH":"文州","TYPE_CH":"羁縻州","PRES_LOC":"今广西巴马县西北盘阳乡","BEG_YR":1134,"END_YR":1378},"geometry":{"type":"Point","coordinates":[107.2251,24.2144]}},{"type":"Feature","properties":{"NAME_CH":"东兰土州","TYPE_CH":"土州","PRES_LOC":"今广西凤山县","BEG_YR":1297,"END_YR":1911},"geometry":{"type":"Point","coordinates":[107.0479,24.543]}},{"type":"Feature","properties":{"NAME_CH":"那地州","TYPE_CH":"羁縻州","PRES_LOC":"今广西南丹县西南那地村","BEG_YR":1368,"END_YR":1911},"geometry":{"type":"Point","coordinates":[107.3976,24.8182]}},{"type":"Feature","properties":{"NAME_CH":"南丹州","TYPE_CH":"羁縻州","PRES_LOC":"今广西南丹县","BEG_YR":1445,"END_YR":1911},"geometry":{"type":"Point","coordinates":[107.5348,24.9836]}},{"type":"Feature","properties":{"NAME_CH":"南丹卫","TYPE_CH":"卫","PRES_LOC":"今广西上林县东北三里镇","BEG_YR":1580,"END_YR":1644},"geometry":{"type":"Point","coordinates":[108.7278,23.5264]}},{"type":"Feature","properties":{"NAME_CH":"南丹卫","TYPE_CH":"卫","PRES_LOC":"今广西宾阳县东北新宾镇","BEG_YR":1441,"END_YR":1579},"geometry":{"type":"Point","coordinates":[108.8284,23.2438]}},{"type":"Feature","properties":{"NAME_CH":"忻城县","TYPE_CH":"县","PRES_LOC":"今广西忻城县","BEG_YR":638,"END_YR":1911},"geometry":{"type":"Point","coordinates":[108.6605,24.064]}},{"type":"Feature","properties":{"NAME_CH":"永顺司","TYPE_CH":"长官司","PRES_LOC":"今广西都安县北永顺村","BEG_YR":1492,"END_YR":1911},"geometry":{"type":"Point","coordinates":[108.0986,24.3841]}},{"type":"Feature","properties":{"NAME_CH":"永定司","TYPE_CH":"长官司","PRES_LOC":"今广西宜山县南石别镇","BEG_YR":1492,"END_YR":1911},"geometry":{"type":"Point","coordinates":[108.6124,24.3123]}},{"type":"Feature","properties":{"NAME_CH":"永安司","TYPE_CH":"长官司","PRES_LOC":"今广西宜山县东北后甫村","BEG_YR":1496,"END_YR":1651},"geometry":{"type":"Point","coordinates":[108.7533,24.5787]}},{"type":"Feature","properties":{"NAME_CH":"荔波县","TYPE_CH":"县","PRES_LOC":"今贵州荔波县","BEG_YR":1384,"END_YR":1731},"geometry":{"type":"Point","coordinates":[107.8784,25.4144]}},{"type":"Feature","properties":{"NAME_CH":"思恩州","TYPE_CH":"羁縻州","PRES_LOC":"今广西平果县东北旧城镇","BEG_YR":711,"END_YR":1403},"geometry":{"type":"Point","coordinates":[107.6782,23.5636]}},{"type":"Feature","properties":{"NAME_CH":"宾州","TYPE_CH":"州","PRES_LOC":"今广西宾阳县东北新宾镇","BEG_YR":1369,"END_YR":1724},"geometry":{"type":"Point","coordinates":[108.8284,23.2438]}},{"type":"Feature","properties":{"NAME_CH":"迁江所","TYPE_CH":"所","PRES_LOC":"今广西来宾县西南迁江镇","BEG_YR":1392,"END_YR":1527},"geometry":{"type":"Point","coordinates":[108.9687,23.6236]}},{"type":"Feature","properties":{"NAME_CH":"领方县","TYPE_CH":"县","PRES_LOC":"今广西宾阳县东北新宾镇","BEG_YR":973,"END_YR":1368},"geometry":{"type":"Point","coordinates":[108.8284,23.2438]}},{"type":"Feature","properties":{"NAME_CH":"迁江县","TYPE_CH":"县","PRES_LOC":"今广西来宾县西南迁江镇","BEG_YR":1390,"END_YR":1911},"geometry":{"type":"Point","coordinates":[108.9687,23.6236]}},{"type":"Feature","properties":{"NAME_CH":"上林县","TYPE_CH":"县","PRES_LOC":"今广西上林县","BEG_YR":621,"END_YR":1911},"geometry":{"type":"Point","coordinates":[108.5911,23.4422]}},{"type":"Feature","properties":{"NAME_CH":"田州","TYPE_CH":"州","PRES_LOC":"今广西田东县东北那赫村","BEG_YR":1528,"END_YR":1528},"geometry":{"type":"Point","coordinates":[107.3351,23.9021]}},{"type":"Feature","properties":{"NAME_CH":"上隆州","TYPE_CH":"州","PRES_LOC":"今广西百色市东北那州村","BEG_YR":1208,"END_YR":1466},"geometry":{"type":"Point","coordinates":[106.8311,24.0595]}},{"type":"Feature","properties":{"NAME_CH":"思诚州","TYPE_CH":"羁縻州","PRES_LOC":"今广西大新县西南恩城镇","BEG_YR":667,"END_YR":1368},"geometry":{"type":"Point","coordinates":[107.0898,22.7477]}},{"type":"Feature","properties":{"NAME_CH":"思城州","TYPE_CH":"羁縻州","PRES_LOC":"今广西大新县西南恩城镇","BEG_YR":1369,"END_YR":1732},"geometry":{"type":"Point","coordinates":[107.0898,22.7477]}},{"type":"Feature","properties":{"NAME_CH":"上林土县","TYPE_CH":"县","PRES_LOC":"今广西田东县东南远街村","BEG_YR":971,"END_YR":1911},"geometry":{"type":"Point","coordinates":[107.3337,23.484]}},{"type":"Feature","properties":{"NAME_CH":"泗城州","TYPE_CH":"羁縻州","PRES_LOC":"今广西凌云县西南朝里乡","BEG_YR":1049,"END_YR":1372},"geometry":{"type":"Point","coordinates":[106.4901,24.2446]}},{"type":"Feature","properties":{"NAME_CH":"利州","TYPE_CH":"羁縻州","PRES_LOC":"今广西田林县东北利周乡","BEG_YR":1278,"END_YR":1373},"geometry":{"type":"Point","coordinates":[106.3285,24.312]}},{"type":"Feature","properties":{"NAME_CH":"唐兴州","TYPE_CH":"州","PRES_LOC":"今广西百色市西北塘兴村","BEG_YR":1131,"END_YR":1373},"geometry":{"type":"Point","coordinates":[106.5023,24.0735]}},{"type":"Feature","properties":{"NAME_CH":"程县","TYPE_CH":"县","PRES_LOC":"今广西天峨县西北向阳镇","BEG_YR":1388,"END_YR":1521},"geometry":{"type":"Point","coordinates":[106.9489,25.0445]}},{"type":"Feature","properties":{"NAME_CH":"路城州","TYPE_CH":"羁縻州","PRES_LOC":"今广西田林县西北潞城乡","BEG_YR":1297,"END_YR":1565},"geometry":{"type":"Point","coordinates":[106.0899,24.4319]}},{"type":"Feature","properties":{"NAME_CH":"罗博州","TYPE_CH":"羁縻州","PRES_LOC":"今广西凤山县西南平乐乡","BEG_YR":1131,"END_YR":1383},"geometry":{"type":"Point","coordinates":[106.9625,24.4717]}},{"type":"Feature","properties":{"NAME_CH":"崇善县","TYPE_CH":"县","PRES_LOC":"今广西崇左县西北新和镇","BEG_YR":972,"END_YR":1539},"geometry":{"type":"Point","coordinates":[107.2181,22.5639]}},{"type":"Feature","properties":{"NAME_CH":"养利州","TYPE_CH":"州","PRES_LOC":"今广西大新县北上叫村","BEG_YR":972,"END_YR":1911},"geometry":{"type":"Point","coordinates":[107.2144,22.8812]}},{"type":"Feature","properties":{"NAME_CH":"永康州","TYPE_CH":"州","PRES_LOC":"今广西扶绥县北中东镇","BEG_YR":1600,"END_YR":1911},"geometry":{"type":"Point","coordinates":[107.8342,22.8322]}},{"type":"Feature","properties":{"NAME_CH":"思同州","TYPE_CH":"羁縻州","PRES_LOC":"今广西扶绥县西北思同村","BEG_YR":667,"END_YR":1599},"geometry":{"type":"Point","coordinates":[107.7813,22.8261]}},{"type":"Feature","properties":{"NAME_CH":"思明土府","TYPE_CH":"土府","PRES_LOC":"今广西宁明县东明江镇","BEG_YR":1644,"END_YR":1732},"geometry":{"type":"Point","coordinates":[107.133,22.1203]}},{"type":"Feature","properties":{"NAME_CH":"思明土州","TYPE_CH":"土州","PRES_LOC":"今广西宁明县","BEG_YR":1287,"END_YR":1719},"geometry":{"type":"Point","coordinates":[107.0628,22.1384]}},{"type":"Feature","properties":{"NAME_CH":"太平州","TYPE_CH":"羁縻州","PRES_LOC":"今广西大新县南旧州村","BEG_YR":1049,"END_YR":1670},"geometry":{"type":"Point","coordinates":[107.1158,22.6388]}},{"type":"Feature","properties":{"NAME_CH":"茗盈州","TYPE_CH":"羁縻州","PRES_LOC":"今广西大新县北茗盈村","BEG_YR":972,"END_YR":1911},"geometry":{"type":"Point","coordinates":[107.1969,22.9254]}},{"type":"Feature","properties":{"NAME_CH":"全茗州","TYPE_CH":"羁縻州","PRES_LOC":"今广西大新县北全茗镇","BEG_YR":972,"END_YR":1911},"geometry":{"type":"Point","coordinates":[107.1734,22.924]}},{"type":"Feature","properties":{"NAME_CH":"龙英州","TYPE_CH":"羁縻州","PRES_LOC":"今广西天等县西南龙茗镇","BEG_YR":1279,"END_YR":1911},"geometry":{"type":"Point","coordinates":[107.0184,22.981]}},{"type":"Feature","properties":{"NAME_CH":"佶伦州","TYPE_CH":"羁縻州","PRES_LOC":"今广西天等县东北进结镇","BEG_YR":1292,"END_YR":1911},"geometry":{"type":"Point","coordinates":[107.2774,23.24]}},{"type":"Feature","properties":{"NAME_CH":"结安州","TYPE_CH":"羁縻州","PRES_LOC":"今广西天等县东北结安村","BEG_YR":1292,"END_YR":1911},"geometry":{"type":"Point","coordinates":[107.2645,23.2093]}},{"type":"Feature","properties":{"NAME_CH":"镇远州","TYPE_CH":"羁縻州","PRES_LOC":"今广西天等县北镇远乡","BEG_YR":972,"END_YR":1911},"geometry":{"type":"Point","coordinates":[107.2251,23.2594]}},{"type":"Feature","properties":{"NAME_CH":"都结州","TYPE_CH":"羁縻州","PRES_LOC":"今广西隆安县西都结乡","BEG_YR":1292,"END_YR":1911},"geometry":{"type":"Point","coordinates":[107.4644,23.1929]}},{"type":"Feature","properties":{"NAME_CH":"思陵州","TYPE_CH":"羁縻州","PRES_LOC":"今广西宁明县南思陵村","BEG_YR":667,"END_YR":1369},"geometry":{"type":"Point","coordinates":[107.1273,21.8465]}},{"type":"Feature","properties":{"NAME_CH":"思陵州","TYPE_CH":"土州","PRES_LOC":"今广西宁明县南思陵村","BEG_YR":1644,"END_YR":1911},"geometry":{"type":"Point","coordinates":[107.1273,21.8465]}},{"type":"Feature","properties":{"NAME_CH":"江州","TYPE_CH":"羁縻州","PRES_LOC":"今广西崇左县南江州镇","BEG_YR":972,"END_YR":1386},"geometry":{"type":"Point","coordinates":[107.3828,22.3166]}},{"type":"Feature","properties":{"NAME_CH":"江州","TYPE_CH":"土州","PRES_LOC":"今广西崇左县南江州镇","BEG_YR":1644,"END_YR":1911},"geometry":{"type":"Point","coordinates":[107.3828,22.3166]}},{"type":"Feature","properties":{"NAME_CH":"上下冻州","TYPE_CH":"州","PRES_LOC":"今广西龙州县西北下冻镇","BEG_YR":1283,"END_YR":1911},"geometry":{"type":"Point","coordinates":[106.6955,22.3897]}},{"type":"Feature","properties":{"NAME_CH":"凭祥县","TYPE_CH":"县","PRES_LOC":"今广西凭祥市","BEG_YR":1404,"END_YR":1481},"geometry":{"type":"Point","coordinates":[106.7543,22.112]}},{"type":"Feature","properties":{"NAME_CH":"凭祥州","TYPE_CH":"州","PRES_LOC":"今广西凭祥市","BEG_YR":1644,"END_YR":1909},"geometry":{"type":"Point","coordinates":[106.7543,22.112]}},{"type":"Feature","properties":{"NAME_CH":"罗白县","TYPE_CH":"县","PRES_LOC":"今广西崇左县东南罗白乡","BEG_YR":972,"END_YR":1911},"geometry":{"type":"Point","coordinates":[107.5178,22.3275]}},{"type":"Feature","properties":{"NAME_CH":"罗阳县","TYPE_CH":"县","PRES_LOC":"今广西扶绥县北旧城村","BEG_YR":972,"END_YR":1911},"geometry":{"type":"Point","coordinates":[107.8676,22.8127]}},{"type":"Feature","properties":{"NAME_CH":"陀陵县","TYPE_CH":"县","PRES_LOC":"今广西崇左县东北驮卢镇","BEG_YR":972,"END_YR":1687},"geometry":{"type":"Point","coordinates":[107.6411,22.6633]}},{"type":"Feature","properties":{"NAME_CH":"龙州","TYPE_CH":"州","PRES_LOC":"今广西龙州县治","BEG_YR":1369,"END_YR":1377},"geometry":{"type":"Point","coordinates":[106.8504,22.3517]}},{"type":"Feature","properties":{"NAME_CH":"苍梧县","TYPE_CH":"县","PRES_LOC":"今广西梧州市","BEG_YR":590,"END_YR":1911},"geometry":{"type":"Point","coordinates":[111.3086,23.4869]}},{"type":"Feature","properties":{"NAME_CH":"镡津县","TYPE_CH":"县","PRES_LOC":"今广西藤县","BEG_YR":973,"END_YR":1368},"geometry":{"type":"Point","coordinates":[110.9043,23.3731]}},{"type":"Feature","properties":{"NAME_CH":"藤县","TYPE_CH":"县","PRES_LOC":"今广西藤县","BEG_YR":1377,"END_YR":1911},"geometry":{"type":"Point","coordinates":[110.9043,23.3731]}},{"type":"Feature","properties":{"NAME_CH":"容州","TYPE_CH":"州","PRES_LOC":"今广西容县","BEG_YR":1369,"END_YR":1376},"geometry":{"type":"Point","coordinates":[110.551,22.8636]}},{"type":"Feature","properties":{"NAME_CH":"容县","TYPE_CH":"县","PRES_LOC":"今广西容县","BEG_YR":1377,"END_YR":1911},"geometry":{"type":"Point","coordinates":[110.551,22.8636]}},{"type":"Feature","properties":{"NAME_CH":"岑溪县","TYPE_CH":"县","PRES_LOC":"今广西岑溪县","BEG_YR":973,"END_YR":1911},"geometry":{"type":"Point","coordinates":[111.0008,22.9291]}},{"type":"Feature","properties":{"NAME_CH":"怀集县","TYPE_CH":"县","PRES_LOC":"今广东省怀集县","BEG_YR":590,"END_YR":1911},"geometry":{"type":"Point","coordinates":[112.1792,23.9122]}},{"type":"Feature","properties":{"NAME_CH":"桂平县","TYPE_CH":"县","PRES_LOC":"今广西桂平县","BEG_YR":1056,"END_YR":1911},"geometry":{"type":"Point","coordinates":[110.0717,23.3946]}},{"type":"Feature","properties":{"NAME_CH":"武靖州","TYPE_CH":"州","PRES_LOC":"今广西桂平县东北金田镇","BEG_YR":1467,"END_YR":1618},"geometry":{"type":"Point","coordinates":[110.1178,23.5913]}},{"type":"Feature","properties":{"NAME_CH":"平南县","TYPE_CH":"县","PRES_LOC":"今广西平南县","BEG_YR":633,"END_YR":1911},"geometry":{"type":"Point","coordinates":[110.3947,23.55]}},{"type":"Feature","properties":{"NAME_CH":"贵县","TYPE_CH":"县","PRES_LOC":"今广西贵港市","BEG_YR":1369,"END_YR":1911},"geometry":{"type":"Point","coordinates":[109.6084,23.0991]}},{"type":"Feature","properties":{"NAME_CH":"武仙县","TYPE_CH":"县","PRES_LOC":"今广西武宣县东南旧县村","BEG_YR":621,"END_YR":1430},"geometry":{"type":"Point","coordinates":[109.7062,23.5639]}},{"type":"Feature","properties":{"NAME_CH":"武宣县","TYPE_CH":"县","PRES_LOC":"今广西武宣县","BEG_YR":1431,"END_YR":1911},"geometry":{"type":"Point","coordinates":[109.655,23.5967]}},{"type":"Feature","properties":{"NAME_CH":"博白县","TYPE_CH":"县","PRES_LOC":"今广西博白县","BEG_YR":621,"END_YR":1911},"geometry":{"type":"Point","coordinates":[109.9714,22.2759]}},{"type":"Feature","properties":{"NAME_CH":"郁林州","TYPE_CH":"州","PRES_LOC":"今广西玉林市","BEG_YR":1369,"END_YR":1724},"geometry":{"type":"Point","coordinates":[110.1459,22.6321]}},{"type":"Feature","properties":{"NAME_CH":"南流县","TYPE_CH":"县","PRES_LOC":"今广西玉林市","BEG_YR":621,"END_YR":1368},"geometry":{"type":"Point","coordinates":[110.1459,22.6321]}},{"type":"Feature","properties":{"NAME_CH":"北流县","TYPE_CH":"县","PRES_LOC":"今广西北流县","BEG_YR":590,"END_YR":1911},"geometry":{"type":"Point","coordinates":[110.3475,22.7142]}},{"type":"Feature","properties":{"NAME_CH":"陆川县","TYPE_CH":"县","PRES_LOC":"今广西陆川县","BEG_YR":994,"END_YR":1911},"geometry":{"type":"Point","coordinates":[110.2668,22.3253]}},{"type":"Feature","properties":{"NAME_CH":"兴业县","TYPE_CH":"县","PRES_LOC":"今广西玉林市西北旧县村","BEG_YR":665,"END_YR":1911},"geometry":{"type":"Point","coordinates":[109.8537,22.7365]}},{"type":"Feature","properties":{"NAME_CH":"奉议州","TYPE_CH":"州","PRES_LOC":"今广西田阳县西南旧城村","BEG_YR":1527,"END_YR":1911},"geometry":{"type":"Point","coordinates":[106.8919,23.7228]}},{"type":"Feature","properties":{"NAME_CH":"归顺州","TYPE_CH":"州","PRES_LOC":"今广西靖西县南旧州圩村","BEG_YR":1496,"END_YR":1521},"geometry":{"type":"Point","coordinates":[106.4138,23.0599]}},{"type":"Feature","properties":{"NAME_CH":"向武州","TYPE_CH":"州","PRES_LOC":"今广西天等县西北向都镇","BEG_YR":1314,"END_YR":1395},"geometry":{"type":"Point","coordinates":[106.9602,23.2342]}},{"type":"Feature","properties":{"NAME_CH":"向武所","TYPE_CH":"千户所","PRES_LOC":"今广西天等县西北向都镇","BEG_YR":1395,"END_YR":1399},"geometry":{"type":"Point","coordinates":[106.9602,23.2342]}},{"type":"Feature","properties":{"NAME_CH":"向武土州","TYPE_CH":"土州","PRES_LOC":"今广西天等县西北向都镇","BEG_YR":1644,"END_YR":1911},"geometry":{"type":"Point","coordinates":[106.9602,23.2342]}},{"type":"Feature","properties":{"NAME_CH":"富劳县","TYPE_CH":"县","PRES_LOC":"今广西田东县东南县屯村","BEG_YR":1402,"END_YR":1591},"geometry":{"type":"Point","coordinates":[107.1867,23.442]}},{"type":"Feature","properties":{"NAME_CH":"武林县","TYPE_CH":"县","PRES_LOC":"今广西天等县西北坡州村","BEG_YR":1280,"END_YR":1402},"geometry":{"type":"Point","coordinates":[106.9924,23.2619]}},{"type":"Feature","properties":{"NAME_CH":"都康州","TYPE_CH":"州","PRES_LOC":"今广西天等县西北都康乡","BEG_YR":1131,"END_YR":1386},"geometry":{"type":"Point","coordinates":[107.0844,23.1084]}},{"type":"Feature","properties":{"NAME_CH":"上映州","TYPE_CH":"州","PRES_LOC":"今广西天等县西上映乡","BEG_YR":1604,"END_YR":1911},"geometry":{"type":"Point","coordinates":[106.9445,23.0801]}},{"type":"Feature","properties":{"NAME_CH":"祥符县","TYPE_CH":"县","PRES_LOC":"今河南开封市","BEG_YR":1009,"END_YR":1911},"geometry":{"type":"Point","coordinates":[114.3433,34.7855]}},{"type":"Feature","properties":{"NAME_CH":"陈留县","TYPE_CH":"县","PRES_LOC":"今河南开封县东南陈留镇","BEG_YR":688,"END_YR":1911},"geometry":{"type":"Point","coordinates":[114.5245,34.6732]}},{"type":"Feature","properties":{"NAME_CH":"杞县","TYPE_CH":"县","PRES_LOC":"今河南杞县","BEG_YR":1126,"END_YR":1911},"geometry":{"type":"Point","coordinates":[114.7745,34.5535]}},{"type":"Feature","properties":{"NAME_CH":"通许县","TYPE_CH":"县","PRES_LOC":"今河南通许县","BEG_YR":1182,"END_YR":1911},"geometry":{"type":"Point","coordinates":[114.4591,34.475]}},{"type":"Feature","properties":{"NAME_CH":"洧川县","TYPE_CH":"县","PRES_LOC":"今河南尉氏县西南洧川镇","BEG_YR":1369,"END_YR":1911},"geometry":{"type":"Point","coordinates":[113.983,34.2881]}},{"type":"Feature","properties":{"NAME_CH":"鄢陵县","TYPE_CH":"县","PRES_LOC":"今河南鄢陵县","BEG_YR":587,"END_YR":1911},"geometry":{"type":"Point","coordinates":[114.1953,34.1074]}},{"type":"Feature","properties":{"NAME_CH":"中牟县","TYPE_CH":"县","PRES_LOC":"今河南中牟县","BEG_YR":1461,"END_YR":1911},"geometry":{"type":"Point","coordinates":[114.0263,34.7321]}},{"type":"Feature","properties":{"NAME_CH":"兰阳县","TYPE_CH":"县","PRES_LOC":"今河南兰考县","BEG_YR":1368,"END_YR":1824},"geometry":{"type":"Point","coordinates":[114.8101,34.8265]}},{"type":"Feature","properties":{"NAME_CH":"仪封县","TYPE_CH":"县","PRES_LOC":"今河南兰考县东仪封","BEG_YR":1389,"END_YR":1783},"geometry":{"type":"Point","coordinates":[114.9409,34.8194]}},{"type":"Feature","properties":{"NAME_CH":"荥阳县","TYPE_CH":"县","PRES_LOC":"今河南荥阳","BEG_YR":1086,"END_YR":1911},"geometry":{"type":"Point","coordinates":[113.3474,34.7831]}},{"type":"Feature","properties":{"NAME_CH":"成都县","TYPE_CH":"县","PRES_LOC":"今四川成都市旧城区","BEG_YR":-314,"END_YR":1911},"geometry":{"type":"Point","coordinates":[104.078,30.6504]}},{"type":"Feature","properties":{"NAME_CH":"华阳县","TYPE_CH":"县","PRES_LOC":"今四川成都市旧城区","BEG_YR":758,"END_YR":1669},"geometry":{"type":"Point","coordinates":[104.078,30.6504]}},{"type":"Feature","properties":{"NAME_CH":"郫县","TYPE_CH":"县","PRES_LOC":"今四川郫县治","BEG_YR":-314,"END_YR":1911},"geometry":{"type":"Point","coordinates":[103.8888,30.8071]}},{"type":"Feature","properties":{"NAME_CH":"双流县","TYPE_CH":"县","PRES_LOC":"今四川成都市双流县治","BEG_YR":1381,"END_YR":1661},"geometry":{"type":"Point","coordinates":[103.9233,30.5799]}},{"type":"Feature","properties":{"NAME_CH":"晋原县","TYPE_CH":"县","PRES_LOC":"今四川崇庆县治","BEG_YR":557,"END_YR":1376},"geometry":{"type":"Point","coordinates":[103.6726,30.6366]}},{"type":"Feature","properties":{"NAME_CH":"新津县","TYPE_CH":"县","PRES_LOC":"今四川新津县治","BEG_YR":583,"END_YR":1911},"geometry":{"type":"Point","coordinates":[103.8109,30.4235]}},{"type":"Feature","properties":{"NAME_CH":"新都县","TYPE_CH":"县","PRES_LOC":"今四川新都县治","BEG_YR":619,"END_YR":1911},"geometry":{"type":"Point","coordinates":[104.1605,30.8314]}},{"type":"Feature","properties":{"NAME_CH":"什邡县","TYPE_CH":"县","PRES_LOC":"今四川什邡县治","BEG_YR":1380,"END_YR":1911},"geometry":{"type":"Point","coordinates":[104.174,31.1343]}},{"type":"Feature","properties":{"NAME_CH":"雒县","TYPE_CH":"县","PRES_LOC":"今四川广汉县治（雒城镇）","BEG_YR":1362,"END_YR":1370},"geometry":{"type":"Point","coordinates":[104.2831,30.9813]}},{"type":"Feature","properties":{"NAME_CH":"蒙阳县","TYPE_CH":"县","PRES_LOC":"今四川彭县东南蒙阳镇","BEG_YR":677,"END_YR":1376},"geometry":{"type":"Point","coordinates":[104.1139,30.9583]}},{"type":"Feature","properties":{"NAME_CH":"彭县","TYPE_CH":"县","PRES_LOC":"今四川彭县治","BEG_YR":1377,"END_YR":1667},"geometry":{"type":"Point","coordinates":[103.9451,30.9919]}},{"type":"Feature","properties":{"NAME_CH":"新繁县","TYPE_CH":"县","PRES_LOC":"今四川新都县西北新凡镇","BEG_YR":1380,"END_YR":1911},"geometry":{"type":"Point","coordinates":[104.016,30.8766]}},{"type":"Feature","properties":{"NAME_CH":"温江县","TYPE_CH":"县","PRES_LOC":"今四川温江县治","BEG_YR":627,"END_YR":1911},"geometry":{"type":"Point","coordinates":[103.8306,30.7023]}},{"type":"Feature","properties":{"NAME_CH":"金堂县","TYPE_CH":"县","PRES_LOC":"今四川金堂县（赵镇）西旧金堂（城厢）","BEG_YR":1056,"END_YR":1911},"geometry":{"type":"Point","coordinates":[104.3172,30.8605]}},{"type":"Feature","properties":{"NAME_CH":"简州","TYPE_CH":"州","PRES_LOC":"今四川简阳县治","BEG_YR":1513,"END_YR":1911},"geometry":{"type":"Point","coordinates":[104.5504,30.3903]}},{"type":"Feature","properties":{"NAME_CH":"简县","TYPE_CH":"县","PRES_LOC":"今四川简阳县东二里沱江东岸东溪","BEG_YR":1373,"END_YR":1512},"geometry":{"type":"Point","coordinates":[104.5652,30.4032]}},{"type":"Feature","properties":{"NAME_CH":"奉节县","TYPE_CH":"县","PRES_LOC":"今四川奉节县治","BEG_YR":1380,"END_YR":1911},"geometry":{"type":"Point","coordinates":[109.5247,31.0547]}},{"type":"Feature","properties":{"NAME_CH":"巫山县","TYPE_CH":"县","PRES_LOC":"今四川巫山县治","BEG_YR":583,"END_YR":1911},"geometry":{"type":"Point","coordinates":[109.8889,31.0813]}},{"type":"Feature","properties":{"NAME_CH":"大昌县","TYPE_CH":"县","PRES_LOC":"今重庆市巫山县北大昌","BEG_YR":1380,"END_YR":1669},"geometry":{"type":"Point","coordinates":[109.797,31.2737]}},{"type":"Feature","properties":{"NAME_CH":"大宁州","TYPE_CH":"州","PRES_LOC":"今重庆市巫溪县治","BEG_YR":1283,"END_YR":1375},"geometry":{"type":"Point","coordinates":[109.6225,31.4061]}},{"type":"Feature","properties":{"NAME_CH":"大宁县","TYPE_CH":"县","PRES_LOC":"今重庆市巫溪县治","BEG_YR":1376,"END_YR":1666},"geometry":{"type":"Point","coordinates":[109.6225,31.4061]}},{"type":"Feature","properties":{"NAME_CH":"开州","TYPE_CH":"州","PRES_LOC":"今重庆市开县治","BEG_YR":1285,"END_YR":1372},"geometry":{"type":"Point","coordinates":[108.4195,31.1879]}},{"type":"Feature","properties":{"NAME_CH":"开州","TYPE_CH":"州","PRES_LOC":"今贵州省开阳县城","BEG_YR":1631,"END_YR":1911},"geometry":{"type":"Point","coordinates":[106.9674,27.0589]}},{"type":"Feature","properties":{"NAME_CH":"开州","TYPE_CH":"州","PRES_LOC":"今山东濮阳县驻地","BEG_YR":1114,"END_YR":1911},"geometry":{"type":"Point","coordinates":[115.0137,35.7051]}},{"type":"Feature","properties":{"NAME_CH":"开县","TYPE_CH":"县","PRES_LOC":"今重庆市开县治","BEG_YR":1373,"END_YR":1911},"geometry":{"type":"Point","coordinates":[108.4195,31.1879]}},{"type":"Feature","properties":{"NAME_CH":"云阳州","TYPE_CH":"州","PRES_LOC":"今重庆市云阳县治","BEG_YR":1283,"END_YR":1372},"geometry":{"type":"Point","coordinates":[108.8915,30.9669]}},{"type":"Feature","properties":{"NAME_CH":"云阳县","TYPE_CH":"县","PRES_LOC":"今重庆市云阳县治","BEG_YR":1373,"END_YR":1911},"geometry":{"type":"Point","coordinates":[108.8915,30.9669]}},{"type":"Feature","properties":{"NAME_CH":"万县","TYPE_CH":"县","PRES_LOC":"今重庆府万县市治","BEG_YR":1373,"END_YR":1911},"geometry":{"type":"Point","coordinates":[108.3736,30.8129]}},{"type":"Feature","properties":{"NAME_CH":"梁山县","TYPE_CH":"县","PRES_LOC":"今四川梁平县治","BEG_YR":965,"END_YR":1911},"geometry":{"type":"Point","coordinates":[107.789,30.6667]}},{"type":"Feature","properties":{"NAME_CH":"临江县","TYPE_CH":"县","PRES_LOC":"今重庆市忠县治","BEG_YR":23,"END_YR":1376},"geometry":{"type":"Point","coordinates":[108.0316,30.2986]}},{"type":"Feature","properties":{"NAME_CH":"忠州","TYPE_CH":"州","PRES_LOC":"今重庆市忠县治","BEG_YR":1377,"END_YR":1733},"geometry":{"type":"Point","coordinates":[108.0316,30.2986]}},{"type":"Feature","properties":{"NAME_CH":"丰都县","TYPE_CH":"县","PRES_LOC":"今重庆市丰都县治","BEG_YR":1131,"END_YR":1376},"geometry":{"type":"Point","coordinates":[107.7146,29.8874]}},{"type":"Feature","properties":{"NAME_CH":"酆都县","TYPE_CH":"县","PRES_LOC":"今重庆市丰都县治","BEG_YR":1380,"END_YR":1911},"geometry":{"type":"Point","coordinates":[107.7146,29.8874]}},{"type":"Feature","properties":{"NAME_CH":"垫江县","TYPE_CH":"县","PRES_LOC":"今重庆市垫江县治","BEG_YR":1362,"END_YR":1911},"geometry":{"type":"Point","coordinates":[107.3562,30.3237]}},{"type":"Feature","properties":{"NAME_CH":"南宾县","TYPE_CH":"县","PRES_LOC":"今重庆市丰都县城东南龙河镇","BEG_YR":619,"END_YR":1376},"geometry":{"type":"Point","coordinates":[107.9909,29.834]}},{"type":"Feature","properties":{"NAME_CH":"南充县","TYPE_CH":"县","PRES_LOC":"今四川南充市治","BEG_YR":1372,"END_YR":1911},"geometry":{"type":"Point","coordinates":[106.0807,30.799]}},{"type":"Feature","properties":{"NAME_CH":"阆中县","TYPE_CH":"县","PRES_LOC":"今四川阆中县治","BEG_YR":618,"END_YR":1911},"geometry":{"type":"Point","coordinates":[105.967,31.5832]}},{"type":"Feature","properties":{"NAME_CH":"南部县","TYPE_CH":"县","PRES_LOC":"今四川南部县治","BEG_YR":1380,"END_YR":1911},"geometry":{"type":"Point","coordinates":[106.0586,31.3596]}},{"type":"Feature","properties":{"NAME_CH":"苍溪县","TYPE_CH":"县","PRES_LOC":"今四川苍溪县治","BEG_YR":1380,"END_YR":1911},"geometry":{"type":"Point","coordinates":[105.933,31.7431]}},{"type":"Feature","properties":{"NAME_CH":"绵谷县","TYPE_CH":"县","PRES_LOC":"今四川广元县治（嘉陵镇）","BEG_YR":1380,"END_YR":1388},"geometry":{"type":"Point","coordinates":[105.833,32.4439]}},{"type":"Feature","properties":{"NAME_CH":"广元县","TYPE_CH":"县","PRES_LOC":"今四川广元市治","BEG_YR":1389,"END_YR":1911},"geometry":{"type":"Point","coordinates":[105.833,32.4439]}},{"type":"Feature","properties":{"NAME_CH":"昭化县","TYPE_CH":"县","PRES_LOC":"今四川广元市西南昭化","BEG_YR":1380,"END_YR":1911},"geometry":{"type":"Point","coordinates":[105.7066,32.3317]}},{"type":"Feature","properties":{"NAME_CH":"通江县","TYPE_CH":"县","PRES_LOC":"今四川通江县治","BEG_YR":1388,"END_YR":1911},"geometry":{"type":"Point","coordinates":[107.246,31.9251]}},{"type":"Feature","properties":{"NAME_CH":"化成县","TYPE_CH":"县","PRES_LOC":"今四川巴中县治","BEG_YR":580,"END_YR":1375},"geometry":{"type":"Point","coordinates":[106.7548,31.849]}},{"type":"Feature","properties":{"NAME_CH":"曾口县","TYPE_CH":"县","PRES_LOC":"今四川巴中县东南曾口","BEG_YR":525,"END_YR":1375},"geometry":{"type":"Point","coordinates":[106.8707,31.7808]}},{"type":"Feature","properties":{"NAME_CH":"江津县","TYPE_CH":"县","PRES_LOC":"今四川江津县治","BEG_YR":967,"END_YR":1911},"geometry":{"type":"Point","coordinates":[106.253,29.2815]}},{"type":"Feature","properties":{"NAME_CH":"巴县","TYPE_CH":"县","PRES_LOC":"今四川重庆市嘉陵江南城区","BEG_YR":561,"END_YR":1911},"geometry":{"type":"Point","coordinates":[106.5587,29.56]}},{"type":"Feature","properties":{"NAME_CH":"武龙县","TYPE_CH":"县","PRES_LOC":"今四川武隆县（巷口）西北“土坎”","BEG_YR":1131,"END_YR":1376},"geometry":{"type":"Point","coordinates":[107.687,29.3844]}},{"type":"Feature","properties":{"NAME_CH":"武隆县","TYPE_CH":"县","PRES_LOC":"今四川武隆县（巷口）西北“土坎”","BEG_YR":1380,"END_YR":1667},"geometry":{"type":"Point","coordinates":[107.687,29.3844]}},{"type":"Feature","properties":{"NAME_CH":"南川县","TYPE_CH":"县","PRES_LOC":"今四川南川县（隆化镇）治","BEG_YR":1380,"END_YR":1911},"geometry":{"type":"Point","coordinates":[107.1047,29.1683]}},{"type":"Feature","properties":{"NAME_CH":"永川县","TYPE_CH":"县","PRES_LOC":"今四川永川县治南临江以南“城郊”","BEG_YR":1373,"END_YR":1911},"geometry":{"type":"Point","coordinates":[105.9643,29.2348]}},{"type":"Feature","properties":{"NAME_CH":"荣昌县","TYPE_CH":"县","PRES_LOC":"今四川荣昌县治","BEG_YR":1373,"END_YR":1911},"geometry":{"type":"Point","coordinates":[105.5963,29.4128]}},{"type":"Feature","properties":{"NAME_CH":"昌宁县","TYPE_CH":"县","PRES_LOC":"今四川荣昌县西北昌州","BEG_YR":1362,"END_YR":1373},"geometry":{"type":"Point","coordinates":[105.405,29.4955]}},{"type":"Feature","properties":{"NAME_CH":"大足县","TYPE_CH":"县","PRES_LOC":"今四川大足县治","BEG_YR":1362,"END_YR":1661},"geometry":{"type":"Point","coordinates":[105.7105,29.7115]}},{"type":"Feature","properties":{"NAME_CH":"壁山县","TYPE_CH":"县","PRES_LOC":"今四川璧山县治","BEG_YR":1482,"END_YR":1666},"geometry":{"type":"Point","coordinates":[106.2173,29.5995]}},{"type":"Feature","properties":{"NAME_CH":"铜梁县","TYPE_CH":"县","PRES_LOC":"今四川铜梁县治","BEG_YR":1285,"END_YR":1661},"geometry":{"type":"Point","coordinates":[106.0417,29.8524]}},{"type":"Feature","properties":{"NAME_CH":"安居县","TYPE_CH":"县","PRES_LOC":"今四川铜梁县北安居","BEG_YR":1481,"END_YR":1661},"geometry":{"type":"Point","coordinates":[106.0276,29.9886]}},{"type":"Feature","properties":{"NAME_CH":"清苑县","TYPE_CH":"县","PRES_LOC":"今河北省保定市","BEG_YR":1176,"END_YR":1911},"geometry":{"type":"Point","coordinates":[115.5021,38.8557]}},{"type":"Feature","properties":{"NAME_CH":"满城县","TYPE_CH":"县","PRES_LOC":"今河北省满城县驻地满城镇","BEG_YR":1380,"END_YR":1911},"geometry":{"type":"Point","coordinates":[115.3156,38.9477]}},{"type":"Feature","properties":{"NAME_CH":"安肃县","TYPE_CH":"县","PRES_LOC":"今河北省徐水县驻地安肃镇","BEG_YR":1369,"END_YR":1911},"geometry":{"type":"Point","coordinates":[115.6574,39.0194]}},{"type":"Feature","properties":{"NAME_CH":"遂县","TYPE_CH":"县","PRES_LOC":"今河北徐水县西北遂城乡","BEG_YR":1368,"END_YR":1374},"geometry":{"type":"Point","coordinates":[115.5363,39.0482]}},{"type":"Feature","properties":{"NAME_CH":"博野县","TYPE_CH":"县","PRES_LOC":"今河北省博野县驻地博陵镇","BEG_YR":1294,"END_YR":1911},"geometry":{"type":"Point","coordinates":[115.4591,38.4576]}},{"type":"Feature","properties":{"NAME_CH":"唐县","TYPE_CH":"县","PRES_LOC":"今河北省唐县驻地仁厚镇","BEG_YR":1130,"END_YR":1911},"geometry":{"type":"Point","coordinates":[114.9692,38.7415]}},{"type":"Feature","properties":{"NAME_CH":"唐县","TYPE_CH":"县","PRES_LOC":"今河南唐河","BEG_YR":1369,"END_YR":1911},"geometry":{"type":"Point","coordinates":[112.8325,32.6977]}},{"type":"Feature","properties":{"NAME_CH":"庆都县","TYPE_CH":"县","PRES_LOC":"今河北省望都县驻地望都镇","BEG_YR":1129,"END_YR":1746},"geometry":{"type":"Point","coordinates":[115.1334,38.7053]}},{"type":"Feature","properties":{"NAME_CH":"完县","TYPE_CH":"县","PRES_LOC":"今河北省完县驻地蒲阳镇","BEG_YR":1369,"END_YR":1911},"geometry":{"type":"Point","coordinates":[115.1236,38.8332]}},{"type":"Feature","properties":{"NAME_CH":"蠡县","TYPE_CH":"县","PRES_LOC":"今河北省蠡县驻地蠡吾镇","BEG_YR":1374,"END_YR":1911},"geometry":{"type":"Point","coordinates":[115.5747,38.4901]}},{"type":"Feature","properties":{"NAME_CH":"雄县","TYPE_CH":"县","PRES_LOC":"今河北省雄县驻地雄州镇","BEG_YR":1374,"END_YR":1911},"geometry":{"type":"Point","coordinates":[116.0927,38.9759]}},{"type":"Feature","properties":{"NAME_CH":"归信县","TYPE_CH":"县","PRES_LOC":"今河北雄县驻地雄州镇","BEG_YR":976,"END_YR":1368},"geometry":{"type":"Point","coordinates":[116.0927,38.9759]}},{"type":"Feature","properties":{"NAME_CH":"蒲阴县","TYPE_CH":"县","PRES_LOC":"今河北完县东南子城一带","BEG_YR":76,"END_YR":0},"geometry":{"type":"Point","coordinates":[115.2229,38.7945]}},{"type":"Feature","properties":{"NAME_CH":"束鹿县","TYPE_CH":"县","PRES_LOC":"今河北辛集市东北旧城镇","BEG_YR":756,"END_YR":1621},"geometry":{"type":"Point","coordinates":[115.3853,38.0069]}},{"type":"Feature","properties":{"NAME_CH":"安县","TYPE_CH":"县","PRES_LOC":"今河北省安新县西南安州镇","BEG_YR":1374,"END_YR":1379},"geometry":{"type":"Point","coordinates":[115.8175,38.8754]}},{"type":"Feature","properties":{"NAME_CH":"安县","TYPE_CH":"县","PRES_LOC":"今四川安县治","BEG_YR":1374,"END_YR":1911},"geometry":{"type":"Point","coordinates":[104.4285,31.6495]}},{"type":"Feature","properties":{"NAME_CH":"高阳县","TYPE_CH":"县","PRES_LOC":"今河北高阳县高阳镇东旧城","BEG_YR":23,"END_YR":0},"geometry":{"type":"Point","coordinates":[115.9199,38.6822]}},{"type":"Feature","properties":{"NAME_CH":"容城县","TYPE_CH":"县","PRES_LOC":"今河北容城县容城镇西北城子村","BEG_YR":215,"END_YR":0},"geometry":{"type":"Point","coordinates":[115.8675,39.1217]}},{"type":"Feature","properties":{"NAME_CH":"魏县","TYPE_CH":"县","PRES_LOC":"今河北大名县大名镇西南","BEG_YR":23,"END_YR":0},"geometry":{"type":"Point","coordinates":[115.1216,36.2676]}},{"type":"Feature","properties":{"NAME_CH":"元城县","TYPE_CH":"县","PRES_LOC":"今河北大名县东北北门口东十二里一带","BEG_YR":-202,"END_YR":0},"geometry":{"type":"Point","coordinates":[115.2956,36.337]}},{"type":"Feature","properties":{"NAME_CH":"大名县","TYPE_CH":"县","PRES_LOC":"今河北大名县南旧治乡","BEG_YR":1411,"END_YR":1757},"geometry":{"type":"Point","coordinates":[115.1383,36.2456]}},{"type":"Feature","properties":{"NAME_CH":"清丰县","TYPE_CH":"县","PRES_LOC":"今河南省清丰县驻地","BEG_YR":1044,"END_YR":1911},"geometry":{"type":"Point","coordinates":[115.11,35.9088]}},{"type":"Feature","properties":{"NAME_CH":"东明县","TYPE_CH":"县","PRES_LOC":"今山东东明县驻地","BEG_YR":1490,"END_YR":1911},"geometry":{"type":"Point","coordinates":[115.0888,35.2985]}},{"type":"Feature","properties":{"NAME_CH":"安喜县","TYPE_CH":"县","PRES_LOC":"今河北定州市东南","BEG_YR":220,"END_YR":0},"geometry":{"type":"Point","coordinates":[115.1275,38.4706]}},{"type":"Feature","properties":{"NAME_CH":"曲阳县","TYPE_CH":"县","PRES_LOC":"今河北曲阳县驻地曲阳镇","BEG_YR":1239,"END_YR":1911},"geometry":{"type":"Point","coordinates":[114.6902,38.6214]}},{"type":"Feature","properties":{"NAME_CH":"深泽县","TYPE_CH":"县","PRES_LOC":"今河北深泽县驻地深泽镇","BEG_YR":1266,"END_YR":1911},"geometry":{"type":"Point","coordinates":[115.1921,38.1849]}},{"type":"Feature","properties":{"NAME_CH":"永年县","TYPE_CH":"县","PRES_LOC":"今河北永年县驻地东南广府镇","BEG_YR":601,"END_YR":1911},"geometry":{"type":"Point","coordinates":[114.7231,36.701]}},{"type":"Feature","properties":{"NAME_CH":"曲周县","TYPE_CH":"县","PRES_LOC":"今河北曲周县曲周镇","BEG_YR":1089,"END_YR":1911},"geometry":{"type":"Point","coordinates":[114.9497,36.7793]}},{"type":"Feature","properties":{"NAME_CH":"肥乡县","TYPE_CH":"县","PRES_LOC":"今河北肥乡县驻地肥乡镇","BEG_YR":590,"END_YR":1911},"geometry":{"type":"Point","coordinates":[114.8031,36.552]}},{"type":"Feature","properties":{"NAME_CH":"鸡泽县","TYPE_CH":"县","PRES_LOC":"今河北鸡泽县驻地鸡泽镇","BEG_YR":1275,"END_YR":1911},"geometry":{"type":"Point","coordinates":[114.8745,36.924]}},{"type":"Feature","properties":{"NAME_CH":"成安县","TYPE_CH":"县","PRES_LOC":"今河北成安县驻地成安镇","BEG_YR":1371,"END_YR":1911},"geometry":{"type":"Point","coordinates":[114.6941,36.4413]}},{"type":"Feature","properties":{"NAME_CH":"邯郸县","TYPE_CH":"县","PRES_LOC":"今河北邯郸市驻地","BEG_YR":907,"END_YR":1911},"geometry":{"type":"Point","coordinates":[114.472,36.5935]}},{"type":"Feature","properties":{"NAME_CH":"威县","TYPE_CH":"县","PRES_LOC":"今河北威县驻地洺州镇","BEG_YR":1369,"END_YR":1911},"geometry":{"type":"Point","coordinates":[115.2593,36.9742]}},{"type":"Feature","properties":{"NAME_CH":"献县","TYPE_CH":"县","PRES_LOC":"今河北献县驻地乐寿镇","BEG_YR":1375,"END_YR":1911},"geometry":{"type":"Point","coordinates":[116.1149,38.1907]}},{"type":"Feature","properties":{"NAME_CH":"阜城县","TYPE_CH":"县","PRES_LOC":"今河北阜城县驻地阜城镇","BEG_YR":1068,"END_YR":1911},"geometry":{"type":"Point","coordinates":[116.1447,37.8682]}},{"type":"Feature","properties":{"NAME_CH":"肃宁县","TYPE_CH":"县","PRES_LOC":"今河北肃宁县驻地肃宁镇","BEG_YR":1268,"END_YR":1911},"geometry":{"type":"Point","coordinates":[115.8318,38.4318]}},{"type":"Feature","properties":{"NAME_CH":"任丘县","TYPE_CH":"县","PRES_LOC":"今河北任丘市区","BEG_YR":1266,"END_YR":1911},"geometry":{"type":"Point","coordinates":[116.0905,38.7077]}},{"type":"Feature","properties":{"NAME_CH":"鄚亭县","TYPE_CH":"县","PRES_LOC":"今河北任丘市驻地北鄚州镇","BEG_YR":1266,"END_YR":1373},"geometry":{"type":"Point","coordinates":[116.1071,38.8604]}},{"type":"Feature","properties":{"NAME_CH":"交河县","TYPE_CH":"县","PRES_LOC":"今河北泊头市西南交河镇","BEG_YR":1380,"END_YR":1911},"geometry":{"type":"Point","coordinates":[116.2851,38.017]}},{"type":"Feature","properties":{"NAME_CH":"故城县","TYPE_CH":"县","PRES_LOC":"今河北故城县驻地东北故城镇","BEG_YR":1220,"END_YR":1911},"geometry":{"type":"Point","coordinates":[116.1241,37.3808]}},{"type":"Feature","properties":{"NAME_CH":"东光县","TYPE_CH":"县","PRES_LOC":"今河北东光县东找王村南","BEG_YR":-202,"END_YR":0},"geometry":{"type":"Point","coordinates":[116.6434,37.8528]}},{"type":"Feature","properties":{"NAME_CH":"信都县","TYPE_CH":"县","PRES_LOC":"今河北冀县冀州镇","BEG_YR":23,"END_YR":0},"geometry":{"type":"Point","coordinates":[115.5638,37.566]}},{"type":"Feature","properties":{"NAME_CH":"南宫县","TYPE_CH":"县","PRES_LOC":"今河北南宫市驻地","BEG_YR":1480,"END_YR":1911},"geometry":{"type":"Point","coordinates":[115.3801,37.3592]}},{"type":"Feature","properties":{"NAME_CH":"新河县","TYPE_CH":"县","PRES_LOC":"今河北新河县驻地新河镇","BEG_YR":1290,"END_YR":1911},"geometry":{"type":"Point","coordinates":[115.2465,37.5296]}},{"type":"Feature","properties":{"NAME_CH":"武邑县","TYPE_CH":"县","PRES_LOC":"今河北武邑县驻地武邑镇","BEG_YR":1077,"END_YR":1911},"geometry":{"type":"Point","coordinates":[115.8907,37.806]}},{"type":"Feature","properties":{"NAME_CH":"衡水县","TYPE_CH":"县","PRES_LOC":"今河北衡水市驻地","BEG_YR":1414,"END_YR":1911},"geometry":{"type":"Point","coordinates":[115.7057,37.7262]}},{"type":"Feature","properties":{"NAME_CH":"静安县","TYPE_CH":"县","PRES_LOC":"今河北深县驻地东南","BEG_YR":987,"END_YR":1368},"geometry":{"type":"Point","coordinates":[115.5823,37.8695]}},{"type":"Feature","properties":{"NAME_CH":"武强县","TYPE_CH":"县","PRES_LOC":"今河北武强县驻地西南武强镇","BEG_YR":1234,"END_YR":1911},"geometry":{"type":"Point","coordinates":[115.8592,37.9944]}},{"type":"Feature","properties":{"NAME_CH":"饶阳县","TYPE_CH":"县","PRES_LOC":"今河北饶阳县驻地饶阳镇","BEG_YR":554,"END_YR":1911},"geometry":{"type":"Point","coordinates":[115.736,38.246]}},{"type":"Feature","properties":{"NAME_CH":"安平县","TYPE_CH":"县","PRES_LOC":"今河北安平县驻地安平镇","BEG_YR":1235,"END_YR":1911},"geometry":{"type":"Point","coordinates":[115.5106,38.2305]}},{"type":"Feature","properties":{"NAME_CH":"邢台县","TYPE_CH":"县","PRES_LOC":"今河北邢台市驻地","BEG_YR":1120,"END_YR":1911},"geometry":{"type":"Point","coordinates":[114.4943,37.0664]}},{"type":"Feature","properties":{"NAME_CH":"沙河县","TYPE_CH":"县","PRES_LOC":"今河北沙河市驻地褡裢镇北沙河城镇","BEG_YR":1505,"END_YR":1911},"geometry":{"type":"Point","coordinates":[114.4996,36.9368]}},{"type":"Feature","properties":{"NAME_CH":"南和县","TYPE_CH":"县","PRES_LOC":"今河北南和县驻地和阳镇","BEG_YR":1275,"END_YR":1911},"geometry":{"type":"Point","coordinates":[114.6873,36.9996]}},{"type":"Feature","properties":{"NAME_CH":"平乡县","TYPE_CH":"县","PRES_LOC":"今河北平乡县西南平乡村","BEG_YR":1086,"END_YR":1911},"geometry":{"type":"Point","coordinates":[114.9184,36.9801]}},{"type":"Feature","properties":{"NAME_CH":"广宗县","TYPE_CH":"县","PRES_LOC":"今河北威县洺州镇东","BEG_YR":93,"END_YR":0},"geometry":{"type":"Point","coordinates":[115.3571,36.9704]}},{"type":"Feature","properties":{"NAME_CH":"巨鹿县","TYPE_CH":"县","PRES_LOC":"今河北巨鹿县驻地巨鹿镇","BEG_YR":684,"END_YR":1911},"geometry":{"type":"Point","coordinates":[115.0228,37.2123]}},{"type":"Feature","properties":{"NAME_CH":"唐山县","TYPE_CH":"县","PRES_LOC":"今河北隆尧县驻地西尧山乡","BEG_YR":1275,"END_YR":1911},"geometry":{"type":"Point","coordinates":[114.6987,37.3398]}},{"type":"Feature","properties":{"NAME_CH":"任县","TYPE_CH":"县","PRES_LOC":"今河北任县驻地任城镇","BEG_YR":1275,"END_YR":1911},"geometry":{"type":"Point","coordinates":[114.6807,37.1261]}},{"type":"Feature","properties":{"NAME_CH":"青县","TYPE_CH":"县","PRES_LOC":"今河北省青县驻地清州镇","BEG_YR":1375,"END_YR":1911},"geometry":{"type":"Point","coordinates":[116.8254,38.5807]}},{"type":"Feature","properties":{"NAME_CH":"兴济县","TYPE_CH":"县","PRES_LOC":"今河北沧州市驻地北兴济镇","BEG_YR":1380,"END_YR":1658},"geometry":{"type":"Point","coordinates":[116.8938,38.4713]}},{"type":"Feature","properties":{"NAME_CH":"盐山县","TYPE_CH":"县","PRES_LOC":"今河北盐山县驻地盐山镇","BEG_YR":1369,"END_YR":1911},"geometry":{"type":"Point","coordinates":[117.2255,38.0553]}},{"type":"Feature","properties":{"NAME_CH":"无棣县","TYPE_CH":"县","PRES_LOC":"今河北盐山县驻地东南庆云","BEG_YR":1268,"END_YR":1372},"geometry":{"type":"Point","coordinates":[117.4013,37.8516]}},{"type":"Feature","properties":{"NAME_CH":"庆云县","TYPE_CH":"县","PRES_LOC":"今河北盐山县驻地东南庆云","BEG_YR":1373,"END_YR":1911},"geometry":{"type":"Point","coordinates":[117.4013,37.8516]}},{"type":"Feature","properties":{"NAME_CH":"涞水县","TYPE_CH":"县","PRES_LOC":"今河北涞水县驻地涞州镇","BEG_YR":990,"END_YR":1911},"geometry":{"type":"Point","coordinates":[115.7078,39.3917]}},{"type":"Feature","properties":{"NAME_CH":"柏乡县","TYPE_CH":"县","PRES_LOC":"今河北柏乡县驻地柏乡镇","BEG_YR":1086,"END_YR":1911},"geometry":{"type":"Point","coordinates":[114.6806,37.4947]}},{"type":"Feature","properties":{"NAME_CH":"隆平县","TYPE_CH":"县","PRES_LOC":"今河北隆尧县驻地隆尧镇","BEG_YR":1380,"END_YR":1911},"geometry":{"type":"Point","coordinates":[114.766,37.3523]}},{"type":"Feature","properties":{"NAME_CH":"临城县","TYPE_CH":"县","PRES_LOC":"今河北临城县驻地临城镇","BEG_YR":742,"END_YR":1911},"geometry":{"type":"Point","coordinates":[114.5001,37.4398]}},{"type":"Feature","properties":{"NAME_CH":"宁晋县","TYPE_CH":"县","PRES_LOC":"今河北宁晋县驻地凤凰镇","BEG_YR":741,"END_YR":1911},"geometry":{"type":"Point","coordinates":[114.9154,37.6211]}},{"type":"Feature","properties":{"NAME_CH":"真定县","TYPE_CH":"县","PRES_LOC":"今河北正定县驻地正定镇","BEG_YR":705,"END_YR":1722},"geometry":{"type":"Point","coordinates":[114.5636,38.1401]}},{"type":"Feature","properties":{"NAME_CH":"获鹿县","TYPE_CH":"县","PRES_LOC":"今河北获鹿县驻地获鹿镇","BEG_YR":1235,"END_YR":1911},"geometry":{"type":"Point","coordinates":[114.3077,38.0831]}},{"type":"Feature","properties":{"NAME_CH":"井陉县","TYPE_CH":"县","PRES_LOC":"今河北井陉县西南城关","BEG_YR":1252,"END_YR":1911},"geometry":{"type":"Point","coordinates":[114.0178,38.0062]}},{"type":"Feature","properties":{"NAME_CH":"阜平县","TYPE_CH":"县","PRES_LOC":"今河北阜平县驻地阜平镇","BEG_YR":1193,"END_YR":1656},"geometry":{"type":"Point","coordinates":[114.1876,38.8531]}},{"type":"Feature","properties":{"NAME_CH":"栾城县","TYPE_CH":"县","PRES_LOC":"今河北栾城县驻地栾城镇","BEG_YR":1377,"END_YR":1911},"geometry":{"type":"Point","coordinates":[114.6527,37.8858]}},{"type":"Feature","properties":{"NAME_CH":"行唐县","TYPE_CH":"县","PRES_LOC":"今河北行唐县驻地行唐镇","BEG_YR":705,"END_YR":1911},"geometry":{"type":"Point","coordinates":[114.5436,38.4361]}},{"type":"Feature","properties":{"NAME_CH":"灵寿县","TYPE_CH":"县","PRES_LOC":"今河北灵寿县驻地灵寿镇","BEG_YR":1087,"END_YR":1911},"geometry":{"type":"Point","coordinates":[114.3659,38.3055]}},{"type":"Feature","properties":{"NAME_CH":"平山县","TYPE_CH":"县","PRES_LOC":"今河北平山县驻地平山镇","BEG_YR":756,"END_YR":1911},"geometry":{"type":"Point","coordinates":[114.1939,38.2524]}},{"type":"Feature","properties":{"NAME_CH":"元氏县","TYPE_CH":"县","PRES_LOC":"今河北元氏县驻地槐阳镇","BEG_YR":586,"END_YR":1911},"geometry":{"type":"Point","coordinates":[114.5088,37.75]}},{"type":"Feature","properties":{"NAME_CH":"赞皇县","TYPE_CH":"县","PRES_LOC":"今河北赞皇县驻地赞皇镇","BEG_YR":1270,"END_YR":1911},"geometry":{"type":"Point","coordinates":[114.377,37.6627]}},{"type":"Feature","properties":{"NAME_CH":"鼓城县","TYPE_CH":"县","PRES_LOC":"今河北晋县驻地晋州镇","BEG_YR":598,"END_YR":1368},"geometry":{"type":"Point","coordinates":[115.0354,38.0325]}},{"type":"Feature","properties":{"NAME_CH":"无极县","TYPE_CH":"县","PRES_LOC":"今河北无极县驻地无极镇","BEG_YR":1371,"END_YR":1911},"geometry":{"type":"Point","coordinates":[114.9694,38.1767]}},{"type":"Feature","properties":{"NAME_CH":"藁城县","TYPE_CH":"县","PRES_LOC":"今河北藁城县驻地廉州镇","BEG_YR":1235,"END_YR":1911},"geometry":{"type":"Point","coordinates":[114.8342,38.0367]}},{"type":"Feature","properties":{"NAME_CH":"新乐县","TYPE_CH":"县","PRES_LOC":"今河北新乐县驻地东北承安镇","BEG_YR":596,"END_YR":1911},"geometry":{"type":"Point","coordinates":[114.7876,38.395]}},{"type":"Feature","properties":{"NAME_CH":"新乐县","TYPE_CH":"县","PRES_LOC":"今河北南皮县南皮镇东南","BEG_YR":220,"END_YR":0},"geometry":{"type":"Point","coordinates":[116.8395,37.9753]}},{"type":"Feature","properties":{"NAME_CH":"历城县","TYPE_CH":"县","PRES_LOC":"今山东济南市历下区","BEG_YR":-221,"END_YR":1911},"geometry":{"type":"Point","coordinates":[117.0003,36.6491]}},{"type":"Feature","properties":{"NAME_CH":"邹平县","TYPE_CH":"县","PRES_LOC":"今山东邹平县治","BEG_YR":1125,"END_YR":1911},"geometry":{"type":"Point","coordinates":[117.7254,36.8847]}},{"type":"Feature","properties":{"NAME_CH":"莱芜县","TYPE_CH":"县","PRES_LOC":"今山东莱芜县","BEG_YR":1138,"END_YR":1911},"geometry":{"type":"Point","coordinates":[117.6606,36.2041]}},{"type":"Feature","properties":{"NAME_CH":"临朐县","TYPE_CH":"县","PRES_LOC":"今山东临朐县","BEG_YR":606,"END_YR":1912},"geometry":{"type":"Point","coordinates":[118.5416,36.5102]}},{"type":"Feature","properties":{"NAME_CH":"长山县","TYPE_CH":"县","PRES_LOC":"今山东邹平县东长山","BEG_YR":598,"END_YR":1912},"geometry":{"type":"Point","coordinates":[117.8649,36.8824]}},{"type":"Feature","properties":{"NAME_CH":"禹城县","TYPE_CH":"县","PRES_LOC":"今山东禹城县","BEG_YR":759,"END_YR":1912},"geometry":{"type":"Point","coordinates":[116.6512,36.9444]}},{"type":"Feature","properties":{"NAME_CH":"章丘县","TYPE_CH":"县","PRES_LOC":"今山东章丘县（明水镇）北章丘","BEG_YR":960,"END_YR":1912},"geometry":{"type":"Point","coordinates":[117.4843,36.8527]}},{"type":"Feature","properties":{"NAME_CH":"临邑县","TYPE_CH":"县","PRES_LOC":"今山东临邑县治","BEG_YR":962,"END_YR":1912},"geometry":{"type":"Point","coordinates":[116.8593,37.1903]}},{"type":"Feature","properties":{"NAME_CH":"平原县","TYPE_CH":"县","PRES_LOC":"今山东平原县","BEG_YR":556,"END_YR":1912},"geometry":{"type":"Point","coordinates":[116.4279,37.1567]}},{"type":"Feature","properties":{"NAME_CH":"德平县","TYPE_CH":"县","PRES_LOC":"今山东临邑县东北德平","BEG_YR":1099,"END_YR":1912},"geometry":{"type":"Point","coordinates":[116.9579,37.4635]}},{"type":"Feature","properties":{"NAME_CH":"长清县","TYPE_CH":"县","PRES_LOC":"今山东长清县","BEG_YR":996,"END_YR":1912},"geometry":{"type":"Point","coordinates":[116.7221,36.5518]}},{"type":"Feature","properties":{"NAME_CH":"陵县","TYPE_CH":"县","PRES_LOC":"今山东陵县","BEG_YR":1380,"END_YR":1912},"geometry":{"type":"Point","coordinates":[116.5772,37.3311]}},{"type":"Feature","properties":{"NAME_CH":"夏津县","TYPE_CH":"县","PRES_LOC":"今山东夏津县","BEG_YR":742,"END_YR":1912},"geometry":{"type":"Point","coordinates":[116.0017,36.9493]}},{"type":"Feature","properties":{"NAME_CH":"淄川县","TYPE_CH":"县","PRES_LOC":"今山东淄博市西南淄川","BEG_YR":598,"END_YR":1912},"geometry":{"type":"Point","coordinates":[117.961,36.636]}},{"type":"Feature","properties":{"NAME_CH":"齐河县","TYPE_CH":"县","PRES_LOC":"今山东齐河县南齐河城","BEG_YR":1130,"END_YR":1912},"geometry":{"type":"Point","coordinates":[116.7794,36.7001]}},{"type":"Feature","properties":{"NAME_CH":"齐东县","TYPE_CH":"县","PRES_LOC":"今山东邹平县西北台子北黄河大堤内","BEG_YR":1252,"END_YR":1912},"geometry":{"type":"Point","coordinates":[117.6229,36.9913]}},{"type":"Feature","properties":{"NAME_CH":"济阳县","TYPE_CH":"县","PRES_LOC":"今山东济阳县","BEG_YR":1213,"END_YR":1912},"geometry":{"type":"Point","coordinates":[117.2102,36.9719]}},{"type":"Feature","properties":{"NAME_CH":"曲阜县","TYPE_CH":"县","PRES_LOC":"今山东曲阜市","BEG_YR":1129,"END_YR":1912},"geometry":{"type":"Point","coordinates":[116.9861,35.5976]}},{"type":"Feature","properties":{"NAME_CH":"邹县","TYPE_CH":"县","PRES_LOC":"今山东邹县","BEG_YR":1084,"END_YR":1912},"geometry":{"type":"Point","coordinates":[116.9673,35.4028]}},{"type":"Feature","properties":{"NAME_CH":"滕县","TYPE_CH":"县","PRES_LOC":"今山东滕县","BEG_YR":1184,"END_YR":1912},"geometry":{"type":"Point","coordinates":[117.157,35.085]}},{"type":"Feature","properties":{"NAME_CH":"峄州","TYPE_CH":"州","PRES_LOC":"今山东枣庄市东南旧峄县","BEG_YR":1265,"END_YR":1368},"geometry":{"type":"Point","coordinates":[117.5861,34.77]}},{"type":"Feature","properties":{"NAME_CH":"峄县","TYPE_CH":"县","PRES_LOC":"今山东枣庄市东南旧峄县","BEG_YR":1369,"END_YR":1912},"geometry":{"type":"Point","coordinates":[117.5861,34.77]}},{"type":"Feature","properties":{"NAME_CH":"汶上县","TYPE_CH":"县","PRES_LOC":"今山东汶上县","BEG_YR":1208,"END_YR":1912},"geometry":{"type":"Point","coordinates":[116.4844,35.7288]}},{"type":"Feature","properties":{"NAME_CH":"阳谷县","TYPE_CH":"县","PRES_LOC":"今山东阳谷县","BEG_YR":1006,"END_YR":1912},"geometry":{"type":"Point","coordinates":[115.7743,36.1148]}},{"type":"Feature","properties":{"NAME_CH":"寿张县","TYPE_CH":"县","PRES_LOC":"今山东阳谷县东南寿张","BEG_YR":1381,"END_YR":1912},"geometry":{"type":"Point","coordinates":[115.8486,36.0144]}},{"type":"Feature","properties":{"NAME_CH":"嵫阳县","TYPE_CH":"县","PRES_LOC":"今山东兖州县","BEG_YR":1385,"END_YR":1470},"geometry":{"type":"Point","coordinates":[116.8225,35.5556]}},{"type":"Feature","properties":{"NAME_CH":"滋阳县","TYPE_CH":"县","PRES_LOC":"今山东兖州县","BEG_YR":1471,"END_YR":1912},"geometry":{"type":"Point","coordinates":[116.8225,35.5556]}},{"type":"Feature","properties":{"NAME_CH":"宁阳县","TYPE_CH":"县","PRES_LOC":"今山东宁阳县治","BEG_YR":1297,"END_YR":1912},"geometry":{"type":"Point","coordinates":[116.7888,35.7634]}},{"type":"Feature","properties":{"NAME_CH":"东阿县","TYPE_CH":"县","PRES_LOC":"今山东平阴县西南旧东阿","BEG_YR":1375,"END_YR":1912},"geometry":{"type":"Point","coordinates":[116.251,36.2114]}},{"type":"Feature","properties":{"NAME_CH":"泗水县","TYPE_CH":"县","PRES_LOC":"今山东泗水县","BEG_YR":1266,"END_YR":1912},"geometry":{"type":"Point","coordinates":[117.2702,35.6597]}},{"type":"Feature","properties":{"NAME_CH":"聊城县","TYPE_CH":"县","PRES_LOC":"今山东聊城市","BEG_YR":992,"END_YR":1912},"geometry":{"type":"Point","coordinates":[115.9875,36.4467]}},{"type":"Feature","properties":{"NAME_CH":"博平县","TYPE_CH":"县","PRES_LOC":"今山东茌平县西博平镇","BEG_YR":1371,"END_YR":1912},"geometry":{"type":"Point","coordinates":[116.1102,36.5869]}},{"type":"Feature","properties":{"NAME_CH":"茌平县","TYPE_CH":"县","PRES_LOC":"今山东茌平县","BEG_YR":1130,"END_YR":1912},"geometry":{"type":"Point","coordinates":[116.249,36.5856]}},{"type":"Feature","properties":{"NAME_CH":"莘县","TYPE_CH":"县","PRES_LOC":"今山东莘县","BEG_YR":606,"END_YR":1912},"geometry":{"type":"Point","coordinates":[115.6651,36.2367]}},{"type":"Feature","properties":{"NAME_CH":"冠州","TYPE_CH":"州","PRES_LOC":"今山东冠县","BEG_YR":1269,"END_YR":1369},"geometry":{"type":"Point","coordinates":[115.435,36.4721]}},{"type":"Feature","properties":{"NAME_CH":"冠县","TYPE_CH":"县","PRES_LOC":"今山东冠县","BEG_YR":1270,"END_YR":1912},"geometry":{"type":"Point","coordinates":[115.435,36.4721]}},{"type":"Feature","properties":{"NAME_CH":"馆陶县","TYPE_CH":"县","PRES_LOC":"今山东馆陶县东北北馆陶","BEG_YR":1371,"END_YR":1911},"geometry":{"type":"Point","coordinates":[115.4078,36.6579]}},{"type":"Feature","properties":{"NAME_CH":"浪穹县","TYPE_CH":"县","PRES_LOC":"云南省洱源县城玉湖镇","BEG_YR":1274,"END_YR":1911},"geometry":{"type":"Point","coordinates":[99.9492,26.1127]}},{"type":"Feature","properties":{"NAME_CH":"凤羽县","TYPE_CH":"县","PRES_LOC":"云南省洱源县凤羽","BEG_YR":1274,"END_YR":1382},"geometry":{"type":"Point","coordinates":[99.9288,25.9878]}},{"type":"Feature","properties":{"NAME_CH":"云南县","TYPE_CH":"县","PRES_LOC":"云南省祥云县治祥城镇","BEG_YR":1382,"END_YR":1911},"geometry":{"type":"Point","coordinates":[100.559,25.4791]}},{"type":"Feature","properties":{"NAME_CH":"十二关长官司","TYPE_CH":"长官司","PRES_LOC":"云南省祥云县楚场","BEG_YR":1382,"END_YR":1911},"geometry":{"type":"Point","coordinates":[100.8774,25.7498]}},{"type":"Feature","properties":{"NAME_CH":"芒市长官司","TYPE_CH":"长官司","PRES_LOC":"云南省潞西芒市镇","BEG_YR":1443,"END_YR":1659},"geometry":{"type":"Point","coordinates":[98.5886,24.4415]}},{"type":"Feature","properties":{"NAME_CH":"腾冲守御千户所","TYPE_CH":"所","PRES_LOC":"云南省腾冲县城城关镇","BEG_YR":1398,"END_YR":1444},"geometry":{"type":"Point","coordinates":[98.495,25.0243]}},{"type":"Feature","properties":{"NAME_CH":"瓦甸长官司","TYPE_CH":"长官司","PRES_LOC":"云南省腾冲县东北七十六里永安街","BEG_YR":1427,"END_YR":1439},"geometry":{"type":"Point","coordinates":[98.6251,25.3447]}},{"type":"Feature","properties":{"NAME_CH":"南赕","TYPE_CH":"赕","PRES_LOC":"云南省盈江县北四十四里勐弄","BEG_YR":1278,"END_YR":1381},"geometry":{"type":"Point","coordinates":[97.9092,24.9082]}},{"type":"Feature","properties":{"NAME_CH":"干崖长官司","TYPE_CH":"长官司","PRES_LOC":"云南省盈江县城东三十里旧城","BEG_YR":1403,"END_YR":1443},"geometry":{"type":"Point","coordinates":[98.0772,24.7405]}},{"type":"Feature","properties":{"NAME_CH":"定边县","TYPE_CH":"县","PRES_LOC":"云南省南涧县县城南涧镇","BEG_YR":1285,"END_YR":1728},"geometry":{"type":"Point","coordinates":[100.5256,25.0556]}},{"type":"Feature","properties":{"NAME_CH":"禄谷寨长官司","TYPE_CH":"长官司","PRES_LOC":"云南省镇沅彝族哈尼族拉祜族自治县古城乡河","BEG_YR":1412,"END_YR":1658},"geometry":{"type":"Point","coordinates":[101.1384,23.7182]}},{"type":"Feature","properties":{"NAME_CH":"者乐甸长官司","TYPE_CH":"长官司","PRES_LOC":"云南省镇沅彝族哈尼族拉祜自治县恩乐镇","BEG_YR":1403,"END_YR":1726},"geometry":{"type":"Point","coordinates":[101.1067,24.0088]}},{"type":"Feature","properties":{"NAME_CH":"临西县","TYPE_CH":"县","PRES_LOC":"云南省丽江纳西族自治州维西县小维西","BEG_YR":1465,"END_YR":1658},"geometry":{"type":"Point","coordinates":[99.2853,27.1861]}},{"type":"Feature","properties":{"NAME_CH":"剌和庄长官司","TYPE_CH":"长官司","PRES_LOC":"云南省维西县城北的拉河柱","BEG_YR":1406,"END_YR":1436},"geometry":{"type":"Point","coordinates":[99.2701,27.2036]}},{"type":"Feature","properties":{"NAME_CH":"剑川县","TYPE_CH":"县","PRES_LOC":"云南省剑川县城金华镇南7公里剑湖西的下村","BEG_YR":1274,"END_YR":1383},"geometry":{"type":"Point","coordinates":[99.9025,26.4838]}},{"type":"Feature","properties":{"NAME_CH":"湾甸县","TYPE_CH":"县","PRES_LOC":"云南省昌宁县西南八十四里湾甸","BEG_YR":1384,"END_YR":1402},"geometry":{"type":"Point","coordinates":[99.3444,24.4736]}},{"type":"Feature","properties":{"NAME_CH":"湾甸长官司","TYPE_CH":"长官司","PRES_LOC":"云南省昌宁县西南八十四里湾甸","BEG_YR":1403,"END_YR":1404},"geometry":{"type":"Point","coordinates":[99.3444,24.4736]}},{"type":"Feature","properties":{"NAME_CH":"庆甸县","TYPE_CH":"县","PRES_LOC":"云南省凤庆县县城凤山镇","BEG_YR":1327,"END_YR":1382},"geometry":{"type":"Point","coordinates":[99.911,24.5918]}},{"type":"Feature","properties":{"NAME_CH":"石甸长官司","TYPE_CH":"长官司","PRES_LOC":"云南省施甸县长官司","BEG_YR":1274,"END_YR":1383},"geometry":{"type":"Point","coordinates":[99.1772,24.7325]}},{"type":"Feature","properties":{"NAME_CH":"金齿千户","TYPE_CH":"千户","PRES_LOC":"云南省保山市市区永昌镇","BEG_YR":1386,"END_YR":1523},"geometry":{"type":"Point","coordinates":[99.1669,25.1124]}},{"type":"Feature","properties":{"NAME_CH":"永昌千户","TYPE_CH":"千户","PRES_LOC":"云南省保山市市区永昌镇","BEG_YR":1399,"END_YR":1523},"geometry":{"type":"Point","coordinates":[99.1669,25.1124]}},{"type":"Feature","properties":{"NAME_CH":"保山县","TYPE_CH":"县","PRES_LOC":"云南省保山市市区永昌镇","BEG_YR":1524,"END_YR":1911},"geometry":{"type":"Point","coordinates":[99.1669,25.1124]}},{"type":"Feature","properties":{"NAME_CH":"潞江长官司","TYPE_CH":"长官司","PRES_LOC":"云南省保山市怒江坝老城","BEG_YR":1403,"END_YR":1411},"geometry":{"type":"Point","coordinates":[98.8385,24.9496]}},{"type":"Feature","properties":{"NAME_CH":"凤溪长官司","TYPE_CH":"长官司","PRES_LOC":"云南省保山市东北金鸡村","BEG_YR":1390,"END_YR":1658},"geometry":{"type":"Point","coordinates":[99.2579,25.1548]}},{"type":"Feature","properties":{"NAME_CH":"施甸长官司","TYPE_CH":"长官司","PRES_LOC":"云南省施甸县长官司","BEG_YR":1384,"END_YR":1658},"geometry":{"type":"Point","coordinates":[99.1772,24.7325]}},{"type":"Feature","properties":{"NAME_CH":"孟琏长官司","TYPE_CH":"长官司","PRES_LOC":"云南省孟连傣族拉祜族瓦族自治县县城孟连镇","BEG_YR":1406,"END_YR":1527},"geometry":{"type":"Point","coordinates":[99.5906,22.3383]}},{"type":"Feature","properties":{"NAME_CH":"大侯长官司","TYPE_CH":"长官司","PRES_LOC":"云南省云县县城爱华镇南十里处","BEG_YR":1403,"END_YR":1427},"geometry":{"type":"Point","coordinates":[100.1277,24.408]}},{"type":"Feature","properties":{"NAME_CH":"孟缅长官司","TYPE_CH":"长官司","PRES_LOC":"云南省临沧县县城凤翔镇","BEG_YR":1430,"END_YR":1746},"geometry":{"type":"Point","coordinates":[100.0882,23.88]}},{"type":"Feature","properties":{"NAME_CH":"猛弄长官司","TYPE_CH":"长官司","PRES_LOC":"云南省保山地区龙陵县县城龙山镇","BEG_YR":1524,"END_YR":1658},"geometry":{"type":"Point","coordinates":[98.6904,24.5902]}},{"type":"Feature","properties":{"NAME_CH":"姚安千户所","TYPE_CH":"所","PRES_LOC":"云南省姚安县城北","BEG_YR":1395,"END_YR":1686},"geometry":{"type":"Point","coordinates":[101.2414,25.5196]}},{"type":"Feature","properties":{"NAME_CH":"姚安中屯千户所","TYPE_CH":"所","PRES_LOC":"云南省大姚县西南中屯村","BEG_YR":1395,"END_YR":1667},"geometry":{"type":"Point","coordinates":[101.2799,25.6564]}},{"type":"Feature","properties":{"NAME_CH":"大姚县","TYPE_CH":"县","PRES_LOC":"云南省大姚县金碧镇","BEG_YR":1257,"END_YR":1911},"geometry":{"type":"Point","coordinates":[101.3253,25.7257]}},{"type":"Feature","properties":{"NAME_CH":"广通县","TYPE_CH":"县","PRES_LOC":"云南省禄丰县广通镇","BEG_YR":1275,"END_YR":1911},"geometry":{"type":"Point","coordinates":[101.7534,25.1714]}},{"type":"Feature","properties":{"NAME_CH":"崿嘉县","TYPE_CH":"县","PRES_LOC":"云南省双柏县南部崿嘉乡政府驻地","BEG_YR":1274,"END_YR":1668},"geometry":{"type":"Point","coordinates":[101.2481,24.4557]}},{"type":"Feature","properties":{"NAME_CH":"威楚县","TYPE_CH":"县","PRES_LOC":"云南省楚雄市","BEG_YR":1284,"END_YR":1381},"geometry":{"type":"Point","coordinates":[101.5429,25.0331]}},{"type":"Feature","properties":{"NAME_CH":"楚雄县","TYPE_CH":"县","PRES_LOC":"云南省楚雄市","BEG_YR":1382,"END_YR":1911},"geometry":{"type":"Point","coordinates":[101.5429,25.0331]}},{"type":"Feature","properties":{"NAME_CH":"南甸县","TYPE_CH":"县","PRES_LOC":"云南省武定县城东七里旧城","BEG_YR":1289,"END_YR":1505},"geometry":{"type":"Point","coordinates":[102.4295,25.5343]}},{"type":"Feature","properties":{"NAME_CH":"元谋县","TYPE_CH":"县","PRES_LOC":"云南省元谋县城南十九里老城","BEG_YR":1279,"END_YR":1877},"geometry":{"type":"Point","coordinates":[101.8959,25.6229]}},{"type":"Feature","properties":{"NAME_CH":"易笼县","TYPE_CH":"县","PRES_LOC":"云南省禄劝彝族苗族自治县西北七十二里云龙","BEG_YR":1289,"END_YR":1383},"geometry":{"type":"Point","coordinates":[102.4024,25.8852]}},{"type":"Feature","properties":{"NAME_CH":"石旧县","TYPE_CH":"县","PRES_LOC":"云南省禄劝县彝族苗族自治县东北五里旧县","BEG_YR":1289,"END_YR":1507},"geometry":{"type":"Point","coordinates":[102.4689,25.5743]}},{"type":"Feature","properties":{"NAME_CH":"河西县","TYPE_CH":"县","PRES_LOC":"云南省通海县西二十二里河西镇","BEG_YR":1289,"END_YR":1911},"geometry":{"type":"Point","coordinates":[102.6393,24.1417]}},{"type":"Feature","properties":{"NAME_CH":"蒙自县","TYPE_CH":"县","PRES_LOC":"云南省蒙自县城文澜镇","BEG_YR":1484,"END_YR":1647},"geometry":{"type":"Point","coordinates":[103.3926,23.3699]}},{"type":"Feature","properties":{"NAME_CH":"安南道防送军千户所","TYPE_CH":"所","PRES_LOC":"云南省蒙自县东八十里老寨","BEG_YR":1276,"END_YR":1381},"geometry":{"type":"Point","coordinates":[103.7891,23.4035]}},{"type":"Feature","properties":{"NAME_CH":"安南长官司","TYPE_CH":"长官司","PRES_LOC":"云南省蒙自县东八十里老寨","BEG_YR":1382,"END_YR":1510},"geometry":{"type":"Point","coordinates":[103.7891,23.4035]}},{"type":"Feature","properties":{"NAME_CH":"通海县","TYPE_CH":"县","PRES_LOC":"云南省通海县城秀山镇","BEG_YR":1276,"END_YR":1911},"geometry":{"type":"Point","coordinates":[102.7556,24.1061]}},{"type":"Feature","properties":{"NAME_CH":"嶍峨县","TYPE_CH":"县","PRES_LOC":"云南省峨山县东北郊一公里处登云村","BEG_YR":1289,"END_YR":1510},"geometry":{"type":"Point","coordinates":[102.4054,24.1683]}},{"type":"Feature","properties":{"NAME_CH":"襄阳县","TYPE_CH":"县","PRES_LOC":"今湖北襄樊市汉水南襄城区","BEG_YR":23,"END_YR":1911},"geometry":{"type":"Point","coordinates":[112.1587,32.0265]}},{"type":"Feature","properties":{"NAME_CH":"宜城县","TYPE_CH":"县","PRES_LOC":"今湖北宜城县","BEG_YR":794,"END_YR":1911},"geometry":{"type":"Point","coordinates":[112.2601,31.7107]}},{"type":"Feature","properties":{"NAME_CH":"南漳县","TYPE_CH":"县","PRES_LOC":"今湖北南漳县","BEG_YR":1277,"END_YR":1911},"geometry":{"type":"Point","coordinates":[111.8447,31.7819]}},{"type":"Feature","properties":{"NAME_CH":"枣阳县","TYPE_CH":"县","PRES_LOC":"今湖北枣阳市","BEG_YR":601,"END_YR":1911},"geometry":{"type":"Point","coordinates":[112.7566,32.132]}},{"type":"Feature","properties":{"NAME_CH":"穀城县","TYPE_CH":"县","PRES_LOC":"今湖北谷城县","BEG_YR":598,"END_YR":1911},"geometry":{"type":"Point","coordinates":[111.6458,32.2694]}},{"type":"Feature","properties":{"NAME_CH":"光化县","TYPE_CH":"县","PRES_LOC":"今湖北老河口市西北、汉水北岸“乾德故城”","BEG_YR":1380,"END_YR":1571},"geometry":{"type":"Point","coordinates":[111.6238,32.4627]}},{"type":"Feature","properties":{"NAME_CH":"武当县","TYPE_CH":"县","PRES_LOC":"今湖北丹江口市西北旧均县","BEG_YR":659,"END_YR":1368},"geometry":{"type":"Point","coordinates":[111.1656,32.6682]}},{"type":"Feature","properties":{"NAME_CH":"均州","TYPE_CH":"州","PRES_LOC":"今湖北丹江口市西北旧均县","BEG_YR":1282,"END_YR":1911},"geometry":{"type":"Point","coordinates":[111.1656,32.6682]}},{"type":"Feature","properties":{"NAME_CH":"长林县","TYPE_CH":"县","PRES_LOC":"今湖北荆门市","BEG_YR":972,"END_YR":1375},"geometry":{"type":"Point","coordinates":[112.1984,31.0287]}},{"type":"Feature","properties":{"NAME_CH":"荆门县","TYPE_CH":"县","PRES_LOC":"今湖北荆门市","BEG_YR":1376,"END_YR":1379},"geometry":{"type":"Point","coordinates":[112.1984,31.0287]}},{"type":"Feature","properties":{"NAME_CH":"荆门州","TYPE_CH":"州","PRES_LOC":"今湖北荆门市","BEG_YR":1380,"END_YR":1790},"geometry":{"type":"Point","coordinates":[112.1984,31.0287]}},{"type":"Feature","properties":{"NAME_CH":"当阳县","TYPE_CH":"县","PRES_LOC":"今湖北当阳市","BEG_YR":1380,"END_YR":1911},"geometry":{"type":"Point","coordinates":[111.7871,30.8315]}},{"type":"Feature","properties":{"NAME_CH":"远安县","TYPE_CH":"县","PRES_LOC":"今湖北远安县治稍北","BEG_YR":1468,"END_YR":1639},"geometry":{"type":"Point","coordinates":[111.6385,31.0745]}},{"type":"Feature","properties":{"NAME_CH":"夷陵县","TYPE_CH":"县","PRES_LOC":"今湖北宜昌市","BEG_YR":1276,"END_YR":1375},"geometry":{"type":"Point","coordinates":[111.2871,30.7042]}},{"type":"Feature","properties":{"NAME_CH":"夷陵州","TYPE_CH":"州","PRES_LOC":"今湖北宜昌市","BEG_YR":1376,"END_YR":1734},"geometry":{"type":"Point","coordinates":[111.2871,30.7042]}},{"type":"Feature","properties":{"NAME_CH":"秭归县","TYPE_CH":"县","PRES_LOC":"今湖北秭归县东南、长江南岸旧州河","BEG_YR":1371,"END_YR":1376},"geometry":{"type":"Point","coordinates":[110.6903,30.984]}},{"type":"Feature","properties":{"NAME_CH":"归州","TYPE_CH":"州","PRES_LOC":"今湖北秭归县东南、长江南岸旧州河","BEG_YR":1380,"END_YR":1560},"geometry":{"type":"Point","coordinates":[110.6903,30.984]}},{"type":"Feature","properties":{"NAME_CH":"长阳县","TYPE_CH":"县","PRES_LOC":"今湖北长阳县","BEG_YR":621,"END_YR":1911},"geometry":{"type":"Point","coordinates":[111.1915,30.4742]}},{"type":"Feature","properties":{"NAME_CH":"兴山县","TYPE_CH":"县","PRES_LOC":"今湖北兴山县","BEG_YR":1490,"END_YR":1911},"geometry":{"type":"Point","coordinates":[110.7593,31.2353]}},{"type":"Feature","properties":{"NAME_CH":"巴东县","TYPE_CH":"县","PRES_LOC":"今湖北巴东县","BEG_YR":980,"END_YR":1911},"geometry":{"type":"Point","coordinates":[110.4045,31.03]}},{"type":"Feature","properties":{"NAME_CH":"五峰石宝长官司","TYPE_CH":"土司","PRES_LOC":"今湖北省五峰县","BEG_YR":1407,"END_YR":1734},"geometry":{"type":"Point","coordinates":[110.6789,30.204]}},{"type":"Feature","properties":{"NAME_CH":"淑山玛瑙长官司","TYPE_CH":"土司","PRES_LOC":"今湖北省鹤峰县东北留驾","BEG_YR":1407,"END_YR":1734},"geometry":{"type":"Point","coordinates":[110.1093,30.0163]}},{"type":"Feature","properties":{"NAME_CH":"石梁下峒长官司","TYPE_CH":"土司","PRES_LOC":"今湖北省五峰县西南石梁司","BEG_YR":1407,"END_YR":1734},"geometry":{"type":"Point","coordinates":[110.6198,30.1923]}},{"type":"Feature","properties":{"NAME_CH":"水尽源通塔平长官司","TYPE_CH":"土司","PRES_LOC":"今湖北省五峰县西北水尽司","BEG_YR":1407,"END_YR":1734},"geometry":{"type":"Point","coordinates":[110.6003,30.2762]}},{"type":"Feature","properties":{"NAME_CH":"盘顺长官司","TYPE_CH":"土司","PRES_LOC":"今湖北省鹤峰县境（不定点）","BEG_YR":1372,"END_YR":1734},"geometry":{"type":"Point","coordinates":[110.2205,29.9084]}},{"type":"Feature","properties":{"NAME_CH":"容美宣抚司","TYPE_CH":"土司","PRES_LOC":"今湖北省鹤峰县","BEG_YR":1406,"END_YR":1734},"geometry":{"type":"Point","coordinates":[110.0256,29.8925]}},{"type":"Feature","properties":{"NAME_CH":"施南长官司","TYPE_CH":"土司","PRES_LOC":"今湖北省宣恩县","BEG_YR":1404,"END_YR":1405},"geometry":{"type":"Point","coordinates":[109.4802,29.9896]}},{"type":"Feature","properties":{"NAME_CH":"施南宣抚司","TYPE_CH":"土司","PRES_LOC":"今湖北省宣恩县","BEG_YR":1406,"END_YR":1734},"geometry":{"type":"Point","coordinates":[109.4802,29.9896]}},{"type":"Feature","properties":{"NAME_CH":"东乡五路长官司","TYPE_CH":"土司","PRES_LOC":"今湖北省宣恩县东北东乡镇","BEG_YR":1371,"END_YR":1372},"geometry":{"type":"Point","coordinates":[109.6105,30.0267]}},{"type":"Feature","properties":{"NAME_CH":"东乡五路安抚司","TYPE_CH":"土司","PRES_LOC":"今湖北省宣恩县东北东乡镇","BEG_YR":1407,"END_YR":1734},"geometry":{"type":"Point","coordinates":[109.6105,30.0267]}},{"type":"Feature","properties":{"NAME_CH":"摇把洞长官司","TYPE_CH":"土司","PRES_LOC":"今湖北省宣恩县境（不定点）","BEG_YR":1428,"END_YR":1734},"geometry":{"type":"Point","coordinates":[109.4727,29.8791]}},{"type":"Feature","properties":{"NAME_CH":"上爱茶峒长官司","TYPE_CH":"土司","PRES_LOC":"今湖北省宣恩县境（不定点）","BEG_YR":1428,"END_YR":1734},"geometry":{"type":"Point","coordinates":[109.4902,29.8579]}},{"type":"Feature","properties":{"NAME_CH":"下爱茶峒长官司","TYPE_CH":"土司","PRES_LOC":"今湖北省宣恩县境（不定点）","BEG_YR":1428,"END_YR":1734},"geometry":{"type":"Point","coordinates":[109.4902,29.8397]}},{"type":"Feature","properties":{"NAME_CH":"镇远蛮夷官司","TYPE_CH":"土司","PRES_LOC":"今湖北省宣恩县境（不定点）","BEG_YR":1428,"END_YR":1734},"geometry":{"type":"Point","coordinates":[109.4027,29.8336]}},{"type":"Feature","properties":{"NAME_CH":"隆奉长官司","TYPE_CH":"土司","PRES_LOC":"今湖北省宣恩县境（不定点）","BEG_YR":1371,"END_YR":1389},"geometry":{"type":"Point","coordinates":[109.6496,29.7957]}},{"type":"Feature","properties":{"NAME_CH":"隆奉蛮夷官司","TYPE_CH":"土司","PRES_LOC":"今湖北省宣恩县境（不定点）","BEG_YR":1428,"END_YR":1734},"geometry":{"type":"Point","coordinates":[109.6496,29.7957]}},{"type":"Feature","properties":{"NAME_CH":"忠路安抚司","TYPE_CH":"土司","PRES_LOC":"今湖北省利川市西南忠路镇","BEG_YR":1407,"END_YR":1734},"geometry":{"type":"Point","coordinates":[108.7155,30.0139]}},{"type":"Feature","properties":{"NAME_CH":"剑南长官司","TYPE_CH":"土司","PRES_LOC":"今湖北利川市西北建南镇","BEG_YR":1428,"END_YR":1664},"geometry":{"type":"Point","coordinates":[108.5457,30.4289]}},{"type":"Feature","properties":{"NAME_CH":"忠孝安抚司","TYPE_CH":"土司","PRES_LOC":"今湖北省利川县东南二十五里处","BEG_YR":1407,"END_YR":1734},"geometry":{"type":"Point","coordinates":[109.0332,30.2585]}},{"type":"Feature","properties":{"NAME_CH":"金峒长官司","TYPE_CH":"土司","PRES_LOC":"今湖北咸丰县西北金洞司","BEG_YR":1371,"END_YR":1380},"geometry":{"type":"Point","coordinates":[109.0807,29.9479]}},{"type":"Feature","properties":{"NAME_CH":"金峒安抚司","TYPE_CH":"土司","PRES_LOC":"今湖北咸丰县西北金洞司","BEG_YR":1407,"END_YR":1570},"geometry":{"type":"Point","coordinates":[109.0807,29.9479]}},{"type":"Feature","properties":{"NAME_CH":"西坪蛮夷官司","TYPE_CH":"土司","PRES_LOC":"今湖北省咸丰县西北活龙坪","BEG_YR":1428,"END_YR":1734},"geometry":{"type":"Point","coordinates":[108.7258,29.8319]}},{"type":"Feature","properties":{"NAME_CH":"散毛沿边宣抚司","TYPE_CH":"土司","PRES_LOC":"今湖北省来凤县西北老司城","BEG_YR":1371,"END_YR":1389},"geometry":{"type":"Point","coordinates":[109.3764,29.5165]}},{"type":"Feature","properties":{"NAME_CH":"散毛长官司","TYPE_CH":"土司","PRES_LOC":"今湖北省来凤县西北老司城","BEG_YR":1411,"END_YR":1414},"geometry":{"type":"Point","coordinates":[109.3764,29.5165]}},{"type":"Feature","properties":{"NAME_CH":"散毛宣抚司","TYPE_CH":"土司","PRES_LOC":"今湖北省来凤县西北老司城","BEG_YR":1415,"END_YR":1734},"geometry":{"type":"Point","coordinates":[109.3764,29.5165]}},{"type":"Feature","properties":{"NAME_CH":"龙潭长官司","TYPE_CH":"土司","PRES_LOC":"今湖北省咸丰县北龙潭司","BEG_YR":1357,"END_YR":1372},"geometry":{"type":"Point","coordinates":[109.1345,29.829]}},{"type":"Feature","properties":{"NAME_CH":"龙潭安抚司","TYPE_CH":"土司","PRES_LOC":"今湖北省咸丰县北龙潭司","BEG_YR":1406,"END_YR":1734},"geometry":{"type":"Point","coordinates":[109.1345,29.829]}},{"type":"Feature","properties":{"NAME_CH":"大旺宣抚司","TYPE_CH":"土司","PRES_LOC":"今湖北省来凤县西南旧司","BEG_YR":1373,"END_YR":1380},"geometry":{"type":"Point","coordinates":[109.2645,29.4366]}},{"type":"Feature","properties":{"NAME_CH":"大旺安抚司","TYPE_CH":"土司","PRES_LOC":"今湖北省来凤县西南旧司","BEG_YR":1381,"END_YR":1734},"geometry":{"type":"Point","coordinates":[109.2645,29.4366]}},{"type":"Feature","properties":{"NAME_CH":"东流安抚司","TYPE_CH":"土司","PRES_LOC":"今湖北省来凤县西南东流司","BEG_YR":1375,"END_YR":1380},"geometry":{"type":"Point","coordinates":[109.2929,29.4928]}},{"type":"Feature","properties":{"NAME_CH":"东流蛮夷长官司","TYPE_CH":"土司","PRES_LOC":"今湖北省来凤县西南东流司","BEG_YR":1381,"END_YR":1389},"geometry":{"type":"Point","coordinates":[109.2929,29.4928]}},{"type":"Feature","properties":{"NAME_CH":"东流蛮夷官司","TYPE_CH":"土司","PRES_LOC":"今湖北省来凤县西南东流司","BEG_YR":1428,"END_YR":1734},"geometry":{"type":"Point","coordinates":[109.2929,29.4928]}},{"type":"Feature","properties":{"NAME_CH":"腊壁峒蛮夷官司","TYPE_CH":"土司","PRES_LOC":"今湖北省来凤县西南水田（腊壁司）","BEG_YR":1428,"END_YR":1734},"geometry":{"type":"Point","coordinates":[109.2084,29.4915]}},{"type":"Feature","properties":{"NAME_CH":"忠建长官司","TYPE_CH":"土司","PRES_LOC":"今湖北省宣恩县南司城","BEG_YR":1372,"END_YR":1372},"geometry":{"type":"Point","coordinates":[109.3388,29.6923]}},{"type":"Feature","properties":{"NAME_CH":"忠建宣抚司","TYPE_CH":"土司","PRES_LOC":"今湖北省宣恩县南司城","BEG_YR":1406,"END_YR":1734},"geometry":{"type":"Point","coordinates":[109.3388,29.6923]}},{"type":"Feature","properties":{"NAME_CH":"忠建安抚司","TYPE_CH":"土司","PRES_LOC":"今湖北省宣恩县南司城","BEG_YR":1381,"END_YR":1389},"geometry":{"type":"Point","coordinates":[109.3388,29.6923]}},{"type":"Feature","properties":{"NAME_CH":"沿边溪洞长官司","TYPE_CH":"土司","PRES_LOC":"今湖北宣恩县东南沙道沟北双坪（上洞坪）","BEG_YR":1372,"END_YR":1389},"geometry":{"type":"Point","coordinates":[109.5559,29.7014]}},{"type":"Feature","properties":{"NAME_CH":"忠峒安抚司","TYPE_CH":"土司","PRES_LOC":"今湖北宣恩县东南沙道沟北双坪（上洞坪）","BEG_YR":1406,"END_YR":1734},"geometry":{"type":"Point","coordinates":[109.5559,29.7014]}},{"type":"Feature","properties":{"NAME_CH":"高罗安抚司","TYPE_CH":"土司","PRES_LOC":"今湖北宣恩县东南高罗镇","BEG_YR":1407,"END_YR":1734},"geometry":{"type":"Point","coordinates":[109.4955,29.7316]}},{"type":"Feature","properties":{"NAME_CH":"木册长官司","TYPE_CH":"土司","PRES_LOC":"今湖北省宣恩县南板粟园","BEG_YR":1406,"END_YR":1734},"geometry":{"type":"Point","coordinates":[109.4075,29.6584]}},{"type":"Feature","properties":{"NAME_CH":"镇南宣抚司","TYPE_CH":"土司","PRES_LOC":"今湖北省宣恩县南境与来凤县北交界处","BEG_YR":1371,"END_YR":1389},"geometry":{"type":"Point","coordinates":[109.3983,29.6178]}},{"type":"Feature","properties":{"NAME_CH":"镇南长官司","TYPE_CH":"土司","PRES_LOC":"今湖北省宣恩县南境与来凤县北交界处","BEG_YR":1407,"END_YR":1663},"geometry":{"type":"Point","coordinates":[109.3983,29.6178]}},{"type":"Feature","properties":{"NAME_CH":"唐崖长官司","TYPE_CH":"土司","PRES_LOC":"今湖北咸丰县西北塘崖司镇","BEG_YR":1406,"END_YR":1734},"geometry":{"type":"Point","coordinates":[109.0018,29.6831]}},{"type":"Feature","properties":{"NAME_CH":"建始县","TYPE_CH":"县","PRES_LOC":"今湖北建始县治","BEG_YR":1078,"END_YR":1911},"geometry":{"type":"Point","coordinates":[109.7263,30.6107]}},{"type":"Feature","properties":{"NAME_CH":"郧县","TYPE_CH":"县","PRES_LOC":"今湖北郧县","BEG_YR":1277,"END_YR":1911},"geometry":{"type":"Point","coordinates":[110.814,32.8337]}},{"type":"Feature","properties":{"NAME_CH":"房陵县","TYPE_CH":"县","PRES_LOC":"今湖北省房县","BEG_YR":1275,"END_YR":1376},"geometry":{"type":"Point","coordinates":[110.7271,32.059]}},{"type":"Feature","properties":{"NAME_CH":"房县","TYPE_CH":"县","PRES_LOC":"今湖北省房县","BEG_YR":1377,"END_YR":1911},"geometry":{"type":"Point","coordinates":[110.7271,32.059]}},{"type":"Feature","properties":{"NAME_CH":"竹山县","TYPE_CH":"县","PRES_LOC":"今湖北省竹山县","BEG_YR":1380,"END_YR":1911},"geometry":{"type":"Point","coordinates":[110.2286,32.2261]}},{"type":"Feature","properties":{"NAME_CH":"竹溪县","TYPE_CH":"县","PRES_LOC":"今湖北省竹溪县","BEG_YR":1476,"END_YR":1911},"geometry":{"type":"Point","coordinates":[109.7095,32.3334]}},{"type":"Feature","properties":{"NAME_CH":"保康县","TYPE_CH":"县","PRES_LOC":"今湖北省保康县","BEG_YR":1497,"END_YR":1911},"geometry":{"type":"Point","coordinates":[111.2671,31.888]}},{"type":"Feature","properties":{"NAME_CH":"郧西县","TYPE_CH":"县","PRES_LOC":"今湖北省郧西县","BEG_YR":1476,"END_YR":1911},"geometry":{"type":"Point","coordinates":[110.4188,32.9956]}},{"type":"Feature","properties":{"NAME_CH":"上津县","TYPE_CH":"县","PRES_LOC":"今湖北省郧西县西北上津镇","BEG_YR":1380,"END_YR":1658},"geometry":{"type":"Point","coordinates":[110.0463,33.1398]}},{"type":"Feature","properties":{"NAME_CH":"大田所","TYPE_CH":"所","PRES_LOC":"今湖北咸丰县","BEG_YR":1390,"END_YR":1727},"geometry":{"type":"Point","coordinates":[109.1443,29.6764]}},{"type":"Feature","properties":{"NAME_CH":"兴国州","TYPE_CH":"州","PRES_LOC":"今湖北阳新县","BEG_YR":1376,"END_YR":1911},"geometry":{"type":"Point","coordinates":[115.2096,29.8301]}},{"type":"Feature","properties":{"NAME_CH":"沔阳州","TYPE_CH":"州","PRES_LOC":"今湖北仙桃市西南沔城镇","BEG_YR":1531,"END_YR":1911},"geometry":{"type":"Point","coordinates":[113.2366,30.1895]}},{"type":"Feature","properties":{"NAME_CH":"德安州","TYPE_CH":"州","PRES_LOC":"今湖北省安陆市","BEG_YR":1376,"END_YR":1379},"geometry":{"type":"Point","coordinates":[113.6889,31.2637]}},{"type":"Feature","properties":{"NAME_CH":"随州","TYPE_CH":"州","PRES_LOC":"今湖北随州市","BEG_YR":1380,"END_YR":1911},"geometry":{"type":"Point","coordinates":[113.3698,31.7151]}},{"type":"Feature","properties":{"NAME_CH":"施州","TYPE_CH":"州","PRES_LOC":"今湖北省恩施市","BEG_YR":1381,"END_YR":1389},"geometry":{"type":"Point","coordinates":[109.4786,30.2723]}},{"type":"Feature","properties":{"NAME_CH":"房州","TYPE_CH":"州","PRES_LOC":"今湖北房县","BEG_YR":1275,"END_YR":1376},"geometry":{"type":"Point","coordinates":[110.7271,32.059]}},{"type":"Feature","properties":{"NAME_CH":"散毛沿边宣慰司","TYPE_CH":"土司","PRES_LOC":"今湖北省来凤县西北老司城","BEG_YR":1362,"END_YR":1370},"geometry":{"type":"Point","coordinates":[109.3764,29.5165]}},{"type":"Feature","properties":{"NAME_CH":"保德州","TYPE_CH":"州","PRES_LOC":"山西保德县城西侧","BEG_YR":1376,"END_YR":1723},"geometry":{"type":"Point","coordinates":[111.0795,39.0124]}},{"type":"Feature","properties":{"NAME_CH":"保德县","TYPE_CH":"县","PRES_LOC":"山西保德县城西侧","BEG_YR":1374,"END_YR":1376},"geometry":{"type":"Point","coordinates":[111.0795,39.0124]}},{"type":"Feature","properties":{"NAME_CH":"河曲县","TYPE_CH":"县","PRES_LOC":"山西河曲县旧县镇","BEG_YR":1380,"END_YR":1764},"geometry":{"type":"Point","coordinates":[111.2198,39.1698]}},{"type":"Feature","properties":{"NAME_CH":"大同县","TYPE_CH":"县","PRES_LOC":"今山西大同市","BEG_YR":1045,"END_YR":1911},"geometry":{"type":"Point","coordinates":[113.2964,40.0928]}},{"type":"Feature","properties":{"NAME_CH":"宣宁县","TYPE_CH":"县","PRES_LOC":"今山西大同市新荣区拒墙堡乡三墙堡西侧","BEG_YR":1168,"END_YR":1368},"geometry":{"type":"Point","coordinates":[113.1113,40.3718]}},{"type":"Feature","properties":{"NAME_CH":"镇虏卫","TYPE_CH":"卫","PRES_LOC":"今山西天镇县城","BEG_YR":1449,"END_YR":1649},"geometry":{"type":"Point","coordinates":[114.082,40.4158]}},{"type":"Feature","properties":{"NAME_CH":"广灵县","TYPE_CH":"县","PRES_LOC":"今山西广灵县城","BEG_YR":1125,"END_YR":1911},"geometry":{"type":"Point","coordinates":[114.2761,39.7636]}},{"type":"Feature","properties":{"NAME_CH":"怀仁县","TYPE_CH":"县","PRES_LOC":"今山西怀仁县城","BEG_YR":1288,"END_YR":1911},"geometry":{"type":"Point","coordinates":[113.1032,39.8201]}},{"type":"Feature","properties":{"NAME_CH":"浑源州","TYPE_CH":"州","PRES_LOC":"今山西浑源县城","BEG_YR":1214,"END_YR":1911},"geometry":{"type":"Point","coordinates":[113.6849,39.6963]}},{"type":"Feature","properties":{"NAME_CH":"灵丘县","TYPE_CH":"县","PRES_LOC":"今山西大同市灵丘县城","BEG_YR":1247,"END_YR":1911},"geometry":{"type":"Point","coordinates":[114.2292,39.4377]}},{"type":"Feature","properties":{"NAME_CH":"天成县","TYPE_CH":"县","PRES_LOC":"今山西天镇县城","BEG_YR":1044,"END_YR":1370},"geometry":{"type":"Point","coordinates":[114.082,40.4158]}},{"type":"Feature","properties":{"NAME_CH":"天成卫","TYPE_CH":"卫","PRES_LOC":"今山西天镇县城","BEG_YR":1393,"END_YR":1650},"geometry":{"type":"Point","coordinates":[114.082,40.4158]}},{"type":"Feature","properties":{"NAME_CH":"阳和卫","TYPE_CH":"卫","PRES_LOC":"今山西阳高县龙泉镇东关村","BEG_YR":1393,"END_YR":1645},"geometry":{"type":"Point","coordinates":[113.7634,40.3529]}},{"type":"Feature","properties":{"NAME_CH":"代县","TYPE_CH":"县","PRES_LOC":"今河北蔚县蔚州镇东北代王城","BEG_YR":23,"END_YR":0},"geometry":{"type":"Point","coordinates":[114.6767,39.8916]}},{"type":"Feature","properties":{"NAME_CH":"坚州","TYPE_CH":"州","PRES_LOC":"今山西繁峙县杏园乡南关村","BEG_YR":1215,"END_YR":1368},"geometry":{"type":"Point","coordinates":[113.2854,39.1769]}},{"type":"Feature","properties":{"NAME_CH":"繁峙县","TYPE_CH":"县","PRES_LOC":"今山西繁峙县杏园乡南关村","BEG_YR":1369,"END_YR":1574},"geometry":{"type":"Point","coordinates":[113.2854,39.1769]}},{"type":"Feature","properties":{"NAME_CH":"崞州","TYPE_CH":"州","PRES_LOC":"今山西原平市崞阳镇","BEG_YR":1219,"END_YR":1368},"geometry":{"type":"Point","coordinates":[112.7515,38.8833]}},{"type":"Feature","properties":{"NAME_CH":"崞县","TYPE_CH":"县","PRES_LOC":"今山西原平市崞阳镇","BEG_YR":1369,"END_YR":1911},"geometry":{"type":"Point","coordinates":[112.7515,38.8833]}},{"type":"Feature","properties":{"NAME_CH":"台州","TYPE_CH":"州","PRES_LOC":"今山西五台县城","BEG_YR":1216,"END_YR":1369},"geometry":{"type":"Point","coordinates":[113.2592,38.7192]}},{"type":"Feature","properties":{"NAME_CH":"五台县","TYPE_CH":"县","PRES_LOC":"今山西五台县城","BEG_YR":1369,"END_YR":1911},"geometry":{"type":"Point","coordinates":[113.2592,38.7192]}},{"type":"Feature","properties":{"NAME_CH":"西河县","TYPE_CH":"县","PRES_LOC":"今山西汾阳市","BEG_YR":760,"END_YR":1368},"geometry":{"type":"Point","coordinates":[111.779,37.2634]}},{"type":"Feature","properties":{"NAME_CH":"汾阳县","TYPE_CH":"县","PRES_LOC":"今山西汾阳市","BEG_YR":1595,"END_YR":1911},"geometry":{"type":"Point","coordinates":[111.779,37.2634]}},{"type":"Feature","properties":{"NAME_CH":"介休县","TYPE_CH":"县","PRES_LOC":"今山西介休市区","BEG_YR":598,"END_YR":1911},"geometry":{"type":"Point","coordinates":[111.9122,37.0265]}},{"type":"Feature","properties":{"NAME_CH":"临州","TYPE_CH":"州","PRES_LOC":"今山西临县北故县村","BEG_YR":1262,"END_YR":1368},"geometry":{"type":"Point","coordinates":[111.0523,38.147]}},{"type":"Feature","properties":{"NAME_CH":"临县","TYPE_CH":"县","PRES_LOC":"今山西临县","BEG_YR":1369,"END_YR":1911},"geometry":{"type":"Point","coordinates":[110.9831,37.9529]}},{"type":"Feature","properties":{"NAME_CH":"平遥县","TYPE_CH":"县","PRES_LOC":"今山西平遥县城","BEG_YR":448,"END_YR":1911},"geometry":{"type":"Point","coordinates":[112.1776,37.2073]}},{"type":"Feature","properties":{"NAME_CH":"石楼县","TYPE_CH":"县","PRES_LOC":"今山西石楼县","BEG_YR":598,"END_YR":1911},"geometry":{"type":"Point","coordinates":[110.8267,36.9957]}},{"type":"Feature","properties":{"NAME_CH":"孝义县","TYPE_CH":"县","PRES_LOC":"今山西孝义市城关镇","BEG_YR":1086,"END_YR":1911},"geometry":{"type":"Point","coordinates":[111.7828,37.1432]}},{"type":"Feature","properties":{"NAME_CH":"离石县","TYPE_CH":"县","PRES_LOC":"今山西离石县","BEG_YR":1262,"END_YR":1368},"geometry":{"type":"Point","coordinates":[111.1352,37.5101]}},{"type":"Feature","properties":{"NAME_CH":"石州","TYPE_CH":"州","PRES_LOC":"今山西离石市","BEG_YR":1218,"END_YR":1566},"geometry":{"type":"Point","coordinates":[111.1352,37.5101]}},{"type":"Feature","properties":{"NAME_CH":"灵石县","TYPE_CH":"县","PRES_LOC":"今山西灵石县城","BEG_YR":590,"END_YR":1911},"geometry":{"type":"Point","coordinates":[111.7762,36.8422]}},{"type":"Feature","properties":{"NAME_CH":"赵城县","TYPE_CH":"县","PRES_LOC":"今山西洪洞县北赵城镇","BEG_YR":1127,"END_YR":1911},"geometry":{"type":"Point","coordinates":[111.6752,36.3904]}},{"type":"Feature","properties":{"NAME_CH":"河津县","TYPE_CH":"县","PRES_LOC":"今山西河津城关","BEG_YR":1312,"END_YR":1911},"geometry":{"type":"Point","coordinates":[110.6978,35.5874]}},{"type":"Feature","properties":{"NAME_CH":"稷山县","TYPE_CH":"县","PRES_LOC":"今山西稷山县城关","BEG_YR":598,"END_YR":1911},"geometry":{"type":"Point","coordinates":[110.9788,35.6022]}},{"type":"Feature","properties":{"NAME_CH":"绛县","TYPE_CH":"县","PRES_LOC":"今山西绛县城关","BEG_YR":618,"END_YR":1911},"geometry":{"type":"Point","coordinates":[111.5613,35.4892]}},{"type":"Feature","properties":{"NAME_CH":"闻喜县","TYPE_CH":"县","PRES_LOC":"今山西闻喜县城关","BEG_YR":948,"END_YR":1911},"geometry":{"type":"Point","coordinates":[111.2172,35.3577]}},{"type":"Feature","properties":{"NAME_CH":"垣曲县","TYPE_CH":"县","PRES_LOC":"今山西省垣曲县古城镇","BEG_YR":1265,"END_YR":1911},"geometry":{"type":"Point","coordinates":[111.8771,35.0966]}},{"type":"Feature","properties":{"NAME_CH":"安邑县","TYPE_CH":"县","PRES_LOC":"今山西运城市盐湖区安邑镇","BEG_YR":769,"END_YR":1911},"geometry":{"type":"Point","coordinates":[111.0424,35.062]}},{"type":"Feature","properties":{"NAME_CH":"解州","TYPE_CH":"州","PRES_LOC":"今山西运城县西南解州","BEG_YR":1368,"END_YR":1723},"geometry":{"type":"Point","coordinates":[110.8554,34.9118]}},{"type":"Feature","properties":{"NAME_CH":"平陆县","TYPE_CH":"县","PRES_LOC":"今山西平陆县平陆老城","BEG_YR":742,"END_YR":1911},"geometry":{"type":"Point","coordinates":[111.1133,34.8022]}},{"type":"Feature","properties":{"NAME_CH":"芮城县","TYPE_CH":"县","PRES_LOC":"今山西芮城城关","BEG_YR":560,"END_YR":1911},"geometry":{"type":"Point","coordinates":[110.6883,34.6973]}},{"type":"Feature","properties":{"NAME_CH":"夏县","TYPE_CH":"县","PRES_LOC":"今山西夏县城关","BEG_YR":578,"END_YR":1911},"geometry":{"type":"Point","coordinates":[111.2201,35.1375]}},{"type":"Feature","properties":{"NAME_CH":"和顺县","TYPE_CH":"县","PRES_LOC":"今山西和顺县城","BEG_YR":1354,"END_YR":1911},"geometry":{"type":"Point","coordinates":[113.5669,37.3314]}},{"type":"Feature","properties":{"NAME_CH":"榆社县","TYPE_CH":"县","PRES_LOC":"今山西榆社县城","BEG_YR":1269,"END_YR":1911},"geometry":{"type":"Point","coordinates":[112.9637,37.0709]}},{"type":"Feature","properties":{"NAME_CH":"上党县","TYPE_CH":"县","PRES_LOC":"今山西长治市区","BEG_YR":607,"END_YR":1368},"geometry":{"type":"Point","coordinates":[113.1035,36.1835]}},{"type":"Feature","properties":{"NAME_CH":"长治县","TYPE_CH":"县","PRES_LOC":"今山西长治市区","BEG_YR":1529,"END_YR":1911},"geometry":{"type":"Point","coordinates":[113.1035,36.1835]}},{"type":"Feature","properties":{"NAME_CH":"长子县","TYPE_CH":"县","PRES_LOC":"今山西长子县城","BEG_YR":598,"END_YR":1911},"geometry":{"type":"Point","coordinates":[112.8738,36.1199]}},{"type":"Feature","properties":{"NAME_CH":"壶关县","TYPE_CH":"县","PRES_LOC":"今山西壶关县城","BEG_YR":643,"END_YR":1911},"geometry":{"type":"Point","coordinates":[113.1996,36.1135]}},{"type":"Feature","properties":{"NAME_CH":"黎城县","TYPE_CH":"县","PRES_LOC":"今山西黎城县城","BEG_YR":1086,"END_YR":1911},"geometry":{"type":"Point","coordinates":[113.38,36.5043]}},{"type":"Feature","properties":{"NAME_CH":"潞城县","TYPE_CH":"县","PRES_LOC":"今山西潞城市","BEG_YR":923,"END_YR":1911},"geometry":{"type":"Point","coordinates":[113.2211,36.3351]}},{"type":"Feature","properties":{"NAME_CH":"平顺县","TYPE_CH":"县","PRES_LOC":"今山西平顺县城","BEG_YR":1529,"END_YR":1760},"geometry":{"type":"Point","coordinates":[113.4308,36.2009]}},{"type":"Feature","properties":{"NAME_CH":"屯留县","TYPE_CH":"县","PRES_LOC":"今山西屯留县城","BEG_YR":1278,"END_YR":1911},"geometry":{"type":"Point","coordinates":[112.8824,36.3219]}},{"type":"Feature","properties":{"NAME_CH":"襄垣县","TYPE_CH":"县","PRES_LOC":"今山西襄垣县城","BEG_YR":618,"END_YR":1911},"geometry":{"type":"Point","coordinates":[113.0408,36.5346]}},{"type":"Feature","properties":{"NAME_CH":"汾西县","TYPE_CH":"县","PRES_LOC":"今山西汾西县城","BEG_YR":632,"END_YR":1911},"geometry":{"type":"Point","coordinates":[111.5627,36.6505]}},{"type":"Feature","properties":{"NAME_CH":"浮山县","TYPE_CH":"县","PRES_LOC":"今山西浮山县","BEG_YR":1305,"END_YR":1911},"geometry":{"type":"Point","coordinates":[111.8424,35.9674]}},{"type":"Feature","properties":{"NAME_CH":"洪洞县","TYPE_CH":"县","PRES_LOC":"今山西洪洞县","BEG_YR":618,"END_YR":1911},"geometry":{"type":"Point","coordinates":[111.6829,36.2594]}},{"type":"Feature","properties":{"NAME_CH":"临汾县","TYPE_CH":"县","PRES_LOC":"今山西临汾市","BEG_YR":583,"END_YR":1911},"geometry":{"type":"Point","coordinates":[111.5154,36.078]}},{"type":"Feature","properties":{"NAME_CH":"曲沃县","TYPE_CH":"县","PRES_LOC":"今山西曲沃县城","BEG_YR":590,"END_YR":1911},"geometry":{"type":"Point","coordinates":[111.47,35.6413]}},{"type":"Feature","properties":{"NAME_CH":"乡宁县","TYPE_CH":"县","PRES_LOC":"今山西乡宁县西南20公里西庄村","BEG_YR":1288,"END_YR":1911},"geometry":{"type":"Point","coordinates":[110.833,35.9732]}},{"type":"Feature","properties":{"NAME_CH":"襄陵县","TYPE_CH":"县","PRES_LOC":"今山西襄汾县西北襄陵镇","BEG_YR":1023,"END_YR":1911},"geometry":{"type":"Point","coordinates":[111.3965,36.024]}},{"type":"Feature","properties":{"NAME_CH":"翼城县","TYPE_CH":"县","PRES_LOC":"今山西翼城县","BEG_YR":1271,"END_YR":1911},"geometry":{"type":"Point","coordinates":[111.7084,35.7388]}},{"type":"Feature","properties":{"NAME_CH":"岳阳县","TYPE_CH":"县","PRES_LOC":"今山西古县老城","BEG_YR":632,"END_YR":1911},"geometry":{"type":"Point","coordinates":[111.9169,36.2829]}},{"type":"Feature","properties":{"NAME_CH":"临晋县","TYPE_CH":"县","PRES_LOC":"今山西临猗县临晋镇","BEG_YR":754,"END_YR":1911},"geometry":{"type":"Point","coordinates":[110.5516,35.0978]}},{"type":"Feature","properties":{"NAME_CH":"荣河县","TYPE_CH":"县","PRES_LOC":"今山西省万荣县西南宝井村北","BEG_YR":1260,"END_YR":1911},"geometry":{"type":"Point","coordinates":[110.4832,35.312]}},{"type":"Feature","properties":{"NAME_CH":"万泉县","TYPE_CH":"县","PRES_LOC":"山西万荣县万泉乡古城村万泉县故城","BEG_YR":1278,"END_YR":1911},"geometry":{"type":"Point","coordinates":[110.8013,35.3608]}},{"type":"Feature","properties":{"NAME_CH":"猗氏县","TYPE_CH":"县","PRES_LOC":"今山西临猗县城","BEG_YR":613,"END_YR":1911},"geometry":{"type":"Point","coordinates":[110.774,35.1479]}},{"type":"Feature","properties":{"NAME_CH":"河东县","TYPE_CH":"县","PRES_LOC":"今山西永济县西南蒲州镇","BEG_YR":596,"END_YR":1368},"geometry":{"type":"Point","coordinates":[110.3323,34.8351]}},{"type":"Feature","properties":{"NAME_CH":"铜鞮县","TYPE_CH":"县","PRES_LOC":"今山西沁县县城","BEG_YR":977,"END_YR":1368},"geometry":{"type":"Point","coordinates":[112.699,36.7574]}},{"type":"Feature","properties":{"NAME_CH":"沁源县","TYPE_CH":"县","PRES_LOC":"今山西沁源县城","BEG_YR":1266,"END_YR":1911},"geometry":{"type":"Point","coordinates":[112.3296,36.4971]}},{"type":"Feature","properties":{"NAME_CH":"武乡县","TYPE_CH":"县","PRES_LOC":"今山西武乡县故县村","BEG_YR":1295,"END_YR":1911},"geometry":{"type":"Point","coordinates":[112.9163,36.8268]}},{"type":"Feature","properties":{"NAME_CH":"平虏卫","TYPE_CH":"卫","PRES_LOC":"今山西朔州市平鲁区凤凰城镇","BEG_YR":1544,"END_YR":1643},"geometry":{"type":"Point","coordinates":[112.1824,39.7552]}},{"type":"Feature","properties":{"NAME_CH":"平鲁卫","TYPE_CH":"卫","PRES_LOC":"今山西朔州市平鲁区凤凰城镇","BEG_YR":1644,"END_YR":1724},"geometry":{"type":"Point","coordinates":[112.1824,39.7552]}},{"type":"Feature","properties":{"NAME_CH":"鄯阳县","TYPE_CH":"县","PRES_LOC":"今山西朔州市区","BEG_YR":605,"END_YR":1368},"geometry":{"type":"Point","coordinates":[112.4215,39.3081]}},{"type":"Feature","properties":{"NAME_CH":"朔州","TYPE_CH":"州","PRES_LOC":"今山西朔州市区","BEG_YR":1369,"END_YR":1911},"geometry":{"type":"Point","coordinates":[112.4215,39.3081]}},{"type":"Feature","properties":{"NAME_CH":"马邑县","TYPE_CH":"县","PRES_LOC":"今山西朔州市朔州市城区泊村西南约1.5千米","BEG_YR":1234,"END_YR":1795},"geometry":{"type":"Point","coordinates":[112.6099,39.3536]}},{"type":"Feature","properties":{"NAME_CH":"右玉林卫","TYPE_CH":"卫","PRES_LOC":"今山西右玉县右卫镇","BEG_YR":1449,"END_YR":1643},"geometry":{"type":"Point","coordinates":[112.3436,40.1604]}},{"type":"Feature","properties":{"NAME_CH":"右玉卫","TYPE_CH":"卫","PRES_LOC":"今山西右玉县右卫镇","BEG_YR":1644,"END_YR":1724},"geometry":{"type":"Point","coordinates":[112.3436,40.1604]}},{"type":"Feature","properties":{"NAME_CH":"威远卫","TYPE_CH":"卫","PRES_LOC":"今山西右玉县威远镇","BEG_YR":1438,"END_YR":1724},"geometry":{"type":"Point","coordinates":[112.3481,39.9478]}},{"type":"Feature","properties":{"NAME_CH":"定边卫","TYPE_CH":"卫","PRES_LOC":"今山西右玉县右卫镇","BEG_YR":1393,"END_YR":1402},"geometry":{"type":"Point","coordinates":[112.3436,40.1604]}},{"type":"Feature","properties":{"NAME_CH":"大同左卫","TYPE_CH":"卫","PRES_LOC":"今山西左云县城","BEG_YR":1409,"END_YR":1448},"geometry":{"type":"Point","coordinates":[112.6936,40.0081]}},{"type":"Feature","properties":{"NAME_CH":"左云川卫","TYPE_CH":"卫","PRES_LOC":"今山西左云县城","BEG_YR":1449,"END_YR":1643},"geometry":{"type":"Point","coordinates":[112.6936,40.0081]}},{"type":"Feature","properties":{"NAME_CH":"左云卫","TYPE_CH":"卫","PRES_LOC":"今山西左云县城","BEG_YR":1644,"END_YR":1724},"geometry":{"type":"Point","coordinates":[112.6936,40.0081]}},{"type":"Feature","properties":{"NAME_CH":"镇朔卫","TYPE_CH":"卫","PRES_LOC":"今山西左云县城","BEG_YR":1393,"END_YR":1402},"geometry":{"type":"Point","coordinates":[112.6936,40.0081]}},{"type":"Feature","properties":{"NAME_CH":"交城县","TYPE_CH":"县","PRES_LOC":"今山西交城县","BEG_YR":691,"END_YR":1911},"geometry":{"type":"Point","coordinates":[112.1563,37.5444]}},{"type":"Feature","properties":{"NAME_CH":"岢岚县","TYPE_CH":"县","PRES_LOC":"今山西岢岚县城","BEG_YR":1374,"END_YR":1374},"geometry":{"type":"Point","coordinates":[111.57,38.704]}},{"type":"Feature","properties":{"NAME_CH":"岢岚州","TYPE_CH":"州","PRES_LOC":"今山西岢岚县城","BEG_YR":1375,"END_YR":1911},"geometry":{"type":"Point","coordinates":[111.57,38.704]}},{"type":"Feature","properties":{"NAME_CH":"祁县","TYPE_CH":"县","PRES_LOC":"今山西祁县县城","BEG_YR":590,"END_YR":1911},"geometry":{"type":"Point","coordinates":[112.3153,37.3538]}},{"type":"Feature","properties":{"NAME_CH":"太谷县","TYPE_CH":"县","PRES_LOC":"今山西太谷县城","BEG_YR":598,"END_YR":1911},"geometry":{"type":"Point","coordinates":[112.5528,37.4255]}},{"type":"Feature","properties":{"NAME_CH":"平晋县","TYPE_CH":"县","PRES_LOC":"山西太原市晋源镇","BEG_YR":1371,"END_YR":1374},"geometry":{"type":"Point","coordinates":[112.4789,37.7276]}},{"type":"Feature","properties":{"NAME_CH":"文水县","TYPE_CH":"县","PRES_LOC":"今山西文水县城","BEG_YR":1099,"END_YR":1911},"geometry":{"type":"Point","coordinates":[112.0242,37.437]}},{"type":"Feature","properties":{"NAME_CH":"兴州","TYPE_CH":"州","PRES_LOC":"今山西兴县","BEG_YR":1262,"END_YR":1368},"geometry":{"type":"Point","coordinates":[111.1237,38.4727]}},{"type":"Feature","properties":{"NAME_CH":"兴县","TYPE_CH":"县","PRES_LOC":"今山西兴县","BEG_YR":1369,"END_YR":1911},"geometry":{"type":"Point","coordinates":[111.1237,38.4727]}},{"type":"Feature","properties":{"NAME_CH":"清源县","TYPE_CH":"县","PRES_LOC":"今山西清徐县城","BEG_YR":618,"END_YR":1762},"geometry":{"type":"Point","coordinates":[112.509,37.5572]}},{"type":"Feature","properties":{"NAME_CH":"徐沟县","TYPE_CH":"县","PRES_LOC":"今山西清徐县徐沟镇","BEG_YR":1189,"END_YR":1911},"geometry":{"type":"Point","coordinates":[112.509,37.5572]}},{"type":"Feature","properties":{"NAME_CH":"阳曲县","TYPE_CH":"县","PRES_LOC":"今山西太原市","BEG_YR":1126,"END_YR":1911},"geometry":{"type":"Point","coordinates":[112.5648,37.8738]}},{"type":"Feature","properties":{"NAME_CH":"榆次县","TYPE_CH":"县","PRES_LOC":"今山西榆次区旧城","BEG_YR":590,"END_YR":1911},"geometry":{"type":"Point","coordinates":[112.7447,37.6785]}},{"type":"Feature","properties":{"NAME_CH":"蒲县","TYPE_CH":"县","PRES_LOC":"今山西蒲县","BEG_YR":1294,"END_YR":1911},"geometry":{"type":"Point","coordinates":[111.0968,36.4158]}},{"type":"Feature","properties":{"NAME_CH":"隰川县","TYPE_CH":"县","PRES_LOC":"今山西隰县北17.5公里长寿村","BEG_YR":598,"END_YR":1368},"geometry":{"type":"Point","coordinates":[111.0267,36.8307]}},{"type":"Feature","properties":{"NAME_CH":"永和县","TYPE_CH":"县","PRES_LOC":"今山西永和县","BEG_YR":619,"END_YR":1911},"geometry":{"type":"Point","coordinates":[110.6335,36.7615]}},{"type":"Feature","properties":{"NAME_CH":"定襄县","TYPE_CH":"县","PRES_LOC":"今山西定襄县城","BEG_YR":1086,"END_YR":1911},"geometry":{"type":"Point","coordinates":[112.9438,38.4927]}},{"type":"Feature","properties":{"NAME_CH":"静乐县","TYPE_CH":"县","PRES_LOC":"今山西静乐县城","BEG_YR":1369,"END_YR":1911},"geometry":{"type":"Point","coordinates":[111.9401,38.3577]}},{"type":"Feature","properties":{"NAME_CH":"高平县","TYPE_CH":"县","PRES_LOC":"今山西高平市区","BEG_YR":569,"END_YR":1911},"geometry":{"type":"Point","coordinates":[112.9196,35.7921]}},{"type":"Feature","properties":{"NAME_CH":"陵川县","TYPE_CH":"县","PRES_LOC":"今山西陵川县城","BEG_YR":1294,"END_YR":1911},"geometry":{"type":"Point","coordinates":[113.277,35.7781]}},{"type":"Feature","properties":{"NAME_CH":"沁水县","TYPE_CH":"县","PRES_LOC":"今山西沁水县城","BEG_YR":583,"END_YR":1911},"geometry":{"type":"Point","coordinates":[112.1701,35.6904]}},{"type":"Feature","properties":{"NAME_CH":"阳城县","TYPE_CH":"县","PRES_LOC":"今山西阳城县城","BEG_YR":1234,"END_YR":1911},"geometry":{"type":"Point","coordinates":[112.418,35.4906]}},{"type":"Feature","properties":{"NAME_CH":"代州","TYPE_CH":"州","PRES_LOC":"今山西代县县城","BEG_YR":1375,"END_YR":1723},"geometry":{"type":"Point","coordinates":[112.949,39.0604]}},{"type":"Feature","properties":{"NAME_CH":"霍州","TYPE_CH":"州","PRES_LOC":"今山西霍州市","BEG_YR":1370,"END_YR":1771},"geometry":{"type":"Point","coordinates":[111.7281,36.5638]}},{"type":"Feature","properties":{"NAME_CH":"江油县","TYPE_CH":"县","PRES_LOC":"今四川江油市治","BEG_YR":1380,"END_YR":1652},"geometry":{"type":"Point","coordinates":[104.741,31.7781]}},{"type":"Feature","properties":{"NAME_CH":"泸州","TYPE_CH":"州","PRES_LOC":"今四川泸州市东长江东岸沙茜","BEG_YR":1283,"END_YR":1372},"geometry":{"type":"Point","coordinates":[105.4687,28.8874]}},{"type":"Feature","properties":{"NAME_CH":"安岳县","TYPE_CH":"县","PRES_LOC":"今四川安岳县治","BEG_YR":1362,"END_YR":1661},"geometry":{"type":"Point","coordinates":[105.3245,30.1127]}},{"type":"Feature","properties":{"NAME_CH":"石泉县","TYPE_CH":"县","PRES_LOC":"今四川北川县西治城","BEG_YR":634,"END_YR":1911},"geometry":{"type":"Point","coordinates":[104.3225,31.8697]}},{"type":"Feature","properties":{"NAME_CH":"石泉县","TYPE_CH":"县","PRES_LOC":"今陕西石泉县","BEG_YR":1370,"END_YR":1911},"geometry":{"type":"Point","coordinates":[108.2535,33.0434]}},{"type":"Feature","properties":{"NAME_CH":"通川县","TYPE_CH":"县","PRES_LOC":"今四川达州市","BEG_YR":598,"END_YR":1375},"geometry":{"type":"Point","coordinates":[107.5001,31.227]}},{"type":"Feature","properties":{"NAME_CH":"达县","TYPE_CH":"县","PRES_LOC":"今四川达州市治","BEG_YR":1376,"END_YR":1513},"geometry":{"type":"Point","coordinates":[107.5001,31.227]}},{"type":"Feature","properties":{"NAME_CH":"大邑县","TYPE_CH":"县","PRES_LOC":"今四川大邑县治","BEG_YR":1380,"END_YR":1911},"geometry":{"type":"Point","coordinates":[103.523,30.5848]}},{"type":"Feature","properties":{"NAME_CH":"大竹县","TYPE_CH":"县","PRES_LOC":"今四川大竹县治","BEG_YR":1283,"END_YR":1911},"geometry":{"type":"Point","coordinates":[107.2048,30.7382]}},{"type":"Feature","properties":{"NAME_CH":"丹稜县","TYPE_CH":"县","PRES_LOC":"今四川丹稜县治","BEG_YR":1380,"END_YR":1666},"geometry":{"type":"Point","coordinates":[103.5123,30.0262]}},{"type":"Feature","properties":{"NAME_CH":"德阳县","TYPE_CH":"县","PRES_LOC":"今四川德阳市治","BEG_YR":1380,"END_YR":1911},"geometry":{"type":"Point","coordinates":[104.391,31.1324]}},{"type":"Feature","properties":{"NAME_CH":"罗江县","TYPE_CH":"县","PRES_LOC":"今四川德阳县东北罗江镇","BEG_YR":1380,"END_YR":1658},"geometry":{"type":"Point","coordinates":[104.5125,31.304]}},{"type":"Feature","properties":{"NAME_CH":"峨眉县","TYPE_CH":"县","PRES_LOC":"今四川峨眉山市治","BEG_YR":589,"END_YR":1911},"geometry":{"type":"Point","coordinates":[103.4822,29.6017]}},{"type":"Feature","properties":{"NAME_CH":"渠江县","TYPE_CH":"县","PRES_LOC":"今四川广安县治","BEG_YR":1275,"END_YR":1376},"geometry":{"type":"Point","coordinates":[106.6318,30.4744]}},{"type":"Feature","properties":{"NAME_CH":"广安州","TYPE_CH":"州","PRES_LOC":"今四川广安治","BEG_YR":1377,"END_YR":1911},"geometry":{"type":"Point","coordinates":[106.6318,30.4744]}},{"type":"Feature","properties":{"NAME_CH":"汉源县","TYPE_CH":"县","PRES_LOC":"今四川汉源县（富林镇）北清溪镇","BEG_YR":715,"END_YR":1371},"geometry":{"type":"Point","coordinates":[102.6178,29.5851]}},{"type":"Feature","properties":{"NAME_CH":"黎州千户所","TYPE_CH":"千户所","PRES_LOC":"今四川汉源县（富林镇）北清溪镇","BEG_YR":1596,"END_YR":1644},"geometry":{"type":"Point","coordinates":[102.6178,29.5851]}},{"type":"Feature","properties":{"NAME_CH":"合江县","TYPE_CH":"县","PRES_LOC":"今四川合江县治","BEG_YR":1371,"END_YR":1911},"geometry":{"type":"Point","coordinates":[105.8267,28.812]}},{"type":"Feature","properties":{"NAME_CH":"洪雅县","TYPE_CH":"县","PRES_LOC":"今四川洪雅县治","BEG_YR":1482,"END_YR":1911},"geometry":{"type":"Point","coordinates":[103.3697,29.9128]}},{"type":"Feature","properties":{"NAME_CH":"夹江县","TYPE_CH":"县","PRES_LOC":"今四川夹江县治","BEG_YR":618,"END_YR":1911},"geometry":{"type":"Point","coordinates":[103.5724,29.7414]}},{"type":"Feature","properties":{"NAME_CH":"犍为县","TYPE_CH":"县","PRES_LOC":"今四川犍为县南二十里、马边河入岷江口东岸","BEG_YR":1282,"END_YR":1509},"geometry":{"type":"Point","coordinates":[103.9907,29.1393]}},{"type":"Feature","properties":{"NAME_CH":"江安县","TYPE_CH":"县","PRES_LOC":"今四川江安县治","BEG_YR":998,"END_YR":1911},"geometry":{"type":"Point","coordinates":[105.0572,28.7262]}},{"type":"Feature","properties":{"NAME_CH":"彰明县","TYPE_CH":"县","PRES_LOC":"今四川江油市南冶城（旧彰明）","BEG_YR":1380,"END_YR":1658},"geometry":{"type":"Point","coordinates":[104.7185,31.7186]}},{"type":"Feature","properties":{"NAME_CH":"井研县","TYPE_CH":"县","PRES_LOC":"今四川井研县治","BEG_YR":1380,"END_YR":1911},"geometry":{"type":"Point","coordinates":[104.0774,29.6585]}},{"type":"Feature","properties":{"NAME_CH":"乐至县","TYPE_CH":"县","PRES_LOC":"今四川乐至县治","BEG_YR":1465,"END_YR":1911},"geometry":{"type":"Point","coordinates":[105.0209,30.2868]}},{"type":"Feature","properties":{"NAME_CH":"邻水县","TYPE_CH":"县","PRES_LOC":"今四川邻水县治","BEG_YR":1465,"END_YR":1911},"geometry":{"type":"Point","coordinates":[106.9196,30.3353]}},{"type":"Feature","properties":{"NAME_CH":"泸山县","TYPE_CH":"县","PRES_LOC":"今四川芦山县治","BEG_YR":1258,"END_YR":1373},"geometry":{"type":"Point","coordinates":[102.9267,30.1596]}},{"type":"Feature","properties":{"NAME_CH":"芦山县","TYPE_CH":"县","PRES_LOC":"今四川芦山县治","BEG_YR":1374,"END_YR":1911},"geometry":{"type":"Point","coordinates":[102.9267,30.1596]}},{"type":"Feature","properties":{"NAME_CH":"汶山县","TYPE_CH":"县","PRES_LOC":"今四川茂县（凤仪镇）治","BEG_YR":601,"END_YR":1376},"geometry":{"type":"Point","coordinates":[103.853,31.6889]}},{"type":"Feature","properties":{"NAME_CH":"茂州","TYPE_CH":"州","PRES_LOC":"今四川茂县（凤仪镇）治","BEG_YR":1377,"END_YR":1726},"geometry":{"type":"Point","coordinates":[103.853,31.6889]}},{"type":"Feature","properties":{"NAME_CH":"叠溪右千户所","TYPE_CH":"千户所","PRES_LOC":"今四川茂县北较场","BEG_YR":1378,"END_YR":1391},"geometry":{"type":"Point","coordinates":[103.681,32.0432]}},{"type":"Feature","properties":{"NAME_CH":"眉州","TYPE_CH":"州","PRES_LOC":"今四川眉山市治","BEG_YR":1283,"END_YR":1375},"geometry":{"type":"Point","coordinates":[103.8315,30.0505]}},{"type":"Feature","properties":{"NAME_CH":"眉县","TYPE_CH":"县","PRES_LOC":"今四川眉山市治","BEG_YR":1376,"END_YR":1379},"geometry":{"type":"Point","coordinates":[103.8315,30.0505]}},{"type":"Feature","properties":{"NAME_CH":"绵州","TYPE_CH":"州","PRES_LOC":"今四川绵阳市治","BEG_YR":1380,"END_YR":1727},"geometry":{"type":"Point","coordinates":[104.7493,31.459]}},{"type":"Feature","properties":{"NAME_CH":"绵县","TYPE_CH":"县","PRES_LOC":"今四川绵阳市治","BEG_YR":1377,"END_YR":1379},"geometry":{"type":"Point","coordinates":[104.7493,31.459]}},{"type":"Feature","properties":{"NAME_CH":"绵竹县","TYPE_CH":"县","PRES_LOC":"今四川绵竹县治","BEG_YR":1283,"END_YR":1911},"geometry":{"type":"Point","coordinates":[104.1976,31.3425]}},{"type":"Feature","properties":{"NAME_CH":"百丈县","TYPE_CH":"县","PRES_LOC":"今四川名山县东北百丈","BEG_YR":1086,"END_YR":1376},"geometry":{"type":"Point","coordinates":[103.2572,30.1908]}},{"type":"Feature","properties":{"NAME_CH":"名山县","TYPE_CH":"县","PRES_LOC":"今四川名山县治","BEG_YR":1380,"END_YR":1911},"geometry":{"type":"Point","coordinates":[103.0961,30.0942]}},{"type":"Feature","properties":{"NAME_CH":"内江县","TYPE_CH":"县","PRES_LOC":"今四川内江县治","BEG_YR":1380,"END_YR":1911},"geometry":{"type":"Point","coordinates":[105.0539,29.5808]}},{"type":"Feature","properties":{"NAME_CH":"纳溪县","TYPE_CH":"县","PRES_LOC":"今四川纳溪县治","BEG_YR":1308,"END_YR":1911},"geometry":{"type":"Point","coordinates":[105.3817,28.7821]}},{"type":"Feature","properties":{"NAME_CH":"彭山县","TYPE_CH":"县","PRES_LOC":"今四川彭山县治","BEG_YR":1380,"END_YR":1661},"geometry":{"type":"Point","coordinates":[103.8692,30.2008]}},{"type":"Feature","properties":{"NAME_CH":"相如县","TYPE_CH":"县","PRES_LOC":"今四川蓬安县西嘉陵江西岸陵江（锦屏公社）","BEG_YR":1278,"END_YR":1376},"geometry":{"type":"Point","coordinates":[106.3673,31.0383]}},{"type":"Feature","properties":{"NAME_CH":"蓬溪县","TYPE_CH":"县","PRES_LOC":"今四川蓬溪县治","BEG_YR":1380,"END_YR":1911},"geometry":{"type":"Point","coordinates":[105.7086,30.7764]}},{"type":"Feature","properties":{"NAME_CH":"蒲江县","TYPE_CH":"县","PRES_LOC":"今四川蒲江县治","BEG_YR":1374,"END_YR":1911},"geometry":{"type":"Point","coordinates":[103.5026,30.2142]}},{"type":"Feature","properties":{"NAME_CH":"青神县","TYPE_CH":"县","PRES_LOC":"今四川青神县治","BEG_YR":1380,"END_YR":1666},"geometry":{"type":"Point","coordinates":[103.8173,29.7626]}},{"type":"Feature","properties":{"NAME_CH":"渠县","TYPE_CH":"县","PRES_LOC":"今四川渠县治","BEG_YR":1376,"END_YR":1911},"geometry":{"type":"Point","coordinates":[106.9622,30.8443]}},{"type":"Feature","properties":{"NAME_CH":"仁寿县","TYPE_CH":"县","PRES_LOC":"今四川仁寿县治","BEG_YR":635,"END_YR":1911},"geometry":{"type":"Point","coordinates":[104.1438,30.0044]}},{"type":"Feature","properties":{"NAME_CH":"荥经县","TYPE_CH":"县","PRES_LOC":"今四川荥经县治","BEG_YR":1380,"END_YR":1911},"geometry":{"type":"Point","coordinates":[102.8373,29.7953]}},{"type":"Feature","properties":{"NAME_CH":"荣州","TYPE_CH":"州","PRES_LOC":"今四川荣县治","BEG_YR":1374,"END_YR":1375},"geometry":{"type":"Point","coordinates":[104.4204,29.4639]}},{"type":"Feature","properties":{"NAME_CH":"荣县","TYPE_CH":"县","PRES_LOC":"今四川荣县治","BEG_YR":1376,"END_YR":1911},"geometry":{"type":"Point","coordinates":[104.4204,29.4639]}},{"type":"Feature","properties":{"NAME_CH":"郪县","TYPE_CH":"县","PRES_LOC":"今四川三台县治","BEG_YR":607,"END_YR":1375},"geometry":{"type":"Point","coordinates":[105.0876,31.0946]}},{"type":"Feature","properties":{"NAME_CH":"射洪县","TYPE_CH":"县","PRES_LOC":"今四川射洪县（太和镇）西北金华镇","BEG_YR":1380,"END_YR":1911},"geometry":{"type":"Point","coordinates":[105.276,30.9892]}},{"type":"Feature","properties":{"NAME_CH":"石柱安抚司","TYPE_CH":"安抚司","PRES_LOC":"今四川石柱县治","BEG_YR":1362,"END_YR":1374},"geometry":{"type":"Point","coordinates":[108.1184,29.9928]}},{"type":"Feature","properties":{"NAME_CH":"石柱宣抚司","TYPE_CH":"宣抚司","PRES_LOC":"今四川石柱县治","BEG_YR":1375,"END_YR":1620},"geometry":{"type":"Point","coordinates":[108.1184,29.9928]}},{"type":"Feature","properties":{"NAME_CH":"石柱宣慰司","TYPE_CH":"宣慰司","PRES_LOC":"今四川石柱县治","BEG_YR":1621,"END_YR":1761},"geometry":{"type":"Point","coordinates":[108.1184,29.9928]}},{"type":"Feature","properties":{"NAME_CH":"威远县","TYPE_CH":"县","PRES_LOC":"今四川威远县治","BEG_YR":1380,"END_YR":1666},"geometry":{"type":"Point","coordinates":[104.6592,29.5246]}},{"type":"Feature","properties":{"NAME_CH":"汶川县","TYPE_CH":"县","PRES_LOC":"今四川汶川县（威州镇）治","BEG_YR":564,"END_YR":1911},"geometry":{"type":"Point","coordinates":[103.5781,31.4778]}},{"type":"Feature","properties":{"NAME_CH":"西充县","TYPE_CH":"县","PRES_LOC":"今四川西充县治","BEG_YR":1380,"END_YR":1911},"geometry":{"type":"Point","coordinates":[105.8809,31.0105]}},{"type":"Feature","properties":{"NAME_CH":"太平长官司","TYPE_CH":"长官司","PRES_LOC":"今四川省兴文县大坝","BEG_YR":1468,"END_YR":1643},"geometry":{"type":"Point","coordinates":[105.1657,28.1279]}},{"type":"Feature","properties":{"NAME_CH":"叙永厅","TYPE_CH":"厅","PRES_LOC":"今四川叙永县永宁河东部分","BEG_YR":1623,"END_YR":1729},"geometry":{"type":"Point","coordinates":[105.4426,28.1817]}},{"type":"Feature","properties":{"NAME_CH":"永宁卫","TYPE_CH":"卫","PRES_LOC":"今四川叙永县永宁河西部分","BEG_YR":1371,"END_YR":1666},"geometry":{"type":"Point","coordinates":[105.4238,28.1773]}},{"type":"Feature","properties":{"NAME_CH":"严道县","TYPE_CH":"县","PRES_LOC":"今四川雅安县治","BEG_YR":607,"END_YR":1370},"geometry":{"type":"Point","coordinates":[102.9844,29.9856]}},{"type":"Feature","properties":{"NAME_CH":"盐亭县","TYPE_CH":"县","PRES_LOC":"今四川盐亭县治","BEG_YR":535,"END_YR":1911},"geometry":{"type":"Point","coordinates":[105.3761,31.2293]}},{"type":"Feature","properties":{"NAME_CH":"仪陇县","TYPE_CH":"县","PRES_LOC":"今四川仪陇县治","BEG_YR":1380,"END_YR":1911},"geometry":{"type":"Point","coordinates":[106.4037,31.5268]}},{"type":"Feature","properties":{"NAME_CH":"营山县","TYPE_CH":"县","PRES_LOC":"今四川营山县治","BEG_YR":1380,"END_YR":1911},"geometry":{"type":"Point","coordinates":[106.565,31.0758]}},{"type":"Feature","properties":{"NAME_CH":"岳池县","TYPE_CH":"县","PRES_LOC":"今四川岳池县治","BEG_YR":1377,"END_YR":1667},"geometry":{"type":"Point","coordinates":[106.4406,30.5456]}},{"type":"Feature","properties":{"NAME_CH":"中江县","TYPE_CH":"县","PRES_LOC":"今四川中江县治","BEG_YR":1380,"END_YR":1911},"geometry":{"type":"Point","coordinates":[104.679,31.0443]}},{"type":"Feature","properties":{"NAME_CH":"资阳县","TYPE_CH":"县","PRES_LOC":"今四川资阳县治","BEG_YR":1465,"END_YR":1911},"geometry":{"type":"Point","coordinates":[104.6502,30.1227]}},{"type":"Feature","properties":{"NAME_CH":"资县","TYPE_CH":"县","PRES_LOC":"今四川资中县治","BEG_YR":1371,"END_YR":1727},"geometry":{"type":"Point","coordinates":[104.8484,29.7847]}},{"type":"Feature","properties":{"NAME_CH":"梓潼县","TYPE_CH":"县","PRES_LOC":"今四川梓潼县治","BEG_YR":607,"END_YR":1911},"geometry":{"type":"Point","coordinates":[105.1576,31.6384]}},{"type":"Feature","properties":{"NAME_CH":"黎州长官司","TYPE_CH":"长官司","PRES_LOC":"今四川汉源县（富林镇）北清溪镇","BEG_YR":1376,"END_YR":1377},"geometry":{"type":"Point","coordinates":[102.6178,29.5851]}},{"type":"Feature","properties":{"NAME_CH":"黎州安抚司","TYPE_CH":"安抚司","PRES_LOC":"今四川汉源县（富林镇）北清溪镇","BEG_YR":1378,"END_YR":1595},"geometry":{"type":"Point","coordinates":[102.6178,29.5851]}},{"type":"Feature","properties":{"NAME_CH":"叠溪守御军民千户所","TYPE_CH":"所","PRES_LOC":"今四川茂县北较场","BEG_YR":1392,"END_YR":1643},"geometry":{"type":"Point","coordinates":[103.681,32.0432]}},{"type":"Feature","properties":{"NAME_CH":"六番招讨司","TYPE_CH":"招讨司","PRES_LOC":"今四川天全县治","BEG_YR":1276,"END_YR":1373},"geometry":{"type":"Point","coordinates":[102.7505,30.0786]}},{"type":"Feature","properties":{"NAME_CH":"天全六番招讨司","TYPE_CH":"招讨司","PRES_LOC":"今四川天全县治","BEG_YR":1374,"END_YR":1729},"geometry":{"type":"Point","coordinates":[102.7505,30.0786]}},{"type":"Feature","properties":{"NAME_CH":"永宁长官司","TYPE_CH":"长官司","PRES_LOC":"今四川叙永县西南高峰","BEG_YR":1374,"END_YR":1374},"geometry":{"type":"Point","coordinates":[105.2334,28.0718]}},{"type":"Feature","properties":{"NAME_CH":"永宁宣抚司","TYPE_CH":"宣抚司","PRES_LOC":"今四川叙永县永宁河东部分","BEG_YR":1382,"END_YR":1622},"geometry":{"type":"Point","coordinates":[105.4426,28.1817]}},{"type":"Feature","properties":{"NAME_CH":"丘县","TYPE_CH":"县","PRES_LOC":"今河北丘县南丘城镇","BEG_YR":1289,"END_YR":1911},"geometry":{"type":"Point","coordinates":[115.1568,36.7139]}},{"type":"Feature","properties":{"NAME_CH":"安丘县","TYPE_CH":"县","PRES_LOC":"今山东安丘县","BEG_YR":971,"END_YR":1911},"geometry":{"type":"Point","coordinates":[119.1974,36.4291]}},{"type":"Feature","properties":{"NAME_CH":"渤海县","TYPE_CH":"县","PRES_LOC":"今山东滨州市","BEG_YR":746,"END_YR":1368},"geometry":{"type":"Point","coordinates":[118.0238,37.3681]}},{"type":"Feature","properties":{"NAME_CH":"蒲台县","TYPE_CH":"县","PRES_LOC":"今山东滨州市南蒲台","BEG_YR":1142,"END_YR":1911},"geometry":{"type":"Point","coordinates":[118.0303,37.3468]}},{"type":"Feature","properties":{"NAME_CH":"博兴县","TYPE_CH":"县","PRES_LOC":"今山东博兴县","BEG_YR":1369,"END_YR":1911},"geometry":{"type":"Point","coordinates":[118.1277,37.1354]}},{"type":"Feature","properties":{"NAME_CH":"曹县","TYPE_CH":"县","PRES_LOC":"今山东曹县城","BEG_YR":1371,"END_YR":1911},"geometry":{"type":"Point","coordinates":[115.5395,34.8276]}},{"type":"Feature","properties":{"NAME_CH":"昌乐县","TYPE_CH":"县","PRES_LOC":"今山东昌乐县","BEG_YR":1368,"END_YR":1911},"geometry":{"type":"Point","coordinates":[118.8367,36.7036]}},{"type":"Feature","properties":{"NAME_CH":"成武县","TYPE_CH":"县","PRES_LOC":"今山东成武县","BEG_YR":606,"END_YR":1384},"geometry":{"type":"Point","coordinates":[115.8752,34.9622]}},{"type":"Feature","properties":{"NAME_CH":"城武县","TYPE_CH":"县","PRES_LOC":"今山东成武县","BEG_YR":1385,"END_YR":1911},"geometry":{"type":"Point","coordinates":[115.8752,34.9622]}},{"type":"Feature","properties":{"NAME_CH":"单县","TYPE_CH":"县","PRES_LOC":"今山东单县","BEG_YR":1369,"END_YR":1911},"geometry":{"type":"Point","coordinates":[116.0793,34.7979]}},{"type":"Feature","properties":{"NAME_CH":"定陶县","TYPE_CH":"县","PRES_LOC":"今山东定陶县","BEG_YR":1380,"END_YR":1911},"geometry":{"type":"Point","coordinates":[115.5666,35.074]}},{"type":"Feature","properties":{"NAME_CH":"费县","TYPE_CH":"县","PRES_LOC":"今山东费县","BEG_YR":621,"END_YR":1911},"geometry":{"type":"Point","coordinates":[117.9646,35.2652]}},{"type":"Feature","properties":{"NAME_CH":"高密县","TYPE_CH":"县","PRES_LOC":"今山东高密县","BEG_YR":623,"END_YR":1911},"geometry":{"type":"Point","coordinates":[119.7526,36.3854]}},{"type":"Feature","properties":{"NAME_CH":"高苑县","TYPE_CH":"县","PRES_LOC":"今山东高青县东南高苑城","BEG_YR":607,"END_YR":1912},"geometry":{"type":"Point","coordinates":[117.9595,37.0943]}},{"type":"Feature","properties":{"NAME_CH":"青城县","TYPE_CH":"县","PRES_LOC":"今山东高青县西北青城","BEG_YR":1380,"END_YR":1911},"geometry":{"type":"Point","coordinates":[117.6915,37.1878]}},{"type":"Feature","properties":{"NAME_CH":"清平县","TYPE_CH":"县","PRES_LOC":"今山东高唐县西南清平","BEG_YR":1371,"END_YR":1911},"geometry":{"type":"Point","coordinates":[116.0766,36.7548]}},{"type":"Feature","properties":{"NAME_CH":"清平县","TYPE_CH":"县","PRES_LOC":"今贵州省凯里市清平镇","BEG_YR":1494,"END_YR":1667},"geometry":{"type":"Point","coordinates":[107.789,26.6583]}},{"type":"Feature","properties":{"NAME_CH":"大嵩卫","TYPE_CH":"卫","PRES_LOC":"今山东海阳县东南凤城","BEG_YR":1398,"END_YR":1733},"geometry":{"type":"Point","coordinates":[121.2368,36.7005]}},{"type":"Feature","properties":{"NAME_CH":"大山千户所","TYPE_CH":"千户所","PRES_LOC":"今山东海阳县西南大山所","BEG_YR":1474,"END_YR":1644},"geometry":{"type":"Point","coordinates":[120.9824,36.6266]}},{"type":"Feature","properties":{"NAME_CH":"即墨县","TYPE_CH":"县","PRES_LOC":"今山东即墨市","BEG_YR":1352,"END_YR":1911},"geometry":{"type":"Point","coordinates":[120.4504,36.3821]}},{"type":"Feature","properties":{"NAME_CH":"鼇山卫","TYPE_CH":"卫","PRES_LOC":"今山东即墨市东鳌山卫","BEG_YR":1388,"END_YR":1733},"geometry":{"type":"Point","coordinates":[120.6698,36.3662]}},{"type":"Feature","properties":{"NAME_CH":"任城县","TYPE_CH":"县","PRES_LOC":"今山东济宁市","BEG_YR":1286,"END_YR":1384},"geometry":{"type":"Point","coordinates":[116.5779,35.4104]}},{"type":"Feature","properties":{"NAME_CH":"嘉祥县","TYPE_CH":"县","PRES_LOC":"今山东嘉祥县","BEG_YR":1175,"END_YR":1911},"geometry":{"type":"Point","coordinates":[116.343,35.4007]}},{"type":"Feature","properties":{"NAME_CH":"灵山卫","TYPE_CH":"卫","PRES_LOC":"今山东胶南市东北灵山卫","BEG_YR":1388,"END_YR":1733},"geometry":{"type":"Point","coordinates":[120.135,35.9297]}},{"type":"Feature","properties":{"NAME_CH":"胶西县","TYPE_CH":"县","PRES_LOC":"今山东胶州市","BEG_YR":1088,"END_YR":1368},"geometry":{"type":"Point","coordinates":[120.0073,36.3]}},{"type":"Feature","properties":{"NAME_CH":"金乡县","TYPE_CH":"县","PRES_LOC":"今山东金乡县","BEG_YR":479,"END_YR":1911},"geometry":{"type":"Point","coordinates":[116.3045,35.0682]}},{"type":"Feature","properties":{"NAME_CH":"莒县","TYPE_CH":"县","PRES_LOC":"今山东莒县","BEG_YR":23,"END_YR":1368},"geometry":{"type":"Point","coordinates":[118.8344,35.5819]}},{"type":"Feature","properties":{"NAME_CH":"巨野县","TYPE_CH":"县","PRES_LOC":"今山东巨野县城","BEG_YR":1269,"END_YR":1911},"geometry":{"type":"Point","coordinates":[116.0887,35.3962]}},{"type":"Feature","properties":{"NAME_CH":"鄄城县","TYPE_CH":"县","PRES_LOC":"今山东鄄城县北旧城镇","BEG_YR":477,"END_YR":1368},"geometry":{"type":"Point","coordinates":[115.5036,35.6729]}},{"type":"Feature","properties":{"NAME_CH":"莱阳县","TYPE_CH":"县","PRES_LOC":"今山东莱阳市","BEG_YR":923,"END_YR":1911},"geometry":{"type":"Point","coordinates":[120.7058,36.9712]}},{"type":"Feature","properties":{"NAME_CH":"掖县","TYPE_CH":"县","PRES_LOC":"今山东莱州市","BEG_YR":190,"END_YR":1911},"geometry":{"type":"Point","coordinates":[119.938,37.1754]}},{"type":"Feature","properties":{"NAME_CH":"乐陵县","TYPE_CH":"县","PRES_LOC":"今山东乐陵市","BEG_YR":1369,"END_YR":1911},"geometry":{"type":"Point","coordinates":[117.2165,37.7379]}},{"type":"Feature","properties":{"NAME_CH":"利津县","TYPE_CH":"县","PRES_LOC":"今山东利津县","BEG_YR":1192,"END_YR":1911},"geometry":{"type":"Point","coordinates":[118.2556,37.4913]}},{"type":"Feature","properties":{"NAME_CH":"范县","TYPE_CH":"县","PRES_LOC":"今山东莘县南古城","BEG_YR":1392,"END_YR":1911},"geometry":{"type":"Point","coordinates":[115.6297,35.9353]}},{"type":"Feature","properties":{"NAME_CH":"堂邑县","TYPE_CH":"县","PRES_LOC":"今山东聊城市西北堂邑镇","BEG_YR":1063,"END_YR":1911},"geometry":{"type":"Point","coordinates":[115.7748,36.4878]}},{"type":"Feature","properties":{"NAME_CH":"临清县","TYPE_CH":"县","PRES_LOC":"今山东临清市","BEG_YR":1369,"END_YR":1488},"geometry":{"type":"Point","coordinates":[115.7015,36.8462]}},{"type":"Feature","properties":{"NAME_CH":"临沂县","TYPE_CH":"县","PRES_LOC":"今山东临沂市","BEG_YR":606,"END_YR":1368},"geometry":{"type":"Point","coordinates":[118.341,35.0716]}},{"type":"Feature","properties":{"NAME_CH":"蒙阴县","TYPE_CH":"县","PRES_LOC":"今山东蒙阴县","BEG_YR":1313,"END_YR":1911},"geometry":{"type":"Point","coordinates":[117.9284,35.7138]}},{"type":"Feature","properties":{"NAME_CH":"牟平县","TYPE_CH":"县","PRES_LOC":"今山东牟平县","BEG_YR":665,"END_YR":1368},"geometry":{"type":"Point","coordinates":[121.5877,37.3766]}},{"type":"Feature","properties":{"NAME_CH":"宁海州","TYPE_CH":"州","PRES_LOC":"今山东牟平县","BEG_YR":1368,"END_YR":1911},"geometry":{"type":"Point","coordinates":[121.5877,37.3766]}},{"type":"Feature","properties":{"NAME_CH":"金山千户所","TYPE_CH":"千户所","PRES_LOC":"今山东牟平县东金山下寨","BEG_YR":1474,"END_YR":1644},"geometry":{"type":"Point","coordinates":[121.8073,37.4264]}},{"type":"Feature","properties":{"NAME_CH":"胶水县","TYPE_CH":"县","PRES_LOC":"今山东平度市","BEG_YR":601,"END_YR":1388},"geometry":{"type":"Point","coordinates":[119.9483,36.7882]}},{"type":"Feature","properties":{"NAME_CH":"平度州","TYPE_CH":"侯国","PRES_LOC":"今山东平度市","BEG_YR":1389,"END_YR":1911},"geometry":{"type":"Point","coordinates":[119.9483,36.7882]}},{"type":"Feature","properties":{"NAME_CH":"栖霞县","TYPE_CH":"县","PRES_LOC":"今山东栖霞县","BEG_YR":1131,"END_YR":1911},"geometry":{"type":"Point","coordinates":[120.8271,37.3024]}},{"type":"Feature","properties":{"NAME_CH":"益都县","TYPE_CH":"县","PRES_LOC":"今山东青州市北阳水北部","BEG_YR":556,"END_YR":1911},"geometry":{"type":"Point","coordinates":[118.4781,36.6975]}},{"type":"Feature","properties":{"NAME_CH":"日照县","TYPE_CH":"县","PRES_LOC":"今山东日照市","BEG_YR":0,"END_YR":1911},"geometry":{"type":"Point","coordinates":[119.5464,35.3932]}},{"type":"Feature","properties":{"NAME_CH":"成山卫","TYPE_CH":"卫","PRES_LOC":"今山东荣成市东北旧荣成","BEG_YR":1398,"END_YR":1733},"geometry":{"type":"Point","coordinates":[122.5508,37.3637]}},{"type":"Feature","properties":{"NAME_CH":"宁津千户所","TYPE_CH":"千户所","PRES_LOC":"今山东荣成市东南宁津所","BEG_YR":1398,"END_YR":1654},"geometry":{"type":"Point","coordinates":[122.502,36.9867]}},{"type":"Feature","properties":{"NAME_CH":"靖海卫","TYPE_CH":"侯国","PRES_LOC":"今山东荣成市西南靖海卫","BEG_YR":1398,"END_YR":1733},"geometry":{"type":"Point","coordinates":[122.194,36.8575]}},{"type":"Feature","properties":{"NAME_CH":"寻山千户所","TYPE_CH":"千户所","PRES_LOC":"今山东荣城市东寻山所","BEG_YR":1474,"END_YR":1654},"geometry":{"type":"Point","coordinates":[122.5241,37.1747]}},{"type":"Feature","properties":{"NAME_CH":"海阳千户所","TYPE_CH":"千户所","PRES_LOC":"今山东乳山县东南海阳所","BEG_YR":1474,"END_YR":1654},"geometry":{"type":"Point","coordinates":[121.603,36.8089]}},{"type":"Feature","properties":{"NAME_CH":"滳（商）河县","TYPE_CH":"县","PRES_LOC":"今山东商河县","BEG_YR":596,"END_YR":1911},"geometry":{"type":"Point","coordinates":[117.1575,37.3087]}},{"type":"Feature","properties":{"NAME_CH":"寿光县","TYPE_CH":"县","PRES_LOC":"今山东寿光县","BEG_YR":586,"END_YR":1911},"geometry":{"type":"Point","coordinates":[118.7385,36.8798]}},{"type":"Feature","properties":{"NAME_CH":"奉符县","TYPE_CH":"县","PRES_LOC":"今山东泰安市","BEG_YR":1182,"END_YR":1368},"geometry":{"type":"Point","coordinates":[117.1272,36.189]}},{"type":"Feature","properties":{"NAME_CH":"威海卫","TYPE_CH":"卫","PRES_LOC":"今山东威海市","BEG_YR":1398,"END_YR":1733},"geometry":{"type":"Point","coordinates":[122.1083,37.5009]}},{"type":"Feature","properties":{"NAME_CH":"百尺崖千户所","TYPE_CH":"千户所","PRES_LOC":"今山东威海市东南百尺崖","BEG_YR":1474,"END_YR":1644},"geometry":{"type":"Point","coordinates":[122.238,37.4457]}},{"type":"Feature","properties":{"NAME_CH":"北海县","TYPE_CH":"县","PRES_LOC":"今山东潍坊市","BEG_YR":607,"END_YR":1368},"geometry":{"type":"Point","coordinates":[119.1065,36.7027]}},{"type":"Feature","properties":{"NAME_CH":"潍县","TYPE_CH":"县","PRES_LOC":"今山东潍坊市","BEG_YR":1377,"END_YR":1911},"geometry":{"type":"Point","coordinates":[119.1065,36.7027]}},{"type":"Feature","properties":{"NAME_CH":"文登县","TYPE_CH":"县","PRES_LOC":"今山东文登市","BEG_YR":568,"END_YR":1911},"geometry":{"type":"Point","coordinates":[122.0567,37.1931]}},{"type":"Feature","properties":{"NAME_CH":"无棣县（东无棣）","TYPE_CH":"县","PRES_LOC":"今山东无棣县北阎家花园村","BEG_YR":1265,"END_YR":1368},"geometry":{"type":"Point","coordinates":[117.6044,37.8304]}},{"type":"Feature","properties":{"NAME_CH":"武城县","TYPE_CH":"县","PRES_LOC":"今山东武城县西南老城镇","BEG_YR":1109,"END_YR":1911},"geometry":{"type":"Point","coordinates":[115.8863,37.1481]}},{"type":"Feature","properties":{"NAME_CH":"朝城县","TYPE_CH":"县","PRES_LOC":"今山东莘县西南朝城镇","BEG_YR":1033,"END_YR":1911},"geometry":{"type":"Point","coordinates":[115.5786,36.0557]}},{"type":"Feature","properties":{"NAME_CH":"观城县","TYPE_CH":"县","PRES_LOC":"今山东莘县西南观城","BEG_YR":1077,"END_YR":1911},"geometry":{"type":"Point","coordinates":[115.3763,35.9441]}},{"type":"Feature","properties":{"NAME_CH":"福山县","TYPE_CH":"县","PRES_LOC":"今山东烟台市福山区","BEG_YR":1131,"END_YR":1911},"geometry":{"type":"Point","coordinates":[121.2605,37.4933]}},{"type":"Feature","properties":{"NAME_CH":"奇山千户所","TYPE_CH":"千户所","PRES_LOC":"今山东烟台市西南奇山所","BEG_YR":1398,"END_YR":1654},"geometry":{"type":"Point","coordinates":[121.3721,37.5238]}},{"type":"Feature","properties":{"NAME_CH":"阳信县","TYPE_CH":"县","PRES_LOC":"今山东阳信县","BEG_YR":1015,"END_YR":1911},"geometry":{"type":"Point","coordinates":[117.5763,37.6408]}},{"type":"Feature","properties":{"NAME_CH":"沂水县","TYPE_CH":"县","PRES_LOC":"今山东沂水县","BEG_YR":596,"END_YR":1911},"geometry":{"type":"Point","coordinates":[118.6239,35.791]}},{"type":"Feature","properties":{"NAME_CH":"鱼台县","TYPE_CH":"县","PRES_LOC":"今山东鱼台县谷亭镇西王庙乡旧城村","BEG_YR":1266,"END_YR":1755},"geometry":{"type":"Point","coordinates":[116.5373,35.0049]}},{"type":"Feature","properties":{"NAME_CH":"郓城县","TYPE_CH":"县","PRES_LOC":"今山东郓城县","BEG_YR":1166,"END_YR":1911},"geometry":{"type":"Point","coordinates":[115.935,35.6051]}},{"type":"Feature","properties":{"NAME_CH":"沾化县","TYPE_CH":"县","PRES_LOC":"今山东沾化县古城镇驻地古城","BEG_YR":1195,"END_YR":1911},"geometry":{"type":"Point","coordinates":[117.8018,37.6832]}},{"type":"Feature","properties":{"NAME_CH":"招远县","TYPE_CH":"县","PRES_LOC":"今山东招远县","BEG_YR":1131,"END_YR":1911},"geometry":{"type":"Point","coordinates":[120.3884,37.3522]}},{"type":"Feature","properties":{"NAME_CH":"诸城县","TYPE_CH":"县","PRES_LOC":"治今山东诸城市","BEG_YR":598,"END_YR":1911},"geometry":{"type":"Point","coordinates":[119.404,35.9934]}},{"type":"Feature","properties":{"NAME_CH":"博兴州","TYPE_CH":"州","PRES_LOC":"今山东博兴县","BEG_YR":1227,"END_YR":1368},"geometry":{"type":"Point","coordinates":[118.1277,37.1354]}},{"type":"Feature","properties":{"NAME_CH":"黄县","TYPE_CH":"县","PRES_LOC":"今山东龙口市","BEG_YR":712,"END_YR":1911},"geometry":{"type":"Point","coordinates":[120.4827,37.6594]}},{"type":"Feature","properties":{"NAME_CH":"须城县","TYPE_CH":"县","PRES_LOC":"今山东东平县","BEG_YR":1000,"END_YR":1373},"geometry":{"type":"Point","coordinates":[116.2992,35.9103]}},{"type":"Feature","properties":{"NAME_CH":"东平州","TYPE_CH":"州","PRES_LOC":"今山东东平县","BEG_YR":1374,"END_YR":1729},"geometry":{"type":"Point","coordinates":[116.2992,35.9103]}},{"type":"Feature","properties":{"NAME_CH":"肥城县","TYPE_CH":"县","PRES_LOC":"今山东肥城县","BEG_YR":1275,"END_YR":1912},"geometry":{"type":"Point","coordinates":[116.767,36.1897]}},{"type":"Feature","properties":{"NAME_CH":"平阴县","TYPE_CH":"县","PRES_LOC":"今山东平阴县","BEG_YR":837,"END_YR":1912},"geometry":{"type":"Point","coordinates":[116.4487,36.2869]}},{"type":"Feature","properties":{"NAME_CH":"新泰县","TYPE_CH":"县","PRES_LOC":"今山东新泰市","BEG_YR":1294,"END_YR":1912},"geometry":{"type":"Point","coordinates":[117.7559,35.9097]}},{"type":"Feature","properties":{"NAME_CH":"临淄县","TYPE_CH":"县","PRES_LOC":"今山东淄博市东临淄区","BEG_YR":1224,"END_YR":1911},"geometry":{"type":"Point","coordinates":[118.2875,36.8096]}},{"type":"Feature","properties":{"NAME_CH":"安顺州","TYPE_CH":"州","PRES_LOC":"今贵州省安顺市西秀区旧州镇","BEG_YR":1383,"END_YR":1531},"geometry":{"type":"Point","coordinates":[106.1395,26.2536]}},{"type":"Feature","properties":{"NAME_CH":"宁谷寨长官司","TYPE_CH":"长官司","PRES_LOC":"今贵州省安顺市西秀区宁谷镇","BEG_YR":1386,"END_YR":1714},"geometry":{"type":"Point","coordinates":[105.9896,26.2061]}},{"type":"Feature","properties":{"NAME_CH":"康佐长官司","TYPE_CH":"长官司","PRES_LOC":"今贵州省安顺市西秀区岩腊乡附近","BEG_YR":1386,"END_YR":1736},"geometry":{"type":"Point","coordinates":[105.9691,26.047]}},{"type":"Feature","properties":{"NAME_CH":"都素蛮夷长官司","TYPE_CH":"长官司","PRES_LOC":"今贵州省岑巩县龙田镇都素","BEG_YR":1414,"END_YR":1911},"geometry":{"type":"Point","coordinates":[108.4834,27.3301]}},{"type":"Feature","properties":{"NAME_CH":"都坪峨异溪蛮夷长官司","TYPE_CH":"长官司","PRES_LOC":"今贵州省岑巩县思旸镇","BEG_YR":1414,"END_YR":1911},"geometry":{"type":"Point","coordinates":[108.7395,27.2161]}},{"type":"Feature","properties":{"NAME_CH":"大小化等处长官司","TYPE_CH":"长官司","PRES_LOC":"今贵州省长顺县代化镇北","BEG_YR":1279,"END_YR":1373},"geometry":{"type":"Point","coordinates":[106.3842,25.7432]}},{"type":"Feature","properties":{"NAME_CH":"大华长官司","TYPE_CH":"长官司","PRES_LOC":"今贵州省长顺县代化镇北","BEG_YR":1374,"END_YR":1718},"geometry":{"type":"Point","coordinates":[106.3842,25.7432]}},{"type":"Feature","properties":{"NAME_CH":"金筑长官司","TYPE_CH":"长官司","PRES_LOC":"今贵州省长顺县广顺镇","BEG_YR":1372,"END_YR":1381},"geometry":{"type":"Point","coordinates":[106.3719,26.1948]}},{"type":"Feature","properties":{"NAME_CH":"金筑安抚司","TYPE_CH":"安抚司","PRES_LOC":"今贵州省长顺县广顺镇","BEG_YR":1382,"END_YR":1611},"geometry":{"type":"Point","coordinates":[106.3719,26.1948]}},{"type":"Feature","properties":{"NAME_CH":"广顺州","TYPE_CH":"州","PRES_LOC":"今贵州省长顺县广顺镇","BEG_YR":1612,"END_YR":1911},"geometry":{"type":"Point","coordinates":[106.3719,26.1948]}},{"type":"Feature","properties":{"NAME_CH":"木瓜仡佬蛮夷军民长官司","TYPE_CH":"长官司","PRES_LOC":"今贵州省长顺县睦化","BEG_YR":1279,"END_YR":1371},"geometry":{"type":"Point","coordinates":[106.4077,25.7943]}},{"type":"Feature","properties":{"NAME_CH":"木瓜长官司","TYPE_CH":"长官司","PRES_LOC":"今贵州省长顺县睦化","BEG_YR":1372,"END_YR":1911},"geometry":{"type":"Point","coordinates":[106.4077,25.7943]}},{"type":"Feature","properties":{"NAME_CH":"麻响长官司","TYPE_CH":"长官司","PRES_LOC":"今贵州省长顺县睦化乡麻响","BEG_YR":1374,"END_YR":1911},"geometry":{"type":"Point","coordinates":[106.4022,25.8155]}},{"type":"Feature","properties":{"NAME_CH":"古(土瓦)县","TYPE_CH":"县","PRES_LOC":"今贵州省长顺县南部的雅羊一带","BEG_YR":1287,"END_YR":1371},"geometry":{"type":"Point","coordinates":[106.4729,25.8777]}},{"type":"Feature","properties":{"NAME_CH":"仁怀县","TYPE_CH":"县","PRES_LOC":"今贵州省赤水市中枢街道办事处","BEG_YR":1601,"END_YR":1729},"geometry":{"type":"Point","coordinates":[105.697,28.5846]}},{"type":"Feature","properties":{"NAME_CH":"西山阳洞蛮夷长官司","TYPE_CH":"长官司","PRES_LOC":"今贵州省从江县西山镇","BEG_YR":1402,"END_YR":1685},"geometry":{"type":"Point","coordinates":[108.9669,25.683]}},{"type":"Feature","properties":{"NAME_CH":"真州思宁长官司","TYPE_CH":"长官司","PRES_LOC":"今贵州省道真县旧城镇","BEG_YR":1363,"END_YR":1383},"geometry":{"type":"Point","coordinates":[107.6878,28.7474]}},{"type":"Feature","properties":{"NAME_CH":"真州长官司","TYPE_CH":"长官司","PRES_LOC":"今贵州省道真县旧城镇","BEG_YR":1384,"END_YR":1600},"geometry":{"type":"Point","coordinates":[107.6878,28.7474]}},{"type":"Feature","properties":{"NAME_CH":"真安州","TYPE_CH":"州","PRES_LOC":"今贵州省正安县新州镇","BEG_YR":1620,"END_YR":1657},"geometry":{"type":"Point","coordinates":[107.3383,28.8131]}},{"type":"Feature","properties":{"NAME_CH":"水特姜长官司","TYPE_CH":"长官司","PRES_LOC":"今贵州省德江县城西10公里龙泉坪","BEG_YR":1275,"END_YR":1389},"geometry":{"type":"Point","coordinates":[108.0347,28.2524]}},{"type":"Feature","properties":{"NAME_CH":"邦水长官司","TYPE_CH":"长官司","PRES_LOC":"今贵州省都匀市甘塘镇邦水","BEG_YR":1383,"END_YR":1911},"geometry":{"type":"Point","coordinates":[107.4582,26.3148]}},{"type":"Feature","properties":{"NAME_CH":"中都云板水等处长官司","TYPE_CH":"长官司","PRES_LOC":"今贵州省都匀市甘塘镇的邦水","BEG_YR":1287,"END_YR":1383},"geometry":{"type":"Point","coordinates":[107.4582,26.3148]}},{"type":"Feature","properties":{"NAME_CH":"平浪长官司","TYPE_CH":"长官司","PRES_LOC":"今贵州省都匀市平浪镇","BEG_YR":1383,"END_YR":1726},"geometry":{"type":"Point","coordinates":[107.4002,26.0679]}},{"type":"Feature","properties":{"NAME_CH":"上都云都等处长官司","TYPE_CH":"长官司","PRES_LOC":"今贵州省都匀市市区","BEG_YR":1335,"END_YR":1382},"geometry":{"type":"Point","coordinates":[107.5188,26.2657]}},{"type":"Feature","properties":{"NAME_CH":"都匀长官司","TYPE_CH":"长官司","PRES_LOC":"今贵州省都匀市市区","BEG_YR":1383,"END_YR":1911},"geometry":{"type":"Point","coordinates":[107.5188,26.2657]}},{"type":"Feature","properties":{"NAME_CH":"九名九姓独山州长官司","TYPE_CH":"长官司","PRES_LOC":"今贵州省独山县城","BEG_YR":1383,"END_YR":1493},"geometry":{"type":"Point","coordinates":[107.5427,25.8291]}},{"type":"Feature","properties":{"NAME_CH":"独山州","TYPE_CH":"州","PRES_LOC":"今贵州省独山县城","BEG_YR":1494,"END_YR":1911},"geometry":{"type":"Point","coordinates":[107.5427,25.8291]}},{"type":"Feature","properties":{"NAME_CH":"丰宁长官司","TYPE_CH":"长官司","PRES_LOC":"今贵州省独山县上司镇高司","BEG_YR":1399,"END_YR":1643},"geometry":{"type":"Point","coordinates":[107.486,25.6177]}},{"type":"Feature","properties":{"NAME_CH":"独山州长官司","TYPE_CH":"长官司","PRES_LOC":"今贵州省独山县县城","BEG_YR":1279,"END_YR":1378},"geometry":{"type":"Point","coordinates":[107.5427,25.8291]}},{"type":"Feature","properties":{"NAME_CH":"平月长官司","TYPE_CH":"长官司","PRES_LOC":"今贵州省福泉县城城厢镇","BEG_YR":1287,"END_YR":1380},"geometry":{"type":"Point","coordinates":[107.5125,26.7012]}},{"type":"Feature","properties":{"NAME_CH":"顶营长官司","TYPE_CH":"长官司","PRES_LOC":"今贵州省关岭县顶云乡顶营司","BEG_YR":1386,"END_YR":1911},"geometry":{"type":"Point","coordinates":[105.5697,25.9457]}},{"type":"Feature","properties":{"NAME_CH":"慕役长官司","TYPE_CH":"长官司","PRES_LOC":"今贵州省关岭县西南花江镇","BEG_YR":1386,"END_YR":1796},"geometry":{"type":"Point","coordinates":[105.6017,25.7445]}},{"type":"Feature","properties":{"NAME_CH":"新添长官司","TYPE_CH":"长官司","PRES_LOC":"今贵州省贵定县德新镇沙坝村北新添司","BEG_YR":1371,"END_YR":1911},"geometry":{"type":"Point","coordinates":[107.2406,26.6383]}},{"type":"Feature","properties":{"NAME_CH":"平伐等处长官司","TYPE_CH":"长官司","PRES_LOC":"今贵州省贵定县平伐镇","BEG_YR":1297,"END_YR":1381},"geometry":{"type":"Point","coordinates":[107.0818,26.2266]}},{"type":"Feature","properties":{"NAME_CH":"贵州等处长官司","TYPE_CH":"长官司","PRES_LOC":"今贵州省贵阳市","BEG_YR":1287,"END_YR":1371},"geometry":{"type":"Point","coordinates":[106.7091,26.5808]}},{"type":"Feature","properties":{"NAME_CH":"水东长官司","TYPE_CH":"长官司","PRES_LOC":"今贵州省贵阳市","BEG_YR":1372,"END_YR":1629},"geometry":{"type":"Point","coordinates":[106.7091,26.5808]}},{"type":"Feature","properties":{"NAME_CH":"水东市北洞长官司","TYPE_CH":"长官司","PRES_LOC":"今贵州省贵阳市北","BEG_YR":1287,"END_YR":1371},"geometry":{"type":"Point","coordinates":[106.7104,26.591]}},{"type":"Feature","properties":{"NAME_CH":"贵定县","TYPE_CH":"县","PRES_LOC":"今贵州省贵阳市贵定县旧治镇","BEG_YR":1608,"END_YR":1686},"geometry":{"type":"Point","coordinates":[107.1869,26.3833]}},{"type":"Feature","properties":{"NAME_CH":"茶山百纳等处长官司","TYPE_CH":"长官司","PRES_LOC":"今贵州省贵阳市花溪区黔陶乡赵司","BEG_YR":1287,"END_YR":1371},"geometry":{"type":"Point","coordinates":[106.7504,26.3459]}},{"type":"Feature","properties":{"NAME_CH":"白纳长官司","TYPE_CH":"长官司","PRES_LOC":"今贵州省贵阳市花溪区黔陶乡赵司","BEG_YR":1406,"END_YR":1911},"geometry":{"type":"Point","coordinates":[106.7504,26.3459]}},{"type":"Feature","properties":{"NAME_CH":"中嶆百纳等处长官司","TYPE_CH":"长官司","PRES_LOC":"今贵州省贵阳市南明区中曹","BEG_YR":1279,"END_YR":1371},"geometry":{"type":"Point","coordinates":[106.6788,26.5284]}},{"type":"Feature","properties":{"NAME_CH":"中曹长官司","TYPE_CH":"长官司","PRES_LOC":"今贵州省贵阳市南明区中曹","BEG_YR":1372,"END_YR":1911},"geometry":{"type":"Point","coordinates":[106.6788,26.5284]}},{"type":"Feature","properties":{"NAME_CH":"贵竹长官司","TYPE_CH":"长官司","PRES_LOC":"今贵州省贵阳市区","BEG_YR":1372,"END_YR":1585},"geometry":{"type":"Point","coordinates":[106.7091,26.5808]}},{"type":"Feature","properties":{"NAME_CH":"新贵县","TYPE_CH":"县","PRES_LOC":"今贵州省贵阳市区","BEG_YR":1586,"END_YR":1694},"geometry":{"type":"Point","coordinates":[106.7091,26.5808]}},{"type":"Feature","properties":{"NAME_CH":"黄平安抚司","TYPE_CH":"安抚司","PRES_LOC":"今贵州省黄平县旧州镇","BEG_YR":1374,"END_YR":1600},"geometry":{"type":"Point","coordinates":[107.7784,26.9914]}},{"type":"Feature","properties":{"NAME_CH":"黄平州","TYPE_CH":"州","PRES_LOC":"今贵州省黄平县旧州镇","BEG_YR":1601,"END_YR":1686},"geometry":{"type":"Point","coordinates":[107.7784,26.9914]}},{"type":"Feature","properties":{"NAME_CH":"黄平守御千户所","TYPE_CH":"千户所","PRES_LOC":"今贵州省黄平县旧州镇","BEG_YR":1378,"END_YR":1671},"geometry":{"type":"Point","coordinates":[107.7784,26.9914]}},{"type":"Feature","properties":{"NAME_CH":"重安长官司","TYPE_CH":"长官司","PRES_LOC":"今贵州省黄平县重安镇","BEG_YR":1406,"END_YR":1600},"geometry":{"type":"Point","coordinates":[107.8795,26.7798]}},{"type":"Feature","properties":{"NAME_CH":"小龙番静蛮军安抚司","TYPE_CH":"安抚司","PRES_LOC":"今贵州省惠水县城高镇镇附近","BEG_YR":1279,"END_YR":1372},"geometry":{"type":"Point","coordinates":[106.6746,26.1994]}},{"type":"Feature","properties":{"NAME_CH":"小程番安抚司","TYPE_CH":"安抚司","PRES_LOC":"今贵州省惠水县城高镇镇附近","BEG_YR":1279,"END_YR":1372},"geometry":{"type":"Point","coordinates":[106.6746,26.1994]}},{"type":"Feature","properties":{"NAME_CH":"程番武胜军安抚司","TYPE_CH":"安抚司","PRES_LOC":"今贵州省惠水县城和平镇","BEG_YR":1279,"END_YR":1371},"geometry":{"type":"Point","coordinates":[106.6562,26.1388]}},{"type":"Feature","properties":{"NAME_CH":"程番长官司","TYPE_CH":"长官司","PRES_LOC":"今贵州省惠水县城和平镇","BEG_YR":1372,"END_YR":1911},"geometry":{"type":"Point","coordinates":[106.6562,26.1388]}},{"type":"Feature","properties":{"NAME_CH":"定番州","TYPE_CH":"州","PRES_LOC":"今贵州省惠水县城和平镇","BEG_YR":1586,"END_YR":1911},"geometry":{"type":"Point","coordinates":[106.6562,26.1388]}},{"type":"Feature","properties":{"NAME_CH":"上马桥长官司","TYPE_CH":"长官司","PRES_LOC":"今贵州省惠水县高镇镇北","BEG_YR":1382,"END_YR":1735},"geometry":{"type":"Point","coordinates":[106.6857,26.2116]}},{"type":"Feature","properties":{"NAME_CH":"卢番静海军安抚司","TYPE_CH":"安抚司","PRES_LOC":"今贵州省惠水县高镇镇东南","BEG_YR":1279,"END_YR":1372},"geometry":{"type":"Point","coordinates":[106.6916,26.1871]}},{"type":"Feature","properties":{"NAME_CH":"卢番长官司","TYPE_CH":"长官司","PRES_LOC":"今贵州省惠水县高镇镇东南","BEG_YR":1373,"END_YR":1911},"geometry":{"type":"Point","coordinates":[106.6916,26.1871]}},{"type":"Feature","properties":{"NAME_CH":"小龙番长官司","TYPE_CH":"长官司","PRES_LOC":"今贵州省惠水县高镇镇东南","BEG_YR":1373,"END_YR":1911},"geometry":{"type":"Point","coordinates":[106.6916,26.1871]}},{"type":"Feature","properties":{"NAME_CH":"小程番长官司","TYPE_CH":"长官司","PRES_LOC":"今贵州省惠水县高镇镇南","BEG_YR":1373,"END_YR":1735},"geometry":{"type":"Point","coordinates":[106.6754,26.1803]}},{"type":"Feature","properties":{"NAME_CH":"罗番大龙遏蛮军安抚司","TYPE_CH":"安抚司","PRES_LOC":"今贵州省惠水县好花红乡龙洞附近","BEG_YR":1279,"END_YR":1371},"geometry":{"type":"Point","coordinates":[106.5885,26.0156]}},{"type":"Feature","properties":{"NAME_CH":"卧龙番南宁州安抚司","TYPE_CH":"安抚司","PRES_LOC":"今贵州省惠水县和平镇东南龙井附近","BEG_YR":1279,"END_YR":1371},"geometry":{"type":"Point","coordinates":[106.6814,26.1083]}},{"type":"Feature","properties":{"NAME_CH":"方番河中府安抚司","TYPE_CH":"安抚司","PRES_LOC":"今贵州省惠水县和平镇南大坡附近","BEG_YR":1279,"END_YR":1371},"geometry":{"type":"Point","coordinates":[106.6354,26.1014]}},{"type":"Feature","properties":{"NAME_CH":"方番长官司","TYPE_CH":"长官司","PRES_LOC":"今贵州省惠水县和平镇南大坡附近","BEG_YR":1372,"END_YR":1735},"geometry":{"type":"Point","coordinates":[106.6354,26.1014]}},{"type":"Feature","properties":{"NAME_CH":"洪番永盛军安抚司","TYPE_CH":"安抚司","PRES_LOC":"今贵州省惠水县和平镇南大兴附近","BEG_YR":1279,"END_YR":1372},"geometry":{"type":"Point","coordinates":[106.6354,26.1014]}},{"type":"Feature","properties":{"NAME_CH":"洪番长官司","TYPE_CH":"长官司","PRES_LOC":"今贵州省惠水县和平镇南大兴附近","BEG_YR":1373,"END_YR":1728},"geometry":{"type":"Point","coordinates":[106.6354,26.1014]}},{"type":"Feature","properties":{"NAME_CH":"韦番蛮夷长官司","TYPE_CH":"长官司","PRES_LOC":"今贵州省惠水县和平镇南惠民附近","BEG_YR":1279,"END_YR":1381},"geometry":{"type":"Point","coordinates":[106.6354,26.1014]}},{"type":"Feature","properties":{"NAME_CH":"韦番长官司","TYPE_CH":"长官司","PRES_LOC":"今贵州省惠水县和平镇南惠民附近","BEG_YR":1382,"END_YR":1911},"geometry":{"type":"Point","coordinates":[106.6354,26.1014]}},{"type":"Feature","properties":{"NAME_CH":"卧龙番长官司","TYPE_CH":"长官司","PRES_LOC":"今贵州省惠水县和平镇南龙井附近","BEG_YR":1372,"END_YR":1736},"geometry":{"type":"Point","coordinates":[106.6354,26.1014]}},{"type":"Feature","properties":{"NAME_CH":"金石番长官司","TYPE_CH":"长官司","PRES_LOC":"今贵州省惠水县和平镇南龙井附近","BEG_YR":1372,"END_YR":1735},"geometry":{"type":"Point","coordinates":[106.6354,26.1014]}},{"type":"Feature","properties":{"NAME_CH":"卢山等处长官司","TYPE_CH":"长官司","PRES_LOC":"今贵州省惠水县芦山镇","BEG_YR":1279,"END_YR":1372},"geometry":{"type":"Point","coordinates":[106.4966,25.9349]}},{"type":"Feature","properties":{"NAME_CH":"卢山长官司","TYPE_CH":"长官司","PRES_LOC":"今贵州省惠水县芦山镇","BEG_YR":1373,"END_YR":1700},"geometry":{"type":"Point","coordinates":[106.4966,25.9349]}},{"type":"Feature","properties":{"NAME_CH":"金石番太平军安抚司","TYPE_CH":"安抚司","PRES_LOC":"今贵州省惠水县三都镇","BEG_YR":1279,"END_YR":1371},"geometry":{"type":"Point","coordinates":[106.6119,26.0497]}},{"type":"Feature","properties":{"NAME_CH":"大龙番长官司","TYPE_CH":"长官司","PRES_LOC":"今贵州省惠水县雅水镇西大龙","BEG_YR":1372,"END_YR":1911},"geometry":{"type":"Point","coordinates":[106.6754,25.9752]}},{"type":"Feature","properties":{"NAME_CH":"罗番长官司","TYPE_CH":"长官司","PRES_LOC":"今贵州省惠水县雅水镇西大龙","BEG_YR":1372,"END_YR":1911},"geometry":{"type":"Point","coordinates":[106.6754,25.9752]}},{"type":"Feature","properties":{"NAME_CH":"大龙番应天府安抚司","TYPE_CH":"安抚司","PRES_LOC":"今贵州省惠水县雅水镇西的大龙","BEG_YR":1279,"END_YR":1371},"geometry":{"type":"Point","coordinates":[106.6754,25.9752]}},{"type":"Feature","properties":{"NAME_CH":"赤溪湳洞蛮夷长官司","TYPE_CH":"长官司","PRES_LOC":"今贵州省剑河县南明镇","BEG_YR":1403,"END_YR":1683},"geometry":{"type":"Point","coordinates":[108.9441,26.857]}},{"type":"Feature","properties":{"NAME_CH":"省溪坝场等处蛮夷长官司","TYPE_CH":"长官司","PRES_LOC":"今贵州省江口县省溪司","BEG_YR":1368,"END_YR":1371},"geometry":{"type":"Point","coordinates":[108.8349,27.7002]}},{"type":"Feature","properties":{"NAME_CH":"省溪长官司","TYPE_CH":"长官司","PRES_LOC":"今贵州省江口县省溪司","BEG_YR":1372,"END_YR":1911},"geometry":{"type":"Point","coordinates":[108.8349,27.7002]}},{"type":"Feature","properties":{"NAME_CH":"提溪等处军民长官司","TYPE_CH":"长官司","PRES_LOC":"今贵州省江口县提溪司村","BEG_YR":1336,"END_YR":1371},"geometry":{"type":"Point","coordinates":[108.6951,27.648]}},{"type":"Feature","properties":{"NAME_CH":"提溪长官司","TYPE_CH":"长官司","PRES_LOC":"今贵州省江口县提溪司村","BEG_YR":1372,"END_YR":1911},"geometry":{"type":"Point","coordinates":[108.6951,27.648]}},{"type":"Feature","properties":{"NAME_CH":"亮寨蛮夷长官司","TYPE_CH":"长官司","PRES_LOC":"今贵州省锦屏县敦寨镇亮司村","BEG_YR":1403,"END_YR":1911},"geometry":{"type":"Point","coordinates":[109.2699,26.4928]}},{"type":"Feature","properties":{"NAME_CH":"龙里蛮夷长官司","TYPE_CH":"长官司","PRES_LOC":"今贵州省锦屏县隆里乡龙里司","BEG_YR":1403,"END_YR":1911},"geometry":{"type":"Point","coordinates":[109.0621,26.4175]}},{"type":"Feature","properties":{"NAME_CH":"湖耳蛮夷长官司","TYPE_CH":"长官司","PRES_LOC":"今贵州省锦屏县铜鼓镇湖耳司","BEG_YR":1403,"END_YR":1911},"geometry":{"type":"Point","coordinates":[109.3406,26.5762]}},{"type":"Feature","properties":{"NAME_CH":"新化蛮夷长官司","TYPE_CH":"长官司","PRES_LOC":"今贵州省锦屏县新化乡驻地","BEG_YR":1403,"END_YR":1911},"geometry":{"type":"Point","coordinates":[109.1759,26.4055]}},{"type":"Feature","properties":{"NAME_CH":"欧阳蛮夷长官司","TYPE_CH":"长官司","PRES_LOC":"今贵州省锦屏县新化乡欧阳","BEG_YR":1403,"END_YR":1911},"geometry":{"type":"Point","coordinates":[109.19,26.4169]}},{"type":"Feature","properties":{"NAME_CH":"中林验洞蛮夷长官司","TYPE_CH":"长官司","PRES_LOC":"今贵州省锦屏县彦洞乡驻地","BEG_YR":1403,"END_YR":1911},"geometry":{"type":"Point","coordinates":[108.9017,26.6305]}},{"type":"Feature","properties":{"NAME_CH":"雍真乖西葛蛮等处长官司","TYPE_CH":"长官司","PRES_LOC":"今贵州省开阳县西北双流镇刘育","BEG_YR":1287,"END_YR":1371},"geometry":{"type":"Point","coordinates":[106.9025,27.075]}},{"type":"Feature","properties":{"NAME_CH":"乖西长官司","TYPE_CH":"长官司","PRES_LOC":"今贵州省开阳县西北双流镇刘育","BEG_YR":1372,"END_YR":1735},"geometry":{"type":"Point","coordinates":[106.9025,27.075]}},{"type":"Feature","properties":{"NAME_CH":"清平长官司","TYPE_CH":"长官司","PRES_LOC":"今贵州省凯里市清平镇","BEG_YR":1389,"END_YR":1493},"geometry":{"type":"Point","coordinates":[107.789,26.6583]}},{"type":"Feature","properties":{"NAME_CH":"八舟蛮夷长官司","TYPE_CH":"长官司","PRES_LOC":"今贵州省黎平县高屯镇八舟","BEG_YR":1403,"END_YR":1911},"geometry":{"type":"Point","coordinates":[109.1519,26.3149]}},{"type":"Feature","properties":{"NAME_CH":"潭溪蛮夷长官司","TYPE_CH":"长官司","PRES_LOC":"今贵州省黎平县高屯镇潭溪","BEG_YR":1403,"END_YR":1911},"geometry":{"type":"Point","coordinates":[109.2027,26.312]}},{"type":"Feature","properties":{"NAME_CH":"洪州泊里蛮夷长官司","TYPE_CH":"长官司","PRES_LOC":"今贵州省黎平县洪州镇","BEG_YR":1403,"END_YR":1911},"geometry":{"type":"Point","coordinates":[109.4143,26.1237]}},{"type":"Feature","properties":{"NAME_CH":"漕滴洞蛮夷长官司","TYPE_CH":"长官司","PRES_LOC":"今贵州省黎平县孟彦镇八柳","BEG_YR":1474,"END_YR":1660},"geometry":{"type":"Point","coordinates":[108.8395,26.2795]}},{"type":"Feature","properties":{"NAME_CH":"福禄永从蛮夷长官司","TYPE_CH":"长官司","PRES_LOC":"今贵州省黎平县永从乡驻地","BEG_YR":1403,"END_YR":1440},"geometry":{"type":"Point","coordinates":[109.1333,26.0386]}},{"type":"Feature","properties":{"NAME_CH":"永从县","TYPE_CH":"县","PRES_LOC":"今贵州省黎平县永从乡驻地","BEG_YR":1441,"END_YR":1911},"geometry":{"type":"Point","coordinates":[109.1333,26.0386]}},{"type":"Feature","properties":{"NAME_CH":"普安州","TYPE_CH":"州","PRES_LOC":"今贵州省六盘水市盘县特区旧普安","BEG_YR":1415,"END_YR":1575},"geometry":{"type":"Point","coordinates":[104.7436,25.7948]}},{"type":"Feature","properties":{"NAME_CH":"普安安抚司","TYPE_CH":"安抚司","PRES_LOC":"今贵州省六盘水市盘县特区旧普安","BEG_YR":1403,"END_YR":1414},"geometry":{"type":"Point","coordinates":[104.7436,25.7948]}},{"type":"Feature","properties":{"NAME_CH":"习安州","TYPE_CH":"州","PRES_LOC":"今贵州省六枝东北至普定西北的三岔河南岸地","BEG_YR":1278,"END_YR":1381},"geometry":{"type":"Point","coordinates":[105.4842,26.3204]}},{"type":"Feature","properties":{"NAME_CH":"龙里长官司","TYPE_CH":"长官司","PRES_LOC":"今贵州省龙里县城西北谷脚镇附近","BEG_YR":1372,"END_YR":1629},"geometry":{"type":"Point","coordinates":[106.8587,26.5161]}},{"type":"Feature","properties":{"NAME_CH":"乐平长官司","TYPE_CH":"长官司","PRES_LOC":"今贵州省麻江县坝芒乡乐坪","BEG_YR":1391,"END_YR":1911},"geometry":{"type":"Point","coordinates":[107.3403,26.508]}},{"type":"Feature","properties":{"NAME_CH":"麻哈长官司","TYPE_CH":"长官司","PRES_LOC":"今贵州省麻江县杏山镇","BEG_YR":1383,"END_YR":1493},"geometry":{"type":"Point","coordinates":[107.588,26.4985]}},{"type":"Feature","properties":{"NAME_CH":"平定长官司","TYPE_CH":"长官司","PRES_LOC":"今贵州省麻江县宣威镇平定司","BEG_YR":1389,"END_YR":1911},"geometry":{"type":"Point","coordinates":[107.7355,26.3586]}},{"type":"Feature","properties":{"NAME_CH":"湄潭县","TYPE_CH":"县","PRES_LOC":"今贵州省湄潭县城湄江镇","BEG_YR":1601,"END_YR":1911},"geometry":{"type":"Point","coordinates":[107.4783,27.772]}},{"type":"Feature","properties":{"NAME_CH":"平洲六洞长官司","TYPE_CH":"长官司","PRES_LOC":"今贵州省平塘县六洞","BEG_YR":1383,"END_YR":1715},"geometry":{"type":"Point","coordinates":[107.3054,25.7256]}},{"type":"Feature","properties":{"NAME_CH":"六洞柔远等处长官司","TYPE_CH":"长官司","PRES_LOC":"今贵州省平塘县六硐","BEG_YR":1279,"END_YR":1382},"geometry":{"type":"Point","coordinates":[107.3054,25.7256]}},{"type":"Feature","properties":{"NAME_CH":"十二营长官司","TYPE_CH":"长官司","PRES_LOC":"今贵州省普定县白岩镇十二营","BEG_YR":1386,"END_YR":1683},"geometry":{"type":"Point","coordinates":[105.8476,26.2912]}},{"type":"Feature","properties":{"NAME_CH":"西堡长官司","TYPE_CH":"长官司","PRES_LOC":"今贵州省普定县马场镇","BEG_YR":1386,"END_YR":1911},"geometry":{"type":"Point","coordinates":[105.5533,26.3229]}},{"type":"Feature","properties":{"NAME_CH":"合江洲陈蒙烂土长官司","TYPE_CH":"长官司","PRES_LOC":"今贵州省三都县合江镇（原名烂土司）","BEG_YR":1383,"END_YR":1911},"geometry":{"type":"Point","coordinates":[107.7708,25.8783]}},{"type":"Feature","properties":{"NAME_CH":"蛮夷长官司","TYPE_CH":"长官司","PRES_LOC":"今贵州省思南县思唐镇","BEG_YR":1377,"END_YR":1735},"geometry":{"type":"Point","coordinates":[108.2418,27.9401]}},{"type":"Feature","properties":{"NAME_CH":"水德江长官司","TYPE_CH":"长官司","PRES_LOC":"今贵州省思南县思唐镇","BEG_YR":1389,"END_YR":1604},"geometry":{"type":"Point","coordinates":[108.2418,27.9401]}},{"type":"Feature","properties":{"NAME_CH":"苗民长官司","TYPE_CH":"长官司","PRES_LOC":"今贵州省思南县唐乔镇街子（原名塘头镇尧民","BEG_YR":1374,"END_YR":1683},"geometry":{"type":"Point","coordinates":[108.198,27.7622]}},{"type":"Feature","properties":{"NAME_CH":"平头著可通达等处长官司","TYPE_CH":"长官司","PRES_LOC":"今贵州省松桃县平头乡平头司","BEG_YR":1276,"END_YR":1373},"geometry":{"type":"Point","coordinates":[109.0723,28.0466]}},{"type":"Feature","properties":{"NAME_CH":"平头著可长官司","TYPE_CH":"长官司","PRES_LOC":"今贵州省松桃县平头乡平头司","BEG_YR":1374,"END_YR":1911},"geometry":{"type":"Point","coordinates":[109.0723,28.0466]}},{"type":"Feature","properties":{"NAME_CH":"乌罗龙干等处长官司","TYPE_CH":"长官司","PRES_LOC":"今贵州省松桃县乌罗镇岑司","BEG_YR":1278,"END_YR":1371},"geometry":{"type":"Point","coordinates":[108.7923,28.0949]}},{"type":"Feature","properties":{"NAME_CH":"乌罗长官司","TYPE_CH":"长官司","PRES_LOC":"今贵州省松桃县乌罗镇岑司","BEG_YR":1372,"END_YR":1911},"geometry":{"type":"Point","coordinates":[108.7923,28.0949]}},{"type":"Feature","properties":{"NAME_CH":"绥阳县","TYPE_CH":"县","PRES_LOC":"今贵州省绥阳县城洋川镇","BEG_YR":1601,"END_YR":1911},"geometry":{"type":"Point","coordinates":[107.1833,27.9606]}},{"type":"Feature","properties":{"NAME_CH":"桐梓县","TYPE_CH":"县","PRES_LOC":"今贵州省桐梓县新站镇","BEG_YR":1601,"END_YR":1911},"geometry":{"type":"Point","coordinates":[106.8691,28.3809]}},{"type":"Feature","properties":{"NAME_CH":"铜人大小江等处蛮夷军民长官司","TYPE_CH":"长官司","PRES_LOC":"今贵州省铜仁市区","BEG_YR":1336,"END_YR":1371},"geometry":{"type":"Point","coordinates":[109.1927,27.7225]}},{"type":"Feature","properties":{"NAME_CH":"铜仁长官司","TYPE_CH":"长官司","PRES_LOC":"今贵州省铜仁市区","BEG_YR":1372,"END_YR":1597},"geometry":{"type":"Point","coordinates":[109.1927,27.7225]}},{"type":"Feature","properties":{"NAME_CH":"铜仁县","TYPE_CH":"县","PRES_LOC":"今贵州省铜仁市区","BEG_YR":1598,"END_YR":1879},"geometry":{"type":"Point","coordinates":[109.1927,27.7225]}},{"type":"Feature","properties":{"NAME_CH":"施溪样头长官司","TYPE_CH":"长官司","PRES_LOC":"今贵州省铜仁市瓦屋乡驻地","BEG_YR":1368,"END_YR":1371},"geometry":{"type":"Point","coordinates":[109.3894,27.6395]}},{"type":"Feature","properties":{"NAME_CH":"施溪长官司","TYPE_CH":"长官司","PRES_LOC":"今贵州省铜仁市瓦屋乡驻地","BEG_YR":1372,"END_YR":1911},"geometry":{"type":"Point","coordinates":[109.3894,27.6395]}},{"type":"Feature","properties":{"NAME_CH":"黄道溪长官司","TYPE_CH":"长官司","PRES_LOC":"今贵州省万山特区黄道乡驻地","BEG_YR":1372,"END_YR":1911},"geometry":{"type":"Point","coordinates":[109.2632,27.4761]}},{"type":"Feature","properties":{"NAME_CH":"黄道溪军民长官司","TYPE_CH":"长官司","PRES_LOC":"今贵州省万山特区境内","BEG_YR":1276,"END_YR":1371},"geometry":{"type":"Point","coordinates":[109.235,27.4636]}},{"type":"Feature","properties":{"NAME_CH":"大万山苏葛办等处军民长官司","TYPE_CH":"长官司","PRES_LOC":"今贵州省万山特区万山镇","BEG_YR":1276,"END_YR":1371},"geometry":{"type":"Point","coordinates":[109.2087,27.5205]}},{"type":"Feature","properties":{"NAME_CH":"大万山长官司","TYPE_CH":"长官司","PRES_LOC":"今贵州省万山特区万山镇","BEG_YR":1372,"END_YR":1659},"geometry":{"type":"Point","coordinates":[109.2087,27.5205]}},{"type":"Feature","properties":{"NAME_CH":"野鸡平长官司","TYPE_CH":"长官司","PRES_LOC":"今贵州省万山特区西南部","BEG_YR":1276,"END_YR":1371},"geometry":{"type":"Point","coordinates":[109.1818,27.486]}},{"type":"Feature","properties":{"NAME_CH":"旧州草塘等处长官司","TYPE_CH":"长官司","PRES_LOC":"今贵州省瓮安县草塘镇","BEG_YR":1276,"END_YR":1383},"geometry":{"type":"Point","coordinates":[107.5622,27.1759]}},{"type":"Feature","properties":{"NAME_CH":"草塘安抚司","TYPE_CH":"安抚司","PRES_LOC":"今贵州省瓮安县草塘镇","BEG_YR":1384,"END_YR":1600},"geometry":{"type":"Point","coordinates":[107.5622,27.1759]}},{"type":"Feature","properties":{"NAME_CH":"上塘长官司","TYPE_CH":"长官司","PRES_LOC":"今贵州省黄平县上塘乡","BEG_YR":1276,"END_YR":1374},"geometry":{"type":"Point","coordinates":[107.6592,26.925]}},{"type":"Feature","properties":{"NAME_CH":"瓮水安抚司","TYPE_CH":"安抚司","PRES_LOC":"今贵州省瓮安县西北珠藏镇瓮水司","BEG_YR":1384,"END_YR":1600},"geometry":{"type":"Point","coordinates":[107.3266,27.3477]}},{"type":"Feature","properties":{"NAME_CH":"瓮安县","TYPE_CH":"县","PRES_LOC":"今贵州省瓮安县雍阳镇","BEG_YR":1601,"END_YR":1911},"geometry":{"type":"Point","coordinates":[107.4828,27.0731]}},{"type":"Feature","properties":{"NAME_CH":"婺川县","TYPE_CH":"县","PRES_LOC":"今贵州省务川县都濡镇","BEG_YR":1271,"END_YR":1911},"geometry":{"type":"Point","coordinates":[107.8898,28.5261]}},{"type":"Feature","properties":{"NAME_CH":"底寨等处长官司","TYPE_CH":"长官司","PRES_LOC":"今贵州省息烽县底寨","BEG_YR":1287,"END_YR":1371},"geometry":{"type":"Point","coordinates":[106.69,27.091]}},{"type":"Feature","properties":{"NAME_CH":"青山长官司","TYPE_CH":"长官司","PRES_LOC":"今贵州省息烽县西北九庄镇","BEG_YR":1372,"END_YR":1629},"geometry":{"type":"Point","coordinates":[106.5092,27.1299]}},{"type":"Feature","properties":{"NAME_CH":"底寨长官司","TYPE_CH":"长官司","PRES_LOC":"今贵州省息烽县西山乡驻地（原名底寨）","BEG_YR":1372,"END_YR":1686},"geometry":{"type":"Point","coordinates":[106.69,27.091]}},{"type":"Feature","properties":{"NAME_CH":"养龙坑宿徵等处长官司","TYPE_CH":"长官司","PRES_LOC":"今贵州省息烽县养龙司","BEG_YR":1287,"END_YR":1371},"geometry":{"type":"Point","coordinates":[106.7697,27.2418]}},{"type":"Feature","properties":{"NAME_CH":"养龙长官司","TYPE_CH":"长官司","PRES_LOC":"今贵州省息烽县养龙司","BEG_YR":1372,"END_YR":1911},"geometry":{"type":"Point","coordinates":[106.7697,27.2418]}},{"type":"Feature","properties":{"NAME_CH":"落邦札佐等处长官司","TYPE_CH":"长官司","PRES_LOC":"今贵州省修文县扎佐镇","BEG_YR":1287,"END_YR":1371},"geometry":{"type":"Point","coordinates":[106.7275,26.8614]}},{"type":"Feature","properties":{"NAME_CH":"札佐长官司","TYPE_CH":"长官司","PRES_LOC":"今贵州省修文县扎佐镇","BEG_YR":1372,"END_YR":1629},"geometry":{"type":"Point","coordinates":[106.7275,26.8614]}},{"type":"Feature","properties":{"NAME_CH":"沿河祐溪长官司","TYPE_CH":"长官司","PRES_LOC":"今贵州省沿河县和平镇","BEG_YR":1376,"END_YR":1911},"geometry":{"type":"Point","coordinates":[108.4939,28.5608]}},{"type":"Feature","properties":{"NAME_CH":"思印江等处长官司","TYPE_CH":"长官司","PRES_LOC":"今贵州省印江县城峨岭镇","BEG_YR":1276,"END_YR":1493},"geometry":{"type":"Point","coordinates":[108.4113,28.0076]}},{"type":"Feature","properties":{"NAME_CH":"印江县","TYPE_CH":"县","PRES_LOC":"今贵州省印江县城峨岭镇","BEG_YR":1494,"END_YR":1911},"geometry":{"type":"Point","coordinates":[108.4113,28.0076]}},{"type":"Feature","properties":{"NAME_CH":"郎溪蛮夷长官司","TYPE_CH":"长官司","PRES_LOC":"今贵州省印江县郎溪镇","BEG_YR":1374,"END_YR":1911},"geometry":{"type":"Point","coordinates":[108.4881,28.016]}},{"type":"Feature","properties":{"NAME_CH":"余庆州","TYPE_CH":"州","PRES_LOC":"今贵州省余庆县敖溪镇","BEG_YR":1363,"END_YR":1383},"geometry":{"type":"Point","coordinates":[107.6255,27.5217]}},{"type":"Feature","properties":{"NAME_CH":"余庆长官司","TYPE_CH":"长官司","PRES_LOC":"今贵州省余庆县敖溪镇","BEG_YR":1384,"END_YR":1600},"geometry":{"type":"Point","coordinates":[107.6255,27.5217]}},{"type":"Feature","properties":{"NAME_CH":"白泥州","TYPE_CH":"州","PRES_LOC":"今贵州省余庆县城白泥镇","BEG_YR":1363,"END_YR":1383},"geometry":{"type":"Point","coordinates":[107.8931,27.2225]}},{"type":"Feature","properties":{"NAME_CH":"白泥长官司","TYPE_CH":"长官司","PRES_LOC":"今贵州省余庆县白泥镇","BEG_YR":1384,"END_YR":1600},"geometry":{"type":"Point","coordinates":[107.8931,27.2225]}},{"type":"Feature","properties":{"NAME_CH":"余庆县","TYPE_CH":"县","PRES_LOC":"今贵州省余庆县城白泥镇","BEG_YR":1601,"END_YR":1911},"geometry":{"type":"Point","coordinates":[107.8931,27.2225]}},{"type":"Feature","properties":{"NAME_CH":"镇宁州","TYPE_CH":"州","PRES_LOC":"今贵州省镇宁县东北的龙井铺至大寨一带","BEG_YR":1351,"END_YR":1531},"geometry":{"type":"Point","coordinates":[105.8041,26.1015]}},{"type":"Feature","properties":{"NAME_CH":"台蓬若洞住溪等处蛮夷军民长官司","TYPE_CH":"长官司","PRES_LOC":"今贵州省镇远县北部（都坪镇？）","BEG_YR":1275,"END_YR":1372},"geometry":{"type":"Point","coordinates":[108.4233,27.2822]}},{"type":"Feature","properties":{"NAME_CH":"播州长官司","TYPE_CH":"长官司","PRES_LOC":"今贵州省遵义市区","BEG_YR":1372,"END_YR":1600},"geometry":{"type":"Point","coordinates":[106.9316,27.6956]}},{"type":"Feature","properties":{"NAME_CH":"遵义县","TYPE_CH":"县","PRES_LOC":"今贵州省遵义市区","BEG_YR":1601,"END_YR":1911},"geometry":{"type":"Point","coordinates":[106.9316,27.6956]}},{"type":"Feature","properties":{"NAME_CH":"播州总管","TYPE_CH":"县","PRES_LOC":"今贵州省遵义市区湘江边穆家川","BEG_YR":1292,"END_YR":1371},"geometry":{"type":"Point","coordinates":[106.934,27.6333]}},{"type":"Feature","properties":{"NAME_CH":"龙里等寨长官司","TYPE_CH":"长官司","PRES_LOC":"今贵州省龙里县城西北谷脚镇附近","BEG_YR":1287,"END_YR":1371},"geometry":{"type":"Point","coordinates":[106.8587,26.5161]}},{"type":"Feature","properties":{"NAME_CH":"容山长官司","TYPE_CH":"长官司","PRES_LOC":"今贵州省湄潭县西南","BEG_YR":1384,"END_YR":1600},"geometry":{"type":"Point","coordinates":[107.283,27.5843]}},{"type":"Feature","properties":{"NAME_CH":"安隆长官司","TYPE_CH":"长官司","PRES_LOC":"今广西隆林县","BEG_YR":1403,"END_YR":1665},"geometry":{"type":"Point","coordinates":[105.3313,24.7811]}},{"type":"Feature","properties":{"NAME_CH":"上林长官司","TYPE_CH":"长官司","PRES_LOC":"今广西田林县西定安镇","BEG_YR":1409,"END_YR":1591},"geometry":{"type":"Point","coordinates":[105.6636,24.3258]}},{"type":"Feature","properties":{"NAME_CH":"南甸州","TYPE_CH":"州","PRES_LOC":"云南梁河县东北二十里曩宋","BEG_YR":1414,"END_YR":1443},"geometry":{"type":"Point","coordinates":[98.3696,24.8803]}},{"type":"Feature","properties":{"NAME_CH":"宾川州","TYPE_CH":"州","PRES_LOC":"云南省宾川县州城","BEG_YR":1493,"END_YR":1911},"geometry":{"type":"Point","coordinates":[100.5778,25.8303]}},{"type":"Feature","properties":{"NAME_CH":"广邑州","TYPE_CH":"州","PRES_LOC":"云南省昌宁县城右甸镇","BEG_YR":1436,"END_YR":1643},"geometry":{"type":"Point","coordinates":[99.6067,24.8311]}},{"type":"Feature","properties":{"NAME_CH":"南安州","TYPE_CH":"州","PRES_LOC":"云南省楚雄市南五十里云龙镇","BEG_YR":1275,"END_YR":1911},"geometry":{"type":"Point","coordinates":[101.5881,24.8716]}},{"type":"Feature","properties":{"NAME_CH":"赵州","TYPE_CH":"州","PRES_LOC":"云南省大理市凤仪镇","BEG_YR":1384,"END_YR":1911},"geometry":{"type":"Point","coordinates":[100.3129,25.5852]}},{"type":"Feature","properties":{"NAME_CH":"赵州","TYPE_CH":"州","PRES_LOC":"今河北赵县驻地赵州镇","BEG_YR":1220,"END_YR":1723},"geometry":{"type":"Point","coordinates":[114.7722,37.7529]}},{"type":"Feature","properties":{"NAME_CH":"邓川州","TYPE_CH":"州","PRES_LOC":"云南省洱源县旧州","BEG_YR":1384,"END_YR":1640},"geometry":{"type":"Point","coordinates":[100.0416,25.9912]}},{"type":"Feature","properties":{"NAME_CH":"顺宁州","TYPE_CH":"州","PRES_LOC":"云南省凤庆县县城凤山镇","BEG_YR":1382,"END_YR":1383},"geometry":{"type":"Point","coordinates":[99.911,24.5918]}},{"type":"Feature","properties":{"NAME_CH":"镇南州","TYPE_CH":"州","PRES_LOC":"云南省南华县县城龙川镇","BEG_YR":1382,"END_YR":1911},"geometry":{"type":"Point","coordinates":[101.277,25.1965]}},{"type":"Feature","properties":{"NAME_CH":"建水州","TYPE_CH":"州","PRES_LOC":"云南省建水县城临安镇","BEG_YR":1276,"END_YR":1769},"geometry":{"type":"Point","coordinates":[102.8223,23.6246]}},{"type":"Feature","properties":{"NAME_CH":"宁远州","TYPE_CH":"州","PRES_LOC":"云南省建水县境内","BEG_YR":1586,"END_YR":1619},"geometry":{"type":"Point","coordinates":[102.627,23.4424]}},{"type":"Feature","properties":{"NAME_CH":"剑川州","TYPE_CH":"州","PRES_LOC":"云南省剑川县城金华镇","BEG_YR":1390,"END_YR":1911},"geometry":{"type":"Point","coordinates":[99.8987,26.531]}},{"type":"Feature","properties":{"NAME_CH":"开南州","TYPE_CH":"州","PRES_LOC":"云南省景东县城锦屏镇","BEG_YR":1275,"END_YR":1383},"geometry":{"type":"Point","coordinates":[100.8363,24.4521]}},{"type":"Feature","properties":{"NAME_CH":"景东州","TYPE_CH":"州","PRES_LOC":"云南省景东县县城锦屏镇","BEG_YR":1382,"END_YR":1383},"geometry":{"type":"Point","coordinates":[100.8363,24.4521]}},{"type":"Feature","properties":{"NAME_CH":"威远州","TYPE_CH":"州","PRES_LOC":"云南省景谷县城威远镇","BEG_YR":1275,"END_YR":1383},"geometry":{"type":"Point","coordinates":[100.6996,23.4991]}},{"type":"Feature","properties":{"NAME_CH":"威远御夷州","TYPE_CH":"御夷州","PRES_LOC":"云南省景谷县城威远镇","BEG_YR":1402,"END_YR":1724},"geometry":{"type":"Point","coordinates":[100.6996,23.4991]}},{"type":"Feature","properties":{"NAME_CH":"兰州","TYPE_CH":"州","PRES_LOC":"云南省兰坪县城金顶镇","BEG_YR":1275,"END_YR":1658},"geometry":{"type":"Point","coordinates":[99.4061,26.4346]}},{"type":"Feature","properties":{"NAME_CH":"兰州","TYPE_CH":"州","PRES_LOC":"今甘肃兰州市","BEG_YR":1477,"END_YR":1738},"geometry":{"type":"Point","coordinates":[103.8471,36.047]}},{"type":"Feature","properties":{"NAME_CH":"通安州","TYPE_CH":"州","PRES_LOC":"云南省丽江县大研镇","BEG_YR":1277,"END_YR":1658},"geometry":{"type":"Point","coordinates":[100.236,26.8746]}},{"type":"Feature","properties":{"NAME_CH":"宝山州","TYPE_CH":"州","PRES_LOC":"云南省丽江县宝山石头城","BEG_YR":1279,"END_YR":1658},"geometry":{"type":"Point","coordinates":[99.8367,26.8047]}},{"type":"Feature","properties":{"NAME_CH":"巨津州","TYPE_CH":"州","PRES_LOC":"云南省丽江县巨甸","BEG_YR":1277,"END_YR":1658},"geometry":{"type":"Point","coordinates":[99.6472,27.3077]}},{"type":"Feature","properties":{"NAME_CH":"遮放副宣抚司","TYPE_CH":"土司","PRES_LOC":"云南省潞西县西南七十四公里遮放镇","BEG_YR":1584,"END_YR":1911},"geometry":{"type":"Point","coordinates":[98.2913,24.2606]}},{"type":"Feature","properties":{"NAME_CH":"蛮莫安抚司","TYPE_CH":"土司","PRES_LOC":"云南省瑞丽县勐卯镇","BEG_YR":1605,"END_YR":1658},"geometry":{"type":"Point","coordinates":[97.8921,24.0262]}},{"type":"Feature","properties":{"NAME_CH":"石平州","TYPE_CH":"州","PRES_LOC":"云南省石屏县城异龙镇","BEG_YR":1270,"END_YR":1381},"geometry":{"type":"Point","coordinates":[102.4883,23.719]}},{"type":"Feature","properties":{"NAME_CH":"石屏州","TYPE_CH":"州","PRES_LOC":"云南省石屏县城异龙镇","BEG_YR":1382,"END_YR":1911},"geometry":{"type":"Point","coordinates":[102.4883,23.719]}},{"type":"Feature","properties":{"NAME_CH":"腾冲州","TYPE_CH":"州","PRES_LOC":"云南省腾冲县城","BEG_YR":1430,"END_YR":1445},"geometry":{"type":"Point","coordinates":[98.495,25.0243]}},{"type":"Feature","properties":{"NAME_CH":"腾越州","TYPE_CH":"州","PRES_LOC":"云南省腾冲县城城关镇","BEG_YR":1524,"END_YR":1818},"geometry":{"type":"Point","coordinates":[98.495,25.0243]}},{"type":"Feature","properties":{"NAME_CH":"瓦甸安抚司","TYPE_CH":"土司","PRES_LOC":"云南省腾冲县东北七十六里永安街","BEG_YR":1440,"END_YR":1658},"geometry":{"type":"Point","coordinates":[98.6251,25.3447]}},{"type":"Feature","properties":{"NAME_CH":"蒙化州","TYPE_CH":"州","PRES_LOC":"云南省巍山县县城文华镇（巍城镇）","BEG_YR":1390,"END_YR":1447},"geometry":{"type":"Point","coordinates":[100.3089,25.23]}},{"type":"Feature","properties":{"NAME_CH":"云南州","TYPE_CH":"州","PRES_LOC":"云南省祥云县云南驿","BEG_YR":1274,"END_YR":1381},"geometry":{"type":"Point","coordinates":[100.6853,25.4248]}},{"type":"Feature","properties":{"NAME_CH":"姚州","TYPE_CH":"州","PRES_LOC":"云南省姚安县城栋川镇","BEG_YR":1382,"END_YR":1769},"geometry":{"type":"Point","coordinates":[101.2425,25.5137]}},{"type":"Feature","properties":{"NAME_CH":"镇康御夷州","TYPE_CH":"御夷州","PRES_LOC":"云南省永德县东北三十五里旧城","BEG_YR":1409,"END_YR":1907},"geometry":{"type":"Point","coordinates":[99.3945,24.126]}},{"type":"Feature","properties":{"NAME_CH":"云龙州","TYPE_CH":"州","PRES_LOC":"云南省云龙县旧州，明末崇祯年间迁治于雒马","BEG_YR":1324,"END_YR":1628},"geometry":{"type":"Point","coordinates":[99.2274,25.7535]}},{"type":"Feature","properties":{"NAME_CH":"宝通州","TYPE_CH":"州","PRES_LOC":"云南省云县县城爱华镇","BEG_YR":1327,"END_YR":1381},"geometry":{"type":"Point","coordinates":[100.1277,24.4486]}},{"type":"Feature","properties":{"NAME_CH":"云州","TYPE_CH":"州","PRES_LOC":"云南省云县县城爱华镇","BEG_YR":1602,"END_YR":1911},"geometry":{"type":"Point","coordinates":[100.1277,24.4486]}},{"type":"Feature","properties":{"NAME_CH":"镇沅州","TYPE_CH":"州","PRES_LOC":"云南省镇沅县按板镇","BEG_YR":1403,"END_YR":1405},"geometry":{"type":"Point","coordinates":[100.8852,23.8718]}},{"type":"Feature","properties":{"NAME_CH":"远干州","TYPE_CH":"州","PRES_LOC":"云南镇沅县按板镇","BEG_YR":1382,"END_YR":1402},"geometry":{"type":"Point","coordinates":[100.8852,23.8718]}},{"type":"Feature","properties":{"NAME_CH":"南甸宣抚司","TYPE_CH":"宣抚司","PRES_LOC":"云南梁河县东北四里九保街","BEG_YR":1444,"END_YR":1776},"geometry":{"type":"Point","coordinates":[98.3085,24.8219]}},{"type":"Feature","properties":{"NAME_CH":"陇川宣抚司","TYPE_CH":"宣抚司","PRES_LOC":"云南陇川县西南二十八里陇把镇","BEG_YR":1444,"END_YR":1659},"geometry":{"type":"Point","coordinates":[97.7879,24.3348]}},{"type":"Feature","properties":{"NAME_CH":"潞江安抚司","TYPE_CH":"安抚司","PRES_LOC":"云南省保山市怒江坝老城","BEG_YR":1411,"END_YR":1911},"geometry":{"type":"Point","coordinates":[98.8927,24.9241]}},{"type":"Feature","properties":{"NAME_CH":"镇道安抚司","TYPE_CH":"安抚司","PRES_LOC":"云南省迪庆藏族自治州中甸城","BEG_YR":1406,"END_YR":1658},"geometry":{"type":"Point","coordinates":[99.7069,27.8172]}},{"type":"Feature","properties":{"NAME_CH":"杨塘安抚司","TYPE_CH":"安抚司","PRES_LOC":"云南省迪庆藏族自治州中甸县南部小中甸","BEG_YR":1406,"END_YR":1658},"geometry":{"type":"Point","coordinates":[99.788,27.5847]}},{"type":"Feature","properties":{"NAME_CH":"耿马安抚司","TYPE_CH":"安抚司","PRES_LOC":"云南省耿马傣族佤族自治县县城耿宣镇","BEG_YR":1584,"END_YR":1658},"geometry":{"type":"Point","coordinates":[99.3964,23.5405]}},{"type":"Feature","properties":{"NAME_CH":"平缅宣抚司","TYPE_CH":"宣抚司","PRES_LOC":"云南省瑞丽市西郊","BEG_YR":1355,"END_YR":1382},"geometry":{"type":"Point","coordinates":[97.8543,24.0125]}},{"type":"Feature","properties":{"NAME_CH":"盏达副宣抚司","TYPE_CH":"宣抚司","PRES_LOC":"云南省盈江县城平原镇西北四公里的莲花街","BEG_YR":1444,"END_YR":1911},"geometry":{"type":"Point","coordinates":[97.9097,24.7369]}},{"type":"Feature","properties":{"NAME_CH":"干崖宣抚司","TYPE_CH":"宣抚司","PRES_LOC":"云南省盈江县闷璋","BEG_YR":1488,"END_YR":1659},"geometry":{"type":"Point","coordinates":[97.9283,24.6551]}},{"type":"Feature","properties":{"NAME_CH":"武清县","TYPE_CH":"县","PRES_LOC":"今天津市武清区西北旧武清","BEG_YR":0,"END_YR":1911},"geometry":{"type":"Point","coordinates":[116.9458,39.5103]}},{"type":"Feature","properties":{"NAME_CH":"天津县","TYPE_CH":"县","PRES_LOC":"今天津市老城区","BEG_YR":0,"END_YR":1911},"geometry":{"type":"Point","coordinates":[117.1555,39.1491]}},{"type":"Feature","properties":{"NAME_CH":"宝坻县","TYPE_CH":"县","PRES_LOC":"今天津市宝坻县","BEG_YR":0,"END_YR":1911},"geometry":{"type":"Point","coordinates":[117.3024,39.7259]}},{"type":"Feature","properties":{"NAME_CH":"蓟州","TYPE_CH":"州","PRES_LOC":"今天津蓟县","BEG_YR":0,"END_YR":1911},"geometry":{"type":"Point","coordinates":[117.4018,40.0439]}},{"type":"Feature","properties":{"NAME_CH":"濮阳县","TYPE_CH":"县","PRES_LOC":"今山东濮阳县驻地","BEG_YR":1077,"END_YR":1368},"geometry":{"type":"Point","coordinates":[115.0137,35.7051]}},{"type":"Feature","properties":{"NAME_CH":"甘陵国","TYPE_CH":"国","PRES_LOC":"今山东临清市东北","BEG_YR":148,"END_YR":0},"geometry":{"type":"Point","coordinates":[115.7219,36.8596]}},{"type":"Feature","properties":{"NAME_CH":"石邑县","TYPE_CH":"县","PRES_LOC":"今获鹿县东南南故邑村","BEG_YR":196,"END_YR":0},"geometry":{"type":"Point","coordinates":[114.3398,37.9281]}},{"type":"Feature","properties":{"NAME_CH":"阴安县","TYPE_CH":"县","PRES_LOC":"今河南清丰县北古城附近","BEG_YR":-110,"END_YR":0},"geometry":{"type":"Point","coordinates":[115.0819,35.9889]}},{"type":"Feature","properties":{"NAME_CH":"长垣县","TYPE_CH":"县","PRES_LOC":"今河南长垣县驻地西南十里“司家坡”","BEG_YR":960,"END_YR":1911},"geometry":{"type":"Point","coordinates":[114.6223,35.1472]}},{"type":"Feature","properties":{"NAME_CH":"徐无县","TYPE_CH":"县","PRES_LOC":"今河北遵化县遵化镇东","BEG_YR":23,"END_YR":0},"geometry":{"type":"Point","coordinates":[117.9788,40.1824]}},{"type":"Feature","properties":{"NAME_CH":"长乡县","TYPE_CH":"县","PRES_LOC":"今河北涿州市东北与固安县交界处之长安城","BEG_YR":265,"END_YR":0},"geometry":{"type":"Point","coordinates":[116.2191,39.5205]}},{"type":"Feature","properties":{"NAME_CH":"涿县","TYPE_CH":"县","PRES_LOC":"今河北涿州市","BEG_YR":-221,"END_YR":0},"geometry":{"type":"Point","coordinates":[115.9681,39.4872]}},{"type":"Feature","properties":{"NAME_CH":"涿州","TYPE_CH":"州","PRES_LOC":"今河北涿州市","BEG_YR":1263,"END_YR":1911},"geometry":{"type":"Point","coordinates":[115.9681,39.4872]}},{"type":"Feature","properties":{"NAME_CH":"范阳国","TYPE_CH":"国","PRES_LOC":"今河北涿州市","BEG_YR":265,"END_YR":0},"geometry":{"type":"Point","coordinates":[115.9681,39.4872]}},{"type":"Feature","properties":{"NAME_CH":"潘县","TYPE_CH":"县","PRES_LOC":"今河北涿鹿县涿鹿镇西南保岱一带","BEG_YR":99,"END_YR":0},"geometry":{"type":"Point","coordinates":[115.1447,40.2759]}},{"type":"Feature","properties":{"NAME_CH":"涿鹿县","TYPE_CH":"县","PRES_LOC":"今河北涿鹿县涿鹿镇东南古城村","BEG_YR":23,"END_YR":0},"geometry":{"type":"Point","coordinates":[115.3969,40.2158]}},{"type":"Feature","properties":{"NAME_CH":"保安州","TYPE_CH":"州","PRES_LOC":"今河北涿鹿县涿鹿镇","BEG_YR":0,"END_YR":1692},"geometry":{"type":"Point","coordinates":[115.2147,40.3766]}},{"type":"Feature","properties":{"NAME_CH":"下洛县","TYPE_CH":"县","PRES_LOC":"今河北涿鹿县西","BEG_YR":220,"END_YR":0},"geometry":{"type":"Point","coordinates":[115.1815,40.3795]}},{"type":"Feature","properties":{"NAME_CH":"新市县","TYPE_CH":"县","PRES_LOC":"今河北正定县正定镇东北新城铺","BEG_YR":-203,"END_YR":0},"geometry":{"type":"Point","coordinates":[114.6818,38.2688]}},{"type":"Feature","properties":{"NAME_CH":"枣强县","TYPE_CH":"县","PRES_LOC":"今河北枣强县驻地枣强镇","BEG_YR":1126,"END_YR":1911},"geometry":{"type":"Point","coordinates":[115.7181,37.5026]}},{"type":"Feature","properties":{"NAME_CH":"永清县","TYPE_CH":"县","PRES_LOC":"今河北永清县永清镇","BEG_YR":0,"END_YR":1911},"geometry":{"type":"Point","coordinates":[116.4906,39.3257]}},{"type":"Feature","properties":{"NAME_CH":"易阳县","TYPE_CH":"县","PRES_LOC":"今河北永年县洺关镇东南","BEG_YR":-221,"END_YR":0},"geometry":{"type":"Point","coordinates":[114.5099,36.7704]}},{"type":"Feature","properties":{"NAME_CH":"曲梁县","TYPE_CH":"县","PRES_LOC":"今河北永年县临洺关镇东南广府镇","BEG_YR":196,"END_YR":0},"geometry":{"type":"Point","coordinates":[114.7231,36.701]}},{"type":"Feature","properties":{"NAME_CH":"广年县","TYPE_CH":"县","PRES_LOC":"今河北永年县临洺关镇东故城村","BEG_YR":23,"END_YR":0},"geometry":{"type":"Point","coordinates":[114.6453,36.7917]}},{"type":"Feature","properties":{"NAME_CH":"易县","TYPE_CH":"县","PRES_LOC":"今河北易县驻地易州镇","BEG_YR":1266,"END_YR":1368},"geometry":{"type":"Point","coordinates":[115.4935,39.349]}},{"type":"Feature","properties":{"NAME_CH":"易州","TYPE_CH":"州","PRES_LOC":"今河北易县驻地易州镇","BEG_YR":1241,"END_YR":1733},"geometry":{"type":"Point","coordinates":[115.4935,39.349]}},{"type":"Feature","properties":{"NAME_CH":"故安县","TYPE_CH":"县","PRES_LOC":"今河北易县易州镇东南东固安","BEG_YR":-117,"END_YR":0},"geometry":{"type":"Point","coordinates":[115.5663,39.288]}},{"type":"Feature","properties":{"NAME_CH":"阳原县","TYPE_CH":"县","PRES_LOC":"今河北阳原县西城镇西南北","BEG_YR":-201,"END_YR":0},"geometry":{"type":"Point","coordinates":[114.1474,40.0906]}},{"type":"Feature","properties":{"NAME_CH":"东安阳县","TYPE_CH":"县","PRES_LOC":"今河北阳原县西城镇东南揣骨疃镇","BEG_YR":23,"END_YR":0},"geometry":{"type":"Point","coordinates":[114.2461,40.0272]}},{"type":"Feature","properties":{"NAME_CH":"高城县","TYPE_CH":"县","PRES_LOC":"今河北盐山县盐山镇东南故城赵家村北","BEG_YR":220,"END_YR":0},"geometry":{"type":"Point","coordinates":[117.3202,38.0378]}},{"type":"Feature","properties":{"NAME_CH":"饶安县","TYPE_CH":"县","PRES_LOC":"今河北盐山县西南旧县镇","BEG_YR":168,"END_YR":0},"geometry":{"type":"Point","coordinates":[117.1364,37.8578]}},{"type":"Feature","properties":{"NAME_CH":"安肃州","TYPE_CH":"州","PRES_LOC":"今河北徐水县驻地安肃镇","BEG_YR":1151,"END_YR":1368},"geometry":{"type":"Point","coordinates":[115.6574,39.0194]}},{"type":"Feature","properties":{"NAME_CH":"北新城县","TYPE_CH":"县","PRES_LOC":"今河北徐水县安肃镇西南","BEG_YR":23,"END_YR":0},"geometry":{"type":"Point","coordinates":[115.572,38.9606]}},{"type":"Feature","properties":{"NAME_CH":"雄州","TYPE_CH":"州","PRES_LOC":"今河北雄县驻地雄州镇","BEG_YR":1240,"END_YR":1373},"geometry":{"type":"Point","coordinates":[116.0927,38.9759]}},{"type":"Feature","properties":{"NAME_CH":"易城县","TYPE_CH":"县","PRES_LOC":"今河北雄县雄州镇西北古贤","BEG_YR":220,"END_YR":0},"geometry":{"type":"Point","coordinates":[116.0674,38.9959]}},{"type":"Feature","properties":{"NAME_CH":"襄国县","TYPE_CH":"县","PRES_LOC":"今河北邢台市西南百泉村","BEG_YR":-206,"END_YR":0},"geometry":{"type":"Point","coordinates":[114.5239,37.0109]}},{"type":"Feature","properties":{"NAME_CH":"南行唐县","TYPE_CH":"县","PRES_LOC":"今河北行唐县行唐镇北","BEG_YR":23,"END_YR":0},"geometry":{"type":"Point","coordinates":[114.5282,38.5517]}},{"type":"Feature","properties":{"NAME_CH":"俊靡县","TYPE_CH":"县","PRES_LOC":"今河北兴隆县兴隆镇东南","BEG_YR":23,"END_YR":0},"geometry":{"type":"Point","coordinates":[117.5353,40.3887]}},{"type":"Feature","properties":{"NAME_CH":"堂阳县","TYPE_CH":"县","PRES_LOC":"今河北新河县驻地西","BEG_YR":0,"END_YR":0},"geometry":{"type":"Point","coordinates":[115.2387,37.5285]}},{"type":"Feature","properties":{"NAME_CH":"鄡县","TYPE_CH":"县","PRES_LOC":"今河北辛集市东南","BEG_YR":23,"END_YR":0},"geometry":{"type":"Point","coordinates":[115.2625,37.8776]}},{"type":"Feature","properties":{"NAME_CH":"香河县","TYPE_CH":"县","PRES_LOC":"今河北香河县淑阳镇","BEG_YR":1380,"END_YR":1911},"geometry":{"type":"Point","coordinates":[116.996,39.7652]}},{"type":"Feature","properties":{"NAME_CH":"献州","TYPE_CH":"州","PRES_LOC":"今河北献县驻地乐寿镇","BEG_YR":1266,"END_YR":1374},"geometry":{"type":"Point","coordinates":[116.1149,38.1907]}},{"type":"Feature","properties":{"NAME_CH":"中水县","TYPE_CH":"县","PRES_LOC":"今河北献县乐寿镇西权寺村","BEG_YR":-202,"END_YR":0},"geometry":{"type":"Point","coordinates":[115.9485,38.2262]}},{"type":"Feature","properties":{"NAME_CH":"河间国","TYPE_CH":"国","PRES_LOC":"今河北献县乐寿镇东南河城街村南","BEG_YR":265,"END_YR":0},"geometry":{"type":"Point","coordinates":[116.213,38.1445]}},{"type":"Feature","properties":{"NAME_CH":"乐城县","TYPE_CH":"县","PRES_LOC":"今河北献县乐寿镇东南的河城街村南","BEG_YR":265,"END_YR":0},"geometry":{"type":"Point","coordinates":[116.213,38.1445]}},{"type":"Feature","properties":{"NAME_CH":"观津县","TYPE_CH":"县","PRES_LOC":"今河北武邑县武邑镇东南观津村","BEG_YR":23,"END_YR":0},"geometry":{"type":"Point","coordinates":[116.0343,37.8053]}},{"type":"Feature","properties":{"NAME_CH":"武遂县","TYPE_CH":"县","PRES_LOC":"今河北武强县小范镇西北","BEG_YR":23,"END_YR":0},"geometry":{"type":"Point","coordinates":[115.9031,38.1276]}},{"type":"Feature","properties":{"NAME_CH":"东安陵县","TYPE_CH":"县","PRES_LOC":"今河北吴桥县桑园镇东北","BEG_YR":265,"END_YR":0},"geometry":{"type":"Point","coordinates":[116.4201,37.6435]}},{"type":"Feature","properties":{"NAME_CH":"吴桥县","TYPE_CH":"县","PRES_LOC":"今河北吴桥县东吴桥镇","BEG_YR":0,"END_YR":1911},"geometry":{"type":"Point","coordinates":[116.5037,37.6068]}},{"type":"Feature","properties":{"NAME_CH":"保定县","TYPE_CH":"县","PRES_LOC":"今河北文安县西北新镇镇","BEG_YR":1380,"END_YR":1911},"geometry":{"type":"Point","coordinates":[116.3663,39.0062]}},{"type":"Feature","properties":{"NAME_CH":"文安县","TYPE_CH":"县","PRES_LOC":"今河北文安县文安镇东北柳河镇","BEG_YR":-221,"END_YR":0},"geometry":{"type":"Point","coordinates":[116.5433,38.9608]}},{"type":"Feature","properties":{"NAME_CH":"当城县","TYPE_CH":"县","PRES_LOC":"今河北蔚县蔚州镇东北西合营","BEG_YR":-221,"END_YR":0},"geometry":{"type":"Point","coordinates":[114.7608,39.9615]}},{"type":"Feature","properties":{"NAME_CH":"蔚州","TYPE_CH":"州","PRES_LOC":"今河北蔚县蔚州镇","BEG_YR":0,"END_YR":1911},"geometry":{"type":"Point","coordinates":[114.5691,39.8405]}},{"type":"Feature","properties":{"NAME_CH":"桑干县","TYPE_CH":"县","PRES_LOC":"今河北蔚县东北","BEG_YR":23,"END_YR":0},"geometry":{"type":"Point","coordinates":[114.6925,40.1508]}},{"type":"Feature","properties":{"NAME_CH":"威州","TYPE_CH":"州","PRES_LOC":"今河北威县驻地洺州镇","BEG_YR":1252,"END_YR":1368},"geometry":{"type":"Point","coordinates":[115.2593,36.9742]}},{"type":"Feature","properties":{"NAME_CH":"望都县","TYPE_CH":"县","PRES_LOC":"今河北望都县望都镇西北故县村","BEG_YR":23,"END_YR":0},"geometry":{"type":"Point","coordinates":[115.1177,38.7439]}},{"type":"Feature","properties":{"NAME_CH":"完州","TYPE_CH":"州","PRES_LOC":"今河北完县驻地蒲阳镇","BEG_YR":1275,"END_YR":1368},"geometry":{"type":"Point","coordinates":[115.1236,38.8332]}},{"type":"Feature","properties":{"NAME_CH":"土垠县","TYPE_CH":"县","PRES_LOC":"今河北唐山市北银城铺","BEG_YR":-201,"END_YR":0},"geometry":{"type":"Point","coordinates":[118.1649,39.8279]}},{"type":"Feature","properties":{"NAME_CH":"武垣县","TYPE_CH":"县","PRES_LOC":"今河北肃宁县城东南窝北镇武垣故城遗址","BEG_YR":23,"END_YR":0},"geometry":{"type":"Point","coordinates":[115.9323,38.3703]}},{"type":"Feature","properties":{"NAME_CH":"定兴县","TYPE_CH":"县","PRES_LOC":"今河北省定兴县驻地定兴镇","BEG_YR":1166,"END_YR":1911},"geometry":{"type":"Point","coordinates":[115.7742,39.2696]}},{"type":"Feature","properties":{"NAME_CH":"祁州","TYPE_CH":"州","PRES_LOC":"今河北省安国县驻地祁州镇","BEG_YR":1220,"END_YR":1911},"geometry":{"type":"Point","coordinates":[115.3151,38.4123]}},{"type":"Feature","properties":{"NAME_CH":"南深泽县","TYPE_CH":"县","PRES_LOC":"今河北深泽县深泽镇东南","BEG_YR":-117,"END_YR":0},"geometry":{"type":"Point","coordinates":[115.2205,38.1626]}},{"type":"Feature","properties":{"NAME_CH":"深州","TYPE_CH":"州","PRES_LOC":"今河北深县驻地深州镇","BEG_YR":1412,"END_YR":1723},"geometry":{"type":"Point","coordinates":[115.5489,38.0117]}},{"type":"Feature","properties":{"NAME_CH":"下博县","TYPE_CH":"县","PRES_LOC":"今河北深县深州镇东南下博村","BEG_YR":23,"END_YR":0},"geometry":{"type":"Point","coordinates":[115.5823,37.8695]}},{"type":"Feature","properties":{"NAME_CH":"涉县","TYPE_CH":"县","PRES_LOC":"今河北涉县涉城镇西北","BEG_YR":196,"END_YR":0},"geometry":{"type":"Point","coordinates":[113.6169,36.6103]}},{"type":"Feature","properties":{"NAME_CH":"潞县","TYPE_CH":"县","PRES_LOC":"今河北三河县洵阳镇西军下村","BEG_YR":23,"END_YR":0},"geometry":{"type":"Point","coordinates":[116.9884,40.0122]}},{"type":"Feature","properties":{"NAME_CH":"三河县","TYPE_CH":"县","PRES_LOC":"今河北三河县洵阳镇","BEG_YR":0,"END_YR":1911},"geometry":{"type":"Point","coordinates":[117.0761,39.9828]}},{"type":"Feature","properties":{"NAME_CH":"张县","TYPE_CH":"县","PRES_LOC":"今河北任县任城镇西南","BEG_YR":-203,"END_YR":0},"geometry":{"type":"Point","coordinates":[114.626,37.0964]}},{"type":"Feature","properties":{"NAME_CH":"广乡县","TYPE_CH":"县","PRES_LOC":"今河北任县任城镇西","BEG_YR":-203,"END_YR":0},"geometry":{"type":"Point","coordinates":[114.627,37.1247]}},{"type":"Feature","properties":{"NAME_CH":"莫州","TYPE_CH":"州","PRES_LOC":"今河北任丘市驻地北鄚州镇","BEG_YR":1266,"END_YR":1373},"geometry":{"type":"Point","coordinates":[116.1071,38.8604]}},{"type":"Feature","properties":{"NAME_CH":"鄚县","TYPE_CH":"县","PRES_LOC":"今河北任丘市北鄚州镇","BEG_YR":23,"END_YR":0},"geometry":{"type":"Point","coordinates":[116.1071,38.8604]}},{"type":"Feature","properties":{"NAME_CH":"斥漳县","TYPE_CH":"县","PRES_LOC":"今河北曲周县曲周镇东南的西呈孟村","BEG_YR":265,"END_YR":0},"geometry":{"type":"Point","coordinates":[115.077,36.7031]}},{"type":"Feature","properties":{"NAME_CH":"上曲阳县","TYPE_CH":"县","PRES_LOC":"今河北曲阳县城西","BEG_YR":23,"END_YR":0},"geometry":{"type":"Point","coordinates":[114.6446,38.616]}},{"type":"Feature","properties":{"NAME_CH":"东武城县","TYPE_CH":"县","PRES_LOC":"今河北清河县葛仙庄镇东北","BEG_YR":-202,"END_YR":0},"geometry":{"type":"Point","coordinates":[115.694,37.0927]}},{"type":"Feature","properties":{"NAME_CH":"清阳县","TYPE_CH":"县","PRES_LOC":"今河北清河县东南","BEG_YR":265,"END_YR":0},"geometry":{"type":"Point","coordinates":[115.6892,37.0448]}},{"type":"Feature","properties":{"NAME_CH":"清州","TYPE_CH":"州","PRES_LOC":"今河北青县驻地青州镇","BEG_YR":1266,"END_YR":1374},"geometry":{"type":"Point","coordinates":[116.8254,38.5807]}},{"type":"Feature","properties":{"NAME_CH":"令支县","TYPE_CH":"县","PRES_LOC":"今河北迁安县迁安镇西","BEG_YR":23,"END_YR":0},"geometry":{"type":"Point","coordinates":[118.664,39.9989]}},{"type":"Feature","properties":{"NAME_CH":"迁安县","TYPE_CH":"县","PRES_LOC":"今河北迁安县迁安镇","BEG_YR":0,"END_YR":1911},"geometry":{"type":"Point","coordinates":[118.7163,39.9997]}},{"type":"Feature","properties":{"NAME_CH":"蒲吾县","TYPE_CH":"县","PRES_LOC":"今河北平山县平山镇东南蒲吾村","BEG_YR":-202,"END_YR":0},"geometry":{"type":"Point","coordinates":[114.2123,38.2493]}},{"type":"Feature","properties":{"NAME_CH":"巨鹿国","TYPE_CH":"国","PRES_LOC":"今河北宁晋县凤凰镇南","BEG_YR":265,"END_YR":0},"geometry":{"type":"Point","coordinates":[114.9164,37.5869]}},{"type":"Feature","properties":{"NAME_CH":"廮陶县","TYPE_CH":"县","PRES_LOC":"今河北宁晋县凤凰镇南","BEG_YR":-202,"END_YR":0},"geometry":{"type":"Point","coordinates":[114.9164,37.5869]}},{"type":"Feature","properties":{"NAME_CH":"南皮县","TYPE_CH":"县","PRES_LOC":"今河北南皮县驻地南皮镇","BEG_YR":0,"END_YR":1911},"geometry":{"type":"Point","coordinates":[116.6968,38.0376]}},{"type":"Feature","properties":{"NAME_CH":"南乐县","TYPE_CH":"县","PRES_LOC":"今河北南乐县驻地","BEG_YR":915,"END_YR":1911},"geometry":{"type":"Point","coordinates":[115.1976,36.0775]}},{"type":"Feature","properties":{"NAME_CH":"朝平县","TYPE_CH":"县","PRES_LOC":"今河北南和县和阳镇东北","BEG_YR":-203,"END_YR":0},"geometry":{"type":"Point","coordinates":[114.7346,37.022]}},{"type":"Feature","properties":{"NAME_CH":"内丘县","TYPE_CH":"县","PRES_LOC":"今河北内丘县驻地内丘镇","BEG_YR":0,"END_YR":1911},"geometry":{"type":"Point","coordinates":[114.5119,37.295]}},{"type":"Feature","properties":{"NAME_CH":"中丘县","TYPE_CH":"县","PRES_LOC":"今河北内丘县内丘镇西","BEG_YR":23,"END_YR":0},"geometry":{"type":"Point","coordinates":[114.502,37.2957]}},{"type":"Feature","properties":{"NAME_CH":"北平县","TYPE_CH":"县","PRES_LOC":"今河北满城县满城镇北眺山下","BEG_YR":23,"END_YR":0},"geometry":{"type":"Point","coordinates":[115.3038,38.9579]}},{"type":"Feature","properties":{"NAME_CH":"傂奚县","TYPE_CH":"县","PRES_LOC":"今河北滦平县滦平镇西南","BEG_YR":23,"END_YR":0},"geometry":{"type":"Point","coordinates":[117.0557,40.7872]}},{"type":"Feature","properties":{"NAME_CH":"肥如县","TYPE_CH":"县","PRES_LOC":"今河北卢龙县卢龙镇西北","BEG_YR":23,"END_YR":0},"geometry":{"type":"Point","coordinates":[118.8816,40.0087]}},{"type":"Feature","properties":{"NAME_CH":"阳乐县","TYPE_CH":"县","PRES_LOC":"今河北卢龙县卢龙镇东南","BEG_YR":265,"END_YR":0},"geometry":{"type":"Point","coordinates":[119.0382,39.7749]}},{"type":"Feature","properties":{"NAME_CH":"卢龙县","TYPE_CH":"县","PRES_LOC":"今河北卢龙县卢龙镇","BEG_YR":0,"END_YR":1911},"geometry":{"type":"Point","coordinates":[118.862,39.8773]}},{"type":"Feature","properties":{"NAME_CH":"柏人县","TYPE_CH":"县","PRES_LOC":"今河北隆尧县尧山西","BEG_YR":23,"END_YR":0},"geometry":{"type":"Point","coordinates":[114.6421,37.3764]}},{"type":"Feature","properties":{"NAME_CH":"蠡州","TYPE_CH":"州","PRES_LOC":"今河北蠡县驻地蠡吾镇","BEG_YR":1284,"END_YR":1373},"geometry":{"type":"Point","coordinates":[115.5747,38.4901]}},{"type":"Feature","properties":{"NAME_CH":"博陆县","TYPE_CH":"县","PRES_LOC":"今河北蠡县蠡吾镇南","BEG_YR":220,"END_YR":0},"geometry":{"type":"Point","coordinates":[115.576,38.4357]}},{"type":"Feature","properties":{"NAME_CH":"高阳国","TYPE_CH":"国","PRES_LOC":"今河北蠡县蠡吾镇南","BEG_YR":265,"END_YR":0},"geometry":{"type":"Point","coordinates":[115.576,38.4357]}},{"type":"Feature","properties":{"NAME_CH":"泉州县","TYPE_CH":"县","PRES_LOC":"今河北廊坊市东南","BEG_YR":23,"END_YR":0},"geometry":{"type":"Point","coordinates":[116.7163,39.4489]}},{"type":"Feature","properties":{"NAME_CH":"安次县","TYPE_CH":"县","PRES_LOC":"今河北廊坊市安次区西北","BEG_YR":-202,"END_YR":0},"geometry":{"type":"Point","coordinates":[116.6421,39.5415]}},{"type":"Feature","properties":{"NAME_CH":"逎县）","TYPE_CH":"县","PRES_LOC":"今河北涞水县驻地涞水镇","BEG_YR":0,"END_YR":0},"geometry":{"type":"Point","coordinates":[115.7078,39.3917]}},{"type":"Feature","properties":{"NAME_CH":"逎县","TYPE_CH":"县","PRES_LOC":"今河北涞水县涞水镇北拒马河西之北庄","BEG_YR":147,"END_YR":0},"geometry":{"type":"Point","coordinates":[115.7056,39.5405]}},{"type":"Feature","properties":{"NAME_CH":"景州","TYPE_CH":"州","PRES_LOC":"今河北景县驻地景州镇","BEG_YR":1265,"END_YR":1911},"geometry":{"type":"Point","coordinates":[116.2581,37.688]}},{"type":"Feature","properties":{"NAME_CH":"广川县","TYPE_CH":"县","PRES_LOC":"今河北景县景州镇西南广川村","BEG_YR":-203,"END_YR":0},"geometry":{"type":"Point","coordinates":[115.9133,37.5593]}},{"type":"Feature","properties":{"NAME_CH":"蓚县","TYPE_CH":"县","PRES_LOC":"今河北景县景州镇南胡庄一带","BEG_YR":220,"END_YR":0},"geometry":{"type":"Point","coordinates":[116.2534,37.6387]}},{"type":"Feature","properties":{"NAME_CH":"晋州","TYPE_CH":"州","PRES_LOC":"今河北晋县驻地晋州镇","BEG_YR":1261,"END_YR":1723},"geometry":{"type":"Point","coordinates":[115.0354,38.0325]}},{"type":"Feature","properties":{"NAME_CH":"下曲阳县","TYPE_CH":"县","PRES_LOC":"今河北晋县晋州镇西2.5公里","BEG_YR":-221,"END_YR":0},"geometry":{"type":"Point","coordinates":[115.0024,38.0321]}},{"type":"Feature","properties":{"NAME_CH":"冀州","TYPE_CH":"州","PRES_LOC":"今河北冀县驻地冀州镇","BEG_YR":1238,"END_YR":1723},"geometry":{"type":"Point","coordinates":[115.5638,37.566]}},{"type":"Feature","properties":{"NAME_CH":"扶柳县","TYPE_CH":"县","PRES_LOC":"今河北冀县冀州镇西北扶柳城村","BEG_YR":-203,"END_YR":0},"geometry":{"type":"Point","coordinates":[115.3991,37.6145]}},{"type":"Feature","properties":{"NAME_CH":"安平国","TYPE_CH":"国","PRES_LOC":"今河北冀县冀州镇","BEG_YR":265,"END_YR":0},"geometry":{"type":"Point","coordinates":[115.5638,37.566]}},{"type":"Feature","properties":{"NAME_CH":"广平县","TYPE_CH":"县","PRES_LOC":"今河北鸡泽县鸡泽镇东南","BEG_YR":-221,"END_YR":0},"geometry":{"type":"Point","coordinates":[114.9334,36.8362]}},{"type":"Feature","properties":{"NAME_CH":"章武县","TYPE_CH":"县","PRES_LOC":"今河北黄骅县故县村北章武城遗址","BEG_YR":23,"END_YR":0},"geometry":{"type":"Point","coordinates":[117.3127,38.2804]}},{"type":"Feature","properties":{"NAME_CH":"沮阳县","TYPE_CH":"县","PRES_LOC":"今河北怀来县东南大古城村","BEG_YR":23,"END_YR":0},"geometry":{"type":"Point","coordinates":[115.7288,40.3256]}},{"type":"Feature","properties":{"NAME_CH":"马城县","TYPE_CH":"县","PRES_LOC":"今河北怀安县柴沟堡镇西","BEG_YR":-201,"END_YR":0},"geometry":{"type":"Point","coordinates":[114.4053,40.6704]}},{"type":"Feature","properties":{"NAME_CH":"束州县","TYPE_CH":"县","PRES_LOC":"今河北河间县瀛州镇东北束城","BEG_YR":-202,"END_YR":0},"geometry":{"type":"Point","coordinates":[116.3778,38.5342]}},{"type":"Feature","properties":{"NAME_CH":"河间县","TYPE_CH":"县","PRES_LOC":"今河北河间县驻地瀛州镇","BEG_YR":2,"END_YR":1911},"geometry":{"type":"Point","coordinates":[116.0855,38.4357]}},{"type":"Feature","properties":{"NAME_CH":"经县","TYPE_CH":"县","PRES_LOC":"今河北广宗县广宗镇东北","BEG_YR":-144,"END_YR":0},"geometry":{"type":"Point","coordinates":[115.1589,37.0846]}},{"type":"Feature","properties":{"NAME_CH":"方城县","TYPE_CH":"县","PRES_LOC":"今河北固安县固安镇南方城村","BEG_YR":-221,"END_YR":0},"geometry":{"type":"Point","coordinates":[116.257,39.3733]}},{"type":"Feature","properties":{"NAME_CH":"固安州","TYPE_CH":"州","PRES_LOC":"今河北固安县固安镇","BEG_YR":0,"END_YR":1369},"geometry":{"type":"Point","coordinates":[116.3012,39.4356]}},{"type":"Feature","properties":{"NAME_CH":"固安县","TYPE_CH":"县","PRES_LOC":"今河北固安县固安镇","BEG_YR":1369,"END_YR":1911},"geometry":{"type":"Point","coordinates":[116.3012,39.4356]}},{"type":"Feature","properties":{"NAME_CH":"九门县","TYPE_CH":"县","PRES_LOC":"今河北藁城县西北九门村","BEG_YR":23,"END_YR":0},"geometry":{"type":"Point","coordinates":[114.7315,38.107]}},{"type":"Feature","properties":{"NAME_CH":"高邑县","TYPE_CH":"县","PRES_LOC":"今河北高邑县驻地高邑镇","BEG_YR":25,"END_YR":1911},"geometry":{"type":"Point","coordinates":[114.6115,37.6048]}},{"type":"Feature","properties":{"NAME_CH":"房子县","TYPE_CH":"县","PRES_LOC":"今河北高邑县西南","BEG_YR":23,"END_YR":0},"geometry":{"type":"Point","coordinates":[114.5768,37.5677]}},{"type":"Feature","properties":{"NAME_CH":"赵国","TYPE_CH":"国","PRES_LOC":"今河北高邑县高邑镇西南","BEG_YR":232,"END_YR":0},"geometry":{"type":"Point","coordinates":[114.5768,37.5677]}},{"type":"Feature","properties":{"NAME_CH":"弓高县","TYPE_CH":"县","PRES_LOC":"今河北阜城县阜城镇南","BEG_YR":23,"END_YR":0},"geometry":{"type":"Point","coordinates":[116.1514,37.8162]}},{"type":"Feature","properties":{"NAME_CH":"列人县","TYPE_CH":"县","PRES_LOC":"今河北肥乡县肥乡镇东北列人堤","BEG_YR":23,"END_YR":0},"geometry":{"type":"Point","coordinates":[114.8667,36.6436]}},{"type":"Feature","properties":{"NAME_CH":"卢奴县","TYPE_CH":"县","PRES_LOC":"今河北定州市","BEG_YR":-203,"END_YR":0},"geometry":{"type":"Point","coordinates":[114.975,38.5201]}},{"type":"Feature","properties":{"NAME_CH":"中山国","TYPE_CH":"国","PRES_LOC":"今河北定州市","BEG_YR":232,"END_YR":0},"geometry":{"type":"Point","coordinates":[114.975,38.5201]}},{"type":"Feature","properties":{"NAME_CH":"定州","TYPE_CH":"州","PRES_LOC":"今河北定州市","BEG_YR":1369,"END_YR":1722},"geometry":{"type":"Point","coordinates":[114.975,38.5201]}},{"type":"Feature","properties":{"NAME_CH":"范阳县","TYPE_CH":"县","PRES_LOC":"今河北定兴县定兴镇西南故城镇","BEG_YR":220,"END_YR":0},"geometry":{"type":"Point","coordinates":[115.6967,39.1352]}},{"type":"Feature","properties":{"NAME_CH":"大城县","TYPE_CH":"县","PRES_LOC":"今河北大城县平舒镇","BEG_YR":0,"END_YR":1911},"geometry":{"type":"Point","coordinates":[116.6219,38.6959]}},{"type":"Feature","properties":{"NAME_CH":"章武国","TYPE_CH":"国","PRES_LOC":"今河北大城县平舒镇","BEG_YR":265,"END_YR":0},"geometry":{"type":"Point","coordinates":[116.6219,38.6959]}},{"type":"Feature","properties":{"NAME_CH":"东平舒县","TYPE_CH":"县","PRES_LOC":"今河北大城县平舒镇","BEG_YR":-202,"END_YR":0},"geometry":{"type":"Point","coordinates":[116.6219,38.6959]}},{"type":"Feature","properties":{"NAME_CH":"滏阳县","TYPE_CH":"县","PRES_LOC":"今河北磁县驻地磁州镇","BEG_YR":561,"END_YR":1368},"geometry":{"type":"Point","coordinates":[114.3742,36.359]}},{"type":"Feature","properties":{"NAME_CH":"磁州","TYPE_CH":"州","PRES_LOC":"今河北磁县驻地磁州镇","BEG_YR":1220,"END_YR":1911},"geometry":{"type":"Point","coordinates":[114.3742,36.359]}},{"type":"Feature","properties":{"NAME_CH":"梁期县","TYPE_CH":"县","PRES_LOC":"今河北磁县磁州镇东北","BEG_YR":-93,"END_YR":0},"geometry":{"type":"Point","coordinates":[114.4273,36.4031]}},{"type":"Feature","properties":{"NAME_CH":"临水县","TYPE_CH":"县","PRES_LOC":"今河北磁县磁州镇","BEG_YR":221,"END_YR":0},"geometry":{"type":"Point","coordinates":[114.3742,36.359]}},{"type":"Feature","properties":{"NAME_CH":"斥丘县","TYPE_CH":"县","PRES_LOC":"今河北成安县成安镇东南十余里处","BEG_YR":23,"END_YR":0},"geometry":{"type":"Point","coordinates":[114.7571,36.4046]}},{"type":"Feature","properties":{"NAME_CH":"沧州","TYPE_CH":"州","PRES_LOC":"今河北沧州市驻地","BEG_YR":1369,"END_YR":1911},"geometry":{"type":"Point","coordinates":[116.862,38.309]}},{"type":"Feature","properties":{"NAME_CH":"成平县","TYPE_CH":"县","PRES_LOC":"今河北沧州市西南","BEG_YR":23,"END_YR":0},"geometry":{"type":"Point","coordinates":[116.8021,38.2445]}},{"type":"Feature","properties":{"NAME_CH":"浮阳县","TYPE_CH":"县","PRES_LOC":"今河北沧州市东南旧沧州","BEG_YR":220,"END_YR":0},"geometry":{"type":"Point","coordinates":[117.0241,38.2091]}},{"type":"Feature","properties":{"NAME_CH":"蠡吾县","TYPE_CH":"县","PRES_LOC":"今河北博野县博陵镇西北里村","BEG_YR":196,"END_YR":0},"geometry":{"type":"Point","coordinates":[115.3564,38.5382]}},{"type":"Feature","properties":{"NAME_CH":"霸州","TYPE_CH":"州","PRES_LOC":"今河北霸县","BEG_YR":0,"END_YR":1911},"geometry":{"type":"Point","coordinates":[116.3952,39.1015]}},{"type":"Feature","properties":{"NAME_CH":"安州","TYPE_CH":"州","PRES_LOC":"今河北安新县驻地西南安州镇","BEG_YR":1380,"END_YR":1911},"geometry":{"type":"Point","coordinates":[115.8175,38.8754]}},{"type":"Feature","properties":{"NAME_CH":"葛城县","TYPE_CH":"县","PRES_LOC":"今河北安新县驻地西南安州镇","BEG_YR":0,"END_YR":1368},"geometry":{"type":"Point","coordinates":[115.8175,38.8754]}},{"type":"Feature","properties":{"NAME_CH":"博陵国","TYPE_CH":"国","PRES_LOC":"今河北安平县安平镇","BEG_YR":265,"END_YR":0},"geometry":{"type":"Point","coordinates":[115.5106,38.2305]}},{"type":"Feature","properties":{"NAME_CH":"安国县","TYPE_CH":"县","PRES_LOC":"今河北安国县祁州镇东南的东安国城","BEG_YR":23,"END_YR":0},"geometry":{"type":"Point","coordinates":[115.3849,38.3639]}},{"type":"Feature","properties":{"NAME_CH":"良乡县","TYPE_CH":"县","PRES_LOC":"今北京房山县东","BEG_YR":-202,"END_YR":0},"geometry":{"type":"Point","coordinates":[116.1356,39.7413]}},{"type":"Feature","properties":{"NAME_CH":"丰润县","TYPE_CH":"县","PRES_LOC":"今河北丰润县","BEG_YR":0,"END_YR":1911},"geometry":{"type":"Point","coordinates":[118.1349,39.8276]}},{"type":"Feature","properties":{"NAME_CH":"玉田县","TYPE_CH":"县","PRES_LOC":"今河北玉田县","BEG_YR":0,"END_YR":1911},"geometry":{"type":"Point","coordinates":[117.7548,39.8837]}},{"type":"Feature","properties":{"NAME_CH":"滦州","TYPE_CH":"州","PRES_LOC":"今河北滦州","BEG_YR":0,"END_YR":1911},"geometry":{"type":"Point","coordinates":[118.7523,39.7397]}},{"type":"Feature","properties":{"NAME_CH":"乐亭县","TYPE_CH":"县","PRES_LOC":"今河北乐亭县","BEG_YR":0,"END_YR":1911},"geometry":{"type":"Point","coordinates":[118.9183,39.4249]}},{"type":"Feature","properties":{"NAME_CH":"昌黎县","TYPE_CH":"县","PRES_LOC":"今河北昌黎县","BEG_YR":0,"END_YR":1911},"geometry":{"type":"Point","coordinates":[119.1664,39.707]}},{"type":"Feature","properties":{"NAME_CH":"抚宁县","TYPE_CH":"县","PRES_LOC":"今河北抚宁县","BEG_YR":0,"END_YR":1911},"geometry":{"type":"Point","coordinates":[119.2302,39.8847]}},{"type":"Feature","properties":{"NAME_CH":"宁津县","TYPE_CH":"县","PRES_LOC":"今山东宁津县","BEG_YR":0,"END_YR":1911},"geometry":{"type":"Point","coordinates":[116.7928,37.6499]}},{"type":"Feature","properties":{"NAME_CH":"遵化县","TYPE_CH":"县","PRES_LOC":"今河北遵化县","BEG_YR":0,"END_YR":1675},"geometry":{"type":"Point","coordinates":[117.958,40.1844]}},{"type":"Feature","properties":{"NAME_CH":"安定县","TYPE_CH":"县","PRES_LOC":"今陕西子长县城","BEG_YR":1312,"END_YR":1911},"geometry":{"type":"Point","coordinates":[109.6688,37.1377]}},{"type":"Feature","properties":{"NAME_CH":"安定县","TYPE_CH":"县","PRES_LOC":"今甘肃定西县","BEG_YR":1377,"END_YR":1911},"geometry":{"type":"Point","coordinates":[104.6203,35.5751]}},{"type":"Feature","properties":{"NAME_CH":"德静县","TYPE_CH":"县","PRES_LOC":"今陕西榆林市","BEG_YR":613,"END_YR":0},"geometry":{"type":"Point","coordinates":[109.7539,38.2947]}},{"type":"Feature","properties":{"NAME_CH":"永寿县","TYPE_CH":"县","PRES_LOC":"今陕西永寿县永平镇","BEG_YR":1278,"END_YR":1911},"geometry":{"type":"Point","coordinates":[108.044,34.8127]}},{"type":"Feature","properties":{"NAME_CH":"宜君县","TYPE_CH":"县","PRES_LOC":"今陕西宜君县城","BEG_YR":663,"END_YR":1911},"geometry":{"type":"Point","coordinates":[109.1131,35.3973]}},{"type":"Feature","properties":{"NAME_CH":"宜川县","TYPE_CH":"县","PRES_LOC":"今陕西宜川县城","BEG_YR":976,"END_YR":1911},"geometry":{"type":"Point","coordinates":[110.1649,36.0452]}},{"type":"Feature","properties":{"NAME_CH":"肤施县","TYPE_CH":"县","PRES_LOC":"今陕西延安市","BEG_YR":607,"END_YR":1911},"geometry":{"type":"Point","coordinates":[109.4699,36.5918]}},{"type":"Feature","properties":{"NAME_CH":"武功县","TYPE_CH":"县","PRES_LOC":"今陕西武功县武功镇","BEG_YR":1234,"END_YR":1911},"geometry":{"type":"Point","coordinates":[108.1051,34.3321]}},{"type":"Feature","properties":{"NAME_CH":"吴堡县","TYPE_CH":"县","PRES_LOC":"今陕西吴堡县","BEG_YR":1380,"END_YR":1911},"geometry":{"type":"Point","coordinates":[110.7319,37.4569]}},{"type":"Feature","properties":{"NAME_CH":"神木县","TYPE_CH":"县","PRES_LOC":"今陕西神木县城","BEG_YR":1476,"END_YR":1911},"geometry":{"type":"Point","coordinates":[110.5009,38.822]}},{"type":"Feature","properties":{"NAME_CH":"清涧县","TYPE_CH":"县","PRES_LOC":"今陕西清涧县城","BEG_YR":1182,"END_YR":1911},"geometry":{"type":"Point","coordinates":[110.1257,37.0966]}},{"type":"Feature","properties":{"NAME_CH":"蒲城县","TYPE_CH":"县","PRES_LOC":"今陕西蒲城县城","BEG_YR":971,"END_YR":1911},"geometry":{"type":"Point","coordinates":[109.5851,34.9559]}},{"type":"Feature","properties":{"NAME_CH":"米脂县","TYPE_CH":"县","PRES_LOC":"今陕西米脂县城","BEG_YR":1226,"END_YR":1911},"geometry":{"type":"Point","coordinates":[110.1833,37.7603]}},{"type":"Feature","properties":{"NAME_CH":"洛川县","TYPE_CH":"县","PRES_LOC":"今陕西洛川旧县镇","BEG_YR":583,"END_YR":1765},"geometry":{"type":"Point","coordinates":[109.5589,35.8672]}},{"type":"Feature","properties":{"NAME_CH":"葭县","TYPE_CH":"县","PRES_LOC":"今陕西葭县县城","BEG_YR":1378,"END_YR":1379},"geometry":{"type":"Point","coordinates":[110.4956,38.0233]}},{"type":"Feature","properties":{"NAME_CH":"中部县","TYPE_CH":"县","PRES_LOC":"今陕西黄陵县城","BEG_YR":619,"END_YR":1911},"geometry":{"type":"Point","coordinates":[109.2638,35.5895]}},{"type":"Feature","properties":{"NAME_CH":"华阴县","TYPE_CH":"县","PRES_LOC":"今陕西华阴县城","BEG_YR":762,"END_YR":1911},"geometry":{"type":"Point","coordinates":[110.0894,34.5683]}},{"type":"Feature","properties":{"NAME_CH":"郃阳县","TYPE_CH":"县","PRES_LOC":"今陕西合阳县城","BEG_YR":596,"END_YR":1911},"geometry":{"type":"Point","coordinates":[110.151,35.2426]}},{"type":"Feature","properties":{"NAME_CH":"韩城县","TYPE_CH":"县","PRES_LOC":"今陕西韩城县城","BEG_YR":1269,"END_YR":1911},"geometry":{"type":"Point","coordinates":[110.4376,35.4659]}},{"type":"Feature","properties":{"NAME_CH":"甘泉县","TYPE_CH":"县","PRES_LOC":"今陕西甘泉县城","BEG_YR":742,"END_YR":1911},"geometry":{"type":"Point","coordinates":[109.3446,36.2786]}},{"type":"Feature","properties":{"NAME_CH":"府谷县","TYPE_CH":"县","PRES_LOC":"今陕西府谷县城","BEG_YR":1380,"END_YR":1911},"geometry":{"type":"Point","coordinates":[111.0746,39.0321]}},{"type":"Feature","properties":{"NAME_CH":"朝邑县","TYPE_CH":"县","PRES_LOC":"今陕西大荔县朝邑镇","BEG_YR":770,"END_YR":1911},"geometry":{"type":"Point","coordinates":[110.1225,34.789]}},{"type":"Feature","properties":{"NAME_CH":"淳化县","TYPE_CH":"县","PRES_LOC":"今陕西淳化县县城","BEG_YR":993,"END_YR":1911},"geometry":{"type":"Point","coordinates":[108.5701,34.8087]}},{"type":"Feature","properties":{"NAME_CH":"澄城县","TYPE_CH":"县","PRES_LOC":"今陕西澄城县城","BEG_YR":446,"END_YR":1911},"geometry":{"type":"Point","coordinates":[109.9304,35.1909]}},{"type":"Feature","properties":{"NAME_CH":"长武县","TYPE_CH":"县","PRES_LOC":"今陕西长武县城","BEG_YR":1583,"END_YR":1911},"geometry":{"type":"Point","coordinates":[107.7893,35.2054]}},{"type":"Feature","properties":{"NAME_CH":"新平县","TYPE_CH":"县","PRES_LOC":"今陕西彬县县城","BEG_YR":584,"END_YR":1382},"geometry":{"type":"Point","coordinates":[108.078,35.0397]}},{"type":"Feature","properties":{"NAME_CH":"白水县","TYPE_CH":"县","PRES_LOC":"今陕西白水县城","BEG_YR":636,"END_YR":1911},"geometry":{"type":"Point","coordinates":[109.5871,35.1816]}},{"type":"Feature","properties":{"NAME_CH":"延昌县","TYPE_CH":"县","PRES_LOC":"今陕西安塞县化子坪","BEG_YR":742,"END_YR":0},"geometry":{"type":"Point","coordinates":[109.0895,37.0892]}},{"type":"Feature","properties":{"NAME_CH":"安塞县","TYPE_CH":"县","PRES_LOC":"今陕西安塞县北","BEG_YR":1312,"END_YR":1911},"geometry":{"type":"Point","coordinates":[109.3175,36.9036]}},{"type":"Feature","properties":{"NAME_CH":"保安县","TYPE_CH":"县","PRES_LOC":"今陕西子长县安定镇","BEG_YR":1172,"END_YR":1911},"geometry":{"type":"Point","coordinates":[109.516,37.1721]}},{"type":"Feature","properties":{"NAME_CH":"开成县","TYPE_CH":"县","PRES_LOC":"今宁夏固原县西南四十里","BEG_YR":1273,"END_YR":1467},"geometry":{"type":"Point","coordinates":[106.1729,35.8682]}},{"type":"Feature","properties":{"NAME_CH":"固原州","TYPE_CH":"州","PRES_LOC":"今宁夏固原县","BEG_YR":1502,"END_YR":1911},"geometry":{"type":"Point","coordinates":[106.2781,36.0141]}},{"type":"Feature","properties":{"NAME_CH":"固原千户所","TYPE_CH":"千户所","PRES_LOC":"今宁夏固原县","BEG_YR":1452,"END_YR":1467},"geometry":{"type":"Point","coordinates":[106.2781,36.0141]}},{"type":"Feature","properties":{"NAME_CH":"金县","TYPE_CH":"县","PRES_LOC":"今甘肃榆中县","BEG_YR":1369,"END_YR":1911},"geometry":{"type":"Point","coordinates":[104.1079,35.8468]}},{"type":"Feature","properties":{"NAME_CH":"渭源县","TYPE_CH":"县","PRES_LOC":"今甘肃渭源县","BEG_YR":1276,"END_YR":1911},"geometry":{"type":"Point","coordinates":[104.2102,35.1395]}},{"type":"Feature","properties":{"NAME_CH":"漳县","TYPE_CH":"县","PRES_LOC":"今甘肃漳县","BEG_YR":1442,"END_YR":1829},"geometry":{"type":"Point","coordinates":[104.4721,34.8506]}},{"type":"Feature","properties":{"NAME_CH":"西和县","TYPE_CH":"县","PRES_LOC":"今甘肃西和县","BEG_YR":1377,"END_YR":1911},"geometry":{"type":"Point","coordinates":[105.2907,34.0119]}},{"type":"Feature","properties":{"NAME_CH":"平凉县","TYPE_CH":"县","PRES_LOC":"今甘肃平凉县","BEG_YR":1186,"END_YR":1911},"geometry":{"type":"Point","coordinates":[106.6857,35.5358]}},{"type":"Feature","properties":{"NAME_CH":"岷州","TYPE_CH":"州","PRES_LOC":"今甘肃岷县","BEG_YR":1545,"END_YR":1560},"geometry":{"type":"Point","coordinates":[104.0302,34.4365]}},{"type":"Feature","properties":{"NAME_CH":"岷州千户所","TYPE_CH":"千户所","PRES_LOC":"今甘肃岷县","BEG_YR":1371,"END_YR":1377},"geometry":{"type":"Point","coordinates":[104.0302,34.4365]}},{"type":"Feature","properties":{"NAME_CH":"河州","TYPE_CH":"州","PRES_LOC":"今甘肃临夏县","BEG_YR":1451,"END_YR":1911},"geometry":{"type":"Point","coordinates":[102.981,35.4967]}},{"type":"Feature","properties":{"NAME_CH":"狄道县","TYPE_CH":"县","PRES_LOC":"今甘肃临洮县","BEG_YR":1079,"END_YR":1738},"geometry":{"type":"Point","coordinates":[103.8579,35.3791]}},{"type":"Feature","properties":{"NAME_CH":"洮州千户所","TYPE_CH":"千户所","PRES_LOC":"今甘肃临潭县东新城乡","BEG_YR":1371,"END_YR":1378},"geometry":{"type":"Point","coordinates":[103.5472,34.669]}},{"type":"Feature","properties":{"NAME_CH":"安定州","TYPE_CH":"州","PRES_LOC":"今甘肃定西县","BEG_YR":1352,"END_YR":1377},"geometry":{"type":"Point","coordinates":[104.6203,35.5751]}},{"type":"Feature","properties":{"NAME_CH":"陇西县","TYPE_CH":"县","PRES_LOC":"今甘肃陇西县","BEG_YR":1090,"END_YR":1911},"geometry":{"type":"Point","coordinates":[104.6356,35.0071]}},{"type":"Feature","properties":{"NAME_CH":"兰县","TYPE_CH":"县","PRES_LOC":"今甘肃兰州市","BEG_YR":1369,"END_YR":1477},"geometry":{"type":"Point","coordinates":[103.8471,36.047]}},{"type":"Feature","properties":{"NAME_CH":"通渭县","TYPE_CH":"县","PRES_LOC":"今甘肃会宁县","BEG_YR":1129,"END_YR":1911},"geometry":{"type":"Point","coordinates":[105.0561,35.6942]}},{"type":"Feature","properties":{"NAME_CH":"会宁县","TYPE_CH":"县","PRES_LOC":"今甘肃会宁县","BEG_YR":1377,"END_YR":1911},"geometry":{"type":"Point","coordinates":[105.0561,35.6942]}},{"type":"Feature","properties":{"NAME_CH":"伏羌县","TYPE_CH":"县","PRES_LOC":"今甘肃甘谷县","BEG_YR":1276,"END_YR":1911},"geometry":{"type":"Point","coordinates":[105.3291,34.7394]}},{"type":"Feature","properties":{"NAME_CH":"番和县","TYPE_CH":"县","PRES_LOC":"今甘肃永昌县焦家庄乡水磨关南1公里处","BEG_YR":823,"END_YR":1368},"geometry":{"type":"Point","coordinates":[101.8415,38.2479]}},{"type":"Feature","properties":{"NAME_CH":"赤斤蒙古千户所","TYPE_CH":"千户所","PRES_LOC":"今甘肃玉门市西北赤金峡","BEG_YR":1404,"END_YR":1410},"geometry":{"type":"Point","coordinates":[97.4263,40.0173]}},{"type":"Feature","properties":{"NAME_CH":"张掖县","TYPE_CH":"县","PRES_LOC":"今张掖市西北","BEG_YR":606,"END_YR":1390},"geometry":{"type":"Point","coordinates":[100.4026,38.9634]}},{"type":"Feature","properties":{"NAME_CH":"灵州守御千户所","TYPE_CH":"千户所","PRES_LOC":"今宁夏灵武县","BEG_YR":1506,"END_YR":1724},"geometry":{"type":"Point","coordinates":[106.3281,38.0889]}},{"type":"Feature","properties":{"NAME_CH":"平罗所","TYPE_CH":"所","PRES_LOC":"今宁夏平罗县城关镇","BEG_YR":1644,"END_YR":1724},"geometry":{"type":"Point","coordinates":[106.5429,38.9064]}},{"type":"Feature","properties":{"NAME_CH":"平虏千户所","TYPE_CH":"千户所","PRES_LOC":"今宁夏平罗县城关镇","BEG_YR":1551,"END_YR":1644},"geometry":{"type":"Point","coordinates":[106.5429,38.9064]}},{"type":"Feature","properties":{"NAME_CH":"花马池守御千户所","TYPE_CH":"千户所","PRES_LOC":"今宁夏盐池县","BEG_YR":1479,"END_YR":1506},"geometry":{"type":"Point","coordinates":[107.4037,37.7813]}},{"type":"Feature","properties":{"NAME_CH":"兴武守御千户所","TYPE_CH":"千户所","PRES_LOC":"今宁夏银川市东南","BEG_YR":1506,"END_YR":1658},"geometry":{"type":"Point","coordinates":[106.3373,38.4188]}},{"type":"Feature","properties":{"NAME_CH":"灵州千户所","TYPE_CH":"千户所","PRES_LOC":"今宁夏中卫县、中宁县以北地区","BEG_YR":1428,"END_YR":1500},"geometry":{"type":"Point","coordinates":[105.4712,37.5876]}},{"type":"Feature","properties":{"NAME_CH":"归德所","TYPE_CH":"所","PRES_LOC":"今青海省贵德县","BEG_YR":1375,"END_YR":1791},"geometry":{"type":"Point","coordinates":[101.4482,36.0533]}},{"type":"Feature","properties":{"NAME_CH":"西宁卫右千户所","TYPE_CH":"千户所","PRES_LOC":"今青海乐都县碾伯镇","BEG_YR":1450,"END_YR":1476},"geometry":{"type":"Point","coordinates":[102.3944,36.4872]}},{"type":"Feature","properties":{"NAME_CH":"碾伯守御千户所","TYPE_CH":"千户所","PRES_LOC":"今青海乐都县碾伯镇","BEG_YR":1476,"END_YR":1724},"geometry":{"type":"Point","coordinates":[102.3944,36.4872]}},{"type":"Feature","properties":{"NAME_CH":"晋寿县","TYPE_CH":"县","PRES_LOC":"今四川广元市元坝区","BEG_YR":347,"END_YR":0},"geometry":{"type":"Point","coordinates":[105.9674,32.3297]}},{"type":"Feature","properties":{"NAME_CH":"紫阳","TYPE_CH":"县","PRES_LOC":"今陕西紫阳县紫阳滩之左","BEG_YR":1512,"END_YR":1555},"geometry":{"type":"Point","coordinates":[108.5009,32.5277]}},{"type":"Feature","properties":{"NAME_CH":"紫阳县","TYPE_CH":"县","PRES_LOC":"今陕西紫阳县","BEG_YR":1556,"END_YR":1911},"geometry":{"type":"Point","coordinates":[108.5382,32.5373]}},{"type":"Feature","properties":{"NAME_CH":"盩厔县","TYPE_CH":"县","PRES_LOC":"今周至县","BEG_YR":757,"END_YR":1911},"geometry":{"type":"Point","coordinates":[108.212,34.1711]}},{"type":"Feature","properties":{"NAME_CH":"镇安县","TYPE_CH":"县","PRES_LOC":"今陕西镇安县","BEG_YR":1463,"END_YR":1911},"geometry":{"type":"Point","coordinates":[109.1533,33.4318]}},{"type":"Feature","properties":{"NAME_CH":"洋县","TYPE_CH":"县","PRES_LOC":"今陕西洋县","BEG_YR":1378,"END_YR":1911},"geometry":{"type":"Point","coordinates":[107.5417,33.2211]}},{"type":"Feature","properties":{"NAME_CH":"洵阳县","TYPE_CH":"县","PRES_LOC":"今陕西旬阳县","BEG_YR":1476,"END_YR":1911},"geometry":{"type":"Point","coordinates":[109.3724,32.8311]}},{"type":"Feature","properties":{"NAME_CH":"兴平县","TYPE_CH":"县","PRES_LOC":"今兴平县","BEG_YR":757,"END_YR":1911},"geometry":{"type":"Point","coordinates":[108.4826,34.2987]}},{"type":"Feature","properties":{"NAME_CH":"西乡县","TYPE_CH":"县","PRES_LOC":"今陕西西乡县","BEG_YR":1378,"END_YR":1801},"geometry":{"type":"Point","coordinates":[107.7604,32.9903]}},{"type":"Feature","properties":{"NAME_CH":"长安县","TYPE_CH":"县","PRES_LOC":"今西安市西市","BEG_YR":703,"END_YR":1911},"geometry":{"type":"Point","coordinates":[108.907,34.2464]}},{"type":"Feature","properties":{"NAME_CH":"樊川县","TYPE_CH":"县","PRES_LOC":"今西安市西北十二里未央、草滩二区","BEG_YR":1125,"END_YR":0},"geometry":{"type":"Point","coordinates":[108.9372,34.318]}},{"type":"Feature","properties":{"NAME_CH":"临潼县","TYPE_CH":"县","PRES_LOC":"今西安市临潼区","BEG_YR":1015,"END_YR":0},"geometry":{"type":"Point","coordinates":[109.2127,34.3684]}},{"type":"Feature","properties":{"NAME_CH":"渭南县","TYPE_CH":"县","PRES_LOC":"今渭南市","BEG_YR":553,"END_YR":1911},"geometry":{"type":"Point","coordinates":[109.5012,34.503]}},{"type":"Feature","properties":{"NAME_CH":"直城县","TYPE_CH":"县","PRES_LOC":"今陕西石泉县南池河入汉水河口东南","BEG_YR":493,"END_YR":0},"geometry":{"type":"Point","coordinates":[108.3498,32.9416]}},{"type":"Feature","properties":{"NAME_CH":"商县","TYPE_CH":"县","PRES_LOC":"今陕西商县","BEG_YR":1374,"END_YR":1476},"geometry":{"type":"Point","coordinates":[109.9325,33.8699]}},{"type":"Feature","properties":{"NAME_CH":"商州","TYPE_CH":"州","PRES_LOC":"今陕西商县","BEG_YR":1477,"END_YR":1724},"geometry":{"type":"Point","coordinates":[109.9325,33.8699]}},{"type":"Feature","properties":{"NAME_CH":"商南县","TYPE_CH":"县","PRES_LOC":"今陕西商南县","BEG_YR":1477,"END_YR":1911},"geometry":{"type":"Point","coordinates":[110.8707,33.5309]}},{"type":"Feature","properties":{"NAME_CH":"三原县","TYPE_CH":"县","PRES_LOC":"今三原县治","BEG_YR":1287,"END_YR":1911},"geometry":{"type":"Point","coordinates":[108.9263,34.6197]}},{"type":"Feature","properties":{"NAME_CH":"上宜县","TYPE_CH":"县","PRES_LOC":"今陕西乾县东好畤村","BEG_YR":597,"END_YR":0},"geometry":{"type":"Point","coordinates":[108.2441,34.5297]}},{"type":"Feature","properties":{"NAME_CH":"汧阳县","TYPE_CH":"县","PRES_LOC":"今陕西千阳县","BEG_YR":561,"END_YR":1547},"geometry":{"type":"Point","coordinates":[107.1339,34.6449]}},{"type":"Feature","properties":{"NAME_CH":"郿县","TYPE_CH":"县","PRES_LOC":"今陕西眉县","BEG_YR":1264,"END_YR":1911},"geometry":{"type":"Point","coordinates":[107.7548,34.2736]}},{"type":"Feature","properties":{"NAME_CH":"岐山县","TYPE_CH":"县","PRES_LOC":"今陕西岐山","BEG_YR":654,"END_YR":1911},"geometry":{"type":"Point","coordinates":[107.6271,34.4396]}},{"type":"Feature","properties":{"NAME_CH":"平利县","TYPE_CH":"县","PRES_LOC":"今陕西平利县西北老县","BEG_YR":1378,"END_YR":1802},"geometry":{"type":"Point","coordinates":[109.1989,32.5711]}},{"type":"Feature","properties":{"NAME_CH":"大安县","TYPE_CH":"县","PRES_LOC":"今陕西宁强县西北阳平关","BEG_YR":1283,"END_YR":1369},"geometry":{"type":"Point","coordinates":[106.0538,32.9518]}},{"type":"Feature","properties":{"NAME_CH":"沔县","TYPE_CH":"县","PRES_LOC":"今勉县西老城（武侯镇）","BEG_YR":1378,"END_YR":1911},"geometry":{"type":"Point","coordinates":[106.6217,33.151]}},{"type":"Feature","properties":{"NAME_CH":"褒城县","TYPE_CH":"县","PRES_LOC":"今陕西勉县东北褒城村","BEG_YR":1378,"END_YR":1911},"geometry":{"type":"Point","coordinates":[106.9386,33.1894]}},{"type":"Feature","properties":{"NAME_CH":"武亭","TYPE_CH":"县","PRES_LOC":"今陕西眉县东四十里渭水南岸故城","BEG_YR":1189,"END_YR":0},"geometry":{"type":"Point","coordinates":[107.9659,34.2278]}},{"type":"Feature","properties":{"NAME_CH":"武功","TYPE_CH":"县","PRES_LOC":"今陕西眉县东四十里渭水南岸故城","BEG_YR":0,"END_YR":0},"geometry":{"type":"Point","coordinates":[107.9659,34.2278]}},{"type":"Feature","properties":{"NAME_CH":"洛南县","TYPE_CH":"县","PRES_LOC":"今陕西洛南县","BEG_YR":657,"END_YR":1620},"geometry":{"type":"Point","coordinates":[110.135,34.0958]}},{"type":"Feature","properties":{"NAME_CH":"雒南县","TYPE_CH":"县","PRES_LOC":"今陕西洛南县","BEG_YR":1621,"END_YR":1911},"geometry":{"type":"Point","coordinates":[110.135,34.0958]}},{"type":"Feature","properties":{"NAME_CH":"麟游县","TYPE_CH":"县","PRES_LOC":"今陕西麟游县西北万家城","BEG_YR":632,"END_YR":0},"geometry":{"type":"Point","coordinates":[107.3865,34.7828]}},{"type":"Feature","properties":{"NAME_CH":"广阳县","TYPE_CH":"县","PRES_LOC":"今临潼县栎阳镇东北左城北","BEG_YR":558,"END_YR":0},"geometry":{"type":"Point","coordinates":[109.2741,34.6202]}},{"type":"Feature","properties":{"NAME_CH":"阴盘县","TYPE_CH":"县","PRES_LOC":"今临潼县东北十二里古阴盤城","BEG_YR":188,"END_YR":0},"geometry":{"type":"Point","coordinates":[109.2577,34.399]}},{"type":"Feature","properties":{"NAME_CH":"醴泉县","TYPE_CH":"县","PRES_LOC":"今陕西礼泉县","BEG_YR":636,"END_YR":1911},"geometry":{"type":"Point","coordinates":[108.4166,34.49]}},{"type":"Feature","properties":{"NAME_CH":"白鹿县","TYPE_CH":"县","PRES_LOC":"今蓝田县西十五里白鹿城","BEG_YR":619,"END_YR":0},"geometry":{"type":"Point","coordinates":[109.24,34.1566]}},{"type":"Feature","properties":{"NAME_CH":"蓝田县","TYPE_CH":"县","PRES_LOC":"今蓝田县","BEG_YR":627,"END_YR":1911},"geometry":{"type":"Point","coordinates":[109.3216,34.1537]}},{"type":"Feature","properties":{"NAME_CH":"泾阳县","TYPE_CH":"县","PRES_LOC":"今泾阳县","BEG_YR":619,"END_YR":1911},"geometry":{"type":"Point","coordinates":[108.8376,34.5333]}},{"type":"Feature","properties":{"NAME_CH":"鄠县","TYPE_CH":"县","PRES_LOC":"今陕西户县","BEG_YR":-201,"END_YR":1911},"geometry":{"type":"Point","coordinates":[108.6039,34.1118]}},{"type":"Feature","properties":{"NAME_CH":"南郑县","TYPE_CH":"县","PRES_LOC":"今陕西汉中市","BEG_YR":1219,"END_YR":1911},"geometry":{"type":"Point","coordinates":[107.0352,33.0765]}},{"type":"Feature","properties":{"NAME_CH":"汉阴县","TYPE_CH":"县","PRES_LOC":"今陕西汉阴县","BEG_YR":1378,"END_YR":1781},"geometry":{"type":"Point","coordinates":[108.5154,32.8952]}},{"type":"Feature","properties":{"NAME_CH":"高陵县","TYPE_CH":"县","PRES_LOC":"今高陵县治","BEG_YR":627,"END_YR":1911},"geometry":{"type":"Point","coordinates":[109.0805,34.5333]}},{"type":"Feature","properties":{"NAME_CH":"富平县","TYPE_CH":"县","PRES_LOC":"今富平县","BEG_YR":583,"END_YR":1911},"geometry":{"type":"Point","coordinates":[109.1616,34.7544]}},{"type":"Feature","properties":{"NAME_CH":"凤翔县","TYPE_CH":"县","PRES_LOC":"今陕西凤翔县","BEG_YR":1179,"END_YR":1911},"geometry":{"type":"Point","coordinates":[107.3859,34.5225]}},{"type":"Feature","properties":{"NAME_CH":"城固县","TYPE_CH":"县","PRES_LOC":"今陕西城固县","BEG_YR":629,"END_YR":0},"geometry":{"type":"Point","coordinates":[107.3279,33.1571]}},{"type":"Feature","properties":{"NAME_CH":"宝鸡县","TYPE_CH":"县","PRES_LOC":"今陕西宝鸡市","BEG_YR":757,"END_YR":1911},"geometry":{"type":"Point","coordinates":[107.1404,34.3819]}},{"type":"Feature","properties":{"NAME_CH":"白河","TYPE_CH":"县","PRES_LOC":"今陕西白河县","BEG_YR":1476,"END_YR":1911},"geometry":{"type":"Point","coordinates":[110.1067,32.8146]}},{"type":"Feature","properties":{"NAME_CH":"徽县","TYPE_CH":"县","PRES_LOC":"今甘肃徽县","BEG_YR":1377,"END_YR":1381},"geometry":{"type":"Point","coordinates":[106.0867,33.7776]}},{"type":"Feature","properties":{"NAME_CH":"宁羌州","TYPE_CH":"州","PRES_LOC":"今陕西宁强县","BEG_YR":1485,"END_YR":1911},"geometry":{"type":"Point","coordinates":[106.2543,32.8196]}},{"type":"Feature","properties":{"NAME_CH":"略阳县","TYPE_CH":"县","PRES_LOC":"今陕西略阳县治","BEG_YR":1378,"END_YR":1911},"geometry":{"type":"Point","coordinates":[106.1613,33.3324]}},{"type":"Feature","properties":{"NAME_CH":"凤县","TYPE_CH":"县","PRES_LOC":"今陕西凤县东北凤州","BEG_YR":1374,"END_YR":1911},"geometry":{"type":"Point","coordinates":[106.6229,33.9452]}},{"type":"Feature","properties":{"NAME_CH":"临漳县","TYPE_CH":"县","PRES_LOC":"今河北临漳","BEG_YR":1385,"END_YR":1911},"geometry":{"type":"Point","coordinates":[114.6071,36.3413]}},{"type":"Feature","properties":{"NAME_CH":"武安县","TYPE_CH":"县","PRES_LOC":"今河北武安","BEG_YR":1386,"END_YR":1911},"geometry":{"type":"Point","coordinates":[114.1919,36.6976]}},{"type":"Feature","properties":{"NAME_CH":"安阳县","TYPE_CH":"县","PRES_LOC":"今河南安阳","BEG_YR":1368,"END_YR":1911},"geometry":{"type":"Point","coordinates":[114.3455,36.0983]}},{"type":"Feature","properties":{"NAME_CH":"宝丰县","TYPE_CH":"县","PRES_LOC":"今河南宝丰","BEG_YR":1475,"END_YR":1911},"geometry":{"type":"Point","coordinates":[113.0612,33.8711]}},{"type":"Feature","properties":{"NAME_CH":"长葛县","TYPE_CH":"县","PRES_LOC":"今河南长葛东偏北老城镇","BEG_YR":586,"END_YR":1911},"geometry":{"type":"Point","coordinates":[113.8505,34.2299]}},{"type":"Feature","properties":{"NAME_CH":"登封县","TYPE_CH":"县","PRES_LOC":"今河南登封","BEG_YR":706,"END_YR":1911},"geometry":{"type":"Point","coordinates":[113.0246,34.4558]}},{"type":"Feature","properties":{"NAME_CH":"穰县","TYPE_CH":"县","PRES_LOC":"今河南邓州市","BEG_YR":23,"END_YR":1368},"geometry":{"type":"Point","coordinates":[112.081,32.6848]}},{"type":"Feature","properties":{"NAME_CH":"封丘县","TYPE_CH":"县","PRES_LOC":"今河南封丘县","BEG_YR":1213,"END_YR":1911},"geometry":{"type":"Point","coordinates":[114.4088,35.0397]}},{"type":"Feature","properties":{"NAME_CH":"扶沟县","TYPE_CH":"县","PRES_LOC":"今河南扶沟县","BEG_YR":556,"END_YR":1911},"geometry":{"type":"Point","coordinates":[114.3813,34.0601]}},{"type":"Feature","properties":{"NAME_CH":"巩县","TYPE_CH":"县","PRES_LOC":"今河南巩县东北老城","BEG_YR":606,"END_YR":1911},"geometry":{"type":"Point","coordinates":[113.051,34.7851]}},{"type":"Feature","properties":{"NAME_CH":"固始县","TYPE_CH":"县","PRES_LOC":"今河南固始","BEG_YR":556,"END_YR":1911},"geometry":{"type":"Point","coordinates":[115.6711,32.1835]}},{"type":"Feature","properties":{"NAME_CH":"光山县","TYPE_CH":"县","PRES_LOC":"今河南光山","BEG_YR":1161,"END_YR":1911},"geometry":{"type":"Point","coordinates":[114.8988,32.0097]}},{"type":"Feature","properties":{"NAME_CH":"白马县","TYPE_CH":"县","PRES_LOC":"今河南滑县东南城关镇","BEG_YR":589,"END_YR":1368},"geometry":{"type":"Point","coordinates":[114.5435,35.5645]}},{"type":"Feature","properties":{"NAME_CH":"滑县","TYPE_CH":"县","PRES_LOC":"今河南滑县东南城关镇","BEG_YR":1374,"END_YR":1911},"geometry":{"type":"Point","coordinates":[114.5435,35.5645]}},{"type":"Feature","properties":{"NAME_CH":"光州","TYPE_CH":"州","PRES_LOC":"今河南潢川","BEG_YR":1368,"END_YR":1911},"geometry":{"type":"Point","coordinates":[115.0446,32.1303]}},{"type":"Feature","properties":{"NAME_CH":"辉县","TYPE_CH":"县","PRES_LOC":"今河南辉县市","BEG_YR":1368,"END_YR":1911},"geometry":{"type":"Point","coordinates":[113.7941,35.4587]}},{"type":"Feature","properties":{"NAME_CH":"获嘉县","TYPE_CH":"县","PRES_LOC":"今河南获嘉","BEG_YR":1380,"END_YR":1911},"geometry":{"type":"Point","coordinates":[113.6602,35.2681]}},{"type":"Feature","properties":{"NAME_CH":"郏县","TYPE_CH":"县","PRES_LOC":"今河南郏县","BEG_YR":1034,"END_YR":1911},"geometry":{"type":"Point","coordinates":[113.2034,33.9721]}},{"type":"Feature","properties":{"NAME_CH":"浚州","TYPE_CH":"州","PRES_LOC":"今河南浚县","BEG_YR":1220,"END_YR":1368},"geometry":{"type":"Point","coordinates":[114.5443,35.6684]}},{"type":"Feature","properties":{"NAME_CH":"浚县","TYPE_CH":"县","PRES_LOC":"今河南浚县","BEG_YR":1369,"END_YR":1911},"geometry":{"type":"Point","coordinates":[114.5443,35.6684]}},{"type":"Feature","properties":{"NAME_CH":"林州","TYPE_CH":"州","PRES_LOC":"今河南林县","BEG_YR":1368,"END_YR":1368},"geometry":{"type":"Point","coordinates":[113.8128,36.0688]}},{"type":"Feature","properties":{"NAME_CH":"林县","TYPE_CH":"县","PRES_LOC":"今河南林县","BEG_YR":1369,"END_YR":1911},"geometry":{"type":"Point","coordinates":[113.8128,36.0688]}},{"type":"Feature","properties":{"NAME_CH":"临颍县","TYPE_CH":"县","PRES_LOC":"今河南临颍","BEG_YR":608,"END_YR":1911},"geometry":{"type":"Point","coordinates":[113.9606,33.8086]}},{"type":"Feature","properties":{"NAME_CH":"灵宝县","TYPE_CH":"县","PRES_LOC":"今河南灵宝东北老城","BEG_YR":1271,"END_YR":1911},"geometry":{"type":"Point","coordinates":[110.9415,34.6846]}},{"type":"Feature","properties":{"NAME_CH":"阌乡县","TYPE_CH":"县","PRES_LOC":"今河南灵宝西阌乡","BEG_YR":1368,"END_YR":1911},"geometry":{"type":"Point","coordinates":[110.7321,34.5914]}},{"type":"Feature","properties":{"NAME_CH":"鲁山县","TYPE_CH":"县","PRES_LOC":"今河南鲁山","BEG_YR":621,"END_YR":1911},"geometry":{"type":"Point","coordinates":[112.9019,33.7371]}},{"type":"Feature","properties":{"NAME_CH":"鹿邑县","TYPE_CH":"县","PRES_LOC":"今河南鹿邑","BEG_YR":1271,"END_YR":1911},"geometry":{"type":"Point","coordinates":[115.4814,33.8608]}},{"type":"Feature","properties":{"NAME_CH":"洛阳县","TYPE_CH":"县","PRES_LOC":"今河南洛阳市","BEG_YR":1087,"END_YR":1911},"geometry":{"type":"Point","coordinates":[112.3826,34.6653]}},{"type":"Feature","properties":{"NAME_CH":"孟津县","TYPE_CH":"县","PRES_LOC":"今河南孟津老城乡小集村东","BEG_YR":1215,"END_YR":1534},"geometry":{"type":"Point","coordinates":[112.7071,34.8117]}},{"type":"Feature","properties":{"NAME_CH":"孟县","TYPE_CH":"县","PRES_LOC":"今河南孟县","BEG_YR":1377,"END_YR":1911},"geometry":{"type":"Point","coordinates":[112.7828,34.9032]}},{"type":"Feature","properties":{"NAME_CH":"河阳县","TYPE_CH":"县","PRES_LOC":"今河南孟县","BEG_YR":1258,"END_YR":1368},"geometry":{"type":"Point","coordinates":[112.7828,34.9032]}},{"type":"Feature","properties":{"NAME_CH":"泌阳县","TYPE_CH":"县","PRES_LOC":"今河南泌阳","BEG_YR":1381,"END_YR":1911},"geometry":{"type":"Point","coordinates":[113.3192,32.7232]}},{"type":"Feature","properties":{"NAME_CH":"考城县","TYPE_CH":"县","PRES_LOC":"今河南民权东北北关镇","BEG_YR":1448,"END_YR":1777},"geometry":{"type":"Point","coordinates":[115.2829,34.7956]}},{"type":"Feature","properties":{"NAME_CH":"内黄县","TYPE_CH":"县","PRES_LOC":"今河南内黄","BEG_YR":1189,"END_YR":1911},"geometry":{"type":"Point","coordinates":[114.8974,35.9539]}},{"type":"Feature","properties":{"NAME_CH":"内乡县","TYPE_CH":"县","PRES_LOC":"今河南内乡","BEG_YR":1233,"END_YR":1911},"geometry":{"type":"Point","coordinates":[111.8386,33.0502]}},{"type":"Feature","properties":{"NAME_CH":"南阳县","TYPE_CH":"县","PRES_LOC":"今河南南阳市","BEG_YR":705,"END_YR":1911},"geometry":{"type":"Point","coordinates":[112.5355,33.0017]}},{"type":"Feature","properties":{"NAME_CH":"南召县","TYPE_CH":"县","PRES_LOC":"今河南南召东云阳镇","BEG_YR":1476,"END_YR":1658},"geometry":{"type":"Point","coordinates":[112.7127,33.4453]}},{"type":"Feature","properties":{"NAME_CH":"宁陵县","TYPE_CH":"县","PRES_LOC":"今河南宁陵","BEG_YR":586,"END_YR":1911},"geometry":{"type":"Point","coordinates":[115.3154,34.446]}},{"type":"Feature","properties":{"NAME_CH":"河内县","TYPE_CH":"县","PRES_LOC":"今河南沁阳市","BEG_YR":596,"END_YR":1911},"geometry":{"type":"Point","coordinates":[112.937,35.0893]}},{"type":"Feature","properties":{"NAME_CH":"陕州","TYPE_CH":"州","PRES_LOC":"今河南三门峡市崖底乡西北陕县老城","BEG_YR":1368,"END_YR":1911},"geometry":{"type":"Point","coordinates":[111.1514,34.7918]}},{"type":"Feature","properties":{"NAME_CH":"商城县","TYPE_CH":"县","PRES_LOC":"今河南商城","BEG_YR":1475,"END_YR":1911},"geometry":{"type":"Point","coordinates":[115.4071,31.8035]}},{"type":"Feature","properties":{"NAME_CH":"商丘县","TYPE_CH":"县","PRES_LOC":"今河南商丘","BEG_YR":1545,"END_YR":1911},"geometry":{"type":"Point","coordinates":[115.6461,34.4477]}},{"type":"Feature","properties":{"NAME_CH":"商水县","TYPE_CH":"县","PRES_LOC":"今河南商水","BEG_YR":1371,"END_YR":1911},"geometry":{"type":"Point","coordinates":[114.5957,33.5379]}},{"type":"Feature","properties":{"NAME_CH":"项城县","TYPE_CH":"县","PRES_LOC":"今河南项城县老城（秣陵镇）","BEG_YR":1428,"END_YR":1911},"geometry":{"type":"Point","coordinates":[114.8329,33.2093]}},{"type":"Feature","properties":{"NAME_CH":"沈丘县","TYPE_CH":"县","PRES_LOC":"今河南沈丘县（槐店回族镇）南老城镇","BEG_YR":1497,"END_YR":1911},"geometry":{"type":"Point","coordinates":[115.1423,33.1789]}},{"type":"Feature","properties":{"NAME_CH":"渑池县","TYPE_CH":"县","PRES_LOC":"今河南渑池","BEG_YR":1271,"END_YR":1911},"geometry":{"type":"Point","coordinates":[111.7663,34.7652]}},{"type":"Feature","properties":{"NAME_CH":"嵩县","TYPE_CH":"县","PRES_LOC":"今河南嵩县","BEG_YR":1369,"END_YR":1911},"geometry":{"type":"Point","coordinates":[112.0875,34.1472]}},{"type":"Feature","properties":{"NAME_CH":"睢州","TYPE_CH":"州","PRES_LOC":"今河南睢县","BEG_YR":1380,"END_YR":1911},"geometry":{"type":"Point","coordinates":[115.066,34.4305]}},{"type":"Feature","properties":{"NAME_CH":"睢县","TYPE_CH":"县","PRES_LOC":"今河南睢县","BEG_YR":1377,"END_YR":1379},"geometry":{"type":"Point","coordinates":[115.066,34.4305]}},{"type":"Feature","properties":{"NAME_CH":"太康县","TYPE_CH":"县","PRES_LOC":"今河南太康县","BEG_YR":1233,"END_YR":1911},"geometry":{"type":"Point","coordinates":[114.8564,34.0639]}},{"type":"Feature","properties":{"NAME_CH":"汤阴县","TYPE_CH":"县","PRES_LOC":"今河南汤阴","BEG_YR":1368,"END_YR":1911},"geometry":{"type":"Point","coordinates":[114.3527,35.9255]}},{"type":"Feature","properties":{"NAME_CH":"桐柏县","TYPE_CH":"县","PRES_LOC":"今河南桐柏","BEG_YR":1476,"END_YR":1911},"geometry":{"type":"Point","coordinates":[113.393,32.3707]}},{"type":"Feature","properties":{"NAME_CH":"汲县","TYPE_CH":"县","PRES_LOC":"今河南卫辉市","BEG_YR":586,"END_YR":1911},"geometry":{"type":"Point","coordinates":[114.0703,35.4104]}},{"type":"Feature","properties":{"NAME_CH":"温县","TYPE_CH":"县","PRES_LOC":"今河南温县","BEG_YR":583,"END_YR":1911},"geometry":{"type":"Point","coordinates":[113.0755,34.9381]}},{"type":"Feature","properties":{"NAME_CH":"舞阳县","TYPE_CH":"县","PRES_LOC":"今河南舞阳","BEG_YR":1304,"END_YR":1911},"geometry":{"type":"Point","coordinates":[113.5869,33.4326]}},{"type":"Feature","properties":{"NAME_CH":"西华县","TYPE_CH":"县","PRES_LOC":"今河南西华","BEG_YR":710,"END_YR":1911},"geometry":{"type":"Point","coordinates":[114.5244,33.7931]}},{"type":"Feature","properties":{"NAME_CH":"息县","TYPE_CH":"县","PRES_LOC":"今河南息县","BEG_YR":1371,"END_YR":1911},"geometry":{"type":"Point","coordinates":[114.7291,32.3424]}},{"type":"Feature","properties":{"NAME_CH":"淅川县","TYPE_CH":"县","PRES_LOC":"今河南淅川（上集）西南老城南3公里（已没?","BEG_YR":1470,"END_YR":1831},"geometry":{"type":"Point","coordinates":[111.3805,32.9823]}},{"type":"Feature","properties":{"NAME_CH":"夏邑县","TYPE_CH":"县","PRES_LOC":"今河南夏邑","BEG_YR":1368,"END_YR":1911},"geometry":{"type":"Point","coordinates":[116.1214,34.238]}},{"type":"Feature","properties":{"NAME_CH":"襄城县","TYPE_CH":"县","PRES_LOC":"今河南襄城","BEG_YR":23,"END_YR":1911},"geometry":{"type":"Point","coordinates":[113.4724,33.8537]}},{"type":"Feature","properties":{"NAME_CH":"新野县","TYPE_CH":"县","PRES_LOC":"今河南新野","BEG_YR":1265,"END_YR":1911},"geometry":{"type":"Point","coordinates":[112.3584,32.5249]}},{"type":"Feature","properties":{"NAME_CH":"新郑县","TYPE_CH":"县","PRES_LOC":"今河南新郑","BEG_YR":596,"END_YR":1911},"geometry":{"type":"Point","coordinates":[113.7191,34.3973]}},{"type":"Feature","properties":{"NAME_CH":"修武县","TYPE_CH":"县","PRES_LOC":"今河南修武","BEG_YR":1086,"END_YR":1911},"geometry":{"type":"Point","coordinates":[113.4348,35.2312]}},{"type":"Feature","properties":{"NAME_CH":"延津县","TYPE_CH":"县","PRES_LOC":"今河南延津","BEG_YR":1301,"END_YR":1911},"geometry":{"type":"Point","coordinates":[114.1947,35.1428]}},{"type":"Feature","properties":{"NAME_CH":"胙城县","TYPE_CH":"县","PRES_LOC":"今河南延津北胙城","BEG_YR":1380,"END_YR":1726},"geometry":{"type":"Point","coordinates":[114.2219,35.3147]}},{"type":"Feature","properties":{"NAME_CH":"偃师县","TYPE_CH":"县","PRES_LOC":"今河南偃师（槐庙镇）东老城","BEG_YR":1075,"END_YR":1911},"geometry":{"type":"Point","coordinates":[112.805,34.7206]}},{"type":"Feature","properties":{"NAME_CH":"郾城县","TYPE_CH":"县","PRES_LOC":"今河南郾城","BEG_YR":723,"END_YR":1911},"geometry":{"type":"Point","coordinates":[113.9904,33.5963]}},{"type":"Feature","properties":{"NAME_CH":"叶县","TYPE_CH":"县","PRES_LOC":"今河南叶县","BEG_YR":1136,"END_YR":1911},"geometry":{"type":"Point","coordinates":[113.3455,33.6233]}},{"type":"Feature","properties":{"NAME_CH":"宜阳县","TYPE_CH":"县","PRES_LOC":"今河南宜阳","BEG_YR":1186,"END_YR":1911},"geometry":{"type":"Point","coordinates":[112.1652,34.5127]}},{"type":"Feature","properties":{"NAME_CH":"河阴县","TYPE_CH":"县","PRES_LOC":"今河南荥阳东北广武镇","BEG_YR":1370,"END_YR":1763},"geometry":{"type":"Point","coordinates":[113.4274,34.8938]}},{"type":"Feature","properties":{"NAME_CH":"汜水县","TYPE_CH":"县","PRES_LOC":"今河南荥阳西北汜水","BEG_YR":1373,"END_YR":1642},"geometry":{"type":"Point","coordinates":[113.2139,34.8486]}},{"type":"Feature","properties":{"NAME_CH":"虞城县","TYPE_CH":"县","PRES_LOC":"今河南虞城北利民镇","BEG_YR":1266,"END_YR":1911},"geometry":{"type":"Point","coordinates":[115.9046,34.5193]}},{"type":"Feature","properties":{"NAME_CH":"阳翟县","TYPE_CH":"县","PRES_LOC":"今河南禹州市","BEG_YR":23,"END_YR":1637},"geometry":{"type":"Point","coordinates":[113.4671,34.1625]}},{"type":"Feature","properties":{"NAME_CH":"阳武县","TYPE_CH":"县","PRES_LOC":"今河南原阳","BEG_YR":621,"END_YR":1911},"geometry":{"type":"Point","coordinates":[113.963,35.0519]}},{"type":"Feature","properties":{"NAME_CH":"原武县","TYPE_CH":"县","PRES_LOC":"今河南原阳西南原武镇","BEG_YR":1086,"END_YR":1911},"geometry":{"type":"Point","coordinates":[113.7894,34.9945]}},{"type":"Feature","properties":{"NAME_CH":"柘城县","TYPE_CH":"县","PRES_LOC":"今河南柘城","BEG_YR":1380,"END_YR":1911},"geometry":{"type":"Point","coordinates":[115.2965,34.0766]}},{"type":"Feature","properties":{"NAME_CH":"荥泽县","TYPE_CH":"县","PRES_LOC":"今河南郑州市西北古荥镇南","BEG_YR":1479,"END_YR":1698},"geometry":{"type":"Point","coordinates":[113.5349,34.8536]}},{"type":"Feature","properties":{"NAME_CH":"罗山县","TYPE_CH":"县","PRES_LOC":"今河南罗山县","BEG_YR":1368,"END_YR":1911},"geometry":{"type":"Point","coordinates":[114.5222,32.2024]}},{"type":"Feature","properties":{"NAME_CH":"确山县","TYPE_CH":"县","PRES_LOC":"今河南确山县","BEG_YR":1380,"END_YR":1911},"geometry":{"type":"Point","coordinates":[114.0199,32.8077]}},{"type":"Feature","properties":{"NAME_CH":"汝阳县","TYPE_CH":"县","PRES_LOC":"今河南汝南县","BEG_YR":1371,"END_YR":1911},"geometry":{"type":"Point","coordinates":[114.346,33.0075]}},{"type":"Feature","properties":{"NAME_CH":"上蔡县","TYPE_CH":"县","PRES_LOC":"今河南上蔡县","BEG_YR":1371,"END_YR":1911},"geometry":{"type":"Point","coordinates":[114.2594,33.2672]}},{"type":"Feature","properties":{"NAME_CH":"遂平县","TYPE_CH":"县","PRES_LOC":"今河南遂平县","BEG_YR":1304,"END_YR":1911},"geometry":{"type":"Point","coordinates":[113.9891,33.1478]}},{"type":"Feature","properties":{"NAME_CH":"西平县","TYPE_CH":"县","PRES_LOC":"今河南西平县西","BEG_YR":691,"END_YR":1911},"geometry":{"type":"Point","coordinates":[113.9569,33.3841]}},{"type":"Feature","properties":{"NAME_CH":"新蔡县","TYPE_CH":"县","PRES_LOC":"今河南新蔡县","BEG_YR":1371,"END_YR":1911},"geometry":{"type":"Point","coordinates":[114.9739,32.7513]}},{"type":"Feature","properties":{"NAME_CH":"信阳州","TYPE_CH":"州","PRES_LOC":"今河南信阳市","BEG_YR":1475,"END_YR":1911},"geometry":{"type":"Point","coordinates":[114.0692,32.1311]}},{"type":"Feature","properties":{"NAME_CH":"信阳县","TYPE_CH":"县","PRES_LOC":"今河南信阳市","BEG_YR":1377,"END_YR":1475},"geometry":{"type":"Point","coordinates":[114.0692,32.1311]}},{"type":"Feature","properties":{"NAME_CH":"真阳县","TYPE_CH":"县","PRES_LOC":"今河南正阳县城","BEG_YR":1505,"END_YR":1723},"geometry":{"type":"Point","coordinates":[114.3812,32.6091]}},{"type":"Feature","properties":{"NAME_CH":"卢氏县","TYPE_CH":"县","PRES_LOC":"今河南卢氏","BEG_YR":23,"END_YR":1911},"geometry":{"type":"Point","coordinates":[111.0409,34.0526]}}]}