{"type": "FeatureCollection", "features": [{"type": "Feature", "properties": {"SYS_ID": "25020", "NAME_PY": "Xizang", "NAME_CH": "西藏", "NAME_FT": "西藏", "AREA": 1438410.0, "X_COORD": 86.82618, "Y_COORD": 31.41201}, "geometry": {"type": "Polygon", "coordinates": [[[98.59656, 28.68745], [98.62163, 28.50517], [98.68175, 28.47415], [98.7531, 28.33836], [98.71342, 28.3057], [98.70772, 28.23095], [98.62427, 28.16295], [98.54943, 28.18171], [98.39997, 28.10895], [98.37373, 28.25519], [98.29145, 28.39694], [98.20338, 28.35533], [98.26613, 28.24567], [98.17092, 28.21312], [98.17528, 28.17136], [98.13738, 28.14765], [98.07434, 28.20641], [98.02965, 28.1906], [98.01663, 28.26322], [97.94312, 28.27977], [97.9086, 28.34569], [97.79952, 28.31825], [97.74943, 28.37677], [97.72611, 28.47633], [97.66061, 28.53792], [97.59938, 28.51788], [97.57631, 28.54712], [97.50679, 28.48778], [97.52034, 28.43627], [97.48541, 28.38851], [97.51001, 28.33111], [97.47127, 28.31271], [97.47774, 28.28445], [97.41524, 28.29823], [97.40894, 28.25162], [97.34467, 28.2377], [97.34378, 28.11746], [97.30481, 28.07276], [97.37685, 28.06592], [97.41085, 28.01823], [97.37719, 27.96858], [97.38564, 27.88384], [97.27477, 27.90482], [97.1035, 27.77864], [97.09651, 27.74448], [97.05775, 27.74451], [97.04381, 27.82283], [96.99978, 27.81198], [96.96873, 27.86186], [96.67444, 27.95797], [96.61953, 28.0318], [96.5132, 28.07206], [96.42992, 28.16657], [96.37437, 28.11753], [96.30467, 28.1448], [96.26443, 28.24235], [95.99994, 28.18968], [95.90695, 28.24071], [95.86936, 28.29813], [95.8111, 28.2974], [95.39498, 28.13609], [95.2739, 27.93256], [95.00174, 27.82287], [94.89197, 27.74675], [94.52282, 27.59647], [94.29627, 27.58427], [93.86095, 27.18839], [93.81929, 27.02974], [93.57546, 26.93907], [93.12885, 26.87678], [93.01264, 26.88854], [92.82786, 26.85985], [92.59528, 26.77512], [92.24295, 26.76335], [92.07428, 26.72552], [92.02764, 26.78579], [92.10429, 26.87597], [92.12252, 26.95229], [92.0315, 27.06468], [92.02285, 27.12071], [92.07248, 27.25714], [92.12474, 27.27659], [92.05296, 27.40972], [92.00671, 27.47691], [91.82543, 27.49027], [91.74181, 27.46432], [91.58379, 27.54401], [91.56257, 27.64309], [91.62538, 27.70515], [91.64276, 27.77049], [91.61199, 27.8222], [91.54029, 27.82763], [91.61816, 27.87849], [91.48851, 27.94049], [91.46375, 28.00615], [91.3429, 28.06648], [91.25034, 27.97391], [91.16176, 27.97073], [91.14875, 27.89156], [91.11025, 27.85065], [91.06103, 27.85327], [90.96363, 27.90415], [90.9637, 27.95383], [90.88739, 27.95327], [90.79933, 28.04692], [90.69963, 28.08127], [90.59067, 28.0272], [90.51363, 28.06518], [90.37758, 28.06505], [90.2949, 28.15686], [90.22228, 28.14808], [90.12834, 28.19341], [90.10479, 28.14427], [90.04131, 28.13763], [89.97633, 28.19379], [89.89687, 28.18946], [89.79031, 28.25068], [89.77016, 28.19782], [89.60187, 28.16758], [89.50216, 28.08896], [89.38248, 27.89205], [89.23448, 27.79829], [89.22431, 27.72828], [89.12295, 27.6346], [89.15938, 27.57477], [89.09382, 27.50366], [89.17493, 27.37929], [89.14793, 27.31995], [89.06907, 27.28691], [89.06582, 27.24331], [88.98841, 27.21412], [88.90771, 27.27941], [88.91723, 27.32822], [88.80583, 27.41149], [88.77858, 27.46941], [88.79298, 27.53109], [88.7685, 27.57141], [88.84368, 27.66494], [88.88358, 27.85549], [88.82996, 27.98092], [88.49882, 27.94964], [88.18893, 27.84164], [88.03835, 27.90285], [87.97366, 27.89326], [87.80823, 27.76835], [87.48271, 27.6939], [87.30417, 27.72392], [87.20162, 27.81246], [87.1188, 27.83944], [87.07599, 27.91777], [86.46742, 27.93599], [86.4128, 27.90798], [86.33297, 27.96716], [86.22579, 27.97994], [86.19207, 28.05652], [86.08251, 28.04685], [86.12601, 27.92949], [85.98778, 27.91487], [85.9455, 27.94448], [85.97298, 27.99774], [85.89992, 28.05485], [85.84284, 28.18021], [85.64452, 28.28128], [85.60165, 28.25538], [85.59703, 28.30081], [85.4939, 28.33897], [85.41592, 28.32947], [85.38198, 28.28584], [85.26947, 28.28604], [85.20239, 28.33749], [85.11346, 28.34463], [85.102, 28.45166], [84.64744, 28.52592], [84.47896, 28.62985], [84.32199, 28.75713], [84.22599, 28.89702], [84.24622, 29.03378], [84.19051, 29.04985], [84.19925, 29.12466], [84.16135, 29.18334], [84.19476, 29.2418], [84.12018, 29.24422], [84.08993, 29.29895], [83.91524, 29.32459], [83.81531, 29.29804], [83.79154, 29.24777], [83.70846, 29.23865], [83.64541, 29.16574], [83.59122, 29.17651], [83.44705, 29.30014], [83.41995, 29.4098], [83.3483, 29.45662], [83.34203, 29.49269], [83.27632, 29.50409], [83.26161, 29.57555], [83.14574, 29.62019], [83.08423, 29.60163], [82.93737, 29.69784], [82.8308, 29.68892], [82.74477, 29.76619], [82.69145, 29.76442], [82.73302, 29.82106], [82.68687, 29.85141], [82.62135, 29.83746], [82.64253, 29.87027], [82.55144, 29.95843], [82.48586, 29.95175], [82.33502, 30.04591], [82.17957, 30.0646], [82.20504, 30.14752], [82.17418, 30.18967], [81.99674, 30.17393], [81.86631, 30.20934], [81.6815, 30.10468], [81.21732, 30.0071], [80.71637, 30.07836], [80.64234, 30.12762], [80.57129, 30.44203], [80.34953, 30.52195], [80.30199, 30.5666], [80.19781, 30.58406], [80.1314, 30.55623], [80.041, 30.59654], [79.9606, 30.69048], [79.95065, 30.77682], [79.88961, 30.80636], [79.90154, 30.83965], [79.82192, 30.85318], [79.74415, 30.94336], [79.66478, 30.98113], [79.59546, 30.91899], [79.50435, 31.02851], [79.42281, 31.02728], [79.40332, 31.06882], [79.30709, 31.00843], [79.32537, 30.96343], [79.2354, 30.95271], [79.19471, 31.01114], [79.10076, 30.9984], [78.99825, 31.04688], [78.9729, 31.11231], [78.99261, 31.16775], [78.86739, 31.3105], [78.78822, 31.30439], [78.74768, 31.36199], [78.78948, 31.44191], [78.71986, 31.51337], [78.84655, 31.60693], [78.79344, 31.67933], [78.75369, 31.67683], [78.71125, 31.76585], [78.4908, 31.76661], [78.17453, 31.61609], [78.06011, 31.65554], [77.65786, 32.02929], [77.63102, 32.13448], [77.69304, 32.51836], [77.64526, 32.62411], [77.37527, 32.90259], [77.16981, 33.05887], [76.82561, 33.2097], [76.62692, 33.4469], [76.50488, 33.5437], [76.2909, 33.65856], [75.98569, 33.74068], [75.91359, 33.78891], [75.37223, 34.33921], [75.25448, 34.53853], [75.24232, 34.66459], [75.15605, 34.86246], [75.16488, 34.91376], [75.4186, 35.06953], [75.43064, 35.23508], [75.2487, 35.52036], [74.93371, 35.74652], [74.89709, 35.8131], [74.917, 35.88079], [75.04113, 35.97607], [75.3704, 35.94159], [75.55923, 35.96351], [75.83834, 36.09838], [75.9309, 36.07383], [75.98459, 36.02349], [76.0986, 36.01419], [76.16108, 35.91807], [76.16079, 35.82287], [76.36148, 35.82474], [76.36529, 35.86383], [76.42577, 35.85284], [76.57213, 35.92165], [76.58281, 35.78085], [76.6891, 35.74833], [76.75657, 35.661], [76.84864, 35.66958], [76.91388, 35.60935], [77.06045, 35.59796], [77.18141, 35.52245], [77.30395, 35.5448], [77.39291, 35.46844], [77.54306, 35.48219], [77.63443, 35.45829], [77.65108, 35.48037], [77.68404, 35.4499], [77.81363, 35.51662], [77.90137, 35.46263], [77.9131, 35.49231], [78.02642, 35.47236], [78.12451, 35.5016], [78.10354, 35.43786], [78.00983, 35.36665], [78.00737, 35.23554], [78.05155, 35.19011], [78.05334, 35.11846], [78.13346, 35.1009], [78.12109, 35.03647], [78.20141, 34.97277], [78.17511, 34.93018], [78.23633, 34.8788], [78.20617, 34.72434], [78.26408, 34.70678], [78.26526, 34.63694], [78.42439, 34.59549], [78.43573, 34.54601], [78.53945, 34.57645], [78.57956, 34.50787], [78.60669, 34.53766], [78.69028, 34.53076], [78.7556, 34.48328], [78.73991, 34.45622], [78.85594, 34.41373], [78.89051, 34.35856], [78.95564, 34.39051], [79.03641, 34.33617], [79.07652, 34.41537], [79.15025, 34.44408], [79.22659, 34.41571], [79.26583, 34.44064], [79.51163, 34.44917], [79.54249, 34.47815], [79.66295, 34.45429], [79.81555, 34.49685], [79.88457, 34.62955], [79.86056, 34.66684], [79.91844, 34.70091], [79.86595, 34.7495], [79.88466, 34.85147], [79.99138, 34.86205], [80.04977, 35.05996], [80.13698, 35.09749], [80.26832, 35.23025], [80.293, 35.36066], [80.46347, 35.46021], [80.52987, 35.45424], [80.54893, 35.39819], [80.65413, 35.39831], [80.71669, 35.33604], [81.02684, 35.31454], [81.03293, 35.39298], [81.09515, 35.41072], [81.13914, 35.36589], [81.18869, 35.37059], [81.21645, 35.32005], [81.32009, 35.36014], [81.38433, 35.33835], [81.43589, 35.35902], [81.55255, 35.24483], [81.67193, 35.23459], [81.80057, 35.27677], [81.86037, 35.26111], [81.93685, 35.32572], [82.01306, 35.32865], [82.04504, 35.3634], [82.04166, 35.4493], [82.3166, 35.55409], [82.34704, 35.61166], [82.33285, 35.65194], [82.38966, 35.65665], [82.44749, 35.7186], [82.6257, 35.69309], [82.72835, 35.63854], [82.79315, 35.68865], [82.99606, 35.6519], [83.40695, 35.65259], [83.54579, 35.60031], [83.73985, 35.43841], [83.90325, 35.40427], [84.05028, 35.41274], [84.09361, 35.36453], [84.16919, 35.35804], [84.44967, 35.47875], [84.47415, 35.51503], [84.45096, 35.54834], [84.83621, 35.64011], [85.03203, 35.74702], [85.26617, 35.78048], [85.38476, 35.72739], [85.52397, 35.71161], [85.51876, 35.66513], [85.57857, 35.64307], [85.69705, 35.75167], [85.90814, 35.7888], [87.03202, 35.57115], [87.49606, 35.57934], [88.11725, 35.73078], [88.3046, 35.69705], [88.8042, 35.46928], [89.81571, 35.40893], [89.74664, 35.1256], [89.68239, 35.00795], [89.80529, 34.98626], [89.80918, 34.87429], [89.86571, 34.81381], [89.75894, 34.73783], [89.55353, 34.73656], [89.48283, 34.6581], [89.60124, 34.4754], [89.58569, 34.27512], [89.70843, 34.13131], [89.65809, 34.09536], [89.65026, 34.03716], [89.79056, 33.87128], [89.83961, 33.87147], [89.92794, 33.80451], [89.90708, 33.74762], [89.98381, 33.72127], [89.98714, 33.63319], [90.22978, 33.50553], [90.23841, 33.40645], [90.36247, 33.27605], [90.48492, 33.26709], [90.70666, 33.13914], [91.10522, 33.09199], [91.39521, 33.00714], [91.64438, 33.0177], [91.84268, 32.94714], [91.96585, 32.81999], [92.14156, 32.88635], [92.22718, 32.84301], [92.20211, 32.75189], [92.25974, 32.72269], [92.35834, 32.76605], [92.60135, 32.74747], [92.68194, 32.65415], [92.699, 32.47168], [92.81106, 32.38024], [92.96394, 32.34289], [93.17825, 32.40034], [93.42536, 32.36935], [93.48805, 32.47561], [93.60847, 32.52066], [93.65404, 32.57498], [93.71505, 32.58075], [93.8076, 32.55691], [94.06123, 32.59685], [94.20251, 32.51846], [94.28724, 32.50627], [94.36606, 32.52443], [94.39097, 32.60127], [94.43623, 32.56602], [94.4995, 32.60448], [94.57403, 32.73588], [94.87232, 32.71996], [94.93297, 32.66996], [94.98045, 32.52616], [94.94676, 32.41009], [94.89512, 32.36121], [95.01715, 32.31528], [95.08085, 32.25043], [95.30732, 32.2554], [95.35341, 32.17762], [95.43339, 32.16001], [95.45171, 32.07163], [95.41277, 32.04376], [95.44196, 32.01099], [95.38917, 32.0], [95.37198, 31.96441], [95.51494, 31.75657], [95.56097, 31.74611], [95.6384, 31.78523], [95.75223, 31.76285], [95.81805, 31.68039], [95.86953, 31.72265], [96.09285, 31.71707], [96.15008, 31.68292], [96.19876, 31.54252], [96.24637, 31.55547], [96.25254, 31.60432], [96.21646, 31.62055], [96.25206, 31.68921], [96.22166, 31.75575], [96.13425, 31.82189], [96.15005, 31.8575], [96.20379, 31.85698], [96.18821, 31.89962], [96.3096, 31.95129], [96.4424, 31.79114], [96.54676, 31.72672], [96.60647, 31.7388], [96.64991, 31.70959], [96.67219, 31.73479], [96.73463, 31.6802], [96.80537, 31.67401], [96.83721, 31.72929], [96.75796, 31.85548], [96.8074, 31.89732], [96.74806, 31.94824], [96.72136, 32.02417], [96.80442, 32.02141], [96.85021, 31.98336], [96.89957, 32.02031], [96.94935, 31.99099], [96.94028, 32.06007], [97.01024, 32.0717], [97.06596, 32.12456], [97.13245, 32.33407], [97.23645, 32.43337], [97.24378, 32.4766], [97.23387, 32.55182], [97.11372, 32.63988], [97.13157, 32.70859], [97.3843, 32.78769], [97.48753, 32.65394], [97.6055, 32.61709], [97.6689, 32.55268], [98.02206, 32.45407], [98.01226, 32.35419], [97.80879, 32.17405], [97.76545, 32.09866], [97.76745, 32.02426], [97.88557, 31.83729], [97.92619, 31.64489], [97.79492, 31.16901], [97.9858, 30.81072], [98.17564, 30.76521], [98.49855, 30.78371], [98.65736, 30.6905], [98.70202, 30.20461], [98.65785, 30.17363], [98.5714, 30.23988], [98.51593, 30.23863], [98.4385, 29.9758], [98.47777, 29.87709], [98.58111, 29.81449], [98.70906, 29.65238], [98.74109, 29.42656], [98.70904, 29.32866], [98.64654, 29.26927], [98.44107, 29.26496], [98.36626, 29.20482], [98.4093, 28.98932], [98.46737, 28.90953], [98.51717, 28.70541], [98.59656, 28.68745]]]}}, {"type": "Feature", "properties": {"SYS_ID": "25021", "NAME_PY": "Nibuchu", "NAME_CH": "中俄尼布楚条约待议地区", "NAME_FT": "中俄尼部署條約待議地區", "AREA": 28304.0, "X_COORD": 133.02625, "Y_COORD": 53.94088}, "geometry": {"type": "Polygon", "coordinates": [[[130.32325, 53.88943], [130.84098, 54.16399], [130.95269, 54.11051], [131.0115, 54.14648], [131.25431, 54.05587], [131.78291, 54.07583], [131.86415, 54.11048], [132.03219, 54.0573], [132.21806, 54.05563], [132.58411, 54.15326], [132.89118, 54.10494], [133.0861, 54.1287], [133.3075, 54.21808], [133.40717, 54.21745], [133.59151, 54.30914], [133.83493, 54.32856], [133.99158, 54.39265], [134.03156, 54.37867], [134.10469, 54.41533], [134.10892, 54.4468], [134.22696, 54.48554], [134.21576, 54.50732], [134.36873, 54.50934], [134.5573, 54.46055], [134.83153, 54.55072], [134.84054, 54.58028], [134.96821, 54.5892], [135.30467, 54.71465], [135.7019, 54.64118], [135.72922, 54.56024], [135.5551, 54.26691], [135.38854, 54.10288], [135.02321, 53.8658], [134.61995, 53.71479], [134.3674, 53.49567], [134.07467, 53.42457], [133.71439, 53.43287], [133.43195, 53.49699], [133.18883, 53.39557], [133.14927, 53.301], [132.91451, 53.30069], [132.83274, 53.23209], [132.31396, 53.23106], [132.14283, 53.25912], [132.03314, 53.2351], [131.99876, 53.17512], [131.93075, 53.16713], [131.87558, 53.1885], [131.8641, 53.23581], [131.54167, 53.20767], [131.52932, 53.62257], [131.4927, 53.73795], [131.06317, 53.80878], [130.8758, 53.77733], [130.80001, 53.84411], [130.32325, 53.88943]]]}}, {"type": "Feature", "properties": {"SYS_ID": "25022", "NAME_PY": "Xinjiang", "NAME_CH": "新疆", "NAME_FT": "新疆", "AREA": 2510900.0, "X_COORD": 83.07536, "Y_COORD": 42.1138}, "geometry": {"type": "Polygon", "coordinates": [[[96.27079, 43.31176], [96.34633, 43.0785], [96.39413, 42.71105], [96.16277, 42.68891], [96.13131, 42.64641], [96.10262, 42.27782], [96.18558, 42.15976], [96.20374, 42.03026], [96.02641, 41.91105], [95.67953, 41.81278], [95.54314, 41.72402], [95.06625, 41.52865], [95.04597, 41.40628], [95.12068, 41.12454], [95.04055, 40.99277], [94.91931, 40.97095], [94.56842, 41.05855], [94.29324, 41.02092], [93.99441, 41.03465], [93.73716, 40.94028], [93.69786, 40.87046], [93.47039, 40.92816], [93.23951, 40.91535], [93.10625, 40.97522], [93.01786, 41.09242], [92.18727, 41.23893], [92.1815, 41.09545], [92.08271, 40.85375], [92.04105, 40.51242], [91.92697, 40.2925], [91.8742, 39.95546], [91.7578, 39.73779], [91.90056, 39.06539], [92.00752, 38.94514], [91.86325, 38.88278], [91.43598, 38.81565], [91.11454, 38.71324], [90.76586, 38.66361], [90.62043, 38.67348], [90.63794, 38.64032], [90.60452, 38.60059], [90.45547, 38.55612], [90.46562, 38.52697], [90.41987, 38.49591], [90.14084, 38.41837], [90.48182, 37.95569], [90.40427, 37.88578], [90.44608, 37.80723], [90.42375, 37.78001], [90.78542, 37.64322], [90.87411, 37.57989], [90.85894, 37.53728], [90.93725, 37.4804], [91.08576, 37.46975], [91.18549, 37.21292], [91.27313, 37.16166], [91.30833, 37.02065], [91.17137, 37.02805], [91.01118, 36.92567], [90.84728, 36.91903], [90.71453, 36.79302], [90.74767, 36.72846], [90.70459, 36.68584], [90.73017, 36.59138], [91.13975, 36.54031], [91.16266, 36.46706], [91.09555, 36.41217], [90.74061, 36.30427], [90.59468, 36.22402], [90.30794, 35.95406], [90.03183, 35.7908], [89.96195, 35.71545], [89.81571, 35.40893], [88.8042, 35.46928], [88.3046, 35.69705], [88.11725, 35.73078], [87.49606, 35.57934], [87.03202, 35.57115], [85.90814, 35.7888], [85.69705, 35.75167], [85.57857, 35.64307], [85.51876, 35.66513], [85.52397, 35.71161], [85.38476, 35.72739], [85.26617, 35.78048], [85.03203, 35.74702], [84.83621, 35.64011], [84.45096, 35.54834], [84.47415, 35.51503], [84.44967, 35.47875], [84.16919, 35.35804], [84.09361, 35.36453], [84.05028, 35.41274], [83.90325, 35.40427], [83.73985, 35.43841], [83.54579, 35.60031], [83.40695, 35.65259], [82.99606, 35.6519], [82.79315, 35.68865], [82.72835, 35.63854], [82.6257, 35.69309], [82.44749, 35.7186], [82.38966, 35.65665], [82.33285, 35.65194], [82.34704, 35.61166], [82.3166, 35.55409], [82.04166, 35.4493], [82.04504, 35.3634], [82.01306, 35.32865], [81.93685, 35.32572], [81.86037, 35.26111], [81.80057, 35.27677], [81.67193, 35.23459], [81.55255, 35.24483], [81.43589, 35.35902], [81.38433, 35.33835], [81.32009, 35.36014], [81.21645, 35.32005], [81.18869, 35.37059], [81.13914, 35.36589], [81.09515, 35.41072], [81.03293, 35.39298], [81.02684, 35.31454], [80.71669, 35.33604], [80.65413, 35.39831], [80.54893, 35.39819], [80.52987, 35.45424], [80.46347, 35.46021], [80.293, 35.36066], [80.26832, 35.23025], [80.13698, 35.09749], [80.04977, 35.05996], [79.99138, 34.86205], [79.88466, 34.85147], [79.86595, 34.7495], [79.91844, 34.70091], [79.86056, 34.66684], [79.88457, 34.62955], [79.81555, 34.49685], [79.66295, 34.45429], [79.54249, 34.47815], [79.51163, 34.44917], [79.26583, 34.44064], [79.22659, 34.41571], [79.15025, 34.44408], [79.07652, 34.41537], [79.03641, 34.33617], [78.95564, 34.39051], [78.89051, 34.35856], [78.85594, 34.41373], [78.73991, 34.45622], [78.7556, 34.48328], [78.69028, 34.53076], [78.60669, 34.53766], [78.57956, 34.50787], [78.53945, 34.57645], [78.43573, 34.54601], [78.42439, 34.59549], [78.26526, 34.63694], [78.26408, 34.70678], [78.20617, 34.72434], [78.23633, 34.8788], [78.17511, 34.93018], [78.20141, 34.97277], [78.12109, 35.03647], [78.13346, 35.1009], [78.05334, 35.11846], [78.05155, 35.19011], [78.00737, 35.23554], [78.00983, 35.36665], [78.10354, 35.43786], [78.12451, 35.5016], [78.02642, 35.47236], [77.9131, 35.49231], [77.90137, 35.46263], [77.81363, 35.51662], [77.68404, 35.4499], [77.65108, 35.48037], [77.63443, 35.45829], [77.54306, 35.48219], [77.39291, 35.46844], [77.30395, 35.5448], [77.18141, 35.52245], [77.06045, 35.59796], [76.91388, 35.60935], [76.84864, 35.66958], [76.75657, 35.661], [76.6891, 35.74833], [76.58281, 35.78085], [76.56235, 35.82012], [76.59194, 35.89561], [76.56516, 35.92288], [76.42577, 35.85284], [76.36529, 35.86383], [76.36148, 35.82474], [76.16079, 35.82287], [76.16108, 35.91807], [76.0986, 36.01419], [75.97384, 36.02849], [75.9389, 36.08009], [75.93891, 36.1728], [75.72837, 36.28307], [75.68545, 36.39808], [75.43332, 36.64763], [75.15148, 36.7909], [74.99324, 36.83228], [74.87581, 36.94529], [74.83289, 37.05578], [74.7306, 37.02576], [74.69736, 37.09179], [74.56945, 37.03204], [74.52611, 37.08057], [74.2206, 37.00192], [74.01263, 37.09431], [73.82363, 37.11754], [73.76125, 37.17715], [73.76077, 37.25494], [73.82465, 37.36963], [73.78577, 37.44071], [73.62377, 37.43045], [73.49229, 37.47842], [73.27927, 37.46355], [73.22265, 37.4157], [73.1475, 37.40825], [73.08492, 37.32904], [72.789, 37.22065], [72.66307, 37.02525], [72.32643, 36.97705], [71.83065, 36.68347], [71.70264, 36.67432], [71.7112, 36.76525], [71.80127, 36.89479], [71.79063, 37.0283], [72.00918, 37.23273], [72.06312, 37.32449], [72.04384, 37.45947], [72.18721, 37.59987], [72.143, 37.95007], [71.95037, 38.12855], [71.90014, 38.23403], [71.96102, 38.29363], [72.13406, 38.30249], [72.18866, 38.33269], [72.27458, 38.55171], [72.27671, 38.65408], [72.22698, 38.77419], [72.06393, 38.8334], [72.00631, 38.91215], [72.06724, 39.18344], [72.11762, 39.25601], [72.20428, 39.29945], [72.74466, 39.37508], [72.8714, 39.6268], [73.12536, 39.86341], [73.14245, 39.9247], [73.05809, 40.21091], [72.8704, 40.39094], [72.89032, 40.43598], [73.1043, 40.56595], [73.1704, 40.723], [73.24507, 40.79747], [73.32335, 40.83412], [73.65419, 40.8436], [73.88647, 40.99492], [73.84663, 41.16022], [73.68847, 41.27593], [73.54594, 41.25948], [73.4921, 41.29703], [73.45726, 41.38896], [73.38184, 41.42194], [73.3944, 41.459], [73.56668, 41.54537], [73.724, 41.55363], [73.92462, 41.515], [73.93655, 41.60801], [73.8747, 41.71236], [73.59907, 41.79157], [73.61338, 41.84567], [73.74389, 41.88954], [73.73778, 41.98253], [73.68988, 41.9995], [73.48499, 41.99384], [73.30619, 42.07686], [73.09507, 42.10346], [73.00066, 42.10815], [72.82278, 42.05831], [72.68664, 42.13043], [72.27166, 42.22007], [72.18819, 42.16746], [72.20029, 42.10623], [72.15449, 42.06018], [71.55448, 42.21039], [71.24352, 42.2239], [71.09813, 42.29549], [70.87246, 42.27246], [70.84517, 42.33667], [70.91882, 42.44483], [70.95383, 42.47814], [71.01822, 42.45226], [71.08917, 42.4706], [71.06246, 42.51803], [70.633, 42.89975], [69.92144, 43.37956], [69.78798, 43.54377], [69.75458, 43.69217], [69.91312, 43.93139], [70.33133, 44.11845], [70.89447, 44.30169], [71.4345, 44.52727], [73.17443, 45.61416], [73.42542, 45.74227], [73.44273, 45.76412], [73.40359, 45.80542], [73.4454, 45.80738], [73.45646, 45.84344], [73.57375, 45.78966], [73.6198, 45.86732], [73.59512, 45.88439], [73.64707, 45.90173], [73.63484, 45.94411], [73.67291, 45.98185], [73.62555, 45.98676], [73.68783, 46.00169], [73.71284, 45.97203], [73.74703, 45.98249], [73.71362, 45.99376], [73.7281, 46.03258], [73.65128, 46.05797], [73.65346, 46.10144], [73.63755, 46.06832], [73.61421, 46.09387], [73.64836, 46.10801], [73.62435, 46.1459], [73.72949, 46.17847], [73.73768, 46.22132], [73.68202, 46.23416], [73.74591, 46.24884], [73.78056, 46.30296], [73.75612, 46.23547], [73.82874, 46.15647], [73.89797, 46.2116], [74.0047, 46.1765], [74.05825, 46.23505], [74.03092, 46.21652], [73.99306, 46.23286], [73.99272, 46.26692], [73.95126, 46.2631], [73.93627, 46.30251], [73.9864, 46.31945], [73.97685, 46.35159], [74.01835, 46.35631], [74.07825, 46.43912], [74.2212, 46.43202], [74.2487, 46.47062], [74.3847, 46.51949], [74.39665, 46.56915], [74.53916, 46.59914], [74.55199, 46.70797], [74.59047, 46.74881], [74.64606, 46.74057], [74.61107, 46.75072], [74.62153, 46.77019], [74.85902, 46.75923], [74.86678, 46.80494], [74.94038, 46.78677], [74.97487, 46.8252], [74.99788, 46.80557], [74.97436, 46.7667], [75.00929, 46.76102], [75.07538, 46.83964], [75.13629, 46.75008], [75.36344, 46.6979], [75.66283, 46.74827], [75.75385, 46.80286], [75.82097, 46.76843], [75.81791, 46.79015], [75.94654, 46.82838], [75.97357, 46.81036], [75.92712, 46.79698], [75.97389, 46.76557], [75.93587, 46.75762], [76.17349, 46.80553], [76.28848, 46.76605], [76.35825, 46.70227], [76.33487, 46.7425], [76.36422, 46.73214], [76.39691, 46.63375], [76.39711, 46.65752], [76.45069, 46.64915], [76.51675, 46.60908], [76.51913, 46.65224], [76.72729, 46.67815], [76.70118, 46.63439], [76.92346, 46.54983], [76.82785, 46.65388], [76.74563, 46.68064], [76.83612, 46.68622], [76.93169, 46.62102], [77.05036, 46.63788], [77.12958, 46.55998], [77.10525, 46.54645], [77.14854, 46.53406], [77.23588, 46.54876], [77.2815, 46.62451], [77.64922, 46.63368], [77.58248, 46.66366], [77.60955, 46.66767], [77.672, 46.63845], [77.68595, 46.66078], [77.74092, 46.63581], [77.88043, 46.65161], [78.04142, 46.57962], [78.12552, 46.60862], [78.16424, 46.55069], [78.21571, 46.54021], [78.23758, 46.47354], [78.30875, 46.44374], [78.35563, 46.52938], [78.32822, 46.59599], [78.35539, 46.61286], [78.35075, 46.6832], [78.38931, 46.59089], [78.41276, 46.65794], [78.45373, 46.67143], [78.41076, 46.64061], [78.4493, 46.58419], [78.48498, 46.66621], [78.59806, 46.74963], [78.74792, 46.72571], [78.81915, 46.63981], [78.77553, 46.61211], [78.88328, 46.61012], [78.93118, 46.6365], [78.76504, 46.72314], [78.77227, 46.77849], [78.88315, 46.79905], [78.95083, 46.74086], [79.02919, 46.73374], [78.99064, 46.78303], [79.01697, 46.8174], [79.12473, 46.80514], [79.25691, 46.64895], [79.27387, 46.69], [79.48732, 46.7979], [79.47659, 46.823], [79.59716, 46.95261], [79.51578, 47.17773], [79.54388, 47.23227], [79.70727, 47.28836], [79.67136, 47.38851], [79.69369, 47.41465], [79.65118, 47.42632], [79.6488, 47.47191], [79.5691, 47.54253], [79.59981, 47.65181], [79.68247, 47.69468], [79.80731, 47.70158], [80.07427, 47.86633], [80.27116, 47.90868], [80.30755, 47.94509], [80.42315, 47.93349], [80.53158, 47.96737], [80.58077, 48.04745], [80.69078, 48.06385], [80.71767, 48.04156], [80.7528, 48.06665], [80.80609, 48.0305], [80.93634, 48.13861], [81.00848, 48.12582], [81.07813, 48.20209], [81.1367, 48.38335], [81.26775, 48.51855], [81.2812, 48.60125], [81.50183, 48.68284], [81.61275, 48.80712], [81.80366, 48.84131], [81.91241, 48.82116], [82.05279, 48.86371], [82.43878, 49.2175], [82.5358, 49.32849], [82.54594, 49.38605], [82.50048, 49.47906], [82.57876, 49.65929], [82.68417, 49.82357], [82.80228, 49.89137], [82.94294, 49.80808], [82.93104, 49.77803], [82.97221, 49.77186], [82.94594, 49.72512], [83.02175, 49.72488], [83.0295, 49.6896], [83.34057, 49.69191], [83.36356, 49.63634], [83.46488, 49.5804], [83.53755, 49.58977], [83.65228, 49.48033], [83.87797, 49.44019], [84.21354, 49.20518], [84.20921, 49.14871], [84.16155, 49.10918], [83.90662, 49.01125], [83.81034, 49.01134], [83.55152, 48.93126], [83.45563, 48.80165], [83.4412, 48.71127], [83.48681, 48.65793], [83.51174, 48.48492], [83.61859, 48.40034], [83.58087, 48.33941], [83.48908, 48.28762], [83.49743, 48.21095], [83.6912, 48.05528], [84.17335, 47.86956], [84.49643, 47.79369], [84.68588, 47.81055], [85.04442, 47.9686], [85.07772, 47.95185], [85.21311, 48.00001], [85.3144, 47.98236], [85.35297, 48.01507], [85.53178, 48.02612], [85.54949, 47.98427], [85.64938, 48.01419], [85.7254, 47.96272], [85.75831, 47.98791], [85.83248, 47.95719], [85.87768, 47.97717], [85.87776, 47.94673], [85.90111, 47.97321], [85.96908, 47.95965], [86.16254, 47.86103], [86.26801, 47.84843], [86.26419, 47.86986], [86.31663, 47.8761], [86.38269, 47.84098], [86.48661, 47.89543], [86.68302, 47.83404], [86.7945, 47.72018], [86.94491, 47.66525], [86.946, 47.63667], [87.01989, 47.59904], [87.13412, 47.56593], [87.19857, 47.59143], [87.424, 47.45329], [87.5702, 47.45268], [87.48522, 47.362], [87.36065, 47.32184], [87.26046, 47.15532], [87.26055, 47.08406], [87.36395, 46.99655], [87.44247, 46.98016], [87.43508, 47.06245], [87.47084, 47.10206], [87.64071, 47.03097], [87.70901, 46.82167], [87.6808, 46.76001], [87.71262, 46.69675], [88.00791, 46.57292], [88.14092, 46.58637], [88.33787, 46.5401], [88.50414, 46.54669], [88.58489, 46.45227], [88.65792, 46.4349], [88.75571, 46.35552], [88.90756, 46.37226], [89.07979, 46.45767], [89.15959, 46.42236], [89.31961, 46.48133], [89.50973, 46.34657], [89.90618, 46.20984], [90.03412, 46.10017], [90.28219, 45.99494], [90.41437, 45.90388], [90.36337, 45.78464], [90.42434, 45.58443], [90.56131, 45.35809], [90.73022, 45.24025], [90.8804, 45.19085], [90.9907, 45.21795], [91.15137, 45.20322], [91.23207, 45.13579], [91.3761, 45.1072], [91.42725, 45.15523], [91.49978, 45.09555], [91.61384, 45.06419], [92.06526, 45.08224], [92.24518, 45.0089], [92.88155, 45.04356], [92.98535, 44.99666], [93.32884, 44.99385], [94.20154, 44.79266], [94.36321, 44.68805], [94.88929, 44.45006], [95.54362, 44.23392], [95.92833, 44.01039], [96.09384, 43.80306], [96.16901, 43.47901], [96.27079, 43.31176]]]}}, {"type": "Feature", "properties": {"SYS_ID": "25023", "NAME_PY": "Shengjing", "NAME_CH": "盛京", "NAME_FT": "盛京", "AREA": 102799.0, "X_COORD": 122.65564, "Y_COORD": 40.84202}, "geometry": {"type": "MultiPolygon", "coordinates": [[[[122.41382, 42.13981], [122.37225, 42.19505], [122.3939, 42.2575], [122.31808, 42.29672], [122.08659, 42.22663], [121.8729, 42.21745], [121.73621, 42.36846], [121.7617, 42.47099], [121.89798, 42.57213], [121.89534, 42.63025], [121.95726, 42.69639], [122.16536, 42.75009], [122.38635, 42.74623], [122.56738, 42.66029], [122.77257, 42.4061], [122.80591, 42.30791], [123.25689, 42.43836], [123.6372, 42.60351], [123.64838, 42.63202], [123.56741, 42.69958], [123.61789, 42.74711], [123.62288, 42.80169], [123.75706, 42.91792], [123.87035, 42.9638], [124.02602, 42.94049], [124.17734, 42.86242], [124.14804, 42.75143], [124.33393, 42.6491], [124.63613, 42.64304], [124.95836, 42.59367], [125.1204, 42.51665], [125.19804, 42.34574], [125.2563, 42.31196], [125.26747, 42.24777], [125.22931, 42.14129], [125.28452, 41.95599], [125.33199, 41.92822], [125.28601, 41.87674], [125.30185, 41.68256], [125.25926, 41.5178], [125.17683, 41.48349], [124.94142, 41.48226], [124.85272, 41.42698], [124.88753, 41.38913], [125.09333, 41.36931], [125.13009, 41.33509], [125.06927, 41.24658], [124.90562, 41.15373], [124.77445, 41.12665], [124.77651, 40.91151], [124.86451, 40.79657], [124.95248, 40.77049], [125.15644, 40.77746], [125.56771, 40.8607], [125.67454, 40.84446], [125.61743, 40.79951], [125.67748, 40.76786], [125.55875, 40.77839], [125.52603, 40.72326], [125.43873, 40.7159], [125.44078, 40.6776], [125.39875, 40.66953], [125.4099, 40.63274], [125.27833, 40.65822], [125.22887, 40.61233], [125.16956, 40.61255], [124.99766, 40.52866], [124.98104, 40.49348], [125.01768, 40.48912], [125.0228, 40.4609], [124.91669, 40.45462], [124.89531, 40.48315], [124.73024, 40.3727], [124.71253, 40.32097], [124.51561, 40.22749], [124.32971, 40.07135], [124.34717, 40.00001], [124.28452, 39.95634], [124.32051, 39.8158], [124.24155, 39.81919], [124.22939, 39.79147], [124.21687, 39.81808], [124.08399, 39.83711], [124.0135, 39.80543], [123.86203, 39.85701], [123.72198, 39.82421], [123.6273, 39.92576], [123.55286, 39.81099], [123.55702, 39.76108], [123.53416, 39.797], [123.46841, 39.78558], [123.47287, 39.7499], [123.40897, 39.72861], [123.41544, 39.81117], [123.30006, 39.77813], [123.23687, 39.81758], [123.27361, 39.76916], [123.20153, 39.72328], [123.26007, 39.72546], [123.26766, 39.69198], [123.20847, 39.6963], [123.13055, 39.65036], [123.10032, 39.69739], [123.08234, 39.67034], [122.99679, 39.67414], [122.99235, 39.7153], [122.9903, 39.66657], [122.96714, 39.66693], [122.99427, 39.65103], [122.96269, 39.62437], [122.84522, 39.61718], [122.70811, 39.56262], [122.68723, 39.51902], [122.65334, 39.54381], [122.62421, 39.48588], [122.56881, 39.4857], [122.45452, 39.41913], [122.38517, 39.42538], [122.26377, 39.3224], [122.22672, 39.34536], [122.25768, 39.31547], [122.23753, 39.28438], [122.12851, 39.23698], [122.10832, 39.18092], [122.05811, 39.19864], [122.15222, 39.15167], [122.05893, 39.11193], [122.01957, 39.13456], [122.06134, 39.06413], [121.98933, 39.07149], [121.96634, 39.02956], [121.9008, 39.07814], [121.87891, 39.05587], [121.91499, 39.03507], [121.91462, 39.01513], [121.88297, 39.0454], [121.82714, 39.04007], [121.89452, 38.96134], [121.82982, 38.95129], [121.7902, 39.02056], [121.70314, 39.05362], [121.73736, 39.00217], [121.65839, 39.0296], [121.63326, 38.99901], [121.65969, 38.97767], [121.58434, 38.94492], [121.71046, 38.91046], [121.69481, 38.86538], [121.57487, 38.88], [121.49348, 38.81549], [121.23807, 38.80615], [121.20434, 38.73054], [121.13758, 38.72707], [121.10486, 38.77724], [121.14028, 38.80724], [121.1048, 38.85095], [121.13798, 38.888], [121.09091, 38.89828], [121.09824, 38.93459], [121.18021, 38.95543], [121.21336, 38.9302], [121.32854, 38.97262], [121.34184, 39.00101], [121.31044, 39.00754], [121.37331, 39.06245], [121.40601, 39.02091], [121.45651, 39.01537], [121.66635, 39.08785], [121.68504, 39.13001], [121.58176, 39.18998], [121.61489, 39.20972], [121.59204, 39.22561], [121.63815, 39.23502], [121.59052, 39.27249], [121.67516, 39.27815], [121.92605, 39.39858], [121.92483, 39.41389], [121.9053, 39.42737], [121.87346, 39.43472], [121.91819, 39.40626], [121.75069, 39.38131], [121.69227, 39.41088], [121.70853, 39.37543], [121.6562, 39.36252], [121.50233, 39.36724], [121.44193, 39.51352], [121.55607, 39.54947], [121.59018, 39.60197], [121.5432, 39.68267], [121.45865, 39.74144], [121.49113, 39.77104], [121.47038, 39.81118], [121.69576, 39.92749], [121.75818, 39.91032], [121.78452, 39.95598], [121.88401, 40.0], [121.82047, 40.0234], [121.99133, 40.11763], [122.01393, 40.14601], [121.98792, 40.18405], [122.09243, 40.22458], [122.10425, 40.3035], [122.19836, 40.35714], [122.2243, 40.40753], [122.29696, 40.42936], [122.32621, 40.48452], [122.31697, 40.54368], [122.20016, 40.60973], [122.17946, 40.6534], [122.27109, 40.69638], [122.13138, 40.79108], [122.12495, 40.89174], [121.99568, 40.96978], [121.97793, 41.05494], [122.01651, 41.14566], [121.95737, 41.2279], [121.75446, 41.24209], [121.68047, 41.2189], [121.75178, 41.00842], [121.72145, 40.97149], [121.36613, 40.95798], [121.23293, 40.99809], [121.13461, 40.8802], [121.08609, 40.86312], [121.08994, 40.82467], [121.02007, 40.82577], [121.00404, 40.86583], [121.00122, 40.8291], [120.96178, 40.81377], [120.98809, 40.78417], [120.92318, 40.7398], [121.02527, 40.71354], [120.8341, 40.68069], [120.79671, 40.59928], [120.68287, 40.54657], [120.65869, 40.48165], [120.58984, 40.46461], [120.58515, 40.41225], [120.54231, 40.41682], [120.53117, 40.37738], [120.5945, 40.36201], [120.5017, 40.32308], [120.50056, 40.27423], [120.43778, 40.22915], [120.31859, 40.21045], [120.12759, 40.10115], [119.91696, 40.04258], [119.9, 40.0], [119.78299, 39.95359], [119.74276, 40.1447], [119.63381, 40.23509], [119.68464, 40.29162], [119.90401, 40.39278], [119.92702, 40.45342], [120.0476, 40.49605], [120.13082, 40.66473], [120.30927, 40.74049], [120.58617, 40.96392], [120.71613, 41.2933], [120.94195, 41.56656], [121.17999, 41.65894], [121.28617, 41.75988], [121.82855, 41.78031], [122.15664, 42.04467], [122.41382, 42.13981]]], [[[121.30247, 39.48888], [121.2218, 39.53819], [121.29465, 39.60017], [121.44525, 39.61608], [121.44927, 39.65252], [121.51904, 39.63172], [121.5351, 39.58668], [121.47673, 39.54111], [121.41415, 39.51053], [121.34167, 39.52574], [121.30247, 39.48888]]], [[[121.36849, 39.48068], [121.28517, 39.38537], [121.24123, 39.39028], [121.32735, 39.4891], [121.36849, 39.48068]]], [[[121.37849, 39.43235], [121.43585, 39.42464], [121.41994, 39.37037], [121.32514, 39.37465], [121.37849, 39.43235]]], [[[122.68284, 39.27375], [122.57729, 39.25813], [122.48898, 39.30205], [122.68284, 39.27375]]], [[[122.99206, 39.49548], [122.94448, 39.5193], [122.97414, 39.55808], [123.02942, 39.53863], [122.99206, 39.49548]]], [[[122.3334, 39.14439], [122.30888, 39.18351], [122.40338, 39.21643], [122.3892, 39.16218], [122.3334, 39.14439]]], [[[123.14856, 39.02794], [123.13467, 39.06184], [123.16464, 39.0614], [123.12747, 39.09312], [123.16558, 39.10059], [123.19396, 39.05868], [123.14856, 39.02794]]], [[[122.69423, 39.20404], [122.68565, 39.23305], [122.61981, 39.2335], [122.74616, 39.23366], [122.69423, 39.20404]]], [[[120.78719, 40.4705], [120.80766, 40.52431], [120.84224, 40.49747], [120.83813, 40.48547], [120.78719, 40.4705]]], [[[122.75958, 39.0089], [122.7209, 39.01345], [122.70557, 39.04342], [122.74419, 39.03428], [122.75958, 39.0089]]], [[[123.70891, 39.73961], [123.7295, 39.76244], [123.75027, 39.75211], [123.72649, 39.75124], [123.70891, 39.73961]]]]}}, {"type": "Feature", "properties": {"SYS_ID": "25024", "NAME_PY": "Yunnan", "NAME_CH": "云南", "NAME_FT": "雲南", "AREA": 417798.0, "X_COORD": 101.77803, "Y_COORD": 25.17224}, "geometry": {"type": "Polygon", "coordinates": [[[105.23486, 23.26592], [105.06546, 23.26031], [104.99384, 23.19285], [104.95818, 23.19632], [104.94638, 23.15508], [104.88419, 23.17173], [104.85771, 22.94132], [104.79271, 23.00318], [104.67812, 22.99946], [104.4941, 23.05358], [104.35613, 22.92891], [104.29239, 22.81657], [104.24564, 22.84599], [104.09606, 22.79631], [104.02514, 22.69307], [104.00793, 22.52049], [103.96651, 22.50392], [103.69703, 22.74913], [103.6128, 22.76517], [103.56487, 22.71285], [103.543, 22.61142], [103.62608, 22.53113], [103.56076, 22.45594], [103.56382, 22.34112], [103.39053, 22.16027], [103.31841, 22.14668], [103.27376, 22.07526], [103.28779, 22.04337], [103.14082, 22.07387], [103.03931, 22.13752], [102.93814, 22.13953], [102.90624, 22.20748], [102.82176, 22.22662], [102.82586, 22.29122], [102.77626, 22.37477], [102.61294, 22.48146], [102.51225, 22.4201], [102.48051, 22.3454], [102.29258, 22.18074], [102.17266, 22.28008], [102.11265, 22.19809], [102.11369, 22.10249], [101.99454, 21.9628], [101.69006, 21.86834], [101.78122, 21.64343], [101.83192, 21.61786], [101.79732, 21.57442], [101.74435, 21.57869], [101.77409, 21.51268], [101.73553, 21.48751], [101.72564, 21.34743], [101.74545, 21.29922], [101.83834, 21.25663], [101.83764, 21.2123], [101.79318, 21.20435], [101.77123, 21.12729], [101.71614, 21.09336], [101.58863, 21.18501], [101.47411, 21.20273], [101.33825, 21.15244], [101.21979, 21.22962], [101.24868, 21.30045], [101.18106, 21.33346], [101.14129, 21.40746], [101.19558, 21.42977], [101.21228, 21.55359], [101.14204, 21.57767], [101.17243, 21.60565], [101.11469, 21.77137], [100.88325, 21.68769], [100.66231, 21.45032], [100.49816, 21.43852], [100.4266, 21.53939], [100.23015, 21.4738], [100.1968, 21.51317], [100.16961, 21.48808], [100.12487, 21.51122], [100.11242, 21.59932], [100.16875, 21.65194], [100.13801, 21.69969], [100.05097, 21.67649], [99.97572, 21.73857], [99.94526, 21.81485], [99.99505, 21.98184], [99.96878, 22.05288], [99.87207, 22.06594], [99.84073, 22.02456], [99.73232, 22.07158], [99.70195, 22.03842], [99.6406, 22.10649], [99.51565, 22.10246], [99.46941, 22.13205], [99.4006, 22.09932], [99.26836, 22.10006], [99.16385, 22.1546], [99.19874, 22.17088], [99.17782, 22.18456], [99.27942, 22.34761], [99.25385, 22.38989], [99.37949, 22.49408], [99.36119, 22.53255], [99.38597, 22.58419], [99.29571, 22.75479], [99.31634, 22.79842], [99.2958, 22.86877], [99.14884, 22.88538], [98.95305, 22.97492], [98.69921, 23.03976], [98.52155, 22.95107], [98.49183, 23.02491], [98.56277, 23.08767], [98.44279, 23.18073], [98.58838, 23.23547], [98.72623, 23.24441], [98.72406, 23.37058], [98.66594, 23.41136], [98.60617, 23.40239], [98.5813, 23.48622], [98.64983, 23.5815], [98.64166, 23.62541], [98.57061, 23.74497], [98.45108, 23.81679], [98.41013, 23.9482], [98.50469, 24.05367], [98.70898, 24.11608], [98.69165, 24.28762], [98.52482, 24.22818], [98.41927, 24.08864], [97.98791, 24.01557], [97.94128, 23.87261], [97.84938, 23.7961], [97.57029, 23.76907], [97.44198, 23.71012], [97.36186, 23.72702], [97.4078, 23.80387], [97.42848, 24.00991], [97.53132, 24.41127], [97.47487, 24.52178], [97.59698, 25.02957], [97.49954, 25.18339], [97.50161, 25.2293], [97.67623, 25.37602], [97.80121, 25.58487], [98.12498, 25.89544], [98.29702, 26.36398], [98.75501, 26.48135], [98.78167, 26.61966], [98.7345, 26.85348], [98.74019, 27.00731], [98.76637, 27.03992], [98.71395, 27.07826], [98.69664, 27.19928], [98.74081, 27.31709], [98.69076, 27.43257], [98.70303, 27.56757], [98.66997, 27.59327], [98.58512, 27.57207], [98.55917, 27.64894], [98.52953, 27.62433], [98.43751, 27.66938], [98.42985, 27.56031], [98.37611, 27.51196], [98.32772, 27.51917], [98.29729, 27.63065], [98.22528, 27.71696], [98.2462, 27.73661], [98.22718, 27.81262], [98.17529, 27.83774], [98.20686, 27.88676], [98.18845, 27.94132], [98.15507, 27.94118], [98.13567, 27.98471], [98.16055, 28.10206], [98.13738, 28.14765], [98.17528, 28.17136], [98.16663, 28.20772], [98.26613, 28.24567], [98.20338, 28.35533], [98.27863, 28.39333], [98.35896, 28.29331], [98.40405, 28.10657], [98.54943, 28.18171], [98.62427, 28.16295], [98.71213, 28.23954], [98.71342, 28.3057], [98.7531, 28.33836], [98.68175, 28.47415], [98.62163, 28.50517], [98.59286, 28.67307], [98.68806, 28.73636], [98.63176, 28.97457], [98.77833, 29.00312], [98.84078, 28.81069], [98.96111, 28.82995], [98.97274, 28.87316], [98.91589, 28.90538], [98.92093, 28.97832], [99.01917, 29.05562], [98.96298, 29.18727], [99.11231, 29.25112], [99.1313, 28.94501], [99.1077, 28.80957], [99.18159, 28.58996], [99.17344, 28.41541], [99.28326, 28.3017], [99.31234, 28.21887], [99.41799, 28.14158], [99.52731, 28.22166], [99.64041, 28.1285], [99.77139, 28.2807], [99.81251, 28.46793], [99.97426, 28.5757], [100.07302, 28.52559], [99.99883, 28.47755], [100.01894, 28.14799], [100.18625, 27.95563], [100.17572, 27.9022], [100.30441, 27.86946], [100.29449, 27.80276], [100.37762, 27.75942], [100.43143, 27.87112], [100.54778, 27.81506], [100.62289, 27.90619], [100.67756, 27.92638], [100.78732, 27.68639], [100.84197, 27.68034], [100.82931, 27.62082], [100.87922, 27.61139], [100.88105, 27.4751], [100.93671, 27.47431], [101.01042, 27.31689], [101.05702, 27.29021], [101.06754, 27.19692], [101.19792, 27.21235], [101.25871, 27.18755], [101.33055, 27.07771], [101.38934, 26.89778], [101.60842, 26.73172], [101.62975, 26.5764], [101.6633, 26.58878], [101.68817, 26.56098], [101.7146, 26.59482], [101.80402, 26.61125], [101.85143, 26.57559], [101.87106, 26.45843], [101.93729, 26.41406], [101.90834, 26.20212], [101.84212, 26.16552], [101.83544, 26.0471], [101.92393, 26.1134], [102.09521, 26.07205], [102.25108, 26.22262], [102.34183, 26.24751], [102.38225, 26.29681], [102.55206, 26.36738], [102.64686, 26.33788], [102.72833, 26.39253], [102.74725, 26.45411], [102.68988, 26.60444], [102.73509, 26.65135], [102.88909, 26.69125], [102.91297, 26.76628], [102.86451, 26.95426], [102.623, 27.2284], [102.75083, 27.28264], [102.7265, 27.45037], [102.83743, 27.52999], [102.98589, 27.37384], [103.13662, 27.42554], [103.22305, 27.57335], [103.28725, 27.57121], [103.27442, 27.63294], [103.4754, 27.79354], [103.50408, 27.92004], [103.56084, 27.96897], [103.49473, 27.978], [103.48727, 28.03163], [103.4407, 28.0287], [103.44739, 28.12818], [103.63187, 28.26399], [103.70839, 28.20623], [103.86993, 28.31506], [103.78269, 28.52414], [103.83284, 28.59175], [103.84283, 28.66943], [103.94944, 28.60583], [104.17078, 28.62413], [104.18669, 28.55641], [104.26251, 28.50106], [104.25334, 28.39708], [104.29093, 28.32838], [104.37092, 28.33628], [104.39518, 28.27389], [104.45621, 28.25104], [104.39696, 28.19771], [104.45546, 28.18101], [104.43837, 28.1212], [104.38971, 28.10068], [104.38453, 28.062], [104.3067, 28.03991], [104.56503, 27.8496], [104.87572, 27.91234], [104.97366, 28.06315], [105.04927, 28.09995], [105.18146, 28.06548], [105.19387, 27.99301], [105.26446, 28.00001], [105.27882, 27.93158], [105.23245, 27.89725], [105.25169, 27.82932], [105.30887, 27.81743], [105.27982, 27.78686], [105.30539, 27.63306], [105.22639, 27.54957], [105.258, 27.51994], [105.18977, 27.37645], [105.16718, 27.40841], [105.07233, 27.42027], [104.8638, 27.29362], [104.85103, 27.34186], [104.81385, 27.35464], [104.77198, 27.31813], [104.73466, 27.34487], [104.61406, 27.312], [104.53295, 27.33898], [104.51082, 27.4052], [104.35805, 27.46918], [104.29992, 27.36661], [104.24295, 27.33527], [104.25315, 27.30515], [104.18024, 27.27136], [104.01202, 27.38009], [103.99865, 27.43469], [103.93152, 27.44433], [103.86815, 27.30967], [103.74713, 27.21514], [103.70277, 27.14001], [103.62711, 27.11937], [103.65778, 27.07333], [103.59972, 27.06166], [103.61452, 27.00873], [103.69801, 27.05164], [103.77435, 26.95436], [103.77254, 26.87526], [103.71879, 26.855], [103.69943, 26.80907], [103.73037, 26.73068], [103.7656, 26.7359], [103.74448, 26.6267], [103.81133, 26.53919], [104.00768, 26.51919], [104.05943, 26.53722], [104.12743, 26.64673], [104.33845, 26.62386], [104.40443, 26.71389], [104.45848, 26.65554], [104.45309, 26.6066], [104.56265, 26.58628], [104.56802, 26.52823], [104.6601, 26.43637], [104.67794, 26.37671], [104.53815, 26.25267], [104.51601, 26.09458], [104.45092, 26.07146], [104.46485, 26.01362], [104.41578, 25.90723], [104.43499, 25.87511], [104.3727, 25.73672], [104.31966, 25.75425], [104.30798, 25.65877], [104.32489, 25.60693], [104.42409, 25.58369], [104.41933, 25.49609], [104.45418, 25.43542], [104.54052, 25.37796], [104.63605, 25.36707], [104.65016, 25.29889], [104.81802, 25.25283], [104.81144, 25.16958], [104.73997, 25.21783], [104.67063, 25.07722], [104.62046, 25.07082], [104.6765, 25.06029], [104.70898, 24.99824], [104.54479, 24.82694], [104.48077, 24.65484], [104.60533, 24.38432], [104.70658, 24.32425], [104.70319, 24.43971], [104.75195, 24.4612], [104.93269, 24.41145], [105.08367, 24.43487], [105.10867, 24.3752], [105.1932, 24.33991], [105.17896, 24.28622], [105.23087, 24.19322], [105.17879, 24.14301], [105.25254, 24.07533], [105.31842, 24.12121], [105.40965, 24.0416], [105.48278, 24.02558], [105.53104, 24.13166], [105.60423, 24.14191], [105.66042, 24.04547], [105.76927, 24.0761], [105.80108, 24.06009], [105.78908, 24.03739], [105.83813, 24.03101], [105.85414, 24.06241], [105.8962, 24.05463], [105.91624, 24.1252], [105.99865, 24.13204], [106.09341, 24.03184], [106.14929, 23.89923], [106.19269, 23.87789], [106.16928, 23.86423], [106.18877, 23.82739], [106.13326, 23.79795], [106.15459, 23.71202], [106.11619, 23.6028], [106.13786, 23.57216], [105.99643, 23.45061], [105.98288, 23.49229], [105.87759, 23.53198], [105.82286, 23.51827], [105.80286, 23.47016], [105.64732, 23.40144], [105.68914, 23.33178], [105.65764, 23.34409], [105.65816, 23.3086], [105.53908, 23.19252], [105.479, 23.24568], [105.52746, 23.34818], [105.51215, 23.36824], [105.35788, 23.36132], [105.31947, 23.38999], [105.25278, 23.34095], [105.23486, 23.26592]]]}}, {"type": "Feature", "properties": {"SYS_ID": "25025", "NAME_PY": "Heilongjiang", "NAME_CH": "黑龙江", "NAME_FT": "黑龍江", "AREA": 924516.0, "X_COORD": 125.29645, "Y_COORD": 50.80618}, "geometry": {"type": "Polygon", "coordinates": [[[121.53024, 47.1905], [121.25716, 47.11205], [121.05338, 47.14257], [120.96892, 47.09443], [120.69392, 47.1489], [120.18233, 47.12907], [119.91279, 46.90316], [119.8539, 46.91503], [119.85713, 46.96239], [119.78333, 47.02242], [119.79934, 47.05782], [119.70572, 47.19156], [119.62473, 47.25032], [119.54883, 47.25246], [119.55435, 47.2985], [119.32201, 47.42778], [119.35764, 47.4796], [119.14281, 47.53985], [119.12168, 47.66404], [118.75482, 47.77208], [118.55493, 47.99346], [118.11419, 48.04458], [117.97583, 48.00957], [117.83608, 47.90984], [117.51548, 47.77879], [117.37518, 47.64004], [116.88816, 47.57633], [116.38477, 47.60056], [115.93058, 47.68015], [115.57346, 47.92113], [115.53011, 48.14301], [115.81341, 48.25887], [115.7942, 48.52242], [116.07137, 48.81938], [116.04747, 48.98069], [116.06093, 49.38818], [116.4786, 49.65903], [116.71928, 49.84715], [116.7453, 49.9196], [117.30387, 49.77125], [117.58354, 49.80049], [117.72765, 49.77878], [117.81748, 49.71951], [117.84357, 49.6222], [117.90106, 49.59565], [118.06701, 49.61344], [118.10788, 49.66743], [118.15481, 49.65761], [118.22942, 49.73533], [118.37275, 49.77586], [118.38185, 49.82341], [118.47318, 49.8232], [118.47886, 49.87212], [118.5496, 49.89705], [118.55876, 49.93041], [118.92657, 49.99038], [119.04547, 49.97974], [119.15149, 50.02266], [119.17992, 50.08477], [119.24509, 50.07737], [119.30039, 50.13163], [119.29202, 50.15763], [119.33333, 50.16392], [119.34942, 50.20086], [119.30619, 50.2223], [119.3362, 50.25167], [119.31371, 50.28138], [119.37484, 50.31721], [119.34796, 50.35251], [119.1729, 50.34535], [119.11559, 50.3848], [119.23703, 50.44521], [119.24974, 50.48635], [119.22692, 50.4973], [119.28579, 50.57117], [119.27526, 50.60658], [119.49293, 50.74762], [119.48291, 50.87189], [119.58701, 50.98157], [119.68905, 51.01613], [119.73466, 51.06514], [119.77081, 51.15052], [119.74955, 51.16061], [119.77711, 51.17095], [119.75243, 51.2097], [119.80593, 51.21394], [119.78306, 51.24008], [119.80532, 51.2766], [119.9211, 51.35247], [119.89581, 51.38689], [119.95889, 51.40025], [119.96871, 51.50266], [120.02187, 51.52568], [120.03813, 51.60675], [120.09807, 51.64967], [120.08344, 51.67738], [120.18829, 51.68588], [120.40426, 51.83609], [120.47082, 51.84808], [120.47937, 51.88257], [120.64793, 51.92212], [120.70782, 51.99097], [120.68174, 52.0454], [120.74571, 52.07985], [120.77788, 52.15912], [120.7391, 52.21079], [120.75061, 52.25546], [120.65269, 52.29774], [120.60925, 52.35154], [120.67665, 52.42105], [120.68143, 52.51523], [120.72014, 52.5459], [120.45766, 52.64274], [120.38914, 52.61414], [120.28561, 52.62331], [120.19726, 52.57951], [120.06728, 52.58639], [120.02715, 52.63443], [120.06131, 52.7074], [120.02078, 52.77325], [120.28072, 52.8633], [120.54033, 53.07575], [120.6345, 53.10323], [120.68665, 53.17838], [120.83176, 53.239], [120.81694, 53.2705], [121.08624, 53.30825], [121.12542, 53.27511], [121.23039, 53.28049], [121.47736, 53.33749], [121.35337, 53.3486], [121.36037, 53.40047], [121.31211, 53.4457], [121.1881, 53.49358], [121.18393, 53.44345], [121.14401, 53.42054], [120.89001, 53.484], [120.75324, 53.45269], [120.60382, 53.46747], [120.38362, 53.40774], [120.09184, 53.4482], [119.68949, 53.35316], [119.65131, 53.27474], [119.55086, 53.20691], [119.3597, 53.15657], [119.2277, 53.0803], [119.12226, 53.14547], [119.03252, 53.34326], [119.3329, 53.70787], [119.31316, 53.97556], [119.39465, 54.04759], [119.85976, 53.99246], [120.38394, 54.14612], [120.94267, 54.39514], [121.15988, 54.42192], [121.37666, 54.35182], [121.63485, 54.364], [122.11664, 54.48746], [122.56462, 54.64828], [123.14282, 54.72807], [123.24195, 54.76109], [123.36814, 54.92226], [123.64243, 55.09495], [123.95896, 55.16946], [124.17155, 55.27069], [124.26335, 55.34098], [124.42833, 55.64039], [124.58293, 55.71568], [124.66746, 55.79718], [125.03522, 55.92381], [125.32659, 55.85078], [125.5164, 55.72774], [125.68748, 55.77517], [126.00862, 55.68559], [126.04038, 55.66549], [125.88484, 55.52059], [125.89845, 55.47409], [125.96212, 55.45048], [126.3008, 55.55402], [126.43566, 55.47814], [126.47148, 55.501], [126.45706, 55.59068], [126.49633, 55.62509], [126.72942, 55.5943], [127.08409, 55.66251], [127.43093, 55.57404], [127.60429, 55.68038], [127.89218, 55.72779], [128.08217, 55.79503], [128.44907, 55.74662], [128.50249, 55.71708], [128.52259, 55.60542], [128.76337, 55.5111], [128.93931, 55.54767], [129.0019, 55.59068], [129.00045, 55.66873], [129.16976, 55.6886], [129.27173, 55.73858], [129.4047, 55.71614], [130.65262, 55.74346], [130.99908, 55.69378], [131.24792, 55.54458], [131.33063, 55.48918], [131.51505, 55.25741], [131.84946, 55.03257], [131.85964, 54.98706], [131.84004, 54.9364], [131.55265, 54.7392], [131.09066, 54.58621], [130.93073, 54.38016], [130.35827, 54.17968], [130.2433, 54.001], [130.24566, 53.94924], [130.32325, 53.88943], [130.41931, 53.86714], [130.80001, 53.84411], [130.8758, 53.77733], [131.06317, 53.80878], [131.4927, 53.73795], [131.52932, 53.62257], [131.54167, 53.20767], [131.8641, 53.23581], [131.87558, 53.1885], [131.93075, 53.16713], [131.99876, 53.17512], [132.03314, 53.2351], [132.14283, 53.25912], [132.31396, 53.23106], [132.83274, 53.23209], [132.91451, 53.30069], [133.14927, 53.301], [133.18883, 53.39557], [133.43195, 53.49699], [133.71439, 53.43287], [134.07467, 53.42457], [134.28819, 53.46624], [134.45654, 53.557], [134.63156, 53.47906], [134.83908, 53.44557], [134.93659, 53.38766], [134.86447, 53.27417], [134.82199, 53.11422], [134.60326, 52.91029], [134.59122, 52.81976], [134.6209, 52.74782], [134.76302, 52.64817], [134.76277, 52.61426], [134.64802, 52.5859], [134.58204, 52.51641], [134.51206, 52.09426], [134.63165, 52.03921], [134.86334, 52.09618], [135.06576, 52.0421], [135.04081, 51.93176], [134.9504, 51.8074], [134.92526, 51.68864], [134.64442, 51.46125], [134.36775, 51.43229], [134.33178, 51.40969], [134.2782, 51.27389], [133.98544, 51.16061], [133.65819, 50.96471], [133.51708, 50.81845], [133.38472, 50.74483], [133.26818, 50.54504], [133.19739, 50.48113], [133.39478, 50.44527], [133.49691, 50.34956], [133.37981, 50.26561], [133.29387, 50.13071], [133.17009, 50.03282], [133.1741, 49.91364], [133.01202, 49.8472], [132.98754, 49.77833], [132.83884, 49.65107], [132.7753, 49.40436], [132.7014, 49.29783], [132.56454, 49.24518], [132.48948, 49.25263], [132.26954, 49.34634], [132.13905, 49.44875], [131.98571, 49.38797], [131.96646, 49.28028], [131.91765, 49.21843], [131.20168, 49.23956], [131.17932, 49.17745], [131.24769, 49.14023], [131.2627, 49.0895], [131.17793, 48.91405], [130.83164, 48.68258], [130.8893, 48.53354], [131.08214, 48.36311], [131.50595, 48.36811], [131.67808, 48.3112], [131.79009, 48.13051], [131.79429, 47.87633], [131.94745, 47.77671], [132.18656, 47.68469], [132.10667, 47.59548], [131.92126, 47.52101], [131.47509, 47.44462], [130.94159, 47.47684], [130.77849, 47.51715], [130.66944, 47.58569], [130.53561, 47.81667], [130.60969, 47.98289], [130.53835, 48.06373], [129.84257, 47.95477], [129.70754, 47.96079], [129.70194, 47.91205], [129.92314, 47.57288], [129.83858, 47.41737], [129.86036, 47.28514], [129.79938, 47.10393], [129.58472, 46.84732], [129.05176, 46.40152], [128.77359, 46.25051], [128.40292, 46.24474], [128.11695, 46.16855], [128.0205, 46.05151], [128.01343, 45.93938], [127.96875, 45.91525], [127.77304, 45.92974], [127.77974, 45.95607], [127.71214, 45.95371], [127.68006, 46.01216], [127.54446, 46.03705], [127.56262, 45.98165], [127.5319, 45.94115], [127.36488, 45.90854], [127.33257, 45.9634], [126.98765, 46.02709], [126.8596, 45.98378], [126.79102, 45.91768], [126.75447, 45.92504], [126.70089, 45.88593], [126.70364, 45.82981], [126.66625, 45.79704], [126.57069, 45.75274], [126.51094, 45.78407], [126.34161, 45.68992], [126.18738, 45.68855], [126.11382, 45.77389], [126.10325, 45.89535], [126.21094, 45.98497], [126.21517, 46.07097], [126.10517, 46.29331], [125.91174, 46.50852], [125.72024, 46.65729], [125.6391, 46.76992], [125.59505, 47.01454], [125.61738, 47.18356], [125.55981, 47.27605], [125.44315, 47.36256], [125.31891, 47.39207], [124.80498, 47.40873], [124.41662, 47.3374], [124.39781, 47.27538], [124.30727, 47.22816], [124.24001, 47.13697], [124.12746, 47.10843], [124.11585, 47.02072], [124.03569, 46.96017], [124.07784, 46.92722], [124.05197, 46.91242], [124.07341, 46.85371], [124.03506, 46.80742], [123.98253, 46.79014], [123.95928, 46.73125], [123.86021, 46.71201], [123.77506, 46.72116], [123.63871, 46.8198], [123.58, 46.81463], [123.61091, 46.83901], [123.58619, 46.8897], [123.55283, 46.82091], [123.48867, 46.82602], [123.47207, 46.85473], [123.51711, 46.95449], [123.40434, 46.94566], [123.2337, 47.06145], [123.17669, 47.06858], [123.11444, 47.12544], [123.10732, 47.23343], [122.97707, 47.36519], [122.35236, 47.31337], [122.14795, 47.24656], [121.53024, 47.1905]]]}}, {"type": "Feature", "properties": {"SYS_ID": "25026", "NAME_PY": "Jinlin", "NAME_CH": "吉林", "NAME_FT": "吉林", "AREA": 997904.0, "X_COORD": 134.44638, "Y_COORD": 47.98264}, "geometry": {"type": "MultiPolygon", "coordinates": [[[[125.77726, 44.84807], [125.71307, 44.93074], [125.67765, 44.93237], [125.53315, 44.87931], [125.45194, 44.90313], [125.28942, 44.84589], [125.18998, 44.86333], [125.07213, 45.00563], [124.937, 45.07123], [124.88097, 45.13642], [124.72143, 45.19451], [124.71983, 45.33932], [124.65675, 45.43775], [124.75961, 45.46191], [124.77886, 45.43362], [124.86832, 45.43911], [124.90972, 45.53473], [124.94436, 45.49097], [125.03513, 45.49391], [125.03272, 45.43321], [125.08548, 45.38067], [125.2504, 45.4179], [125.28593, 45.39196], [125.29729, 45.42287], [125.35536, 45.39077], [125.45756, 45.45281], [125.44449, 45.48434], [125.4964, 45.46832], [125.60411, 45.5118], [125.73564, 45.51911], [125.83977, 45.50128], [125.9135, 45.57352], [125.9242, 45.6273], [125.97693, 45.62662], [125.95187, 45.67596], [126.03382, 45.70732], [126.11328, 45.66805], [126.34161, 45.68992], [126.51094, 45.78407], [126.57069, 45.75274], [126.6965, 45.81763], [126.70089, 45.88593], [126.93419, 46.01949], [127.03413, 46.02897], [127.1641, 45.9798], [127.27101, 45.98122], [127.34939, 45.95495], [127.37377, 45.90753], [127.5319, 45.94115], [127.56262, 45.98165], [127.54446, 46.03705], [127.68006, 46.01216], [127.71214, 45.95371], [127.77974, 45.95607], [127.77304, 45.92974], [127.96875, 45.91525], [128.01343, 45.93938], [128.0447, 46.0921], [128.18409, 46.19782], [128.59407, 46.2666], [128.77359, 46.25051], [128.83337, 46.27961], [129.05176, 46.40152], [129.33003, 46.61302], [129.58472, 46.84732], [129.79938, 47.10393], [129.86036, 47.28514], [129.83858, 47.41737], [129.92314, 47.57288], [129.70194, 47.91205], [129.70754, 47.96079], [129.84257, 47.95477], [130.53835, 48.06373], [130.60969, 47.98289], [130.53561, 47.81667], [130.66944, 47.58569], [130.77849, 47.51715], [130.94159, 47.47684], [131.61219, 47.4608], [131.92126, 47.52101], [132.16071, 47.63329], [132.18656, 47.68469], [132.15716, 47.70838], [131.94745, 47.77671], [131.79429, 47.87633], [131.77651, 48.17418], [131.64681, 48.33643], [131.50595, 48.36811], [131.08214, 48.36311], [130.8893, 48.53354], [130.83164, 48.68258], [131.17793, 48.91405], [131.2627, 49.0895], [131.24769, 49.14023], [131.17932, 49.17745], [131.20168, 49.23956], [131.91765, 49.21843], [131.96646, 49.28028], [131.98571, 49.38797], [132.13905, 49.44875], [132.26954, 49.34634], [132.48948, 49.25263], [132.56454, 49.24518], [132.7014, 49.29783], [132.7753, 49.40436], [132.83884, 49.65107], [132.98754, 49.77833], [133.01202, 49.8472], [133.1741, 49.91364], [133.17009, 50.03282], [133.29387, 50.13071], [133.37981, 50.26561], [133.49691, 50.34956], [133.39478, 50.44527], [133.19739, 50.48113], [133.26818, 50.54504], [133.38472, 50.74483], [133.51708, 50.81845], [133.65819, 50.96471], [133.98544, 51.16061], [134.2782, 51.27389], [134.33178, 51.40969], [134.36775, 51.43229], [134.64442, 51.46125], [134.92526, 51.68864], [134.9504, 51.8074], [135.04081, 51.93176], [135.06576, 52.0421], [134.86334, 52.09618], [134.63165, 52.03921], [134.51206, 52.09426], [134.58204, 52.51641], [134.64802, 52.5859], [134.76277, 52.61426], [134.76302, 52.64817], [134.6209, 52.74782], [134.59122, 52.81976], [134.60326, 52.91029], [134.82199, 53.11422], [134.86447, 53.27417], [134.93659, 53.38766], [134.83908, 53.44557], [134.63156, 53.47906], [134.45654, 53.557], [134.61995, 53.71479], [135.02321, 53.8658], [135.38854, 54.10288], [135.5551, 54.26691], [135.72922, 54.56024], [135.97431, 54.55995], [136.22992, 54.60665], [136.50494, 54.58288], [136.61154, 54.61218], [136.67477, 54.67689], [136.65121, 54.6161], [136.70573, 54.59537], [136.83879, 54.64154], [136.81057, 54.59325], [136.88735, 54.55852], [136.81993, 54.51985], [136.85636, 54.48312], [136.80835, 54.45849], [136.82632, 54.41706], [136.74978, 54.40604], [136.75753, 54.34525], [136.81894, 54.31351], [136.75503, 54.28796], [136.80786, 54.23476], [136.74839, 54.2141], [136.81594, 54.14286], [136.77179, 54.12245], [136.80351, 54.10665], [136.77617, 54.07774], [136.79454, 54.06074], [136.7018, 54.01499], [136.6783, 53.91805], [136.71504, 53.7917], [136.78796, 53.75937], [136.94534, 53.85132], [137.06895, 53.84171], [137.11454, 53.80388], [137.19537, 53.84194], [137.30845, 54.02798], [137.27599, 54.05378], [137.1608, 54.03518], [137.11877, 54.08844], [137.13154, 54.11295], [137.09187, 54.12566], [137.19758, 54.2105], [137.27616, 54.2127], [137.3006, 54.23543], [137.27891, 54.24507], [137.40622, 54.30456], [137.55866, 54.28939], [137.73758, 54.31788], [137.47521, 54.08742], [137.42073, 54.07537], [137.4635, 54.09469], [137.46747, 54.14167], [137.37604, 54.13454], [137.32761, 54.11287], [137.30268, 54.05654], [137.38205, 54.03417], [137.38128, 54.06164], [137.59313, 53.95352], [137.8612, 53.9655], [137.81029, 53.90383], [137.61464, 53.82875], [137.60727, 53.7725], [137.51174, 53.6945], [137.50315, 53.65134], [137.38349, 53.66768], [137.22099, 53.58583], [137.31887, 53.52875], [137.9555, 53.57483], [138.00668, 53.61972], [138.30193, 53.72986], [138.37009, 53.90051], [138.57518, 53.99006], [138.57147, 53.8075], [138.25782, 53.53023], [138.35833, 53.50032], [138.46026, 53.52064], [138.66043, 53.70802], [138.70318, 53.88999], [138.76674, 53.98466], [138.76027, 54.08938], [138.68271, 54.05877], [138.71499, 54.0438], [138.6578, 54.05577], [138.72241, 54.13941], [138.73311, 54.23304], [138.6586, 54.28514], [138.74472, 54.30349], [139.24625, 54.1735], [139.44293, 54.19158], [139.73059, 54.29348], [139.7838, 54.28812], [139.79538, 54.19695], [139.87918, 54.19309], [139.8804, 54.16368], [139.97062, 54.11493], [140.18786, 54.05293], [140.20588, 53.99454], [140.31379, 53.95571], [140.24793, 53.87052], [140.33277, 53.78136], [140.51309, 53.71047], [140.50421, 53.67658], [140.54648, 53.64372], [140.76559, 53.54822], [141.08533, 53.46501], [141.12219, 53.44604], [140.93918, 53.4954], [140.89513, 53.46238], [140.90767, 53.42505], [140.98894, 53.4428], [140.98155, 53.40835], [141.10264, 53.39379], [141.0728, 53.36932], [141.18748, 53.3105], [141.41173, 53.28938], [141.32406, 53.22293], [141.41173, 53.22086], [141.44149, 53.16202], [141.35348, 53.13127], [141.36309, 53.08095], [141.21646, 53.06813], [141.24804, 53.03887], [141.18659, 52.99703], [141.12369, 52.99043], [140.86749, 53.08096], [140.81729, 53.13172], [140.74139, 53.13217], [140.73425, 53.10644], [140.82446, 53.04879], [140.92089, 53.03385], [140.97102, 52.9265], [141.16767, 52.85647], [141.23238, 52.86567], [141.16512, 52.80308], [141.28427, 52.6582], [141.25351, 52.63892], [141.26409, 52.58968], [141.22399, 52.517], [141.12741, 52.49733], [141.104, 52.42166], [141.39663, 52.21645], [141.52499, 52.23016], [141.54619, 52.15204], [141.43648, 52.15109], [141.33322, 52.09553], [141.34298, 51.98813], [141.41812, 51.95134], [141.18116, 51.84367], [141.1708, 51.78574], [141.10017, 51.71953], [141.11054, 51.68825], [140.87395, 51.62581], [140.88263, 51.4956], [140.7479, 51.46475], [140.78611, 51.42087], [140.88109, 51.42628], [140.84905, 51.41072], [140.85232, 51.36936], [140.67607, 51.32675], [140.69325, 51.24704], [140.62616, 51.23073], [140.66823, 51.17308], [140.62933, 51.11863], [140.66498, 51.10022], [140.67162, 51.0343], [140.61009, 51.03004], [140.65183, 50.96253], [140.50216, 50.8661], [140.51147, 50.80876], [140.43502, 50.71283], [140.49095, 50.62586], [140.42136, 50.53708], [140.52649, 50.33804], [140.49327, 50.26648], [140.51108, 50.14818], [140.54442, 50.11598], [140.68711, 50.0922], [140.4915, 49.99444], [140.40378, 49.87891], [140.45567, 49.80848], [140.52991, 49.78432], [140.49803, 49.69847], [140.54344, 49.56642], [140.41306, 49.4026], [140.42047, 49.29744], [140.34007, 49.26001], [140.3101, 49.20779], [140.34353, 49.20653], [140.34383, 49.10209], [140.26683, 49.08484], [140.33089, 49.04878], [140.20659, 48.97514], [140.26017, 48.96526], [140.34392, 49.02406], [140.33116, 49.00195], [140.38754, 48.9737], [140.34404, 48.90473], [140.23551, 48.84136], [140.19309, 48.76082], [140.18869, 48.57257], [140.15799, 48.55492], [140.17293, 48.44791], [140.0826, 48.4067], [140.03122, 48.33362], [139.92086, 48.30388], [139.72042, 48.16543], [139.53793, 47.96485], [139.41576, 47.92215], [139.28842, 47.81313], [139.06388, 47.4736], [139.05749, 47.40324], [138.99839, 47.35459], [138.9924, 47.31118], [138.87768, 47.29213], [138.57201, 47.02926], [138.50685, 46.93141], [138.50635, 46.87906], [138.35623, 46.68561], [138.35378, 46.53492], [138.19027, 46.4479], [138.11376, 46.3179], [138.11184, 46.23509], [137.77412, 45.93529], [137.69053, 45.7996], [137.36451, 45.60481], [137.14499, 45.3671], [136.80342, 45.18937], [136.76031, 45.08482], [136.63464, 45.03192], [136.54783, 44.9046], [136.43924, 44.82024], [136.45064, 44.76644], [136.35472, 44.79175], [136.34518, 44.74778], [136.30372, 44.73489], [136.33711, 44.71415], [136.2343, 44.66314], [136.21451, 44.61479], [136.2361, 44.58554], [136.15339, 44.49599], [135.8856, 44.40353], [135.80188, 44.26579], [135.65341, 44.16618], [135.63513, 44.03089], [135.53213, 43.99662], [135.52858, 43.91744], [135.46248, 43.94725], [135.49649, 43.90316], [135.46757, 43.87865], [135.5332, 43.8981], [135.43358, 43.76092], [135.28022, 43.68284], [135.25386, 43.70535], [135.2933, 43.73072], [135.17114, 43.74933], [135.23625, 43.6894], [135.14929, 43.50858], [134.97786, 43.46153], [134.8543, 43.38917], [134.7779, 43.30217], [134.7032, 43.29428], [134.34693, 43.1094], [134.18825, 43.06804], [134.1272, 42.99268], [134.03307, 42.961], [133.92551, 42.86782], [133.8747, 42.90817], [133.73165, 42.8081], [133.65647, 42.85867], [133.6632, 42.89502], [133.60967, 42.83163], [133.51029, 42.83526], [133.47962, 42.79266], [133.30763, 42.77434], [133.16921, 42.69004], [133.05005, 42.67224], [133.00699, 42.71446], [133.08571, 42.74255], [132.99098, 42.80611], [133.00374, 42.84996], [132.91022, 42.82835], [132.87318, 42.78522], [132.9138, 42.80834], [132.9137, 42.7879], [132.85826, 42.73319], [132.81244, 42.76417], [132.76805, 42.84091], [132.78422, 42.88637], [132.74679, 42.90724], [132.69795, 42.84937], [132.57767, 42.83399], [132.57493, 42.85657], [132.51519, 42.85816], [132.52218, 42.90037], [132.41211, 42.94192], [132.4198, 42.91182], [132.35238, 42.9115], [132.38322, 42.88393], [132.37106, 42.84714], [132.32243, 42.84125], [132.29472, 42.91057], [132.32801, 43.00423], [132.28712, 43.0622], [132.32464, 43.07088], [132.34677, 43.12251], [132.31977, 43.16501], [132.40948, 43.17608], [132.38035, 43.21525], [132.32112, 43.20897], [132.35208, 43.28042], [132.30274, 43.31126], [132.3058, 43.33993], [132.28706, 43.30251], [132.30876, 43.2829], [132.1213, 43.18653], [131.96418, 43.05541], [131.88268, 43.08242], [131.92448, 43.10255], [131.9009, 43.10841], [131.83964, 43.07301], [131.91581, 43.19692], [132.00819, 43.23605], [132.07246, 43.31267], [132.0194, 43.3227], [131.96971, 43.25617], [131.97752, 43.30511], [131.81771, 43.3023], [131.84545, 43.33986], [131.8063, 43.33553], [131.79224, 43.36454], [131.79782, 43.32335], [131.76093, 43.32578], [131.7552, 43.22823], [131.70031, 43.20403], [131.77046, 43.19893], [131.77552, 43.17133], [131.73452, 43.16317], [131.6843, 43.20419], [131.63316, 43.17609], [131.69892, 43.18068], [131.55732, 43.03234], [131.57909, 43.01146], [131.41499, 42.97782], [131.49708, 42.98238], [131.49093, 42.94112], [131.37434, 42.94151], [131.40766, 42.90699], [131.38761, 42.87332], [131.4734, 42.88207], [131.36205, 42.82729], [131.35807, 42.76479], [131.32577, 42.79627], [131.25831, 42.77159], [131.25021, 42.69023], [131.20736, 42.65398], [131.22009, 42.56149], [131.15185, 42.5871], [131.18282, 42.60305], [131.12591, 42.62027], [131.12202, 42.67397], [131.0853, 42.64634], [131.102, 42.62418], [131.01998, 42.65358], [130.9147, 42.59445], [130.8102, 42.63438], [130.85427, 42.65142], [130.9233, 42.61494], [130.95336, 42.65671], [130.78312, 42.65628], [130.83591, 42.69888], [130.66685, 42.67227], [130.65394, 42.64391], [130.73627, 42.62808], [130.68706, 42.57449], [130.79499, 42.63462], [130.77233, 42.57962], [130.87191, 42.52686], [130.83004, 42.53108], [130.83952, 42.47439], [130.77364, 42.46959], [130.75561, 42.51724], [130.78468, 42.50858], [130.78254, 42.53118], [130.71236, 42.55362], [130.70321, 42.50674], [130.73228, 42.51301], [130.67101, 42.48131], [130.74711, 42.48984], [130.76865, 42.46178], [130.6861, 42.41612], [130.78809, 42.45332], [130.72141, 42.40467], [130.76484, 42.39399], [130.71282, 42.36832], [130.74764, 42.35872], [130.69181, 42.29172], [130.56336, 42.43448], [130.51478, 42.60482], [130.47884, 42.61355], [130.47907, 42.5565], [130.43114, 42.54605], [130.4257, 42.60436], [130.37986, 42.59653], [130.23864, 42.71503], [130.22091, 42.79047], [130.26676, 42.90234], [130.10061, 42.9138], [130.13672, 42.97335], [130.11472, 42.99171], [130.02196, 42.96825], [129.90424, 43.00817], [129.87809, 42.98596], [129.9157, 42.97496], [129.85384, 42.95622], [129.8653, 42.92225], [129.8397, 42.92107], [129.76066, 42.72516], [129.79636, 42.68189], [129.74233, 42.64668], [129.77288, 42.60486], [129.73607, 42.58115], [129.74274, 42.46834], [129.7146, 42.43485], [129.58509, 42.45355], [129.59757, 42.41735], [129.54682, 42.3615], [129.44529, 42.43848], [129.33738, 42.44909], [129.35607, 42.41211], [129.31374, 42.42975], [129.31305, 42.38466], [129.23792, 42.37697], [129.22441, 42.35378], [129.25446, 42.32875], [129.19554, 42.31641], [129.23391, 42.30786], [129.19924, 42.29008], [129.22126, 42.27113], [129.1704, 42.25482], [129.21535, 42.20955], [128.95028, 42.08641], [128.94669, 42.02329], [128.91431, 42.01066], [128.73516, 42.04967], [128.67748, 42.01376], [128.60599, 42.0312], [128.56856, 41.99595], [128.27152, 42.02509], [128.03102, 41.99716], [128.095, 41.9464], [128.09062, 41.82962], [128.15731, 41.71177], [128.25667, 41.66909], [128.30985, 41.60526], [128.2081, 41.418], [128.10744, 41.36293], [128.08545, 41.37265], [128.10433, 41.39599], [128.03548, 41.38904], [128.00025, 41.44454], [127.97644, 41.41665], [127.93523, 41.45633], [127.90446, 41.42764], [127.87337, 41.44404], [127.86468, 41.40492], [127.64879, 41.42627], [127.65003, 41.40373], [127.54982, 41.43385], [127.5373, 41.4766], [127.46227, 41.48128], [127.43666, 41.45476], [127.24852, 41.47825], [127.2802, 41.50465], [127.09825, 41.54088], [127.17733, 41.59362], [127.03264, 41.66641], [127.07418, 41.69902], [127.04312, 41.74245], [126.93306, 41.77192], [126.94238, 41.80511], [126.92023, 41.80708], [126.83583, 41.72178], [126.79819, 41.74307], [126.79231, 41.69563], [126.701, 41.74064], [126.72963, 41.70495], [126.68813, 41.66167], [126.60987, 41.65865], [126.59622, 41.61129], [126.56374, 41.60581], [126.58992, 41.56356], [126.55632, 41.48181], [126.5061, 41.43501], [126.531, 41.35941], [126.43347, 41.35025], [126.27511, 41.15496], [126.10941, 41.08484], [126.12758, 41.04761], [126.08331, 41.03544], [126.0984, 41.00116], [126.05776, 40.99958], [126.07369, 40.96983], [125.96588, 40.91714], [126.01475, 40.89869], [125.93622, 40.87888], [125.87652, 40.91135], [125.80921, 40.86571], [125.77283, 40.90148], [125.67454, 40.84446], [125.52622, 40.85782], [125.15644, 40.77746], [124.90346, 40.77876], [124.77651, 40.91151], [124.77445, 41.12665], [124.90562, 41.15373], [125.1253, 41.30458], [125.11589, 41.35997], [124.88753, 41.38913], [124.85722, 41.40751], [124.86408, 41.44545], [124.94142, 41.48226], [125.17683, 41.48349], [125.25926, 41.5178], [125.30185, 41.68256], [125.28601, 41.87674], [125.33199, 41.92822], [125.28452, 41.95599], [125.22931, 42.14129], [125.26679, 42.29317], [125.19804, 42.34574], [125.1204, 42.51665], [124.95836, 42.59367], [124.63613, 42.64304], [124.36302, 42.64207], [124.14339, 42.77747], [124.19319, 42.86308], [124.43647, 43.06501], [124.62479, 43.30019], [125.03001, 43.57947], [125.21486, 43.63427], [124.88823, 43.92108], [124.69957, 44.01643], [124.5403, 44.05092], [124.55787, 44.12121], [124.72324, 44.28067], [125.17304, 44.30438], [125.21721, 44.34593], [125.1925, 44.41944], [125.26919, 44.50121], [125.38439, 44.54381], [125.46307, 44.63942], [125.58994, 44.67125], [125.63085, 44.70617], [125.63126, 44.75449], [125.72834, 44.8071], [125.70458, 44.81606], [125.74238, 44.85428], [125.77726, 44.84807]]], [[[142.0765, 51.47154], [141.92331, 51.57747], [141.96275, 51.60165], [141.93387, 51.64114], [141.89104, 51.60155], [141.67122, 51.74815], [141.81299, 51.72411], [141.81743, 51.79329], [141.62596, 51.88745], [141.68057, 51.96931], [141.62924, 52.10121], [141.68553, 52.15719], [141.63668, 52.2247], [141.65924, 52.26034], [141.62326, 52.31931], [141.64805, 52.39001], [141.76131, 52.46212], [141.82126, 52.55464], [141.82638, 52.58648], [141.79596, 52.59307], [141.83784, 52.70601], [141.81318, 52.72115], [141.91971, 53.05191], [141.83007, 53.15392], [141.78339, 53.25805], [141.79769, 53.32213], [141.75312, 53.36649], [141.8838, 53.4388], [142.22448, 53.52998], [142.2629, 53.52326], [142.21359, 53.51883], [142.23858, 53.49436], [142.23079, 53.3754], [142.27946, 53.35514], [142.4577, 53.37229], [142.58208, 53.51418], [142.66526, 53.48692], [142.65165, 53.54815], [142.56156, 53.59059], [142.49942, 53.54626], [142.47802, 53.64609], [142.63111, 53.68165], [142.65238, 53.61311], [142.69293, 53.60526], [142.68149, 53.62474], [142.73135, 53.63316], [142.78944, 53.70284], [142.75327, 53.80583], [142.68966, 53.84393], [142.6642, 53.71932], [142.58053, 53.69479], [142.67285, 53.83222], [142.68328, 53.94821], [142.42536, 54.1381], [142.37432, 54.23057], [142.25662, 54.29377], [142.49973, 54.27734], [142.54102, 54.22537], [142.55877, 54.2788], [142.58419, 54.26141], [142.56724, 54.20965], [142.61161, 54.27383], [142.70476, 54.2492], [142.59938, 54.31235], [142.6691, 54.36024], [142.65665, 54.40198], [142.70444, 54.41364], [142.78336, 54.29807], [142.98492, 54.1085], [142.97512, 54.03704], [142.9015, 53.98398], [142.87903, 53.88337], [142.84404, 53.90593], [142.80909, 53.86843], [142.88533, 53.86216], [143.0466, 53.5655], [143.01547, 53.58374], [142.95879, 53.54946], [143.02116, 53.52498], [143.05438, 53.55243], [143.1058, 53.46855], [143.06173, 53.47146], [143.04684, 53.43462], [143.12031, 53.44141], [143.13726, 53.42409], [143.06439, 53.39503], [143.06085, 53.36351], [143.15832, 53.3838], [143.20025, 53.31217], [143.25607, 53.16504], [143.31889, 52.85203], [143.2673, 53.02221], [143.23738, 53.05366], [143.26775, 53.07423], [143.23458, 53.08271], [143.25337, 53.13243], [143.13367, 53.19289], [143.11615, 53.26953], [143.16354, 53.27694], [143.17738, 53.32428], [143.14698, 53.36329], [143.07896, 53.33983], [143.02318, 53.25132], [143.07474, 53.20336], [143.08058, 53.10894], [143.11541, 53.06149], [143.09055, 53.03825], [143.16129, 52.9899], [143.15692, 52.9413], [143.22066, 52.89685], [143.23543, 52.84281], [143.28041, 52.9469], [143.30659, 52.77798], [143.32608, 52.83891], [143.31673, 52.60044], [143.26594, 52.42233], [143.17453, 52.32943], [143.19295, 52.39645], [143.26675, 52.45483], [143.21954, 52.47088], [143.29374, 52.58264], [143.26328, 52.59289], [143.28516, 52.64559], [143.22498, 52.59388], [143.25136, 52.58108], [143.21595, 52.5459], [143.23087, 52.50981], [143.16662, 52.4785], [143.17299, 52.41609], [143.11617, 52.3583], [143.1171, 52.32084], [143.16423, 52.35845], [143.17949, 52.31388], [143.14631, 52.26315], [143.13832, 52.09393], [143.08993, 52.15287], [143.08275, 52.0914], [143.12118, 52.10661], [143.14255, 51.97706], [143.1019, 51.9838], [143.12439, 51.95721], [143.10123, 51.9299], [143.18794, 51.83666], [143.09435, 51.80906], [143.02601, 51.72667], [143.08453, 51.79505], [143.19391, 51.83222], [143.20825, 51.89806], [143.31659, 51.69687], [143.27705, 51.71616], [143.24492, 51.68736], [143.20278, 51.51152], [143.33519, 51.50433], [143.32555, 51.61484], [143.35772, 51.64776], [143.37074, 51.62513], [143.3542, 51.61141], [143.42862, 51.44939], [143.39436, 51.56522], [143.42377, 51.51236], [143.46939, 51.34204], [143.43406, 51.36945], [143.37185, 51.33253], [143.41825, 51.32495], [143.40801, 51.29576], [143.46024, 51.29705], [143.49213, 51.23859], [143.46198, 51.21687], [143.51041, 51.23194], [143.48314, 51.30957], [143.52555, 51.2244], [143.78726, 50.31895], [143.99535, 50.01232], [143.99397, 49.96857], [144.12125, 49.75342], [144.13621, 49.62222], [144.23884, 49.50847], [144.21906, 49.42643], [144.39148, 49.04469], [144.69006, 48.86334], [144.68146, 48.71784], [144.7515, 48.65249], [144.67591, 48.65099], [144.64593, 48.78856], [144.51743, 48.93266], [144.27842, 49.08229], [144.14755, 49.217], [144.0327, 49.26003], [143.71838, 49.31322], [143.37247, 49.30526], [143.12164, 49.22724], [142.969, 49.11129], [142.9477, 49.01659], [142.974, 48.89197], [142.81384, 48.66799], [142.56733, 48.11418], [142.55376, 48.02551], [142.52058, 48.00523], [142.5443, 48.00008], [142.53613, 47.78769], [142.58746, 47.64657], [142.68967, 47.5089], [142.9435, 47.35351], [143.02355, 47.25415], [143.04745, 47.15134], [143.02313, 47.08671], [143.09939, 46.90913], [143.16547, 46.84508], [143.29596, 46.79887], [143.41482, 46.79848], [143.42983, 46.84623], [143.48398, 46.81424], [143.50953, 46.58847], [143.57179, 46.42422], [143.53403, 46.38992], [143.57514, 46.40371], [143.61759, 46.36796], [143.56741, 46.34354], [143.56797, 46.29634], [143.5232, 46.28109], [143.46704, 46.19044], [143.46819, 46.09854], [143.41734, 46.02232], [143.39878, 46.10272], [143.42461, 46.20003], [143.30749, 46.50428], [143.1427, 46.6037], [142.8854, 46.62096], [142.78079, 46.59934], [142.73181, 46.73474], [142.69028, 46.75066], [142.5262, 46.69423], [142.40914, 46.57975], [142.25615, 46.28236], [142.19038, 46.03898], [142.1064, 45.98488], [142.08852, 45.89446], [141.92199, 46.04309], [141.93336, 46.09957], [141.813, 46.58411], [142.05897, 47.08043], [142.04604, 47.20857], [141.9724, 47.30732], [142.00194, 47.35826], [141.96861, 47.44775], [141.96747, 47.61347], [142.09385, 47.86353], [142.2061, 47.98311], [142.17485, 48.03033], [142.14, 48.32834], [141.89608, 48.63407], [141.84228, 48.76967], [141.97243, 48.87586], [142.031, 49.14612], [142.08718, 49.21789], [142.0702, 49.35455], [142.1262, 49.45552], [142.15552, 49.67303], [142.12597, 49.88847], [142.16683, 50.14147], [142.12076, 50.29462], [142.15084, 50.31239], [142.14559, 50.36316], [142.04006, 50.5516], [142.09139, 50.72225], [142.08703, 50.82267], [142.11587, 50.89058], [142.21436, 50.97622], [142.25179, 51.09867], [142.16223, 51.27217], [142.1723, 51.30958], [142.06232, 51.42896], [142.0765, 51.47154]]], [[[137.31028, 54.89754], [137.50725, 55.06889], [137.55249, 55.177], [137.63742, 55.19481], [137.76266, 55.13958], [137.92922, 55.14185], [138.05498, 55.05473], [138.22342, 55.02223], [138.18541, 54.99083], [138.11204, 54.99214], [137.99949, 54.91627], [138.00312, 54.77986], [137.88891, 54.74901], [137.71603, 54.60865], [137.4762, 54.86155], [137.24093, 54.75951], [137.31028, 54.89754]]], [[[137.1966, 55.10756], [137.06107, 54.96632], [137.09209, 54.94159], [137.05755, 54.90726], [136.94727, 54.91063], [136.90318, 54.95376], [136.76654, 54.92419], [136.7832, 54.88785], [136.7536, 54.87522], [136.67654, 54.89111], [136.69384, 54.9459], [136.79954, 55.00729], [137.03118, 55.10179], [137.1966, 55.10756]]], [[[131.82614, 42.92711], [131.8242, 42.95893], [131.75164, 42.99791], [131.79849, 42.99083], [131.77307, 43.00964], [131.80546, 43.05771], [131.89991, 42.97963], [131.8462, 43.05228], [131.90086, 43.056], [131.93563, 42.99225], [131.90856, 42.95146], [131.87353, 42.93842], [131.86738, 42.96124], [131.82614, 42.92711]]], [[[137.6563, 54.37735], [137.54613, 54.40257], [137.59721, 54.45632], [137.56238, 54.50604], [137.62257, 54.55533], [137.66493, 54.50281], [137.61757, 54.42609], [137.6563, 54.37735]]], [[[137.72487, 54.35243], [137.71997, 54.37594], [137.82818, 54.4268], [137.84893, 54.48319], [137.92533, 54.49218], [137.9573, 54.45892], [137.72487, 54.35243]]], [[[142.29446, 53.5103], [142.2878, 53.55728], [142.40492, 53.5906], [142.46263, 53.57043], [142.30724, 53.54114], [142.29446, 53.5103]]], [[[132.47355, 42.79072], [132.39724, 42.82458], [132.4274, 42.89941], [132.46635, 42.8599], [132.44642, 42.83667], [132.47355, 42.79072]]], [[[136.4583, 54.61977], [136.29724, 54.64449], [136.26599, 54.67451], [136.33371, 54.68947], [136.35696, 54.64297], [136.46228, 54.64547], [136.4583, 54.61977]]], [[[141.47299, 53.29482], [141.31159, 53.34217], [141.39019, 53.34314], [141.47299, 53.29482]]], [[[132.36871, 42.73007], [132.30653, 42.74886], [132.35602, 42.77733], [132.36871, 42.73007]]], [[[131.73028, 42.92388], [131.70861, 42.9735], [131.73293, 42.98957], [131.76019, 42.95571], [131.73028, 42.92388]]], [[[141.70092, 53.37664], [141.70029, 53.40268], [141.81969, 53.41097], [141.72545, 53.39376], [141.70092, 53.37664]]], [[[141.32027, 53.37193], [141.15887, 53.4319], [141.10064, 53.44479], [141.17294, 53.43511], [141.32027, 53.37193]]], [[[131.7441, 42.89996], [131.70887, 42.91995], [131.75015, 42.91713], [131.7441, 42.89996]]], [[[131.6807, 42.86661], [131.6363, 42.86207], [131.68118, 42.88319], [131.6807, 42.86661]]]]}}, {"type": "Feature", "properties": {"SYS_ID": "25027", "NAME_PY": "Wuliyasutai", "NAME_CH": "乌里雅苏台", "NAME_FT": "烏里雅蘇台", "AREA": 1983640.0, "X_COORD": 101.28736, "Y_COORD": 47.60334}, "geometry": {"type": "Polygon", "coordinates": [[[112.00328, 46.03259], [111.81261, 45.81362], [111.58336, 45.73709], [111.47365, 45.61893], [111.44854, 45.5449], [111.41686, 45.38495], [111.43359, 45.29907], [111.57497, 45.11369], [111.77977, 44.98751], [111.60492, 44.75575], [111.55335, 44.64544], [111.56107, 44.57127], [111.46365, 44.47142], [111.40929, 44.34464], [111.5026, 44.29124], [111.53923, 44.19176], [111.65427, 44.06204], [111.87393, 43.93224], [111.95898, 43.8191], [111.9474, 43.69167], [111.78768, 43.66642], [111.57291, 43.49077], [111.40155, 43.47639], [111.34489, 43.43072], [111.00607, 43.32201], [110.7093, 43.06371], [110.62811, 42.93267], [110.47131, 42.83523], [110.43293, 42.7772], [110.10083, 42.63911], [109.85748, 42.61861], [109.46922, 42.45348], [109.27721, 42.4323], [109.02441, 42.45419], [108.83853, 42.39561], [108.24079, 42.46064], [107.91879, 42.40227], [107.56593, 42.41158], [107.45318, 42.45666], [107.29281, 42.40811], [107.19812, 42.33941], [106.786, 42.29143], [105.69694, 41.93091], [105.2838, 41.74485], [105.22873, 41.74703], [104.93931, 41.55157], [104.78959, 41.60296], [104.52493, 41.87338], [104.06874, 41.80054], [103.84377, 41.80061], [103.3857, 41.88799], [102.7078, 42.15107], [102.44348, 42.14421], [102.07555, 42.22493], [101.79661, 42.50153], [101.69218, 42.51267], [101.65805, 42.5675], [101.56542, 42.6172], [100.68442, 42.9893], [100.09618, 42.9014], [99.37296, 42.93569], [98.86155, 42.83497], [98.59525, 42.82809], [97.71028, 43.02197], [97.43266, 42.97588], [97.01973, 43.24424], [96.9485, 43.25062], [96.70254, 43.17832], [96.46118, 43.20308], [96.27079, 43.31176], [96.21433, 43.38413], [96.09384, 43.80306], [95.92833, 44.01039], [95.54362, 44.23392], [94.88929, 44.45006], [94.36321, 44.68805], [94.20154, 44.79266], [93.32884, 44.99385], [92.98535, 44.99666], [92.88155, 45.04356], [92.24518, 45.0089], [92.06526, 45.08224], [91.61384, 45.06419], [91.49978, 45.09555], [91.42725, 45.15523], [91.3761, 45.1072], [91.23207, 45.13579], [91.15137, 45.20322], [90.9907, 45.21795], [90.8804, 45.19085], [90.73022, 45.24025], [90.56131, 45.35809], [90.42434, 45.58443], [90.36337, 45.78464], [90.41437, 45.90388], [90.28219, 45.99494], [90.03412, 46.10017], [89.90618, 46.20984], [89.50973, 46.34657], [89.31961, 46.48133], [89.15959, 46.42236], [89.07979, 46.45767], [88.90756, 46.37226], [88.75571, 46.35552], [88.65792, 46.4349], [88.58489, 46.45227], [88.50414, 46.54669], [88.33787, 46.5401], [88.14092, 46.58637], [88.00791, 46.57292], [87.71262, 46.69675], [87.6808, 46.76001], [87.70901, 46.82167], [87.64071, 47.03097], [87.47084, 47.10206], [87.43508, 47.06245], [87.44247, 46.98016], [87.36395, 46.99655], [87.26055, 47.08406], [87.26046, 47.15532], [87.36065, 47.32184], [87.48522, 47.362], [87.5702, 47.45268], [87.424, 47.45329], [87.19857, 47.59143], [87.13412, 47.56593], [87.01989, 47.59904], [86.946, 47.63667], [86.94491, 47.66525], [86.7945, 47.72018], [86.68302, 47.83404], [86.48661, 47.89543], [86.38269, 47.84098], [86.31663, 47.8761], [86.26419, 47.86986], [86.26801, 47.84843], [86.16254, 47.86103], [85.96908, 47.95965], [85.90111, 47.97321], [85.87776, 47.94673], [85.87768, 47.97717], [85.83248, 47.95719], [85.75831, 47.98791], [85.7254, 47.96272], [85.64938, 48.01419], [85.54949, 47.98427], [85.53178, 48.02612], [85.35297, 48.01507], [85.3144, 47.98236], [85.21311, 48.00001], [85.07772, 47.95185], [85.04442, 47.9686], [84.68588, 47.81055], [84.49643, 47.79369], [84.17335, 47.86956], [83.6912, 48.05528], [83.49743, 48.21095], [83.48908, 48.28762], [83.58087, 48.33941], [83.61859, 48.40034], [83.51174, 48.48492], [83.48681, 48.65793], [83.4412, 48.71127], [83.45563, 48.80165], [83.55152, 48.93126], [83.81034, 49.01134], [83.90662, 49.01125], [84.16155, 49.10918], [84.20921, 49.14871], [84.21354, 49.20518], [83.87797, 49.44019], [83.65228, 49.48033], [83.53755, 49.58977], [83.46488, 49.5804], [83.36356, 49.63634], [83.34057, 49.69191], [83.0295, 49.6896], [83.02175, 49.72488], [82.94594, 49.72512], [82.97221, 49.77186], [82.93104, 49.77803], [82.94294, 49.80808], [82.80228, 49.89137], [82.85439, 49.96712], [83.08642, 50.15372], [83.19993, 50.41524], [83.20577, 50.59565], [83.0847, 50.87858], [82.81905, 50.95787], [82.66304, 51.09953], [82.66508, 51.16082], [82.71073, 51.14893], [82.75235, 51.1843], [82.74756, 51.25473], [82.78048, 51.25625], [82.8191, 51.32581], [82.86758, 51.32499], [82.84214, 51.35418], [82.89389, 51.37546], [82.87255, 51.39192], [82.93665, 51.46547], [82.92743, 51.49186], [83.62494, 51.72187], [84.13956, 51.82847], [84.41859, 51.91904], [84.65829, 52.07131], [85.01067, 52.3838], [85.07168, 52.47079], [85.13793, 52.47494], [85.27942, 52.57077], [85.39549, 52.57191], [85.5361, 52.66579], [85.72639, 52.72626], [85.96244, 52.85332], [86.29501, 52.9626], [86.46135, 53.14019], [86.5713, 53.17314], [87.53771, 53.27124], [87.86994, 53.26988], [88.56579, 53.14877], [88.63717, 53.13061], [88.79832, 52.99083], [89.09116, 52.88558], [89.77055, 52.71043], [90.1425, 52.66441], [90.30284, 52.61272], [90.35084, 52.48987], [90.33331, 52.39173], [90.48852, 52.19655], [90.73289, 52.07831], [90.89857, 51.92156], [91.26153, 51.86685], [91.52122, 51.87264], [91.63724, 51.81224], [92.22447, 51.78606], [92.56097, 51.72211], [92.73733, 51.78054], [92.87691, 51.78784], [93.08254, 51.94734], [93.64503, 52.13182], [93.85809, 52.34676], [93.85971, 52.40165], [93.8207, 52.44867], [93.50284, 52.51758], [93.47872, 52.61865], [93.53858, 52.6759], [93.96313, 52.8244], [94.18881, 52.80824], [94.38171, 52.87001], [94.48688, 52.79616], [94.62143, 52.85394], [94.61462, 53.0381], [94.75305, 53.18472], [94.65669, 53.25418], [94.65973, 53.28852], [94.83482, 53.33467], [95.40994, 53.31892], [95.77584, 53.45561], [96.05873, 53.3877], [96.10058, 53.46131], [96.2224, 53.46878], [96.23587, 53.52054], [96.29123, 53.53504], [96.40435, 53.4516], [96.50713, 53.45111], [96.71966, 53.51321], [96.73166, 53.55801], [96.68897, 53.60558], [96.73194, 53.65511], [96.8213, 53.65037], [96.92769, 53.59517], [97.2765, 53.51368], [97.41849, 53.40668], [97.58512, 53.36173], [97.63293, 53.30726], [97.8575, 53.27423], [97.98137, 53.2205], [97.9758, 53.15392], [98.08887, 53.15591], [98.24309, 53.06886], [98.75106, 53.07557], [98.91185, 53.03682], [98.89806, 52.94626], [99.14857, 52.85549], [99.14924, 52.79764], [99.09838, 52.75725], [98.87614, 52.8095], [98.83087, 52.77255], [98.91698, 52.6999], [98.82154, 52.61906], [98.85087, 52.51425], [98.75836, 52.39763], [98.68801, 52.36843], [98.66927, 52.23842], [98.83302, 52.19523], [98.87343, 52.08556], [98.99944, 52.01559], [99.20252, 51.98827], [99.33211, 51.88909], [99.61406, 51.86459], [99.96999, 51.7045], [100.3562, 51.7125], [100.65578, 51.68247], [100.96576, 51.52235], [101.09942, 51.52869], [101.40377, 51.40489], [101.61862, 51.44691], [102.08422, 51.33392], [102.15203, 51.30327], [102.18037, 51.03577], [102.26591, 50.91473], [102.27561, 50.77497], [102.33979, 50.7408], [102.35254, 50.66749], [102.28746, 50.57554], [102.34857, 50.52773], [102.45804, 50.51556], [102.6772, 50.34773], [102.78343, 50.34981], [102.97045, 50.27704], [103.14615, 50.28183], [103.20317, 50.26497], [103.28357, 50.17418], [103.66645, 50.10234], [103.7825, 50.14172], [104.11595, 50.1223], [104.39507, 50.28925], [104.5708, 50.28988], [104.87216, 50.35907], [105.11232, 50.36149], [105.34596, 50.45165], [105.59261, 50.40583], [105.91259, 50.40019], [106.11479, 50.29319], [106.6449, 50.31724], [106.96652, 50.2556], [107.05691, 50.16492], [107.04298, 50.11239], [107.15156, 50.01378], [107.26206, 49.98626], [107.31905, 50.01242], [107.4293, 49.97304], [107.74625, 49.97337], [107.8059, 49.93458], [108.01244, 49.94698], [108.08151, 49.91847], [108.07613, 49.77477], [108.11278, 49.73526], [108.02082, 49.6964], [108.04137, 49.58459], [108.23032, 49.5071], [108.50588, 49.32801], [108.7058, 49.29629], [109.23166, 49.32485], [109.3699, 49.30232], [109.53848, 49.19738], [109.71051, 49.2121], [110.17918, 49.14395], [110.28546, 49.14771], [110.38593, 49.21737], [110.67248, 49.12341], [110.91275, 49.14096], [110.99496, 49.16841], [111.08365, 49.26094], [111.2421, 49.28042], [111.33074, 49.33905], [111.51806, 49.32774], [111.65977, 49.37619], [111.89352, 49.36607], [112.36205, 49.52658], [112.77676, 49.50799], [113.05238, 49.62717], [113.11043, 49.67815], [113.1552, 49.8094], [113.24991, 49.86626], [113.62731, 49.99347], [113.74306, 50.07244], [114.13366, 50.22715], [114.32827, 50.27495], [114.61203, 50.27906], [114.87199, 50.23787], [115.05347, 50.13675], [115.21284, 49.97916], [115.67977, 49.8576], [115.78574, 49.86978], [116.16886, 50.03618], [116.37985, 50.03327], [116.7453, 49.9196], [116.71928, 49.84715], [116.06093, 49.38818], [116.04747, 48.98069], [116.07137, 48.81938], [115.7942, 48.52242], [115.81341, 48.25887], [115.53011, 48.14301], [115.57346, 47.92113], [115.93058, 47.68015], [116.38477, 47.60056], [116.88816, 47.57633], [117.37518, 47.64004], [117.51548, 47.77879], [117.83608, 47.90984], [117.97583, 48.00957], [118.11419, 48.04458], [118.55493, 47.99346], [118.75482, 47.77208], [119.12168, 47.66404], [119.14281, 47.53985], [119.35764, 47.4796], [119.32201, 47.42778], [119.55435, 47.2985], [119.54883, 47.25246], [119.62473, 47.25032], [119.70572, 47.19156], [119.79934, 47.05782], [119.78333, 47.02242], [119.85713, 46.96239], [119.8539, 46.91503], [119.91279, 46.90316], [119.87542, 46.82107], [119.74731, 46.78169], [119.66996, 46.6101], [119.43257, 46.63745], [119.32769, 46.60476], [119.22734, 46.6498], [119.10021, 46.64408], [119.00059, 46.74183], [118.91517, 46.72366], [118.89636, 46.77945], [118.82615, 46.76564], [118.79079, 46.68605], [118.65041, 46.71398], [118.45089, 46.70128], [118.31123, 46.73789], [118.04384, 46.62773], [117.92244, 46.61153], [117.82236, 46.52683], [117.6867, 46.51503], [117.59171, 46.60076], [117.41399, 46.58024], [117.44181, 46.52434], [117.37303, 46.40852], [117.28405, 46.41456], [117.07025, 46.55412], [116.90078, 46.62275], [116.35857, 46.69691], [116.28617, 46.68366], [116.23985, 46.52716], [116.28349, 46.39865], [116.1883, 46.14279], [116.26182, 45.94017], [116.23741, 45.87856], [116.28168, 45.77015], [116.1816, 45.69249], [116.03092, 45.67968], [115.92543, 45.62661], [115.70507, 45.46209], [115.54979, 45.54144], [115.47986, 45.54078], [115.37582, 45.40677], [115.01649, 45.42444], [114.87588, 45.54861], [114.69534, 45.82023], [114.53494, 45.9254], [114.33591, 45.93873], [114.222, 45.98165], [113.90453, 46.2554], [112.82744, 46.50181], [112.68595, 46.51371], [112.48481, 46.47298], [112.22973, 46.37698], [112.05045, 46.19306], [112.00328, 46.03259]]]}}, {"type": "Feature", "properties": {"SYS_ID": "25028", "NAME_PY": "Qinghai", "NAME_CH": "青海", "NAME_FT": "青海", "AREA": 645031.0, "X_COORD": 95.97999, "Y_COORD": 35.26864}, "geometry": {"type": "Polygon", "coordinates": [[[97.3843, 32.78769], [97.1168, 32.6922], [97.11372, 32.63988], [97.23387, 32.55182], [97.24378, 32.4766], [97.23645, 32.43337], [97.13245, 32.33407], [97.11069, 32.20435], [97.04176, 32.09137], [96.94028, 32.06007], [96.94935, 31.99099], [96.89957, 32.02031], [96.85021, 31.98336], [96.80442, 32.02141], [96.72136, 32.02417], [96.74806, 31.94824], [96.8074, 31.89732], [96.75796, 31.85548], [96.83721, 31.72929], [96.80537, 31.67401], [96.73463, 31.6802], [96.67219, 31.73479], [96.64991, 31.70959], [96.60647, 31.7388], [96.54676, 31.72672], [96.4424, 31.79114], [96.3096, 31.95129], [96.18821, 31.89962], [96.20379, 31.85698], [96.15005, 31.8575], [96.13425, 31.82189], [96.22166, 31.75575], [96.25206, 31.68921], [96.21646, 31.62055], [96.25254, 31.60432], [96.24637, 31.55547], [96.19876, 31.54252], [96.15008, 31.68292], [96.09285, 31.71707], [95.86953, 31.72265], [95.81805, 31.68039], [95.75223, 31.76285], [95.6384, 31.78523], [95.56097, 31.74611], [95.51494, 31.75657], [95.37198, 31.96441], [95.38917, 32.0], [95.44196, 32.01099], [95.41277, 32.04376], [95.45171, 32.07163], [95.43339, 32.16001], [95.35341, 32.17762], [95.30732, 32.2554], [95.08085, 32.25043], [95.01715, 32.31528], [94.89512, 32.36121], [94.94676, 32.41009], [94.98045, 32.52616], [94.93297, 32.66996], [94.87232, 32.71996], [94.57403, 32.73588], [94.4995, 32.60448], [94.43623, 32.56602], [94.39097, 32.60127], [94.36606, 32.52443], [94.28724, 32.50627], [94.20251, 32.51846], [94.06123, 32.59685], [93.8076, 32.55691], [93.66023, 32.57581], [93.60847, 32.52066], [93.47777, 32.46681], [93.42536, 32.36935], [93.17825, 32.40034], [92.90978, 32.34849], [92.73524, 32.41833], [92.69407, 32.48662], [92.68194, 32.65415], [92.60135, 32.74747], [92.35834, 32.76605], [92.25974, 32.72269], [92.20211, 32.75189], [92.22718, 32.84301], [92.14156, 32.88635], [91.96585, 32.81999], [91.84268, 32.94714], [91.64438, 33.0177], [91.43525, 33.0021], [90.9368, 33.12278], [90.799, 33.11709], [90.69927, 33.14197], [90.48492, 33.26709], [90.36247, 33.27605], [90.23841, 33.40645], [90.22978, 33.50553], [89.98714, 33.63319], [89.98381, 33.72127], [89.90708, 33.74762], [89.92794, 33.80451], [89.83961, 33.87147], [89.79056, 33.87128], [89.6882, 33.96442], [89.64319, 34.05385], [89.70843, 34.13131], [89.58569, 34.27512], [89.60124, 34.4754], [89.48283, 34.6581], [89.55353, 34.73656], [89.75894, 34.73783], [89.86571, 34.81381], [89.80918, 34.87429], [89.80529, 34.98626], [89.68144, 35.02212], [89.74664, 35.1256], [89.82893, 35.47319], [90.03183, 35.7908], [90.30794, 35.95406], [90.59468, 36.22402], [90.74061, 36.30427], [91.09555, 36.41217], [91.16266, 36.46706], [91.13975, 36.54031], [90.73017, 36.59138], [90.70459, 36.68584], [90.74767, 36.72846], [90.72597, 36.82643], [90.85039, 36.92022], [91.01118, 36.92567], [91.17137, 37.02805], [91.31111, 37.0255], [91.27313, 37.16166], [91.18549, 37.21292], [91.08576, 37.46975], [90.93725, 37.4804], [90.85894, 37.53728], [90.87411, 37.57989], [90.78542, 37.64322], [90.42375, 37.78001], [90.44608, 37.80723], [90.40427, 37.88578], [90.48182, 37.95569], [90.3419, 38.11811], [90.14573, 38.42878], [90.41987, 38.49591], [90.46562, 38.52697], [90.45547, 38.55612], [90.60452, 38.60059], [90.63794, 38.64032], [90.62043, 38.67348], [90.76586, 38.66361], [91.11454, 38.71324], [91.43598, 38.81565], [91.86325, 38.88278], [92.0352, 38.95449], [92.45075, 38.99476], [92.83065, 38.81141], [93.39486, 38.72158], [93.68462, 38.7386], [93.88667, 38.65801], [94.11866, 38.6238], [94.44229, 38.43147], [94.56982, 38.39405], [95.00827, 38.43438], [95.29042, 38.33754], [95.49578, 38.36715], [95.75868, 38.32447], [96.21477, 38.14691], [96.31818, 38.07942], [97.04206, 38.16345], [97.23579, 38.24779], [97.52883, 38.49855], [97.6269, 38.53925], [97.81651, 38.48873], [98.1281, 38.27734], [98.59593, 38.12557], [98.66512, 38.14108], [98.73421, 38.23497], [98.83285, 38.25233], [98.90037, 38.23655], [98.97925, 38.15549], [99.06266, 38.15695], [99.22747, 38.30269], [99.32717, 38.30937], [99.5163, 38.39149], [99.93523, 38.21176], [100.72565, 38.03708], [100.76288, 37.97124], [100.73678, 37.87325], [100.55603, 37.72023], [100.74384, 37.66438], [100.83298, 37.58453], [100.91295, 37.58822], [100.94215, 37.62829], [101.1792, 37.58045], [101.12731, 37.52092], [100.96127, 37.43873], [100.91944, 37.36877], [101.00598, 37.25616], [101.10428, 37.22096], [101.30178, 37.0244], [101.30338, 36.83417], [101.27934, 36.8117], [101.13356, 36.87756], [101.01497, 36.87601], [100.94885, 36.84595], [100.92746, 36.77081], [101.01496, 36.51977], [101.2792, 36.26176], [101.30118, 36.14425], [101.2522, 36.07098], [101.15032, 36.05209], [101.04687, 36.0761], [101.00363, 36.12637], [100.83566, 36.12678], [100.73639, 36.07947], [100.71806, 35.98893], [100.65526, 35.97206], [100.63409, 35.914], [100.42602, 35.82835], [100.4228, 35.77502], [100.55369, 35.66657], [100.65018, 35.65914], [100.76659, 35.58052], [100.86712, 35.56875], [100.9262, 35.49606], [101.04864, 35.49649], [101.06474, 35.52676], [101.15608, 35.5397], [101.29467, 35.49958], [101.54164, 35.25414], [101.65372, 34.94638], [101.71383, 34.86217], [101.83051, 34.81916], [101.91241, 34.87298], [101.91444, 34.79455], [101.86238, 34.70105], [101.85496, 34.53875], [102.06289, 34.42639], [102.2902, 34.16357], [102.29452, 34.03139], [102.1373, 33.96531], [102.25031, 33.84872], [102.23241, 33.78959], [102.31805, 33.75837], [102.28353, 33.71167], [102.33329, 33.7316], [102.30798, 33.67833], [102.33166, 33.61184], [102.46735, 33.55149], [102.44748, 33.52547], [102.47712, 33.46435], [102.35463, 33.39323], [102.26055, 33.41975], [102.20058, 33.36191], [102.07216, 33.34382], [101.92268, 33.45658], [101.91059, 33.55507], [101.78769, 33.68748], [101.55786, 33.67024], [101.4912, 33.70295], [101.39315, 33.67276], [101.35818, 33.71097], [101.25639, 33.72903], [101.15294, 33.84121], [101.0387, 33.88588], [101.01149, 33.82806], [101.04618, 33.76283], [100.99516, 33.71487], [101.00532, 33.73862], [100.91647, 33.74691], [100.93926, 33.771], [100.90819, 33.76225], [100.91675, 33.79059], [100.88405, 33.78566], [100.83234, 33.85666], [100.84599, 33.87806], [100.81773, 33.8722], [100.7645, 33.93193], [100.66289, 33.92236], [100.35954, 33.75075], [100.24548, 33.76153], [100.24081, 33.73455], [100.29693, 33.69606], [100.16928, 33.56407], [100.07588, 33.59146], [99.99435, 33.64933], [100.01503, 33.67289], [99.9617, 33.6675], [99.89026, 33.70922], [99.90039, 33.7406], [99.76206, 33.80651], [99.54497, 33.75733], [99.47732, 33.81378], [99.39522, 33.81253], [99.37446, 33.75122], [99.325, 33.72364], [99.06551, 33.96358], [99.05386, 34.17609], [99.08012, 34.21024], [99.03993, 34.23281], [99.05344, 34.33343], [99.00418, 34.3309], [98.83229, 34.27325], [98.69605, 34.1871], [98.6635, 33.91508], [98.59827, 33.8177], [98.48217, 33.80001], [98.12953, 33.64404], [98.04843, 33.67314], [97.96715, 33.77527], [97.75695, 33.80594], [97.93123, 33.39148], [97.75171, 33.14364], [97.54261, 33.15602], [97.53395, 32.98448], [97.61278, 32.89076], [97.38571, 32.86897], [97.3843, 32.78769]]]}}, {"type": "Feature", "properties": {"SYS_ID": "25029", "NAME_PY": "Shaanxi", "NAME_CH": "陕西", "NAME_FT": "陝西", "AREA": 190767.0, "X_COORD": 109.58463, "Y_COORD": 35.54087}, "geometry": {"type": "Polygon", "coordinates": [[[110.68623, 37.27987], [110.52483, 37.10285], [110.41157, 37.03447], [110.44813, 37.00721], [110.36901, 37.01564], [110.4252, 36.96413], [110.37607, 36.87403], [110.41975, 36.85968], [110.42085, 36.8011], [110.37981, 36.77015], [110.42699, 36.76294], [110.41945, 36.72417], [110.45012, 36.73003], [110.43301, 36.68473], [110.38811, 36.67961], [110.50008, 36.58114], [110.44464, 36.16486], [110.60838, 35.63075], [110.51608, 35.40528], [110.40205, 35.27748], [110.36012, 35.1051], [110.27056, 34.96877], [110.28021, 34.78363], [110.24545, 34.70478], [110.29688, 34.59088], [110.23944, 34.44304], [110.28712, 34.39747], [110.4754, 34.41519], [110.49512, 34.33678], [110.4226, 34.28906], [110.43656, 34.24719], [110.63907, 34.16409], [110.58246, 34.10278], [110.58051, 34.03356], [110.6162, 34.03012], [110.67118, 33.95418], [110.59247, 33.87962], [110.77208, 33.80183], [110.82722, 33.67475], [110.9977, 33.58366], [111.02161, 33.47111], [110.99113, 33.43764], [111.02377, 33.33806], [110.97766, 33.25967], [110.90807, 33.20814], [110.81988, 33.20504], [110.81271, 33.15268], [110.74016, 33.14888], [110.70572, 33.09762], [110.65231, 33.15619], [110.59605, 33.15649], [110.55887, 33.2568], [110.42049, 33.17361], [110.23457, 33.16114], [110.15976, 33.21101], [110.02588, 33.19368], [109.84707, 33.24976], [109.7128, 33.23528], [109.63133, 33.27755], [109.59581, 33.23441], [109.50211, 33.23227], [109.43367, 33.15378], [109.57133, 33.1123], [109.68304, 33.11855], [109.78632, 33.07177], [109.75892, 32.90971], [109.7912, 32.88105], [109.86194, 32.91434], [110.02139, 32.87491], [110.13561, 32.81071], [110.14925, 32.6921], [110.2013, 32.6351], [110.15993, 32.5959], [110.08482, 32.61912], [110.07896, 32.58279], [110.01254, 32.54913], [109.90569, 32.59506], [109.61447, 32.59543], [109.63193, 32.54344], [109.52197, 32.43568], [109.49042, 32.30259], [109.54556, 32.22717], [109.599, 32.20805], [109.58413, 32.1522], [109.61752, 32.10502], [109.57956, 32.03959], [109.62588, 31.94624], [109.5802, 31.90279], [109.63342, 31.81333], [109.58707, 31.79119], [109.5788, 31.73437], [109.28453, 31.71871], [109.25554, 31.77188], [109.27087, 31.8042], [109.19235, 31.82661], [109.17108, 31.87403], [109.02614, 31.96889], [108.88356, 31.99667], [108.7525, 32.06977], [108.74031, 32.1099], [108.65578, 32.11586], [108.53082, 32.195], [108.47606, 32.27204], [108.32298, 32.24084], [108.22795, 32.27773], [108.18464, 32.22858], [108.02165, 32.2225], [108.01418, 32.17772], [107.96874, 32.15087], [107.90107, 32.20534], [107.84605, 32.20866], [107.6537, 32.40274], [107.52066, 32.38473], [107.48504, 32.42747], [107.44971, 32.42078], [107.43199, 32.53162], [107.36771, 32.54415], [107.35041, 32.62853], [107.2635, 32.68177], [107.31631, 32.74409], [107.25617, 32.78251], [107.05843, 32.71035], [106.7818, 32.70162], [106.77544, 32.73331], [106.73794, 32.73389], [106.60671, 32.66283], [106.45298, 32.65412], [106.41327, 32.61635], [106.34153, 32.6679], [106.11084, 32.72679], [106.05999, 32.76961], [106.0915, 32.81533], [106.04553, 32.86821], [106.00536, 32.83053], [105.82311, 32.8218], [105.78952, 32.75103], [105.74905, 32.76942], [105.61859, 32.69981], [105.55692, 32.7321], [105.49535, 32.91074], [105.63466, 32.88155], [105.82316, 32.95289], [105.85799, 32.94114], [105.91566, 32.99945], [105.92791, 33.14426], [105.89269, 33.14481], [105.92946, 33.19445], [105.75481, 33.28919], [105.70515, 33.38251], [105.79767, 33.4086], [105.84012, 33.49534], [105.95543, 33.61013], [106.10007, 33.61034], [106.10477, 33.57022], [106.18309, 33.54811], [106.2839, 33.60261], [106.34718, 33.58874], [106.42705, 33.62056], [106.45283, 33.53443], [106.51967, 33.50119], [106.58421, 33.58436], [106.53571, 33.69291], [106.47658, 33.71396], [106.45621, 33.79455], [106.48545, 33.856], [106.42144, 33.86881], [106.41536, 33.89566], [106.47179, 33.97527], [106.49768, 34.10641], [106.58806, 34.1392], [106.54723, 34.24425], [106.49233, 34.25656], [106.52232, 34.29348], [106.65977, 34.24473], [106.70043, 34.31016], [106.56754, 34.49037], [106.46202, 34.53154], [106.33836, 34.52238], [106.30915, 34.58106], [106.46335, 34.64886], [106.437, 34.68272], [106.48998, 34.72567], [106.49348, 34.81655], [106.44362, 34.94758], [106.54571, 35.08774], [106.91616, 35.09522], [107.08386, 35.02142], [107.08939, 34.97072], [107.16745, 34.93816], [107.18694, 34.89185], [107.31077, 34.93859], [107.51926, 34.91084], [107.56443, 34.97179], [107.62114, 34.96379], [107.63618, 34.92825], [107.8017, 34.95686], [107.85296, 34.99629], [107.74624, 35.0905], [107.64857, 35.24472], [107.72789, 35.30527], [107.88079, 35.25736], [107.95828, 35.27163], [107.94513, 35.24598], [107.9767, 35.23966], [108.17215, 35.31042], [108.23583, 35.26533], [108.34185, 35.30915], [108.48636, 35.28553], [108.60418, 35.34237], [108.61798, 35.55222], [108.52468, 35.63646], [108.49702, 35.88537], [108.57613, 35.94813], [108.64757, 35.94853], [108.68385, 36.0213], [108.70763, 36.13836], [108.64481, 36.26213], [108.71406, 36.36228], [108.51043, 36.47552], [108.42692, 36.43587], [108.3434, 36.556], [108.20566, 36.57736], [108.20119, 36.80974], [108.29192, 36.88591], [107.98052, 36.91742], [107.82981, 36.89368], [107.73295, 36.962], [107.70545, 36.95356], [107.72562, 36.86853], [107.64836, 36.81604], [107.53725, 36.82759], [107.48029, 36.90618], [107.29415, 36.9225], [107.26911, 37.13044], [107.3001, 37.10326], [107.32764, 37.15741], [107.27279, 37.22666], [107.30461, 37.25301], [107.25169, 37.33961], [107.27929, 37.48135], [107.36035, 37.55504], [107.30046, 37.61146], [107.37699, 37.65039], [107.37522, 37.68915], [107.51076, 37.72242], [107.70073, 37.53968], [108.08529, 37.55038], [108.1688, 37.44495], [108.3414, 37.38471], [108.38143, 37.43396], [108.3691, 37.54294], [108.5221, 37.59226], [108.75777, 37.58712], [108.95696, 37.63081], [109.04179, 37.67802], [109.09888, 37.84303], [109.13032, 37.83466], [109.27505, 38.0207], [109.62445, 38.24106], [109.71163, 38.34489], [109.82763, 38.38148], [109.87265, 38.43402], [110.11852, 38.54844], [110.11089, 38.5826], [110.23413, 38.62583], [110.27126, 38.75805], [110.40444, 38.9279], [110.76358, 39.17113], [110.71053, 39.28357], [110.72275, 39.32765], [111.14551, 39.36899], [111.1499, 39.34193], [111.18139, 39.3534], [111.18353, 39.31269], [111.2468, 39.29997], [111.2051, 39.27574], [111.12057, 39.05244], [110.97501, 38.97599], [111.01371, 38.87855], [110.88319, 38.65059], [110.9146, 38.57604], [110.87338, 38.4624], [110.78198, 38.44859], [110.73715, 38.36396], [110.65595, 38.30437], [110.57942, 38.30222], [110.55989, 38.22007], [110.50246, 38.17985], [110.51308, 37.96114], [110.59267, 37.9153], [110.6664, 37.79426], [110.74706, 37.75497], [110.70017, 37.72226], [110.70805, 37.69738], [110.79377, 37.65902], [110.75628, 37.63739], [110.78577, 37.55113], [110.74333, 37.4585], [110.6376, 37.42979], [110.63112, 37.36815], [110.70107, 37.34296], [110.6728, 37.31294], [110.68623, 37.27987]]]}}, {"type": "Feature", "properties": {"SYS_ID": "25030", "NAME_PY": "Anhui", "NAME_CH": "安徽", "NAME_FT": "安徽", "AREA": 144893.0, "X_COORD": 117.25979, "Y_COORD": 31.55435}, "geometry": {"type": "GeometryCollection", "geometries": [{"type": "Polygon", "coordinates": [[[119.2635, 30.58232], [119.23885, 30.54002], [119.26978, 30.51537], [119.32296, 30.53394], [119.34588, 30.42015], [119.41057, 30.38156], [119.24846, 30.34629], [119.22516, 30.29549], [119.08521, 30.32962], [119.04224, 30.31047], [118.95284, 30.36406], [118.87991, 30.32014], [118.88984, 30.23463], [118.92103, 30.21465], [118.84689, 30.16269], [118.8921, 30.15577], [118.86559, 30.10835], [118.89256, 29.9552], [118.83502, 29.94149], [118.83102, 29.89175], [118.74978, 29.8425], [118.72238, 29.71664], [118.6432, 29.64875], [118.57245, 29.6379], [118.48042, 29.51786], [118.40217, 29.50553], [118.39726, 29.48007], [118.31184, 29.49655], [118.30557, 29.42707], [118.21504, 29.42146], [118.18945, 29.39522], [118.20595, 29.35081], [118.1528, 29.28846], [118.03303, 29.28185], [117.91208, 29.1512], [117.57208, 29.03004], [117.46871, 29.1257], [117.48489, 29.16537], [117.4221, 29.13872], [117.3658, 29.19795], [117.44717, 29.27919], [117.42629, 29.31318], [117.48492, 29.34907], [117.48303, 29.40184], [117.70238, 29.55159], [117.65623, 29.61449], [117.58448, 29.58705], [117.50963, 29.62374], [117.52528, 29.65667], [117.44692, 29.69397], [117.4496, 29.75154], [117.40421, 29.79763], [117.41324, 29.85274], [117.35917, 29.81596], [117.32782, 29.85299], [117.2813, 29.8252], [117.24495, 29.84107], [117.24091, 29.9176], [117.14336, 29.9137], [117.06742, 29.83274], [117.13016, 29.78332], [117.10756, 29.71448], [116.9909, 29.68593], [116.8134, 29.56742], [116.75542, 29.60163], [116.71639, 29.56756], [116.64618, 29.64395], [116.67651, 29.6786], [116.64928, 29.69743], [116.74701, 29.80029], [116.80734, 29.81426], [116.89475, 29.94827], [116.73209, 30.05845], [116.60034, 30.06985], [116.54044, 29.90549], [116.46175, 29.89906], [116.27578, 29.79137], [116.19949, 29.83383], [116.12962, 29.82485], [116.12719, 29.89122], [116.06876, 29.96571], [116.08636, 30.03853], [116.06018, 30.20699], [115.97588, 30.29834], [115.89776, 30.3164], [115.87911, 30.38501], [115.93915, 30.42734], [115.88981, 30.4554], [115.90865, 30.52047], [115.86845, 30.58884], [115.80682, 30.59803], [115.80057, 30.64765], [115.76096, 30.67428], [115.68678, 30.54601], [115.62734, 30.51735], [115.61379, 30.58177], [115.56112, 30.58545], [115.5482, 30.61451], [115.61697, 30.70189], [115.61776, 30.74682], [115.61043, 30.81447], [115.58634, 30.82978], [115.5398, 30.79834], [115.54509, 30.83502], [115.59856, 30.92973], [115.70944, 31.00491], [115.70602, 31.06451], [115.76981, 31.08945], [115.72282, 31.17685], [115.65784, 31.2125], [115.66432, 31.36382], [115.72513, 31.54307], [115.8122, 31.6137], [115.89372, 31.75226], [115.88383, 31.86062], [115.93462, 32.07592], [115.87506, 32.49049], [115.81335, 32.50239], [115.77388, 32.46764], [115.75872, 32.50635], [115.74667, 32.47846], [115.68539, 32.49693], [115.65472, 32.4125], [115.58614, 32.42984], [115.54494, 32.40491], [115.55838, 32.4202], [115.39875, 32.58299], [115.2974, 32.55395], [115.29672, 32.58757], [115.1856, 32.5931], [115.19471, 32.85179], [115.13005, 32.90222], [115.02548, 32.90861], [115.0277, 32.93136], [114.934, 32.93648], [114.87939, 32.97845], [114.9241, 33.02166], [114.89865, 33.12976], [114.95036, 33.15725], [114.98978, 33.10352], [115.11204, 33.08366], [115.28703, 33.13761], [115.35792, 33.32878], [115.30858, 33.37951], [115.33959, 33.50405], [115.39255, 33.50555], [115.43556, 33.5675], [115.63195, 33.58684], [115.56051, 33.77685], [115.61039, 33.78431], [115.62633, 33.87212], [115.54173, 33.88263], [115.59433, 34.03397], [115.64478, 34.06733], [115.79876, 34.07441], [115.84458, 34.00624], [115.88196, 34.03434], [115.96221, 34.0036], [115.99485, 33.96647], [115.97511, 33.91148], [116.05215, 33.85887], [116.069, 33.78423], [116.15566, 33.70949], [116.43025, 33.8056], [116.43644, 33.85444], [116.55886, 33.90904], [116.6359, 33.8917], [116.64642, 33.96638], [116.60074, 34.0234], [116.85789, 34.00422], [116.99125, 33.93666], [117.03915, 33.98753], [117.24942, 33.95519], [117.34242, 33.88286], [117.399, 33.93545], [117.39594, 34.03859], [117.50189, 34.06343], [117.61443, 34.03741], [117.5937, 34.02298], [117.65589, 33.95494], [117.64179, 33.87384], [117.79227, 33.73912], [118.11163, 33.76447], [118.18937, 33.63468], [118.29728, 33.61446], [118.37911, 33.48098], [118.48576, 33.43048], [118.55871, 33.28112], [118.64756, 33.21682], [118.59376, 33.15558], [118.7712, 33.18108], [118.81414, 33.16129], [118.83328, 33.04797], [118.89582, 33.0003], [118.8857, 32.94516], [119.01232, 32.96146], [119.01213, 32.90731], [119.03835, 32.91215], [119.10098, 32.82755], [119.18059, 32.82774], [119.1867, 32.67457], [119.22567, 32.60915], [119.20962, 32.57526], [119.17503, 32.60021], [119.1423, 32.49457], [119.07962, 32.4546], [119.03184, 32.51553], [118.9724, 32.50919], [118.92728, 32.56039], [118.82519, 32.5737], [118.81453, 32.60736], [118.7821, 32.58559], [118.71436, 32.61158], [118.6856, 32.58633], [118.587, 32.6019], [118.54584, 32.57194], [118.54588, 32.48396], [118.63293, 32.20993], [118.50153, 32.19623], [118.49332, 32.1254], [118.3877, 32.08329], [118.35919, 31.95162], [118.50168, 31.84671], [118.48103, 31.79593], [118.5247, 31.74607], [118.62383, 31.7675], [118.67195, 31.73317], [118.68701, 31.71004], [118.64218, 31.68001], [118.64945, 31.6484], [118.7214, 31.63675], [118.7692, 31.68577], [118.79547, 31.62666], [118.86337, 31.62089], [118.86659, 31.42913], [118.74204, 31.3671], [118.69762, 31.30477], [118.78364, 31.23244], [119.08472, 31.23582], [119.17512, 31.30499], [119.27569, 31.25399], [119.33859, 31.26449], [119.35246, 31.302], [119.38563, 31.18178], [119.63211, 31.13934], [119.62917, 31.0218], [119.55894, 30.9166], [119.57027, 30.83884], [119.52613, 30.78089], [119.48518, 30.78296], [119.48653, 30.71786], [119.43927, 30.6528], [119.38051, 30.68816], [119.31128, 30.6243], [119.23819, 30.61772], [119.2635, 30.58232]]]}, {"type": "LineString", "coordinates": [[116.36119, 33.00464], [116.3635, 33.00994]]}]}}, {"type": "Feature", "properties": {"SYS_ID": "25031", "NAME_PY": "Hubei", "NAME_CH": "湖北", "NAME_FT": "湖北", "AREA": 183761.0, "X_COORD": 112.26328, "Y_COORD": 31.15641}, "geometry": {"type": "Polygon", "coordinates": [[[115.46518, 29.74222], [115.24959, 29.58972], [115.03871, 29.55542], [114.9959, 29.5753], [114.93301, 29.54582], [114.83005, 29.56409], [114.90392, 29.42983], [114.88818, 29.39848], [114.74802, 29.36635], [114.72764, 29.39693], [114.66821, 29.39899], [114.50638, 29.32594], [114.34388, 29.32746], [114.28784, 29.36616], [114.25108, 29.34265], [114.24341, 29.23846], [114.06111, 29.21164], [113.9502, 29.10117], [113.94013, 29.04828], [113.88168, 29.03541], [113.81707, 29.10558], [113.73423, 29.06318], [113.71954, 29.10957], [113.68112, 29.0879], [113.64915, 29.16493], [113.69114, 29.23124], [113.59664, 29.25959], [113.65736, 29.3813], [113.72591, 29.39876], [113.74504, 29.45044], [113.62511, 29.523], [113.73244, 29.59514], [113.66371, 29.63967], [113.65958, 29.68182], [113.54683, 29.67566], [113.4836, 29.75987], [113.40999, 29.74016], [113.13612, 29.44494], [113.0872, 29.47187], [113.06609, 29.43723], [113.03498, 29.50967], [112.94545, 29.47042], [112.92923, 29.53884], [112.88024, 29.53394], [112.92629, 29.55519], [112.90765, 29.63699], [113.00022, 29.69492], [113.02309, 29.75859], [112.91309, 29.76222], [112.88683, 29.80055], [112.67817, 29.59691], [112.44314, 29.63526], [112.3535, 29.52233], [112.28069, 29.49812], [112.29735, 29.58506], [112.23811, 29.61316], [112.23888, 29.66441], [112.19135, 29.62904], [112.17498, 29.66266], [112.06093, 29.68373], [112.0716, 29.73667], [112.0598, 29.77309], [112.05413, 29.74573], [111.94858, 29.80728], [111.95446, 29.83928], [111.79197, 29.90893], [111.54385, 29.89405], [111.51961, 29.92977], [111.38594, 29.91892], [111.24471, 30.04339], [110.9279, 30.06667], [110.91395, 30.1166], [110.76205, 30.12475], [110.73573, 30.04476], [110.64614, 30.0803], [110.4952, 30.03561], [110.54929, 29.99132], [110.50106, 29.91492], [110.54202, 29.85928], [110.60893, 29.83595], [110.63657, 29.77719], [110.52039, 29.69618], [110.45757, 29.71258], [110.4369, 29.66769], [110.36266, 29.63677], [110.33924, 29.66992], [110.2921, 29.66683], [110.24094, 29.73485], [110.10845, 29.79211], [109.86514, 29.77747], [109.76701, 29.75397], [109.75983, 29.69207], [109.69286, 29.66818], [109.71495, 29.61079], [109.65677, 29.59924], [109.60221, 29.63697], [109.51192, 29.62015], [109.46088, 29.5173], [109.42908, 29.53308], [109.43727, 29.49132], [109.4063, 29.49846], [109.40207, 29.43752], [109.36789, 29.42806], [109.33872, 29.27027], [109.25378, 29.2269], [109.27064, 29.1385], [109.24145, 29.11566], [109.10783, 29.20302], [109.13082, 29.26636], [109.10501, 29.36424], [109.06481, 29.39558], [108.97127, 29.3309], [108.90912, 29.32565], [108.93351, 29.41495], [108.86168, 29.45874], [108.90385, 29.57609], [108.86486, 29.59545], [108.87631, 29.62989], [108.84123, 29.65338], [108.78658, 29.63481], [108.78351, 29.67356], [108.75415, 29.64774], [108.67496, 29.69368], [108.67348, 29.77051], [108.51701, 29.87786], [108.53415, 29.99127], [108.52364, 30.05932], [108.49831, 30.05388], [108.5582, 30.14393], [108.56938, 30.25385], [108.39694, 30.39055], [108.42053, 30.4891], [108.50137, 30.50363], [108.56552, 30.47513], [108.65719, 30.59122], [108.72858, 30.50077], [108.81962, 30.49819], [109.14655, 30.53648], [109.30115, 30.63523], [109.34492, 30.56622], [109.34431, 30.49628], [109.45287, 30.62328], [109.53515, 30.67593], [109.57523, 30.6573], [109.58442, 30.69993], [109.64247, 30.71885], [109.65971, 30.76719], [109.77354, 30.85263], [109.99979, 30.90171], [110.01553, 30.8372], [110.06664, 30.80185], [110.1445, 30.91325], [110.16403, 30.98673], [110.11317, 31.08389], [110.19107, 31.16137], [110.13927, 31.39351], [109.94312, 31.48144], [109.97262, 31.5189], [109.81313, 31.56955], [109.72374, 31.55562], [109.7482, 31.61515], [109.72798, 31.70164], [109.57661, 31.73317], [109.58707, 31.79119], [109.63342, 31.81333], [109.5802, 31.90279], [109.62588, 31.94624], [109.57956, 32.03959], [109.61752, 32.10502], [109.58413, 32.1522], [109.599, 32.20805], [109.54556, 32.22717], [109.49042, 32.30259], [109.52197, 32.43568], [109.63193, 32.54344], [109.62, 32.59993], [109.90569, 32.59506], [110.01254, 32.54913], [110.07896, 32.58279], [110.08482, 32.61912], [110.15993, 32.5959], [110.2013, 32.6351], [110.14925, 32.6921], [110.13561, 32.81071], [110.02139, 32.87491], [109.86194, 32.91434], [109.7912, 32.88105], [109.75892, 32.90971], [109.78632, 33.07177], [109.68304, 33.11855], [109.57133, 33.1123], [109.43367, 33.15378], [109.50211, 33.23227], [109.59581, 33.23441], [109.63133, 33.27755], [109.7128, 33.23528], [109.84707, 33.24976], [110.02588, 33.19368], [110.15976, 33.21101], [110.23457, 33.16114], [110.42049, 33.17361], [110.55887, 33.2568], [110.59605, 33.15649], [110.65231, 33.15619], [110.70572, 33.09762], [110.74016, 33.14888], [110.81271, 33.15268], [110.81988, 33.20504], [110.90807, 33.20814], [110.97766, 33.25967], [111.05072, 33.1944], [111.0343, 33.15864], [111.08814, 33.18215], [111.1851, 33.08853], [111.14237, 33.04416], [111.2324, 33.0427], [111.26782, 32.97379], [111.24057, 32.89051], [111.28008, 32.90296], [111.28464, 32.86409], [111.37395, 32.83069], [111.40971, 32.76244], [111.46304, 32.77569], [111.4165, 32.73183], [111.50515, 32.6784], [111.55333, 32.60339], [111.63503, 32.63705], [111.64061, 32.60848], [111.71526, 32.60651], [111.87544, 32.50864], [111.94659, 32.51932], [111.99984, 32.45837], [112.05276, 32.47434], [112.1424, 32.38795], [112.22392, 32.39379], [112.30492, 32.33214], [112.35387, 32.37062], [112.43757, 32.35497], [112.54073, 32.41143], [112.74976, 32.3451], [112.86468, 32.40018], [112.87335, 32.37705], [112.98212, 32.37455], [113.02005, 32.42696], [113.1342, 32.37989], [113.15649, 32.42107], [113.20633, 32.42967], [113.32617, 32.34691], [113.34839, 32.29738], [113.4172, 32.27515], [113.61984, 32.36053], [113.66132, 32.42769], [113.72042, 32.42263], [113.73773, 32.3623], [113.76565, 32.3676], [113.73481, 32.25034], [113.77811, 32.20082], [113.71941, 32.09909], [113.77737, 32.03986], [113.74596, 32.00001], [113.80637, 31.97017], [113.83673, 31.85336], [113.92446, 31.87998], [113.98044, 31.75674], [114.1821, 31.85365], [114.33365, 31.72465], [114.34183, 31.632], [114.2273, 31.50327], [114.30545, 31.49664], [114.43385, 31.58028], [114.51608, 31.5878], [114.56465, 31.55619], [114.61737, 31.59175], [114.83515, 31.46167], [114.96772, 31.50009], [114.9999, 31.47237], [115.01685, 31.52692], [115.08923, 31.51378], [115.13275, 31.60688], [115.22987, 31.55583], [115.20113, 31.44505], [115.25012, 31.39385], [115.37248, 31.40295], [115.38187, 31.34749], [115.42884, 31.3521], [115.45905, 31.27285], [115.52476, 31.25153], [115.55741, 31.1597], [115.58586, 31.14731], [115.63838, 31.21044], [115.67289, 31.20986], [115.77333, 31.11449], [115.76073, 31.07617], [115.70602, 31.06451], [115.71185, 31.00835], [115.59856, 30.92973], [115.54297, 30.83021], [115.5398, 30.79834], [115.58634, 30.82978], [115.61043, 30.81447], [115.61776, 30.74682], [115.55314, 30.59258], [115.61379, 30.58177], [115.6329, 30.51919], [115.68678, 30.54601], [115.76096, 30.67428], [115.80057, 30.64765], [115.80682, 30.59803], [115.86845, 30.58884], [115.90865, 30.52047], [115.88981, 30.4554], [115.93915, 30.42734], [115.87911, 30.38501], [115.89776, 30.3164], [115.97588, 30.29834], [116.05906, 30.20926], [116.08636, 30.03853], [116.06876, 29.96571], [116.12933, 29.8798], [116.12962, 29.82485], [115.99871, 29.74735], [115.99132, 29.85218], [115.89779, 29.88489], [115.90627, 29.73317], [115.77598, 29.80927], [115.74895, 29.86242], [115.50517, 29.84183], [115.46518, 29.74222]], [[111.86249, 31.24351], [111.8652, 31.24507], [111.86511, 31.24502], [111.86249, 31.24351]]]}}, {"type": "Feature", "properties": {"SYS_ID": "25032", "NAME_PY": "Hunan", "NAME_CH": "湖南", "NAME_FT": "湖南", "AREA": 212574.0, "X_COORD": 111.51873, "Y_COORD": 27.38116}, "geometry": {"type": "GeometryCollection", "geometries": [{"type": "Polygon", "coordinates": [[[114.20803, 28.48708], [114.16992, 28.43757], [114.25214, 28.39617], [114.2486, 28.32931], [114.08573, 28.18615], [113.98775, 28.17726], [114.03038, 28.0534], [113.95348, 28.04334], [113.91254, 27.9966], [113.85302, 28.01178], [113.75611, 27.94306], [113.72681, 27.88425], [113.75768, 27.80258], [113.60613, 27.63657], [113.57277, 27.54151], [113.62184, 27.51357], [113.5863, 27.47109], [113.62553, 27.4132], [113.59729, 27.38923], [113.61129, 27.34887], [113.69428, 27.33539], [113.87093, 27.3855], [113.86649, 27.28822], [113.76647, 27.09976], [113.80223, 27.1011], [113.81551, 27.04121], [113.92303, 26.95468], [113.83474, 26.8074], [113.85916, 26.66237], [113.90648, 26.61896], [114.10124, 26.57818], [114.06958, 26.49642], [114.09473, 26.47963], [114.08189, 26.41495], [114.02854, 26.38409], [114.03117, 26.3129], [113.9363, 26.16881], [113.96815, 26.15454], [114.03513, 26.19143], [114.07861, 26.16602], [114.16769, 26.2122], [114.2279, 26.15405], [114.10256, 26.10359], [114.09336, 26.07141], [114.04001, 26.07636], [114.00624, 26.01643], [114.02571, 25.92609], [113.90961, 25.72568], [113.98489, 25.54995], [113.93736, 25.48086], [113.95921, 25.45732], [113.88377, 25.43642], [113.81768, 25.33058], [113.76217, 25.32815], [113.74532, 25.36307], [113.57375, 25.31346], [113.53484, 25.36586], [113.43826, 25.36175], [113.30216, 25.44712], [113.28975, 25.5203], [113.15414, 25.48793], [113.12275, 25.41221], [112.93948, 25.33921], [112.92036, 25.304], [112.85405, 25.33163], [112.86255, 25.24774], [112.97398, 25.2544], [113.0275, 25.19996], [112.96023, 25.15714], [113.00647, 25.08444], [112.97163, 25.02581], [113.00774, 24.97965], [112.98813, 24.92126], [112.78143, 24.89421], [112.73747, 24.99764], [112.69795, 25.01054], [112.71735, 25.06047], [112.651, 25.13165], [112.53542, 25.12705], [112.43898, 25.18245], [112.39117, 25.14294], [112.35634, 25.1927], [112.25398, 25.16049], [112.20285, 25.20315], [112.11014, 24.98479], [112.16705, 24.91565], [112.1491, 24.83965], [112.09766, 24.83187], [112.01592, 24.73996], [111.95577, 24.77061], [111.70021, 24.78569], [111.63719, 24.73308], [111.63391, 24.68393], [111.58404, 24.69376], [111.55813, 24.63931], [111.43244, 24.67101], [111.47407, 24.80038], [111.44398, 24.8598], [111.46482, 24.93173], [111.42538, 24.96977], [111.46293, 25.02221], [111.4111, 25.05034], [111.42844, 25.10504], [111.38162, 25.13295], [111.33823, 25.09724], [111.26302, 25.1457], [111.09387, 25.03136], [111.09199, 24.94454], [110.99847, 24.9202], [110.94228, 25.03656], [110.99239, 25.16062], [111.10338, 25.22385], [111.09374, 25.28513], [111.29124, 25.44435], [111.33394, 25.60617], [111.29937, 25.71584], [111.43469, 25.77246], [111.41958, 25.83628], [111.48669, 25.86581], [111.32506, 25.90195], [111.2766, 25.85472], [111.2154, 25.89792], [111.19523, 25.98695], [111.24797, 26.05765], [111.28178, 26.2548], [111.19777, 26.26898], [111.16112, 26.30673], [110.99251, 26.32365], [110.96558, 26.38758], [110.93452, 26.36972], [110.91705, 26.25847], [110.75655, 26.25242], [110.72756, 26.27266], [110.73692, 26.31728], [110.7062, 26.29525], [110.6078, 26.33723], [110.50304, 26.17998], [110.46655, 26.18173], [110.37231, 26.0975], [110.32086, 25.97873], [110.25712, 25.96454], [110.19191, 26.07134], [110.15075, 26.02105], [110.09058, 26.02452], [110.06014, 26.0531], [110.08128, 26.17117], [110.02277, 26.15946], [109.96177, 26.19892], [109.90281, 26.14835], [109.86449, 26.03416], [109.78725, 26.02051], [109.80872, 25.88299], [109.66143, 25.88117], [109.70696, 26.00746], [109.64744, 26.01787], [109.63058, 26.0507], [109.52422, 25.99904], [109.47802, 26.03277], [109.46339, 26.08078], [109.50464, 26.12507], [109.4349, 26.24203], [109.46452, 26.31072], [109.33738, 26.2563], [109.26696, 26.33114], [109.31795, 26.42709], [109.37615, 26.4579], [109.35766, 26.47552], [109.404, 26.54035], [109.35203, 26.66077], [109.31342, 26.65714], [109.27923, 26.70204], [109.38121, 26.71544], [109.36933, 26.832], [109.40004, 26.91506], [109.46321, 26.9605], [109.46799, 27.1382], [109.43615, 27.1214], [109.38927, 27.16566], [109.26804, 27.13082], [109.2436, 27.15681], [109.16428, 27.07575], [109.10001, 27.07598], [109.11282, 27.12581], [108.87377, 27.00053], [108.78311, 27.08369], [108.89472, 27.13734], [108.91594, 27.1761], [108.89131, 27.2483], [108.94577, 27.31513], [109.05727, 27.35489], [109.13808, 27.44863], [109.1516, 27.41971], [109.20322, 27.45368], [109.24102, 27.4215], [109.2953, 27.42723], [109.3019, 27.48405], [109.45251, 27.58312], [109.43269, 27.74372], [109.37723, 27.73779], [109.31125, 27.78514], [109.3409, 27.83593], [109.29889, 27.95777], [109.37312, 28.03266], [109.29623, 28.05764], [109.37917, 28.27042], [109.34879, 28.26469], [109.34338, 28.29634], [109.29482, 28.27936], [109.26879, 28.31852], [109.28589, 28.37081], [109.25521, 28.46641], [109.27089, 28.53915], [109.31869, 28.58586], [109.28642, 28.62048], [109.19604, 28.60251], [109.17963, 28.62359], [109.26482, 28.66886], [109.24919, 28.6943], [109.30004, 28.73354], [109.23772, 28.78006], [109.23199, 28.8789], [109.3157, 29.04728], [109.22205, 29.11029], [109.27013, 29.13529], [109.25378, 29.2269], [109.34056, 29.27372], [109.33672, 29.35674], [109.41317, 29.45452], [109.4063, 29.49846], [109.43727, 29.49132], [109.42908, 29.53308], [109.46088, 29.5173], [109.51456, 29.62175], [109.71495, 29.61079], [109.69392, 29.67024], [109.75983, 29.69207], [109.76701, 29.75397], [109.81611, 29.77261], [110.10845, 29.79211], [110.24094, 29.73485], [110.2921, 29.66683], [110.33924, 29.66992], [110.36266, 29.63677], [110.4369, 29.66769], [110.45757, 29.71258], [110.52648, 29.69887], [110.63657, 29.77719], [110.60893, 29.83595], [110.54202, 29.85928], [110.50106, 29.91492], [110.54929, 29.99132], [110.49293, 30.02325], [110.52276, 30.06243], [110.64614, 30.0803], [110.71319, 30.03903], [110.75308, 30.05696], [110.74876, 30.11962], [110.85913, 30.12711], [110.91814, 30.11449], [110.92368, 30.06741], [111.24471, 30.04339], [111.38594, 29.91892], [111.43674, 29.93793], [111.51961, 29.92977], [111.54385, 29.89405], [111.67443, 29.89133], [111.7849, 29.91136], [111.95446, 29.83928], [111.94858, 29.80728], [112.05413, 29.74573], [112.0598, 29.77309], [112.06093, 29.68373], [112.17498, 29.66266], [112.19135, 29.62904], [112.23888, 29.66441], [112.23811, 29.61316], [112.29735, 29.58506], [112.27481, 29.52579], [112.28069, 29.49812], [112.3535, 29.52233], [112.44314, 29.63526], [112.67817, 29.59691], [112.88683, 29.80055], [112.91309, 29.76222], [113.02309, 29.75859], [113.00022, 29.69492], [112.90765, 29.63699], [112.92629, 29.55519], [112.88024, 29.53394], [112.92923, 29.53884], [112.94545, 29.47042], [113.03498, 29.50967], [113.06609, 29.43723], [113.0872, 29.47187], [113.13612, 29.44494], [113.40999, 29.74016], [113.4836, 29.75987], [113.54683, 29.67566], [113.65958, 29.68182], [113.66371, 29.63967], [113.73244, 29.59514], [113.62511, 29.523], [113.74504, 29.45044], [113.72591, 29.39876], [113.65736, 29.3813], [113.59664, 29.25959], [113.69114, 29.23124], [113.64915, 29.16493], [113.68112, 29.0879], [113.71954, 29.10957], [113.73423, 29.06318], [113.81135, 29.10646], [113.84361, 29.06152], [113.87257, 29.07084], [113.87159, 29.03805], [113.94013, 29.04828], [113.95802, 28.94965], [114.0, 28.95648], [114.01858, 28.90565], [114.05841, 28.89768], [114.06428, 28.84444], [114.14227, 28.82933], [114.12264, 28.60771], [114.07774, 28.55839], [114.20803, 28.48708]], [[112.73557, 29.15113], [112.73, 29.14801], [112.73018, 29.1481], [112.73557, 29.15113]]]}, {"type": "MultiLineString", "coordinates": [[[112.85219, 28.00001], [112.85066, 27.99617]], [[110.16206, 28.11691], [110.16296, 28.11186]]]}]}}, {"type": "Feature", "properties": {"SYS_ID": "25033", "NAME_PY": "Guangdong", "NAME_CH": "广东", "NAME_FT": "廣東", "AREA": 226057.0, "X_COORD": 112.33343, "Y_COORD": 21.8406}, "geometry": {"type": "GeometryCollection", "geometries": [{"type": "MultiPolygon", "coordinates": [[[[110.98168, 19.63591], [110.86615, 19.5196], [110.82529, 19.5895], [110.8839, 19.59914], [110.90259, 19.64364], [110.76697, 19.627], [110.83361, 19.53808], [110.80704, 19.48571], [110.67296, 19.38657], [110.67815, 19.32261], [110.57921, 19.21726], [110.61552, 19.23081], [110.58274, 19.15356], [110.50999, 19.14202], [110.55561, 19.1387], [110.55451, 19.08447], [110.57628, 19.14452], [110.5644, 19.04789], [110.51168, 18.98495], [110.51646, 18.88573], [110.4647, 18.88045], [110.43459, 18.82167], [110.51263, 18.80314], [110.50455, 18.88182], [110.53799, 18.78569], [110.46447, 18.77124], [110.41, 18.66181], [110.32992, 18.6714], [110.41672, 18.6846], [110.41703, 18.71321], [110.20145, 18.61945], [110.07266, 18.4898], [110.08392, 18.48665], [110.06422, 18.40613], [110.05356, 18.44338], [110.03112, 18.40885], [110.05695, 18.38953], [109.96594, 18.38722], [109.95907, 18.4077], [110.02016, 18.40565], [110.03281, 18.42721], [110.01308, 18.4559], [110.01752, 18.43385], [109.82162, 18.37716], [109.75307, 18.39459], [109.73398, 18.26594], [109.70415, 18.28168], [109.67495, 18.27474], [109.74073, 18.25142], [109.71149, 18.19595], [109.68301, 18.23594], [109.62883, 18.23024], [109.61687, 18.16972], [109.56369, 18.16098], [109.57414, 18.20644], [109.54193, 18.22334], [109.57111, 18.24541], [109.5713, 18.25891], [109.53329, 18.22413], [109.5347, 18.20557], [109.51788, 18.22249], [109.4746, 18.18891], [109.49541, 18.24956], [109.43156, 18.29247], [109.17869, 18.28571], [109.13385, 18.35625], [108.98949, 18.35633], [108.95543, 18.40954], [108.85504, 18.42993], [108.89882, 18.42702], [108.81998, 18.47778], [108.68147, 18.50969], [108.7018, 18.66134], [108.68922, 18.75577], [108.6217, 18.83528], [108.65719, 18.91352], [108.61629, 19.0837], [108.67788, 19.18255], [108.62445, 19.20723], [108.62728, 19.27771], [108.68056, 19.28438], [108.65934, 19.342], [108.68285, 19.37202], [108.74194, 19.37543], [108.9312, 19.50832], [108.9394, 19.48353], [109.00055, 19.57861], [109.19643, 19.66426], [109.21216, 19.7197], [109.27237, 19.72591], [109.31159, 19.68474], [109.27016, 19.74218], [109.31244, 19.76665], [109.28009, 19.79653], [109.2123, 19.73114], [109.17075, 19.72449], [109.16154, 19.76417], [109.26418, 19.89807], [109.30228, 19.91572], [109.32391, 19.88116], [109.45699, 19.86977], [109.46777, 19.82525], [109.53551, 19.86171], [109.53002, 19.83478], [109.56896, 19.85901], [109.52229, 19.87034], [109.5258, 19.91194], [109.56967, 19.90705], [109.53147, 19.91759], [109.53571, 19.94248], [109.58662, 19.98554], [109.71209, 20.01152], [109.72841, 19.96791], [109.80239, 19.96279], [109.80878, 19.93708], [109.83515, 19.9763], [109.83469, 19.90331], [109.88898, 19.98629], [109.9449, 19.98961], [109.98885, 19.93245], [109.95628, 19.91645], [109.99718, 19.89458], [110.00053, 19.91993], [110.00807, 19.89282], [110.01645, 19.91397], [109.99294, 19.93033], [110.05821, 19.98382], [110.12524, 19.97044], [110.15262, 20.0144], [110.11404, 19.9816], [110.07835, 19.9826], [110.15342, 20.06104], [110.26347, 20.02339], [110.34682, 20.05704], [110.38335, 19.99245], [110.38536, 20.07798], [110.43159, 20.03243], [110.42418, 20.05789], [110.54583, 20.01955], [110.54523, 19.9633], [110.58777, 19.98909], [110.56209, 19.94447], [110.59097, 19.94373], [110.60412, 19.88697], [110.64343, 19.90984], [110.60172, 20.01079], [110.62785, 20.02784], [110.57087, 20.01759], [110.57086, 20.09413], [110.64883, 20.1084], [110.68696, 20.16526], [110.77659, 20.01232], [110.85626, 19.983], [110.9279, 20.01682], [110.95776, 19.97073], [111.00143, 19.67259], [111.02351, 19.68405], [111.03543, 19.633], [110.98168, 19.63591]]], [[[110.47261, 20.64101], [110.44868, 20.58033], [110.40956, 20.65445], [110.47261, 20.64101]]], [[[110.59548, 20.94807], [110.63443, 20.9287], [110.59947, 20.86449], [110.54971, 20.90231], [110.59548, 20.94807]]], [[[110.2486, 20.95266], [110.34962, 21.05649], [110.30008, 21.05499], [110.39271, 21.08755], [110.43486, 21.04671], [110.55182, 21.05671], [110.52531, 20.92025], [110.45964, 20.99114], [110.2486, 20.95266]]], [[[109.08094, 21.01728], [109.0851, 21.05362], [109.13223, 21.06606], [109.12563, 21.02106], [109.08094, 21.01728]]], [[[110.63379, 21.20904], [110.55698, 21.08931], [110.52865, 21.09205], [110.52528, 21.15881], [110.48648, 21.139], [110.42778, 21.17707], [110.49493, 21.20912], [110.5062, 21.18194], [110.57705, 21.18083], [110.63379, 21.20904]]], [[[111.91299, 21.65807], [112.01786, 21.63187], [111.80882, 21.55615], [111.85419, 21.6144], [111.84634, 21.65987], [111.87774, 21.63845], [111.91299, 21.65807]]], [[[112.65327, 21.63127], [112.5649, 21.62189], [112.52967, 21.58765], [112.53591, 21.63762], [112.57954, 21.65465], [112.55514, 21.66705], [112.65907, 21.71433], [112.63125, 21.66124], [112.65327, 21.63127]]], [[[112.77299, 21.72637], [112.77993, 21.77376], [112.87737, 21.77528], [112.80251, 21.70185], [112.81112, 21.58996], [112.772, 21.56697], [112.7657, 21.61776], [112.72952, 21.61569], [112.78792, 21.68353], [112.73797, 21.66899], [112.70708, 21.70479], [112.77299, 21.72637]]], [[[112.4636, 21.6683], [112.43452, 21.66796], [112.46052, 21.69023], [112.4636, 21.6683]]], [[[108.56299, 21.69672], [108.54655, 21.67022], [108.5429, 21.69249], [108.56299, 21.69672]]], [[[113.13861, 21.83739], [113.15754, 21.87641], [113.20125, 21.87295], [113.13861, 21.83739]]], [[[113.24651, 21.94993], [113.29461, 21.92328], [113.26554, 21.88018], [113.2168, 21.91304], [113.24651, 21.94993]]], [[[113.30089, 22.00432], [113.32779, 22.07262], [113.4155, 22.07867], [113.40566, 22.00711], [113.30089, 22.00432]]], [[[113.53531, 22.75245], [113.48316, 22.73257], [113.45205, 22.73636], [113.53531, 22.75245]]], [[[108.61844, 22.31548], [108.69784, 22.38716], [108.63825, 22.45574], [108.61147, 22.43238], [108.63035, 22.40278], [108.56789, 22.37585], [108.21594, 22.44797], [108.23371, 22.58503], [108.27014, 22.60965], [108.31546, 22.60555], [108.37233, 22.52348], [108.5065, 22.48819], [108.50761, 22.63895], [108.43818, 22.70595], [108.46318, 22.73664], [108.5619, 22.72446], [108.77957, 22.52662], [108.98301, 22.53893], [109.09404, 22.51415], [109.16678, 22.52429], [109.16543, 22.55205], [109.26021, 22.4936], [109.31827, 22.53231], [109.28992, 22.56896], [109.35761, 22.63545], [109.44437, 22.61176], [109.47551, 22.65335], [109.50923, 22.64147], [109.58178, 22.68653], [109.65267, 22.66478], [109.729, 22.55625], [109.81197, 22.57987], [109.8607, 22.52499], [109.80643, 22.44378], [109.85537, 22.38064], [109.83628, 22.32029], [109.71935, 22.37999], [109.66693, 22.33683], [109.6709, 22.30264], [109.5891, 22.29294], [109.54874, 22.14555], [109.58939, 21.92406], [109.70235, 21.90787], [109.69058, 21.67971], [109.77081, 21.67489], [109.79712, 21.63977], [109.89481, 21.6537], [109.93542, 21.82741], [109.98578, 21.88243], [110.24256, 21.87771], [110.29594, 21.91426], [110.37495, 21.88734], [110.3383, 22.19298], [110.37425, 22.16806], [110.41742, 22.20874], [110.50453, 22.14799], [110.56802, 22.19519], [110.62799, 22.14851], [110.67368, 22.18705], [110.64453, 22.22508], [110.6938, 22.27667], [110.78282, 22.28416], [110.70802, 22.36679], [110.68153, 22.47252], [110.72469, 22.618], [110.83385, 22.63502], [110.95847, 22.70469], [111.08583, 22.69691], [111.06167, 22.73704], [111.21206, 22.75022], [111.35181, 22.89257], [111.35413, 22.96414], [111.42598, 23.05384], [111.37278, 23.09476], [111.39228, 23.16754], [111.35114, 23.28772], [111.37805, 23.31223], [111.35521, 23.33861], [111.38589, 23.44935], [111.47482, 23.54733], [111.48286, 23.63212], [111.61105, 23.64541], [111.66016, 23.71435], [111.61121, 23.73212], [111.64163, 23.82031], [111.69591, 23.84193], [111.79997, 23.81521], [111.84798, 23.94993], [111.98268, 23.97364], [111.94616, 23.81935], [111.87984, 23.70189], [111.9691, 23.64934], [111.96857, 23.51013], [111.99122, 23.47725], [112.03365, 23.48126], [112.13381, 23.55025], [112.15867, 23.60196], [112.13991, 23.69833], [112.23706, 23.76913], [112.25114, 23.7336], [112.29198, 23.76738], [112.33629, 23.75958], [112.37684, 23.89401], [112.51654, 23.97552], [112.52786, 24.01451], [112.4772, 24.11696], [112.4174, 24.13741], [112.4445, 24.27646], [112.34271, 24.37416], [112.24577, 24.3986], [112.24596, 24.24799], [112.16132, 24.18291], [112.07054, 24.26411], [112.02882, 24.18976], [111.93022, 24.23607], [112.0569, 24.36512], [111.98059, 24.4686], [111.99618, 24.54917], [111.92192, 24.63586], [111.95286, 24.71642], [112.01211, 24.734], [112.09766, 24.83187], [112.1491, 24.83965], [112.16705, 24.91565], [112.10832, 24.97124], [112.18356, 25.1876], [112.20664, 25.20245], [112.29038, 25.15691], [112.35634, 25.1927], [112.39117, 25.14294], [112.43898, 25.18245], [112.53542, 25.12705], [112.651, 25.13165], [112.71735, 25.06047], [112.69795, 25.01054], [112.77531, 24.9411], [112.77395, 24.89697], [112.98813, 24.92126], [113.00774, 24.97965], [112.97163, 25.02581], [113.00647, 25.08444], [112.96023, 25.15714], [113.0275, 25.19996], [112.97398, 25.2544], [112.86255, 25.24774], [112.85276, 25.32935], [112.88553, 25.33874], [112.91476, 25.30244], [112.93948, 25.33921], [113.01506, 25.34844], [113.12275, 25.41221], [113.15414, 25.48793], [113.22728, 25.51521], [113.29178, 25.52028], [113.30216, 25.44712], [113.35098, 25.43924], [113.36461, 25.40073], [113.43826, 25.36175], [113.53484, 25.36586], [113.57375, 25.31346], [113.74532, 25.36307], [113.76217, 25.32815], [113.81207, 25.32813], [113.88377, 25.43642], [113.95921, 25.45732], [114.03433, 25.3632], [114.02846, 25.25476], [114.11813, 25.31219], [114.23009, 25.29059], [114.30407, 25.30144], [114.29907, 25.33299], [114.38192, 25.31765], [114.43279, 25.38286], [114.49198, 25.38106], [114.52975, 25.41853], [114.6267, 25.32928], [114.69727, 25.31933], [114.7393, 25.2522], [114.67704, 25.17292], [114.72576, 25.11987], [114.64369, 25.07755], [114.55755, 25.08555], [114.52877, 25.02287], [114.39032, 24.95209], [114.39539, 24.87785], [114.32899, 24.80702], [114.31872, 24.74184], [114.19857, 24.77759], [114.16827, 24.72341], [114.18705, 24.65261], [114.27474, 24.62827], [114.30323, 24.57259], [114.35217, 24.58782], [114.42616, 24.48704], [114.52753, 24.55403], [114.58733, 24.53497], [114.65369, 24.57814], [114.70458, 24.52986], [114.74101, 24.61365], [114.86491, 24.56052], [114.9058, 24.66297], [114.93913, 24.65018], [115.06381, 24.70594], [115.10793, 24.66337], [115.27941, 24.75431], [115.35347, 24.7398], [115.36476, 24.77459], [115.41084, 24.78082], [115.47355, 24.75923], [115.56704, 24.62237], [115.67007, 24.59854], [115.7216, 24.53725], [115.83516, 24.57357], [115.7622, 24.66543], [115.79782, 24.6884], [115.75169, 24.74634], [115.8119, 24.90282], [115.89568, 24.87807], [115.87289, 24.93368], [116.01974, 24.90244], [116.06659, 24.85271], [116.19223, 24.8651], [116.24606, 24.82603], [116.23911, 24.79275], [116.3038, 24.80263], [116.3891, 24.87443], [116.41285, 24.84074], [116.3708, 24.80162], [116.41473, 24.73964], [116.48509, 24.71273], [116.51524, 24.60922], [116.59433, 24.64966], [116.79681, 24.67245], [116.80933, 24.64417], [116.75189, 24.54583], [116.84347, 24.47682], [116.83678, 24.43093], [116.90677, 24.36501], [116.93019, 24.2247], [116.98882, 24.18147], [116.9199, 24.08805], [116.97567, 24.00001], [116.96444, 23.90444], [117.01509, 23.83907], [117.04617, 23.70332], [117.19003, 23.62166], [117.08788, 23.54872], [117.07155, 23.61805], [116.98656, 23.62966], [116.96379, 23.55425], [117.01869, 23.55978], [116.99151, 23.50983], [116.94218, 23.5164], [116.96497, 23.54773], [116.88355, 23.55288], [116.86179, 23.41543], [116.83535, 23.42358], [116.74354, 23.34563], [116.66073, 23.34992], [116.65829, 23.37873], [116.62029, 23.35943], [116.55143, 23.41362], [116.59847, 23.30383], [116.67706, 23.34584], [116.7348, 23.33939], [116.77579, 23.24579], [116.81016, 23.23767], [116.78671, 23.21213], [116.72413, 23.27749], [116.6871, 23.28276], [116.73456, 23.25071], [116.64737, 23.16664], [116.60616, 23.18508], [116.61809, 23.21854], [116.59425, 23.23754], [116.52582, 23.22543], [116.60986, 23.21254], [116.53375, 23.12145], [116.56741, 23.01887], [116.48415, 22.93552], [116.37394, 22.9291], [116.2922, 22.97683], [116.19875, 22.98269], [116.29598, 22.96691], [116.09729, 22.82239], [116.08096, 22.86961], [116.14445, 22.90102], [116.07275, 22.9202], [116.07474, 22.85216], [115.94779, 22.80258], [115.96925, 22.82932], [115.95877, 22.83458], [115.81631, 22.73917], [115.79301, 22.8084], [115.81832, 22.81968], [115.69913, 22.85062], [115.65929, 22.88198], [115.69264, 22.90255], [115.67763, 22.9038], [115.56053, 22.82581], [115.51744, 22.75796], [115.55534, 22.71437], [115.55717, 22.75673], [115.60176, 22.75776], [115.55808, 22.70299], [115.56643, 22.66033], [115.4697, 22.70418], [115.36134, 22.70655], [115.34286, 22.77385], [115.35357, 22.76209], [115.39375, 22.75128], [115.43559, 22.7635], [115.40218, 22.79988], [115.36805, 22.76543], [115.29636, 22.79654], [115.2307, 22.78543], [115.32513, 22.86738], [115.31915, 22.90641], [115.26036, 22.83008], [115.18571, 22.82912], [115.19157, 22.78407], [115.1444, 22.81617], [115.05566, 22.79388], [115.01878, 22.81999], [115.04269, 22.80024], [115.03274, 22.71891], [114.98248, 22.69198], [114.93893, 22.77611], [114.90832, 22.74792], [114.87067, 22.76701], [114.87369, 22.73105], [114.96888, 22.68106], [114.91718, 22.63841], [114.91383, 22.56034], [114.88774, 22.54704], [114.85852, 22.60695], [114.74644, 22.589], [114.74294, 22.73886], [114.82359, 22.79097], [114.76985, 22.84313], [114.77808, 22.8028], [114.74727, 22.77916], [114.68908, 22.79505], [114.52241, 22.73797], [114.56953, 22.70927], [114.51943, 22.70933], [114.54413, 22.69687], [114.49612, 22.64759], [114.59026, 22.65341], [114.48954, 22.56935], [114.60292, 22.54683], [114.60905, 22.49974], [114.49483, 22.4537], [114.47653, 22.54807], [114.39108, 22.61822], [114.26556, 22.58946], [114.2205, 22.54619], [114.2159, 22.52597], [114.25929, 22.5526], [114.27466, 22.511], [114.33559, 22.50623], [114.24593, 22.45126], [114.22885, 22.47415], [114.1618, 22.45491], [114.21245, 22.42026], [114.19105, 22.38132], [114.23951, 22.43716], [114.27379, 22.41645], [114.31653, 22.47822], [114.34527, 22.47311], [114.33762, 22.43068], [114.36109, 22.45958], [114.39883, 22.43854], [114.3691, 22.40177], [114.39062, 22.36918], [114.28571, 22.39723], [114.25314, 22.35847], [114.30743, 22.30557], [114.29732, 22.26325], [114.25536, 22.32691], [114.23938, 22.28792], [114.20138, 22.33005], [114.16828, 22.29493], [114.11507, 22.37244], [114.02011, 22.35825], [113.97576, 22.39428], [113.92789, 22.36864], [113.90686, 22.41009], [114.0, 22.49167], [114.03291, 22.47569], [114.04216, 22.5189], [113.93402, 22.53192], [113.93693, 22.48329], [113.8884, 22.46617], [113.87032, 22.49579], [113.91273, 22.53245], [113.83456, 22.5895], [113.77268, 22.74917], [113.72048, 22.77145], [113.66999, 22.74421], [113.63545, 22.79421], [113.57814, 22.73722], [113.52564, 22.78127], [113.47716, 22.76312], [113.4361, 22.73284], [113.5644, 22.59697], [113.55283, 22.58396], [113.57701, 22.50871], [113.53273, 22.40305], [113.6249, 22.37395], [113.56979, 22.28844], [113.5887, 22.24135], [113.5312, 22.17476], [113.54134, 22.20661], [113.52124, 22.23626], [113.48069, 22.23003], [113.5147, 22.23349], [113.53235, 22.19795], [113.46407, 22.16458], [113.42567, 22.18149], [113.42334, 22.21744], [113.37853, 22.22235], [113.3915, 22.18652], [113.30976, 22.06362], [113.24509, 22.04454], [113.25119, 22.00272], [113.20168, 21.98544], [113.19859, 21.95518], [113.20762, 22.07309], [113.16941, 22.05475], [113.11104, 22.07933], [113.12386, 22.18769], [113.07809, 22.19347], [113.00868, 22.12501], [112.99992, 22.03813], [112.76763, 21.94431], [112.7439, 21.8843], [112.65013, 21.84513], [112.64502, 21.77951], [112.56005, 21.75062], [112.49688, 21.79397], [112.50261, 21.81911], [112.485, 21.80027], [112.42362, 21.83136], [112.43079, 21.86336], [112.45908, 21.85363], [112.42191, 21.91073], [112.49744, 21.92776], [112.51479, 21.95327], [112.48976, 21.97326], [112.48685, 21.94369], [112.39575, 21.94177], [112.37255, 21.98929], [112.41159, 22.01013], [112.38691, 22.02247], [112.41654, 22.05433], [112.40376, 22.07996], [112.36716, 21.9984], [112.41366, 21.82013], [112.40353, 21.73258], [112.23978, 21.70171], [112.23401, 21.73128], [112.1917, 21.73328], [112.22049, 21.8475], [112.19355, 21.8452], [112.20518, 21.80559], [112.19518, 21.81711], [112.16875, 21.81548], [112.19764, 21.79222], [112.02333, 21.78921], [112.0094, 21.82794], [112.05087, 21.85589], [112.05058, 21.87981], [111.99893, 21.83268], [112.00813, 21.78337], [111.9526, 21.78885], [112.02295, 21.75864], [111.85851, 21.67361], [111.81322, 21.7103], [111.85013, 21.77125], [111.80234, 21.75093], [111.78284, 21.7809], [111.77155, 21.75447], [111.6647, 21.77619], [111.64316, 21.75299], [111.68613, 21.76629], [111.73158, 21.70573], [111.78467, 21.71096], [111.77468, 21.64153], [111.74063, 21.63703], [111.7907, 21.61449], [111.68356, 21.5912], [111.65069, 21.51077], [111.59219, 21.55966], [111.62777, 21.52828], [111.47412, 21.50126], [111.45594, 21.52426], [111.49043, 21.52489], [111.45152, 21.54196], [111.44075, 21.59505], [111.40616, 21.56865], [111.4457, 21.52576], [111.39851, 21.52674], [111.25437, 21.40897], [111.24698, 21.45072], [111.28023, 21.43236], [111.29844, 21.49659], [111.24979, 21.48745], [111.21351, 21.5247], [111.15565, 21.51111], [111.22939, 21.47704], [111.09986, 21.45632], [111.08351, 21.47294], [111.14069, 21.49071], [111.07683, 21.48203], [111.0842, 21.50442], [111.03325, 21.5249], [110.99529, 21.48652], [111.0059, 21.45346], [111.0288, 21.47833], [111.07661, 21.46112], [110.88691, 21.38066], [110.79682, 21.40072], [110.74263, 21.3787], [110.64495, 21.24996], [110.65636, 21.31537], [110.62865, 21.35519], [110.7571, 21.40817], [110.76598, 21.4394], [110.74876, 21.44632], [110.74371, 21.41222], [110.62106, 21.36367], [110.62597, 21.21624], [110.49177, 21.21639], [110.42792, 21.19026], [110.452, 21.23214], [110.43336, 21.28088], [110.48958, 21.25712], [110.50989, 21.29496], [110.44851, 21.29474], [110.48893, 21.324], [110.46344, 21.34168], [110.42785, 21.30171], [110.45762, 21.41674], [110.39779, 21.37969], [110.38428, 21.4707], [110.32016, 21.41269], [110.36245, 21.43046], [110.40926, 21.32815], [110.38461, 21.32534], [110.40989, 21.29229], [110.38519, 21.2626], [110.42214, 21.22649], [110.40107, 21.15374], [110.34791, 21.10616], [110.26364, 21.10829], [110.26527, 21.08022], [110.23812, 21.10711], [110.22343, 21.03164], [110.2075, 21.10854], [110.11719, 21.14865], [110.20574, 21.08974], [110.20324, 21.06223], [110.19389, 21.00089], [110.1571, 20.9818], [110.10613, 21.03381], [110.10359, 21.02193], [110.16408, 20.96899], [110.18712, 20.84919], [110.16846, 20.86435], [110.12479, 20.85186], [110.17141, 20.84751], [110.13192, 20.80941], [110.12849, 20.77435], [110.16381, 20.82977], [110.22487, 20.85147], [110.36333, 20.81673], [110.38704, 20.72583], [110.36092, 20.70261], [110.32408, 20.77156], [110.29675, 20.73181], [110.3286, 20.69241], [110.29397, 20.67835], [110.2771, 20.64455], [110.32247, 20.6751], [110.32798, 20.62143], [110.38742, 20.65644], [110.38376, 20.59752], [110.48191, 20.55724], [110.53031, 20.47141], [110.52367, 20.41392], [110.43767, 20.3211], [110.28262, 20.2378], [110.216, 20.27737], [110.22787, 20.25755], [110.12484, 20.23367], [110.04617, 20.28793], [109.97808, 20.28518], [109.91741, 20.231], [109.92458, 20.34499], [109.86279, 20.39717], [109.9044, 20.43045], [109.97111, 20.38871], [109.98351, 20.33283], [110.04453, 20.36171], [109.98147, 20.35676], [110.02387, 20.44512], [109.97563, 20.42995], [109.97435, 20.46375], [109.94282, 20.43462], [109.93447, 20.51394], [109.9213, 20.43304], [109.89369, 20.48697], [109.82662, 20.48918], [109.81192, 20.5343], [109.86556, 20.54068], [109.8378, 20.55302], [109.84747, 20.58657], [109.82909, 20.56585], [109.73787, 20.657], [109.85984, 20.71425], [109.76459, 20.69868], [109.76041, 20.86119], [109.73038, 20.85404], [109.73336, 20.79792], [109.69777, 20.84165], [109.71003, 20.80394], [109.66138, 20.9334], [109.70866, 21.05139], [109.67493, 21.12334], [109.73174, 21.18874], [109.73465, 21.1487], [109.75971, 21.15068], [109.7634, 21.3429], [109.96503, 21.33537], [109.9023, 21.3862], [109.967, 21.46238], [109.91965, 21.43819], [109.92041, 21.47562], [109.94928, 21.48002], [109.8659, 21.46836], [109.85058, 21.5119], [109.80634, 21.45568], [109.79665, 21.54382], [109.76378, 21.55908], [109.78311, 21.58648], [109.73918, 21.57823], [109.76939, 21.48084], [109.7348, 21.46414], [109.65145, 21.51188], [109.69558, 21.6242], [109.6339, 21.58737], [109.63332, 21.55384], [109.61118, 21.57384], [109.61575, 21.64933], [109.58218, 21.62522], [109.55109, 21.69225], [109.61116, 21.74316], [109.59363, 21.7711], [109.49398, 21.70238], [109.51823, 21.65663], [109.46149, 21.66053], [109.5277, 21.64104], [109.57816, 21.58096], [109.54489, 21.50675], [109.47063, 21.46392], [109.47264, 21.50753], [109.4276, 21.45237], [109.33611, 21.44865], [109.32595, 21.48181], [109.30647, 21.44163], [109.24152, 21.44883], [109.23987, 21.49688], [109.22744, 21.42291], [109.16743, 21.40816], [109.16325, 21.44247], [109.15715, 21.39847], [109.04102, 21.44855], [109.1609, 21.51671], [109.15249, 21.62898], [109.13316, 21.57603], [109.11016, 21.60516], [109.08366, 21.58472], [109.07333, 21.62585], [109.06343, 21.59335], [109.05147, 21.5977], [109.06335, 21.64849], [108.9964, 21.59888], [108.91422, 21.60946], [108.8481, 21.68866], [108.86031, 21.7344], [108.9349, 21.75842], [108.88715, 21.74797], [108.90231, 21.77965], [108.86817, 21.74668], [108.87389, 21.79988], [108.85484, 21.78319], [108.85854, 21.80799], [108.80089, 21.8376], [108.7849, 21.8089], [108.8518, 21.74028], [108.83135, 21.7011], [108.80614, 21.74768], [108.78396, 21.71978], [108.84229, 21.66808], [108.82204, 21.63831], [108.86766, 21.63136], [108.74229, 21.59662], [108.70651, 21.65759], [108.745, 21.64976], [108.75509, 21.67636], [108.70281, 21.68383], [108.72953, 21.71834], [108.7141, 21.74936], [108.68872, 21.69416], [108.63922, 21.73373], [108.68613, 21.80883], [108.6556, 21.78218], [108.65572, 21.81664], [108.63279, 21.75955], [108.61854, 21.7901], [108.63544, 21.74274], [108.608, 21.70823], [108.59935, 21.76235], [108.56534, 21.77479], [108.63587, 21.87781], [108.59989, 21.90568], [108.54366, 21.88904], [108.57853, 21.93861], [108.47942, 21.86491], [108.48593, 21.84116], [108.46116, 21.86287], [108.47127, 21.92269], [108.43641, 21.85609], [108.49526, 21.81025], [108.4997, 21.75184], [108.54881, 21.74425], [108.51408, 21.71419], [108.50254, 21.74491], [108.46658, 21.72933], [108.50484, 21.70582], [108.4716, 21.69044], [108.50053, 21.69876], [108.50298, 21.66909], [108.53899, 21.71728], [108.52609, 21.66762], [108.55509, 21.65158], [108.50243, 21.63602], [108.52914, 21.61566], [108.48499, 21.56368], [108.50156, 21.59859], [108.47811, 21.6088], [108.4473, 21.55984], [108.47225, 21.55214], [108.39113, 21.5528], [108.39416, 21.58813], [108.44038, 21.5728], [108.44996, 21.61654], [108.42173, 21.60499], [108.41817, 21.62847], [108.47453, 21.65916], [108.41635, 21.65284], [108.43515, 21.68911], [108.33535, 21.60155], [108.36911, 21.66795], [108.33524, 21.6893], [108.35175, 21.73709], [108.30719, 21.67359], [108.31853, 21.57972], [108.21793, 21.49486], [108.26144, 21.57723], [108.22192, 21.61472], [108.24121, 21.63813], [108.24084, 21.66717], [108.22084, 21.62484], [108.19878, 21.64029], [108.21371, 21.60862], [108.13149, 21.56873], [108.18593, 21.52488], [108.12133, 21.51096], [108.11237, 21.53771], [108.03278, 21.54897], [107.9688, 21.52396], [107.85928, 21.65305], [107.79658, 21.65858], [107.66745, 21.59987], [107.49471, 21.59212], [107.47842, 21.6494], [107.55123, 21.72497], [107.893, 21.83309], [107.88627, 21.86389], [108.18628, 21.98582], [108.21058, 22.04526], [108.18336, 22.14826], [108.2256, 22.19501], [108.40688, 22.26973], [108.48447, 22.24211], [108.53449, 22.28793], [108.53819, 22.34901], [108.61844, 22.31548]], [[113.30002, 22.73964], [113.30106, 22.74003], [113.31075, 22.74368], [113.30002, 22.73964]]], [[[112.01403, 24.74091], [112.01592, 24.73996], [112.01535, 24.73831], [112.01403, 24.74091]]], [[[114.32343, 22.0636], [114.30257, 22.04286], [114.22867, 22.02216], [114.27327, 22.05092], [114.32343, 22.0636]]], [[[113.46296, 22.09889], [113.48037, 22.14435], [113.53058, 22.15982], [113.55119, 22.08138], [113.46296, 22.09889]]], [[[113.57747, 22.122], [113.55646, 22.13453], [113.59842, 22.13357], [113.57747, 22.122]]], [[[114.15962, 22.20723], [114.1152, 22.18375], [114.10476, 22.23889], [114.15962, 22.20723]]], [[[114.22617, 22.24233], [114.21927, 22.19625], [114.1954, 22.23533], [114.13353, 22.25061], [114.11893, 22.28257], [114.23576, 22.28439], [114.25797, 22.21622], [114.22617, 22.24233]]], [[[113.99743, 22.32151], [114.01755, 22.22589], [113.84468, 22.1943], [113.84003, 22.23126], [113.89694, 22.29133], [113.93206, 22.27351], [113.99743, 22.32151]]], [[[113.63686, 22.44351], [113.64532, 22.40224], [113.61356, 22.40108], [113.63686, 22.44351]]], [[[113.58107, 22.49855], [113.58311, 22.50208], [113.58437, 22.4988], [113.58107, 22.49855]]], [[[113.57571, 22.56658], [113.57332, 22.58505], [113.59051, 22.57387], [113.57571, 22.56658]]], [[[113.54786, 22.65859], [113.56818, 22.61582], [113.53368, 22.65824], [113.54786, 22.65859]]], [[[113.52604, 22.66725], [113.51781, 22.67064], [113.50792, 22.68833], [113.52413, 22.67285], [113.52604, 22.66725]]], [[[113.59907, 22.6423], [113.45425, 22.72916], [113.4757, 22.72569], [113.56455, 22.72618], [113.59907, 22.6423]]], [[[115.80495, 22.71949], [115.80751, 22.72284], [115.80917, 22.71992], [115.80495, 22.71949]]], [[[116.09689, 22.80999], [116.09708, 22.81251], [116.09837, 22.81128], [116.09689, 22.80999]]], [[[116.11031, 22.81159], [116.10935, 22.81338], [116.11093, 22.81346], [116.11031, 22.81159]]], [[[116.08468, 22.82014], [116.08611, 22.81902], [116.08449, 22.81749], [116.08468, 22.82014]]], [[[117.04427, 23.40259], [116.93512, 23.43341], [117.12605, 23.48491], [117.04427, 23.40259]]]]}, {"type": "MultiLineString", "coordinates": [[[115.32079, 23.76819], [115.32249, 23.76533]], [[112.50477, 23.31166], [112.4979, 23.31406]], [[113.87559, 24.62879], [113.874, 24.62735]]]}]}}, {"type": "Feature", "properties": {"SYS_ID": "25034", "NAME_PY": "Fujian", "NAME_CH": "福建", "NAME_FT": "福建", "AREA": 159806.0, "X_COORD": 118.14541, "Y_COORD": 25.94086}, "geometry": {"type": "MultiPolygon", "coordinates": [[[[117.07017, 23.40978], [117.12605, 23.48491], [117.13258, 23.39781], [117.07017, 23.40978]]], [[[119.58069, 23.66039], [119.55576, 23.65981], [119.58197, 23.67326], [119.61961, 23.64326], [119.62893, 23.57636], [119.65687, 23.60544], [119.69704, 23.55456], [119.64739, 23.55917], [119.57674, 23.50769], [119.54162, 23.53772], [119.579, 23.52172], [119.60899, 23.54648], [119.56017, 23.56048], [119.6106, 23.5846], [119.58069, 23.66039]]], [[[119.5454, 23.63855], [119.51625, 23.56444], [119.47306, 23.55509], [119.51395, 23.64108], [119.5454, 23.63855]]], [[[118.21191, 24.40988], [118.2468, 24.45388], [118.26158, 24.42246], [118.22539, 24.40532], [118.21191, 24.40988]]], [[[117.84255, 24.4316], [117.80365, 24.46262], [117.88198, 24.43071], [117.84255, 24.4316]]], [[[117.87676, 24.45478], [117.85319, 24.45027], [117.83775, 24.46417], [117.80732, 24.46902], [117.91264, 24.45822], [117.89982, 24.43036], [117.87676, 24.45478]]], [[[118.32495, 24.38593], [118.27926, 24.41393], [118.3177, 24.4301], [118.29065, 24.4764], [118.36469, 24.45897], [118.39102, 24.5118], [118.42422, 24.52688], [118.46384, 24.48286], [118.44741, 24.41062], [118.36614, 24.42866], [118.32495, 24.38593]]], [[[118.12937, 24.42585], [118.06683, 24.46576], [118.11234, 24.47976], [118.07408, 24.50111], [118.11689, 24.55173], [118.16015, 24.54167], [118.15572, 24.50978], [118.19251, 24.52924], [118.1953, 24.48894], [118.12937, 24.42585]]], [[[119.13184, 25.08574], [119.1182, 25.02405], [119.10314, 25.07922], [119.14734, 25.08978], [119.13184, 25.08574]]], [[[119.49801, 25.21398], [119.56872, 25.21139], [119.53864, 25.16665], [119.49931, 25.20637], [119.48885, 25.18458], [119.43913, 25.2057], [119.43729, 25.23995], [119.46611, 25.25907], [119.49801, 25.21398]]], [[[119.73878, 25.58164], [119.68147, 25.59913], [119.78449, 25.66727], [119.77206, 25.61731], [119.8798, 25.55784], [119.80547, 25.53152], [119.80608, 25.49363], [119.85919, 25.48193], [119.851, 25.45459], [119.75674, 25.43702], [119.77352, 25.39711], [119.69795, 25.46191], [119.72865, 25.48869], [119.67459, 25.46845], [119.67202, 25.49331], [119.73859, 25.5075], [119.73878, 25.58164]]], [[[116.93163, 27.02283], [117.04218, 27.10157], [117.05899, 27.17551], [117.16245, 27.27718], [117.09876, 27.33646], [117.12058, 27.44645], [117.07494, 27.56926], [117.01541, 27.56588], [117.02032, 27.66392], [117.05292, 27.67525], [117.09457, 27.63067], [117.10156, 27.68685], [117.19828, 27.68846], [117.19814, 27.71577], [117.29501, 27.77882], [117.28169, 27.87507], [117.32047, 27.90376], [117.34506, 27.86464], [117.51755, 27.99197], [117.59894, 27.87388], [117.73547, 27.80699], [117.78417, 27.89917], [117.85182, 27.95031], [118.02443, 27.99132], [118.08931, 27.96673], [118.1207, 28.05879], [118.33678, 28.09608], [118.36909, 28.19083], [118.315, 28.22825], [118.42427, 28.29228], [118.4854, 28.24131], [118.49516, 28.28212], [118.573, 28.2921], [118.60341, 28.2573], [118.70875, 28.31238], [118.80267, 28.24109], [118.76115, 28.17785], [118.79381, 28.17119], [118.79248, 28.12329], [118.71191, 28.05638], [118.72289, 27.97871], [118.81105, 27.91218], [118.89139, 27.71739], [118.86738, 27.69843], [118.90428, 27.57638], [118.85471, 27.52568], [118.90814, 27.46316], [119.00636, 27.50001], [119.05289, 27.47409], [119.11907, 27.48708], [119.12654, 27.43751], [119.23971, 27.42469], [119.37177, 27.53802], [119.43346, 27.51182], [119.46157, 27.52954], [119.48924, 27.66033], [119.62464, 27.67698], [119.62505, 27.59659], [119.70048, 27.51911], [119.68183, 27.44116], [119.77735, 27.33207], [119.76521, 27.30983], [119.93671, 27.31784], [119.96549, 27.37166], [120.0, 27.3828], [120.0319, 27.3444], [120.13453, 27.42222], [120.24931, 27.43482], [120.27393, 27.39567], [120.34655, 27.39596], [120.42249, 27.26244], [120.4001, 27.24472], [120.43544, 27.16646], [120.3662, 27.25052], [120.2973, 27.23282], [120.28777, 27.26488], [120.32001, 27.28164], [120.32938, 27.29349], [120.30588, 27.28035], [120.31497, 27.31023], [120.28769, 27.29343], [120.28706, 27.32122], [120.26184, 27.28467], [120.2418, 27.30261], [120.23812, 27.2537], [120.2067, 27.29373], [120.18655, 27.27968], [120.18319, 27.21365], [120.25433, 27.25343], [120.31033, 27.21321], [120.3584, 27.23875], [120.37724, 27.19565], [120.34493, 27.17333], [120.44254, 27.15438], [120.37878, 27.13861], [120.42214, 27.12279], [120.36553, 27.11166], [120.38941, 27.11191], [120.38313, 27.08343], [120.2541, 27.12902], [120.28761, 27.04827], [120.24891, 27.06158], [120.23216, 27.03296], [120.2637, 27.03356], [120.26834, 26.99604], [120.16962, 26.97745], [120.24567, 26.96782], [120.22572, 26.91214], [120.1206, 26.929], [120.10342, 26.8802], [120.02995, 26.87538], [120.03669, 26.82368], [120.13567, 26.80108], [120.09356, 26.75931], [120.15782, 26.72618], [120.09614, 26.69403], [120.10532, 26.64762], [120.13517, 26.65234], [119.94184, 26.60054], [119.94122, 26.56335], [119.88631, 26.51744], [119.82658, 26.5264], [119.84454, 26.58893], [119.89703, 26.62295], [119.95068, 26.61446], [119.98375, 26.64586], [119.97038, 26.6889], [120.03852, 26.71336], [120.02174, 26.73617], [120.08195, 26.78117], [120.07513, 26.80629], [119.92265, 26.78915], [119.90006, 26.66519], [119.86633, 26.64839], [119.8351, 26.69653], [119.85487, 26.7241], [119.80642, 26.69167], [119.78643, 26.70892], [119.8047, 26.77748], [119.85336, 26.78209], [119.85197, 26.81444], [119.78884, 26.78649], [119.78512, 26.8154], [119.85391, 26.84959], [119.84492, 26.86178], [119.77023, 26.83724], [119.73016, 26.70487], [119.66361, 26.73161], [119.65804, 26.7645], [119.61137, 26.75859], [119.61842, 26.79756], [119.57105, 26.79571], [119.55284, 26.76009], [119.5513, 26.70454], [119.58333, 26.71458], [119.56961, 26.74393], [119.63559, 26.74301], [119.59289, 26.72082], [119.60056, 26.64738], [119.55238, 26.6786], [119.52726, 26.66287], [119.56504, 26.60165], [119.59695, 26.56943], [119.66834, 26.62015], [119.78149, 26.5871], [119.79684, 26.55168], [119.75514, 26.5419], [119.82835, 26.45113], [119.76714, 26.40756], [119.77348, 26.43347], [119.64645, 26.5083], [119.61689, 26.46369], [119.59389, 26.48187], [119.56556, 26.48349], [119.57848, 26.42935], [119.65582, 26.44306], [119.64185, 26.36233], [119.70058, 26.34514], [119.68376, 26.31374], [119.75988, 26.33388], [119.7501, 26.36813], [119.81802, 26.42679], [119.87158, 26.37759], [119.85838, 26.35224], [119.95477, 26.37316], [119.90205, 26.31798], [119.8126, 26.32797], [119.79622, 26.27357], [119.76407, 26.30068], [119.63063, 26.26653], [119.60484, 26.24725], [119.6712, 26.23984], [119.65462, 26.20774], [119.51125, 26.08347], [119.71336, 26.01652], [119.68198, 25.90603], [119.6364, 25.91802], [119.58188, 25.85592], [119.62842, 25.75632], [119.60352, 25.70551], [119.53568, 25.71318], [119.43488, 25.64304], [119.49326, 25.62318], [119.47704, 25.59058], [119.50688, 25.55682], [119.60278, 25.59567], [119.56645, 25.55273], [119.59694, 25.52215], [119.55124, 25.5063], [119.60261, 25.51016], [119.58505, 25.48108], [119.61775, 25.49085], [119.60922, 25.4648], [119.63854, 25.47747], [119.60865, 25.43609], [119.65057, 25.4252], [119.65618, 25.38517], [119.6114, 25.36241], [119.65276, 25.36441], [119.63971, 25.34363], [119.58708, 25.34789], [119.60458, 25.37629], [119.57824, 25.42163], [119.60283, 25.43154], [119.56582, 25.46288], [119.51827, 25.39861], [119.56513, 25.41809], [119.55489, 25.3855], [119.48523, 25.36793], [119.50849, 25.47009], [119.4316, 25.43838], [119.46066, 25.5127], [119.3616, 25.53113], [119.37862, 25.59359], [119.3596, 25.57903], [119.36755, 25.60465], [119.31929, 25.62195], [119.35028, 25.55163], [119.32137, 25.4697], [119.34243, 25.43705], [119.29782, 25.42131], [119.27557, 25.46044], [119.32413, 25.56956], [119.28783, 25.58067], [119.25639, 25.50495], [119.22257, 25.47309], [119.20222, 25.48969], [119.12347, 25.40173], [119.1834, 25.34216], [119.21572, 25.36076], [119.2281, 25.31173], [119.18443, 25.30327], [119.20759, 25.26734], [119.24582, 25.33164], [119.28517, 25.32993], [119.36271, 25.25204], [119.27988, 25.24351], [119.30139, 25.20073], [119.27396, 25.17367], [119.17012, 25.18736], [119.13629, 25.26684], [119.08551, 25.18224], [119.15682, 25.13002], [119.10306, 25.15001], [119.10244, 25.11303], [119.08322, 25.16211], [119.04733, 25.15628], [119.05668, 25.11635], [119.02449, 25.13885], [119.07242, 25.19314], [119.07188, 25.25223], [118.99361, 25.213], [118.97579, 25.23052], [118.9913, 25.26779], [119.04018, 25.26], [119.06341, 25.28959], [118.98355, 25.29501], [118.86648, 25.24744], [118.9236, 25.23774], [118.90596, 25.19756], [118.97778, 25.19941], [118.97669, 25.17257], [118.93452, 25.14697], [118.96934, 25.12116], [118.84805, 25.08466], [118.94933, 25.00778], [119.00578, 25.05736], [118.97705, 24.99215], [119.02219, 24.96222], [118.88715, 24.94904], [118.97703, 24.88529], [118.87372, 24.90519], [118.84032, 24.88128], [118.80901, 24.90599], [118.78957, 24.88403], [118.81213, 24.87668], [118.71663, 24.84905], [118.69521, 24.88598], [118.73552, 24.88621], [118.74394, 24.91482], [118.71805, 24.9108], [118.71697, 24.94623], [118.69048, 24.89766], [118.69482, 24.9524], [118.6569, 24.98175], [118.67392, 24.95254], [118.64239, 24.93035], [118.68027, 24.88956], [118.62013, 24.81542], [118.66304, 24.78569], [118.72395, 24.81461], [118.73232, 24.77673], [118.78175, 24.7791], [118.71201, 24.67736], [118.67168, 24.69665], [118.63705, 24.66586], [118.65234, 24.62206], [118.68073, 24.62185], [118.65044, 24.56009], [118.5705, 24.51499], [118.55428, 24.55537], [118.59173, 24.57757], [118.4436, 24.62948], [118.45764, 24.71115], [118.42562, 24.73562], [118.41625, 24.608], [118.27584, 24.59894], [118.23861, 24.54433], [118.18606, 24.57198], [118.22687, 24.627], [118.1776, 24.6265], [118.21059, 24.65746], [118.16241, 24.69436], [118.09976, 24.58037], [118.02821, 24.56889], [118.06712, 24.51468], [118.01035, 24.48958], [118.03931, 24.44974], [117.78902, 24.49727], [117.7766, 24.47661], [117.90185, 24.3762], [117.90801, 24.39827], [118.06353, 24.41098], [118.01929, 24.33288], [118.0975, 24.36015], [118.13841, 24.27254], [118.09866, 24.2448], [118.07184, 24.26206], [118.01611, 24.20454], [118.00601, 24.23315], [117.97118, 24.15927], [117.95754, 24.2298], [117.91119, 24.19213], [117.95335, 24.16425], [117.90058, 24.09695], [117.90478, 24.03985], [117.80987, 24.00451], [117.7492, 23.90483], [117.72721, 23.93848], [117.79743, 24.0125], [117.7588, 24.02353], [117.77506, 24.04725], [117.77081, 24.06002], [117.75204, 24.02781], [117.70895, 24.04501], [117.68288, 24.00001], [117.70607, 23.95172], [117.63528, 23.88724], [117.64651, 23.79684], [117.59085, 23.72239], [117.59808, 23.88666], [117.38603, 23.94418], [117.38103, 23.92427], [117.48118, 23.90916], [117.50426, 23.86638], [117.44121, 23.75862], [117.41016, 23.7773], [117.43385, 23.73867], [117.4968, 23.76125], [117.53521, 23.73815], [117.48079, 23.70663], [117.48587, 23.65579], [117.42123, 23.64877], [117.43835, 23.58058], [117.37166, 23.56912], [117.31278, 23.57927], [117.41448, 23.6727], [117.33803, 23.68394], [117.39524, 23.7909], [117.34254, 23.75272], [117.28678, 23.7785], [117.31123, 23.75599], [117.27125, 23.73444], [117.28381, 23.64018], [117.25243, 23.60876], [117.22968, 23.61019], [117.249, 23.6748], [117.23249, 23.69133], [117.22324, 23.62402], [117.19003, 23.62166], [117.04617, 23.70332], [117.01509, 23.83907], [116.96444, 23.90444], [116.97567, 24.00001], [116.92114, 24.07721], [116.98882, 24.18147], [116.93019, 24.2247], [116.90677, 24.36501], [116.83678, 24.43093], [116.84347, 24.47682], [116.75189, 24.54583], [116.80933, 24.64417], [116.79304, 24.67788], [116.59433, 24.64966], [116.51524, 24.60922], [116.48509, 24.71273], [116.41473, 24.73964], [116.3708, 24.80162], [116.41285, 24.84074], [116.3891, 24.87443], [116.3038, 24.80263], [116.23911, 24.79275], [116.24606, 24.82603], [116.19223, 24.8651], [116.06659, 24.85271], [116.01974, 24.90244], [115.88406, 24.92896], [115.86224, 24.9579], [115.90038, 24.97801], [115.86829, 25.02222], [115.92638, 25.0543], [115.86929, 25.11838], [115.85151, 25.21308], [116.00704, 25.32531], [115.98805, 25.38173], [116.01486, 25.44329], [115.98757, 25.46394], [116.05505, 25.57076], [116.05082, 25.69052], [116.17434, 25.77748], [116.12575, 25.86157], [116.36131, 25.96796], [116.36211, 26.01523], [116.48708, 26.12738], [116.46234, 26.17857], [116.39099, 26.18549], [116.39454, 26.2717], [116.51283, 26.40451], [116.57687, 26.36909], [116.60167, 26.38609], [116.63349, 26.47767], [116.53509, 26.56855], [116.5642, 26.64577], [116.50727, 26.71168], [116.55402, 26.77036], [116.54402, 26.8435], [116.65461, 26.96568], [116.8129, 27.02191], [116.93163, 27.02283]], [[117.64828, 26.04381], [117.65189, 26.04883], [117.65707, 26.05659], [117.64828, 26.04381]]], [[[119.53809, 26.08121], [119.56771, 26.11954], [119.61832, 26.11917], [119.65186, 26.07023], [119.53809, 26.08121]]], [[[120.32045, 26.94955], [120.35893, 26.97123], [120.3799, 26.93272], [120.35126, 26.9282], [120.32045, 26.94955]]], [[[121.59789, 22.02591], [121.56728, 22.00444], [121.49898, 22.05103], [121.49401, 22.09191], [121.56087, 22.08755], [121.56158, 22.04442], [121.59789, 22.02591]]], [[[121.45716, 22.68383], [121.50277, 22.68338], [121.48364, 22.63609], [121.4632, 22.64776], [121.45716, 22.68383]]], [[[121.85387, 24.48332], [121.78791, 24.42624], [121.76501, 24.31365], [121.61592, 24.09912], [121.63947, 24.01475], [121.6031, 23.96725], [121.46158, 23.32587], [121.3898, 23.20371], [121.4054, 23.1286], [121.36034, 23.09945], [121.24583, 22.88547], [121.19083, 22.86093], [121.17087, 22.76392], [121.02898, 22.67191], [120.97012, 22.56044], [120.87989, 22.29156], [120.89112, 22.0407], [120.83213, 21.96472], [120.85616, 21.9093], [120.75346, 21.9629], [120.7165, 21.92641], [120.67719, 22.03715], [120.70351, 22.11039], [120.63216, 22.3085], [120.43608, 22.46085], [120.45097, 22.48691], [120.40989, 22.47264], [120.2677, 22.60012], [120.24383, 22.66094], [120.26454, 22.71454], [120.25086, 22.69646], [120.14632, 22.98786], [120.17435, 22.96396], [120.18757, 22.99167], [120.1327, 23.00417], [120.17594, 23.03167], [120.13172, 23.01265], [120.05451, 23.05405], [120.09933, 23.08407], [120.0605, 23.07307], [120.05856, 23.10287], [120.10704, 23.13188], [120.06909, 23.17621], [120.11742, 23.23137], [120.08808, 23.23394], [120.13601, 23.31797], [120.12967, 23.39179], [120.1326, 23.35855], [120.16563, 23.34623], [120.13648, 23.43807], [120.17141, 23.4568], [120.12582, 23.46743], [120.15173, 23.4968], [120.1236, 23.61709], [120.15243, 23.69014], [120.23715, 23.82583], [120.2939, 23.8219], [120.30827, 23.836], [120.25571, 23.85098], [120.3625, 24.04084], [120.38194, 24.00896], [120.39623, 24.00659], [120.36946, 24.04412], [120.4252, 24.08754], [120.43964, 24.15208], [120.48621, 24.19447], [120.52294, 24.16113], [120.4846, 24.20225], [120.51605, 24.29422], [120.6721, 24.49453], [120.71189, 24.60303], [120.76898, 24.61397], [120.77345, 24.656], [120.86174, 24.66988], [120.82829, 24.6823], [120.89852, 24.76048], [120.96156, 24.925], [121.09432, 25.07178], [121.38157, 25.14793], [121.50332, 25.29316], [121.59789, 25.29107], [121.7461, 25.14386], [121.91631, 25.13036], [121.92732, 25.02391], [121.99886, 25.01591], [121.88288, 24.94149], [121.81393, 24.84751], [121.83913, 24.63551], [121.87938, 24.60594], [121.85374, 24.60869], [121.86938, 24.54749], [121.83222, 24.51999], [121.85387, 24.48332]]], [[[121.93577, 25.44307], [121.92526, 25.44612], [121.93562, 25.45271], [121.93577, 25.44307]]], [[[122.09341, 25.50334], [122.0864, 25.49851], [122.08635, 25.50081], [122.09341, 25.50334]]], [[[122.07113, 25.64838], [122.05845, 25.64543], [122.06506, 25.65484], [122.07113, 25.64838]]], [[[123.57121, 25.72916], [123.56195, 25.73308], [123.57137, 25.73216], [123.57121, 25.72916]]], [[[123.4856, 25.74682], [123.48421, 25.74264], [123.46989, 25.74573], [123.4856, 25.74682]]], [[[123.55987, 25.74291], [123.55493, 25.74647], [123.55743, 25.74791], [123.55987, 25.74291]]], [[[123.58292, 25.76118], [123.57711, 25.76012], [123.58, 25.76502], [123.58292, 25.76118]]], [[[123.562, 25.78849], [123.55785, 25.78333], [123.55703, 25.7877], [123.562, 25.78849]]], [[[123.55088, 25.78684], [123.54574, 25.78901], [123.54858, 25.79411], [123.55088, 25.78684]]], [[[124.57455, 25.9155], [124.56859, 25.90896], [124.57082, 25.91721], [124.57455, 25.9155]]], [[[123.70538, 25.9462], [123.69682, 25.94325], [123.69645, 25.94813], [123.70538, 25.9462]]]]}}, {"type": "Feature", "properties": {"SYS_ID": "25035", "NAME_PY": "Zhejiang", "NAME_CH": "浙江", "NAME_FT": "浙江", "AREA": 103867.0, "X_COORD": 120.23102, "Y_COORD": 29.19472}, "geometry": {"type": "MultiPolygon", "coordinates": [[[[121.08556, 27.82739], [121.18961, 27.86861], [121.1671, 27.81637], [121.14386, 27.83137], [121.08556, 27.82739]]], [[[121.0827, 27.86989], [121.06742, 27.84958], [121.02775, 27.83941], [121.03245, 27.88265], [121.0827, 27.86989]]], [[[121.04102, 27.96844], [121.1207, 27.98852], [121.14848, 27.96094], [121.04387, 27.94924], [121.04102, 27.96844]]], [[[120.91875, 27.97496], [120.86851, 27.96203], [120.8485, 27.97748], [120.91875, 27.97496]]], [[[121.18779, 27.98085], [121.18477, 27.99884], [121.23487, 27.99489], [121.18779, 27.98085]]], [[[121.2972, 28.10831], [121.29053, 28.07122], [121.22939, 28.08141], [121.24369, 28.05512], [121.14271, 28.06015], [121.12925, 28.13726], [121.24257, 28.21238], [121.27971, 28.18085], [121.25594, 28.12193], [121.2972, 28.10831]]], [[[121.66431, 28.41601], [121.64787, 28.37437], [121.62893, 28.36439], [121.63466, 28.39247], [121.66431, 28.41601]]], [[[121.91468, 28.45297], [121.90491, 28.43975], [121.8652, 28.43], [121.88609, 28.45489], [121.91468, 28.45297]]], [[[121.89128, 28.51395], [121.91073, 28.50015], [121.88096, 28.46956], [121.8694, 28.50463], [121.89128, 28.51395]]], [[[121.61436, 28.54589], [121.62914, 28.51908], [121.60883, 28.49415], [121.59351, 28.52003], [121.61436, 28.54589]]], [[[121.81477, 29.10353], [121.83669, 29.08699], [121.81879, 29.05549], [121.78567, 29.08185], [121.81477, 29.10353]]], [[[121.94586, 29.05574], [121.89627, 29.07651], [121.91857, 29.0927], [121.87166, 29.13383], [121.93182, 29.18448], [121.98217, 29.15132], [121.94586, 29.05574]]], [[[121.84952, 29.09199], [121.78133, 29.11667], [121.77987, 29.15193], [121.86594, 29.14415], [121.86221, 29.12699], [121.88232, 29.11915], [121.84952, 29.09199]]], [[[118.83102, 29.89175], [118.83502, 29.94149], [118.8915, 29.9513], [118.86559, 30.10835], [118.8921, 30.15577], [118.84689, 30.16269], [118.92103, 30.21465], [118.88826, 30.23899], [118.88654, 30.32586], [118.95284, 30.36406], [119.04224, 30.31047], [119.08521, 30.32962], [119.22516, 30.29549], [119.24846, 30.34629], [119.41057, 30.38156], [119.34588, 30.42015], [119.32296, 30.53394], [119.26978, 30.51537], [119.23885, 30.54002], [119.2635, 30.58232], [119.23819, 30.61772], [119.31128, 30.6243], [119.38051, 30.68816], [119.42833, 30.64667], [119.48464, 30.71329], [119.48518, 30.78296], [119.52613, 30.78089], [119.57027, 30.83884], [119.55894, 30.9166], [119.62917, 31.0218], [119.63703, 31.15168], [119.77972, 31.18273], [119.91347, 31.17277], [119.99412, 31.22029], [119.98543, 31.16195], [120.05154, 31.06465], [120.36276, 30.96037], [120.35568, 30.88544], [120.4102, 30.89422], [120.417, 30.92956], [120.49754, 30.75868], [120.58148, 30.85905], [120.64603, 30.8536], [120.70521, 30.90073], [120.70153, 30.97293], [120.9549, 31.02617], [120.995, 31.0015], [120.98146, 30.89531], [121.01181, 30.89077], [120.98472, 30.82651], [121.11455, 30.85277], [121.11851, 30.78399], [121.21835, 30.78276], [121.2636, 30.73403], [121.2676, 30.70163], [121.13969, 30.60259], [121.04492, 30.59269], [120.96739, 30.53861], [120.9348, 30.47987], [120.9594, 30.44014], [120.90544, 30.41702], [120.90462, 30.3758], [120.78753, 30.33334], [120.66409, 30.40062], [120.61155, 30.34671], [120.66543, 30.20213], [120.64348, 30.13789], [120.81274, 30.1249], [121.16529, 30.3055], [121.31831, 30.31403], [121.50045, 30.18639], [121.69799, 29.95728], [121.77614, 29.9727], [121.82298, 29.93344], [121.84965, 29.94115], [121.92934, 29.89146], [122.01101, 29.87719], [122.11246, 29.90995], [122.13578, 29.88763], [121.93163, 29.78853], [121.90682, 29.7466], [121.87719, 29.776], [121.85108, 29.69868], [121.69875, 29.59873], [121.70103, 29.56484], [121.65264, 29.55025], [121.6402, 29.57873], [121.6416, 29.54867], [121.57118, 29.55102], [121.52491, 29.50776], [121.5126, 29.55719], [121.4399, 29.51475], [121.44219, 29.41618], [121.49943, 29.49472], [121.50677, 29.4574], [121.52804, 29.46403], [121.48994, 29.39123], [121.54825, 29.46013], [121.7028, 29.53599], [121.77374, 29.53494], [121.76777, 29.4729], [121.80244, 29.47786], [121.85862, 29.53908], [121.74407, 29.5437], [121.79367, 29.60564], [121.91979, 29.64559], [121.99368, 29.58923], [121.91613, 29.53249], [121.98014, 29.46243], [121.9681, 29.4176], [121.93011, 29.4301], [121.89632, 29.38464], [121.93114, 29.37011], [121.91868, 29.34107], [121.95042, 29.34348], [121.9126, 29.32873], [121.9213, 29.28176], [121.99416, 29.2815], [121.95839, 29.25645], [121.97342, 29.22411], [121.84407, 29.16431], [121.79968, 29.19922], [121.83645, 29.3001], [121.80214, 29.30705], [121.83839, 29.32711], [121.78833, 29.33411], [121.80573, 29.37839], [121.77009, 29.37261], [121.78158, 29.27116], [121.74938, 29.192], [121.72952, 29.21463], [121.70485, 29.18293], [121.65589, 29.18552], [121.64558, 29.2762], [121.6713, 29.3234], [121.62387, 29.29912], [121.63757, 29.18302], [121.59526, 29.27052], [121.52766, 29.27812], [121.54965, 29.25178], [121.51662, 29.2108], [121.53101, 29.18882], [121.49512, 29.16044], [121.4789, 29.20119], [121.46346, 29.1554], [121.41974, 29.16981], [121.46686, 29.09839], [121.64606, 29.10265], [121.62466, 29.04198], [121.53424, 29.05918], [121.52932, 29.00131], [121.56988, 29.05143], [121.58816, 29.0331], [121.62527, 29.03675], [121.66166, 29.05386], [121.66448, 29.02432], [121.7123, 29.0144], [121.66704, 28.99547], [121.72677, 28.95187], [121.69428, 28.91209], [121.54105, 28.95643], [121.5144, 28.93949], [121.64201, 28.88377], [121.63544, 28.8547], [121.68114, 28.86747], [121.65102, 28.81187], [121.68124, 28.79214], [121.63833, 28.7795], [121.61801, 28.71781], [121.48248, 28.67071], [121.581, 28.48731], [121.59281, 28.36597], [121.6681, 28.35124], [121.6402, 28.28466], [121.58177, 28.24763], [121.58314, 28.30692], [121.52631, 28.33167], [121.46945, 28.339], [121.44272, 28.29573], [121.40144, 28.3099], [121.43832, 28.26597], [121.36597, 28.22288], [121.36131, 28.19052], [121.3896, 28.18399], [121.34882, 28.13889], [121.27421, 28.20102], [121.27016, 28.28525], [121.21425, 28.33207], [121.27675, 28.36607], [121.21161, 28.34694], [121.18188, 28.39083], [121.11601, 28.28558], [121.04507, 28.30985], [121.03294, 28.2915], [121.11345, 28.27642], [121.11938, 28.21143], [120.99162, 28.10256], [120.96549, 27.98192], [120.85869, 27.99769], [120.81116, 27.97191], [120.86786, 27.93089], [120.85855, 27.87655], [120.67953, 27.70387], [120.66316, 27.62011], [120.5965, 27.58631], [120.61679, 27.5038], [120.68714, 27.47989], [120.65141, 27.45003], [120.65001, 27.36892], [120.54588, 27.40314], [120.54043, 27.34274], [120.50804, 27.34137], [120.56519, 27.29555], [120.51886, 27.27702], [120.5198, 27.20096], [120.47472, 27.16914], [120.46304, 27.21828], [120.42294, 27.19909], [120.43549, 27.17067], [120.40748, 27.20287], [120.42249, 27.26244], [120.34655, 27.39596], [120.27393, 27.39567], [120.24931, 27.43482], [120.13453, 27.42222], [120.0319, 27.3444], [120.0, 27.3828], [119.96549, 27.37166], [119.93671, 27.31784], [119.76521, 27.30983], [119.77735, 27.33207], [119.68183, 27.44116], [119.70048, 27.51911], [119.62505, 27.59659], [119.62464, 27.67698], [119.48924, 27.66033], [119.46157, 27.52954], [119.43346, 27.51182], [119.37177, 27.53802], [119.23971, 27.42469], [119.12654, 27.43751], [119.11907, 27.48708], [119.05289, 27.47409], [119.00636, 27.50001], [118.9007, 27.46769], [118.85471, 27.52568], [118.90428, 27.57638], [118.86738, 27.69843], [118.89139, 27.71739], [118.81105, 27.91218], [118.72289, 27.97871], [118.71191, 28.05638], [118.79248, 28.12329], [118.79381, 28.17119], [118.76115, 28.17785], [118.80267, 28.24109], [118.70875, 28.31238], [118.60808, 28.25799], [118.573, 28.2921], [118.49516, 28.28212], [118.4854, 28.24131], [118.43576, 28.2687], [118.42427, 28.29228], [118.48101, 28.33573], [118.43899, 28.40898], [118.4682, 28.46978], [118.41532, 28.49923], [118.43224, 28.67416], [118.3792, 28.78818], [118.29684, 28.83606], [118.25806, 28.9244], [118.19467, 28.90994], [118.21645, 28.94121], [118.18122, 28.98232], [118.09647, 28.99362], [118.039, 29.1029], [118.02827, 29.17895], [118.07455, 29.22871], [118.0736, 29.29381], [118.1528, 29.28846], [118.20595, 29.35081], [118.18945, 29.39522], [118.24043, 29.43463], [118.30295, 29.42499], [118.30373, 29.48964], [118.48042, 29.51786], [118.57245, 29.6379], [118.64688, 29.65127], [118.73923, 29.7398], [118.75242, 29.84593], [118.83102, 29.89175]], [[121.56013, 30.10373], [121.56014, 30.10373], [121.55521, 30.10641], [121.56013, 30.10373]], [[121.42211, 29.51093], [121.42656, 29.51165], [121.43572, 29.51334], [121.42211, 29.51093]], [[121.21433, 28.39271], [121.21739, 28.39541], [121.21384, 28.39229], [121.21433, 28.39271]], [[121.41995, 28.25926], [121.41164, 28.26125], [121.40273, 28.26334], [121.41995, 28.25926]]], [[[121.83241, 29.99699], [121.84223, 30.08215], [121.86761, 30.08871], [121.92231, 30.03267], [121.87163, 29.97101], [121.83241, 29.99699]]], [[[120.95812, 30.46587], [120.97165, 30.46298], [120.96559, 30.45401], [120.95812, 30.46587]]], [[[121.11543, 30.5837], [121.12912, 30.58351], [121.12641, 30.57599], [121.11543, 30.5837]]], [[[122.0508, 29.20554], [122.06976, 29.18072], [122.01779, 29.15667], [122.02721, 29.20335], [122.0508, 29.20554]]], [[[122.12587, 29.75294], [122.1888, 29.71621], [122.17419, 29.65815], [122.13006, 29.66979], [122.11171, 29.72095], [122.04563, 29.71804], [122.06836, 29.77725], [122.11694, 29.79557], [122.12587, 29.75294]]], [[[122.29803, 29.74901], [122.23749, 29.74414], [122.21615, 29.78384], [122.29803, 29.74901]]], [[[122.02964, 29.82321], [122.02561, 29.81018], [121.99511, 29.77023], [121.94219, 29.7734], [122.02964, 29.82321]]], [[[122.25931, 29.79048], [122.22112, 29.84907], [122.30951, 29.83046], [122.28751, 29.81525], [122.30952, 29.76954], [122.25931, 29.79048]]], [[[122.34183, 29.87974], [122.27448, 29.8641], [122.29416, 29.88551], [122.34183, 29.87974]]], [[[122.38814, 29.87001], [122.40544, 29.83234], [122.32618, 29.92973], [122.34121, 29.95917], [122.4269, 29.92584], [122.39811, 29.92215], [122.42896, 29.894], [122.38814, 29.87001]]], [[[121.96101, 29.95675], [121.9911, 29.90878], [121.9441, 29.89681], [121.93112, 29.94197], [121.96101, 29.95675]]], [[[122.3997, 30.0348], [122.41551, 30.0047], [122.38856, 29.97259], [122.37165, 30.02835], [122.3997, 30.0348]]], [[[122.19646, 30.08162], [122.2283, 30.09977], [122.33985, 30.01528], [122.31551, 29.94789], [122.10092, 30.01135], [122.01929, 30.00003], [121.93432, 30.17345], [122.02721, 30.14173], [122.09553, 30.16044], [122.19646, 30.08162]]], [[[121.94541, 30.11617], [121.95435, 30.10767], [121.93252, 30.07019], [121.90279, 30.09754], [121.94541, 30.11617]]], [[[122.21209, 30.19282], [122.17967, 30.17102], [122.16387, 30.14293], [122.1412, 30.19113], [122.21209, 30.19282]]], [[[122.03027, 30.16783], [122.01827, 30.19833], [122.05895, 30.1906], [122.03027, 30.16783]]], [[[122.39581, 30.23156], [122.37302, 30.26717], [122.26931, 30.23783], [122.31123, 30.25086], [122.32413, 30.27413], [122.39667, 30.27663], [122.4221, 30.25149], [122.39581, 30.23156]]], [[[122.30891, 30.25889], [122.30782, 30.25431], [122.25054, 30.23954], [122.25739, 30.26904], [122.30891, 30.25889]]], [[[122.08504, 30.30177], [122.21422, 30.33592], [122.2394, 30.30349], [122.20285, 30.23134], [122.07645, 30.28463], [122.08504, 30.30177]]], [[[122.42761, 30.41127], [122.28751, 30.41889], [122.27071, 30.47663], [122.35832, 30.45731], [122.3694, 30.47967], [122.43248, 30.44787], [122.40841, 30.42652], [122.42761, 30.41127]]]]}}, {"type": "Feature", "properties": {"SYS_ID": "25036", "NAME_PY": "Zhili", "NAME_CH": "直隶", "NAME_FT": "直隸", "AREA": 355394.0, "X_COORD": 117.64316, "Y_COORD": 39.89394}, "geometry": {"type": "GeometryCollection", "geometries": [{"type": "Polygon", "coordinates": [[[120.11759, 40.55979], [120.0476, 40.49605], [119.92702, 40.45342], [119.90401, 40.39278], [119.79, 40.32901], [119.84461, 40.11282], [119.83832, 39.99118], [119.55515, 39.90213], [119.50993, 39.83873], [119.53291, 39.81182], [119.40151, 39.78723], [119.31647, 39.67973], [119.29343, 39.58752], [119.25137, 39.59076], [119.21665, 39.56546], [119.28137, 39.57832], [119.24703, 39.46685], [119.30298, 39.41383], [119.18859, 39.39159], [119.02089, 39.20589], [118.90379, 39.17489], [118.88042, 39.18431], [118.89735, 39.21874], [118.86055, 39.17295], [118.7473, 39.14801], [118.69266, 39.19896], [118.3624, 39.16096], [118.00044, 39.23058], [117.8362, 39.1818], [117.72476, 39.1056], [117.7328, 39.02043], [117.77051, 38.98563], [117.68868, 39.00251], [117.71234, 38.95092], [117.59956, 38.83548], [117.53073, 38.69287], [117.55357, 38.68255], [117.54525, 38.61194], [117.70388, 38.3806], [117.80528, 38.29405], [117.76752, 38.26092], [117.73533, 38.2885], [117.75042, 38.2485], [117.7019, 38.23781], [117.72085, 38.2052], [117.67046, 38.14184], [117.58533, 38.171], [117.53567, 38.15272], [117.56634, 38.05985], [117.53372, 38.01075], [117.56463, 37.95666], [117.52293, 37.93161], [117.60058, 37.83955], [117.51933, 37.76377], [117.53767, 37.70831], [117.47726, 37.65259], [117.35754, 37.64869], [117.36221, 37.69238], [117.29937, 37.75086], [117.34113, 37.8364], [117.31605, 37.85541], [116.94051, 37.83876], [117.00935, 37.66051], [116.99428, 37.60686], [116.91576, 37.57017], [116.88723, 37.61508], [116.82305, 37.6015], [116.81409, 37.56128], [116.76376, 37.54548], [116.69201, 37.58251], [116.45107, 37.46463], [116.37474, 37.52276], [116.41452, 37.64163], [116.38263, 37.68411], [116.37077, 37.6188], [116.28316, 37.54535], [116.29557, 37.48945], [116.22568, 37.47226], [116.22657, 37.42531], [116.28, 37.39931], [116.2393, 37.35998], [116.15883, 37.37847], [115.95567, 37.32185], [115.77551, 37.31781], [115.76406, 37.14098], [115.8496, 37.05636], [115.77536, 36.99245], [115.7626, 36.92496], [115.55811, 36.93977], [115.37187, 36.89104], [115.30515, 36.84567], [115.31432, 36.75873], [115.18013, 36.81218], [115.12567, 36.88867], [115.07431, 36.88602], [115.07865, 36.77392], [115.2141, 36.6321], [115.17309, 36.53822], [115.11302, 36.49296], [115.22223, 36.45247], [115.30178, 36.46502], [115.29388, 36.41213], [115.33995, 36.38991], [115.35517, 36.31052], [115.41598, 36.32359], [115.47416, 36.23129], [115.455, 36.03456], [115.3485, 35.96639], [115.36037, 35.90603], [115.32893, 35.84235], [115.34427, 35.72059], [115.37462, 35.69445], [115.35716, 35.65655], [115.42436, 35.64317], [115.37341, 35.57967], [115.32114, 35.57885], [115.34522, 35.49235], [115.24199, 35.35787], [115.26303, 35.18688], [115.41648, 35.18497], [115.43535, 35.11269], [115.38397, 35.11387], [115.33551, 35.04924], [115.19644, 35.05718], [115.1307, 35.00093], [114.91355, 34.97489], [114.85845, 35.02102], [114.75704, 34.97806], [114.61465, 35.12816], [114.48699, 35.1872], [114.48582, 35.21977], [114.56327, 35.2885], [114.87469, 35.27602], [114.91885, 35.34441], [114.96894, 35.3585], [114.94521, 35.3916], [114.97884, 35.42678], [114.95749, 35.57253], [114.87421, 35.6152], [114.91475, 35.681], [114.74064, 35.75375], [114.67549, 35.82508], [114.89626, 35.80713], [114.95927, 35.87938], [114.97809, 35.97827], [114.89459, 36.0602], [114.89552, 36.13473], [114.74599, 36.14395], [114.74792, 36.2942], [114.6974, 36.34665], [114.58228, 36.3545], [114.53945, 36.3946], [114.44921, 36.36593], [114.34244, 36.23754], [114.29314, 36.2378], [114.24789, 36.26489], [114.06178, 36.27267], [114.01745, 36.35121], [113.90278, 36.37771], [113.97872, 36.49135], [114.05639, 36.50413], [114.09137, 36.5633], [114.28587, 36.54183], [114.37128, 36.75592], [114.37515, 36.84898], [114.1106, 36.84324], [114.02187, 36.88081], [113.87774, 37.01062], [113.78857, 36.99459], [113.76547, 37.01639], [113.78184, 37.05936], [113.75171, 37.07517], [113.76093, 37.14409], [113.82565, 37.16708], [113.8981, 37.3151], [113.95367, 37.34847], [114.1119, 37.58974], [114.14312, 37.72556], [114.20491, 37.77707], [114.20258, 37.81781], [114.03457, 37.83562], [114.0, 37.9], [113.93033, 37.92267], [113.87419, 37.99459], [113.87309, 38.06342], [113.80882, 38.11691], [113.82755, 38.15828], [113.56876, 38.23277], [113.51879, 38.38246], [113.57661, 38.45932], [113.54897, 38.52055], [113.60639, 38.64555], [113.70319, 38.65468], [113.70691, 38.70866], [113.75643, 38.70071], [113.79636, 38.76263], [113.83312, 38.75779], [113.84913, 38.82835], [113.76956, 38.88489], [113.77009, 38.98614], [114.03681, 39.13631], [114.10207, 39.0512], [114.19057, 39.04949], [114.27396, 39.12183], [114.34467, 39.08703], [114.37335, 39.16775], [114.45319, 39.2106], [114.40784, 39.24097], [114.41177, 39.2971], [114.54537, 39.54745], [114.40163, 39.65063], [114.40413, 39.76509], [114.4318, 39.79242], [114.38638, 39.86717], [114.21432, 39.86632], [114.1036, 39.91031], [114.08082, 39.95475], [114.06175, 40.17897], [114.21792, 40.19186], [114.24316, 40.23328], [114.35602, 40.24875], [114.27329, 40.42889], [114.27647, 40.58946], [114.19121, 40.62959], [114.19347, 40.66073], [114.03608, 40.8248], [114.06506, 40.85812], [113.8618, 41.06734], [113.80101, 41.10419], [113.54326, 41.12443], [113.46545, 41.22494], [113.44597, 41.39074], [113.34077, 41.47446], [113.17951, 41.69962], [112.99558, 41.81253], [112.85955, 41.83275], [113.28527, 42.2899], [113.8293, 42.43418], [114.07392, 42.41937], [114.95306, 43.00748], [115.11057, 43.02068], [115.18692, 42.95141], [115.26607, 42.94529], [115.43465, 43.08963], [115.76332, 43.1377], [115.99748, 43.29908], [116.27991, 43.24568], [116.4172, 43.26463], [116.33599, 43.13988], [116.69994, 42.86813], [116.654, 42.64792], [116.86006, 42.46117], [116.88191, 42.38693], [117.08651, 42.48178], [117.39614, 42.4645], [117.51872, 42.60611], [117.63639, 42.58038], [117.75076, 42.60877], [118.04875, 43.01401], [118.03513, 43.34436], [118.00124, 43.44803], [117.84807, 43.66425], [117.53358, 43.88984], [117.52883, 44.0247], [117.62714, 44.07096], [117.88472, 44.11532], [118.15992, 44.26024], [118.80225, 44.50133], [119.04476, 44.63939], [119.20424, 44.79857], [119.27773, 44.80803], [119.39046, 44.70036], [119.59751, 44.62638], [119.61268, 44.52977], [119.55221, 44.40482], [119.55537, 44.33072], [119.58236, 44.20242], [119.64434, 44.11408], [119.69126, 43.8711], [119.86798, 43.71775], [119.86243, 43.68635], [119.93342, 43.65541], [119.95831, 43.59024], [120.01099, 43.57022], [120.06874, 43.38973], [120.62803, 43.36273], [120.68025, 43.37076], [120.80933, 43.47273], [121.03804, 43.53333], [121.33314, 43.53969], [121.43039, 43.51107], [121.79057, 43.16126], [121.84509, 42.96285], [121.94563, 42.82312], [121.95202, 42.75755], [122.03764, 42.71043], [121.93098, 42.68454], [121.89798, 42.57213], [121.77657, 42.49607], [121.73621, 42.36846], [121.75761, 42.33155], [121.8729, 42.21745], [122.08659, 42.22663], [122.31808, 42.29672], [122.3939, 42.2575], [122.37225, 42.19505], [122.42677, 42.13942], [122.15664, 42.04467], [121.82855, 41.78031], [121.28617, 41.75988], [121.17999, 41.65894], [120.94195, 41.56656], [120.71613, 41.2933], [120.58617, 40.96392], [120.30927, 40.74049], [120.18211, 40.7001], [120.11759, 40.55979]], [[115.40924, 37.09998], [115.38069, 37.0042], [115.41908, 36.95474], [115.53477, 37.04873], [115.54358, 37.07461], [115.47915, 37.09218], [115.56839, 37.12434], [115.5288, 37.16481], [115.40924, 37.09998]], [[119.99812, 40.53555], [120.0, 40.53558], [119.99698, 40.53621], [119.99812, 40.53555]], [[120.08592, 40.61599], [120.07989, 40.61583], [120.08758, 40.61603], [120.08592, 40.61599]], [[120.12155, 40.64527], [120.12062, 40.64703], [120.11887, 40.65032], [120.12155, 40.64527]]]}, {"type": "LineString", "coordinates": [[120.01941, 40.5451], [120.0124, 40.54101]]}]}}, {"type": "Feature", "properties": {"SYS_ID": "25037", "NAME_PY": "Henan", "NAME_CH": "河南", "NAME_FT": "河南", "AREA": 167100.0, "X_COORD": 113.44322, "Y_COORD": 34.08063}, "geometry": {"type": "Polygon", "coordinates": [[[110.2925, 34.61738], [110.67405, 34.59258], [110.75208, 34.65646], [110.89564, 34.66204], [110.92331, 34.73365], [110.96023, 34.70467], [111.09357, 34.75371], [111.15018, 34.8083], [111.22098, 34.79193], [111.56672, 34.84879], [111.66918, 34.94942], [111.66746, 34.98854], [111.90504, 35.08488], [112.0562, 35.2819], [112.20283, 35.25675], [112.21088, 35.23162], [112.28093, 35.25444], [112.2795, 35.22216], [112.32793, 35.21691], [112.39263, 35.24766], [112.61323, 35.22187], [112.64692, 35.26751], [112.67141, 35.22384], [112.76125, 35.20546], [112.80983, 35.25726], [112.92178, 35.25], [112.93576, 35.28891], [112.99322, 35.3045], [112.98665, 35.35204], [113.11111, 35.33412], [113.20277, 35.44199], [113.29328, 35.42529], [113.29435, 35.47701], [113.49055, 35.53055], [113.54446, 35.64771], [113.6186, 35.63657], [113.56908, 35.81784], [113.64893, 35.83092], [113.63164, 35.98867], [113.69307, 36.0], [113.6542, 36.03483], [113.67841, 36.06402], [113.64716, 36.12342], [113.69953, 36.13724], [113.65091, 36.16582], [113.69077, 36.18162], [113.66568, 36.20015], [113.69588, 36.20885], [113.67794, 36.22017], [113.73004, 36.32467], [113.70201, 36.42331], [113.5486, 36.49606], [113.58189, 36.56276], [113.53337, 36.59403], [113.53793, 36.6234], [113.4725, 36.64039], [113.50053, 36.70464], [113.4587, 36.70745], [113.57607, 36.75785], [113.62339, 36.67588], [113.77079, 36.73542], [113.78764, 36.88178], [113.75525, 36.95567], [113.79868, 37.00188], [113.86652, 37.01391], [113.93567, 36.9831], [114.02187, 36.88081], [114.1106, 36.84324], [114.36171, 36.85041], [114.38412, 36.82019], [114.28587, 36.54183], [114.09137, 36.5633], [114.05639, 36.50413], [113.97872, 36.49135], [113.90278, 36.37771], [114.01745, 36.35121], [114.06178, 36.27267], [114.24789, 36.26489], [114.29314, 36.2378], [114.34244, 36.23754], [114.44921, 36.36593], [114.53945, 36.3946], [114.58228, 36.3545], [114.6974, 36.34665], [114.74792, 36.2942], [114.74599, 36.14395], [114.89552, 36.13473], [114.89459, 36.0602], [114.97809, 35.97827], [114.95927, 35.87938], [114.89626, 35.80713], [114.67549, 35.82508], [114.74064, 35.75375], [114.91475, 35.681], [114.87421, 35.6152], [114.95749, 35.57253], [114.97884, 35.42678], [114.94521, 35.3916], [114.96894, 35.3585], [114.91885, 35.34441], [114.87469, 35.27602], [114.56327, 35.2885], [114.48582, 35.21977], [114.48699, 35.1872], [114.61465, 35.12816], [114.75704, 34.97806], [114.85845, 35.02102], [114.91355, 34.97489], [115.10863, 35.011], [115.15821, 34.9547], [115.2118, 34.9583], [115.19188, 34.92186], [115.24947, 34.91028], [115.24113, 34.85489], [115.29288, 34.86913], [115.42497, 34.79631], [115.43968, 34.67355], [115.53153, 34.57902], [115.7563, 34.55039], [115.99776, 34.62496], [116.1452, 34.56547], [116.18591, 34.57947], [116.19449, 34.51616], [116.15453, 34.4636], [116.20812, 34.38343], [116.35796, 34.31799], [116.3616, 34.27235], [116.49767, 34.29773], [116.57375, 34.27943], [116.53638, 34.22911], [116.56357, 34.17569], [116.52208, 34.11706], [116.64701, 33.96387], [116.63589, 33.8917], [116.55886, 33.90904], [116.43644, 33.85444], [116.43025, 33.8056], [116.15566, 33.70949], [116.069, 33.78423], [116.05215, 33.85887], [115.97511, 33.91148], [115.99485, 33.96647], [115.96221, 34.0036], [115.88196, 34.03434], [115.84458, 34.00624], [115.79876, 34.07441], [115.64478, 34.06733], [115.59433, 34.03397], [115.54173, 33.88263], [115.62633, 33.87212], [115.61039, 33.78431], [115.56051, 33.77685], [115.63195, 33.58684], [115.43556, 33.5675], [115.39255, 33.50555], [115.33959, 33.50405], [115.30858, 33.37951], [115.35792, 33.32878], [115.28703, 33.13761], [115.11204, 33.08366], [114.98978, 33.10352], [114.95036, 33.15725], [114.89865, 33.12976], [114.9241, 33.02166], [114.87939, 32.97845], [114.934, 32.93648], [115.02769, 32.93136], [115.02548, 32.90861], [115.13005, 32.90222], [115.19471, 32.85179], [115.1856, 32.5931], [115.29672, 32.58757], [115.2974, 32.55395], [115.39875, 32.58299], [115.41174, 32.5397], [115.47095, 32.52151], [115.55838, 32.4202], [115.54494, 32.40491], [115.58614, 32.42983], [115.65472, 32.4125], [115.68539, 32.49693], [115.74667, 32.47846], [115.75872, 32.50635], [115.77388, 32.46764], [115.81335, 32.50239], [115.87506, 32.49049], [115.93462, 32.07592], [115.88383, 31.86062], [115.89372, 31.75226], [115.8122, 31.6137], [115.72513, 31.54307], [115.65791, 31.34056], [115.65784, 31.2125], [115.58054, 31.1465], [115.52168, 31.25558], [115.45683, 31.27554], [115.43354, 31.34763], [115.38187, 31.34749], [115.37959, 31.39878], [115.30348, 31.38446], [115.21526, 31.42479], [115.22987, 31.55583], [115.15668, 31.60569], [115.11942, 31.59712], [115.08923, 31.51378], [115.01292, 31.52451], [114.9999, 31.47237], [114.96772, 31.50009], [114.83003, 31.46221], [114.62987, 31.58824], [114.56465, 31.55619], [114.49426, 31.60875], [114.4104, 31.52083], [114.31822, 31.53068], [114.24424, 31.49525], [114.3169, 31.62421], [114.23412, 31.83478], [114.12869, 31.84425], [114.0836, 31.79043], [113.97587, 31.75689], [113.94173, 31.80233], [113.9459, 31.8609], [113.90916, 31.88119], [113.84164, 31.84907], [113.80637, 31.97017], [113.74596, 32.00001], [113.77737, 32.03986], [113.71762, 32.11033], [113.7775, 32.19395], [113.73481, 32.25034], [113.76616, 32.36439], [113.73773, 32.3623], [113.71368, 32.42542], [113.66132, 32.42769], [113.61984, 32.36053], [113.4172, 32.27515], [113.34839, 32.29738], [113.32617, 32.34691], [113.20633, 32.42967], [113.15649, 32.42107], [113.1342, 32.37989], [113.02005, 32.42696], [112.98212, 32.37455], [112.87335, 32.37705], [112.86468, 32.40018], [112.74976, 32.3451], [112.54073, 32.41143], [112.43757, 32.35497], [112.35387, 32.37062], [112.31789, 32.32831], [112.22392, 32.39379], [112.1424, 32.38795], [112.05276, 32.47434], [111.99984, 32.45837], [111.94659, 32.51932], [111.87544, 32.50864], [111.71526, 32.60651], [111.64061, 32.60848], [111.63503, 32.63705], [111.55333, 32.60339], [111.50515, 32.6784], [111.4165, 32.73183], [111.46304, 32.77569], [111.40971, 32.76244], [111.37395, 32.83069], [111.28464, 32.86409], [111.28008, 32.90296], [111.24057, 32.89051], [111.26369, 32.98977], [111.2324, 33.0427], [111.14237, 33.04416], [111.18705, 33.07344], [111.15905, 33.12136], [111.08814, 33.18215], [111.03148, 33.16272], [111.05072, 33.1944], [110.97766, 33.25967], [111.02425, 33.34104], [110.99113, 33.43764], [111.02161, 33.47111], [110.9977, 33.58366], [110.82722, 33.67475], [110.77208, 33.80183], [110.60293, 33.85967], [110.59103, 33.90205], [110.67118, 33.95418], [110.57689, 34.06464], [110.63907, 34.16409], [110.43656, 34.24719], [110.4226, 34.28906], [110.49512, 34.33678], [110.4754, 34.41519], [110.24482, 34.41145], [110.2925, 34.61738]]]}}, {"type": "Feature", "properties": {"SYS_ID": "25038", "NAME_PY": "Neimenggu", "NAME_CH": "内蒙古", "NAME_FT": "内蒙古", "AREA": 949787.0, "X_COORD": 111.24356, "Y_COORD": 42.39682}, "geometry": {"type": "MultiPolygon", "coordinates": [[[[122.03764, 42.71043], [121.95202, 42.75755], [121.94563, 42.82312], [121.84509, 42.96285], [121.79057, 43.16126], [121.43039, 43.51107], [121.33314, 43.53969], [121.03804, 43.53333], [120.80933, 43.47273], [120.68025, 43.37076], [120.62803, 43.36273], [120.06874, 43.38973], [120.01099, 43.57022], [119.95831, 43.59024], [119.93342, 43.65541], [119.86243, 43.68635], [119.86798, 43.71775], [119.69126, 43.8711], [119.64434, 44.11408], [119.58236, 44.20242], [119.55537, 44.33072], [119.55221, 44.40482], [119.61268, 44.52977], [119.59751, 44.62638], [119.39046, 44.70036], [119.27773, 44.80803], [119.23235, 44.81299], [119.04476, 44.63939], [118.84876, 44.52284], [118.15992, 44.26024], [117.88472, 44.11532], [117.62714, 44.07096], [117.52883, 44.0247], [117.53358, 43.88984], [117.84807, 43.66425], [118.00124, 43.44803], [118.03513, 43.34436], [118.04875, 43.01401], [117.75076, 42.60877], [117.63639, 42.58038], [117.51872, 42.60611], [117.39614, 42.4645], [117.08651, 42.48178], [116.88191, 42.38693], [116.86006, 42.46117], [116.654, 42.64792], [116.69994, 42.86813], [116.33599, 43.13988], [116.4172, 43.26463], [116.27991, 43.24568], [115.99748, 43.29908], [115.76332, 43.1377], [115.43465, 43.08963], [115.26607, 42.94529], [115.18692, 42.95141], [115.11057, 43.02068], [114.95306, 43.00748], [114.07392, 42.41937], [113.8293, 42.43418], [113.28527, 42.2899], [112.85955, 41.83275], [112.99558, 41.81253], [113.12059, 41.74871], [113.34077, 41.47446], [113.42421, 41.41799], [113.46092, 41.36454], [113.46545, 41.22494], [113.59541, 41.08461], [113.66543, 40.84993], [113.63649, 40.77331], [113.58323, 40.75395], [112.90846, 40.71506], [112.87145, 40.62294], [112.95491, 40.42742], [112.89353, 40.35337], [112.78044, 40.39144], [112.569, 40.35603], [112.46129, 40.39781], [112.36646, 40.33467], [112.32874, 40.26213], [112.26448, 40.2489], [112.24631, 40.29752], [112.27735, 40.41018], [112.17314, 40.39956], [112.00981, 40.5017], [112.08766, 40.58765], [112.13916, 40.72524], [112.18083, 40.96131], [112.07603, 41.01942], [112.05139, 41.07574], [112.18548, 41.14575], [112.198, 41.19728], [111.77949, 41.29626], [111.71521, 41.40616], [111.58944, 41.41044], [111.4817, 41.51485], [111.37994, 41.55854], [111.28575, 41.52309], [110.89669, 41.22665], [110.63565, 41.20454], [110.62214, 41.17892], [110.67757, 41.12481], [110.59256, 41.07396], [110.56014, 40.87033], [110.3432, 40.78637], [110.05504, 40.80426], [109.95213, 40.75891], [110.00642, 40.50772], [110.02616, 40.53086], [110.16297, 40.51136], [110.1879, 40.54978], [110.82811, 40.4233], [111.04923, 40.26225], [111.28756, 40.15541], [111.39325, 40.04122], [111.43484, 39.932], [111.40954, 39.82992], [111.35026, 39.75789], [111.45225, 39.62399], [111.42057, 39.61703], [111.42796, 39.51595], [111.36395, 39.48096], [111.33067, 39.41884], [111.16955, 39.42059], [111.12228, 39.36618], [110.72275, 39.32765], [110.71053, 39.28357], [110.76358, 39.17113], [110.40444, 38.9279], [110.27126, 38.75805], [110.23413, 38.62583], [110.11089, 38.5826], [110.11852, 38.54844], [109.87265, 38.43402], [109.82763, 38.38148], [109.71163, 38.34489], [109.62445, 38.24106], [109.27505, 38.0207], [109.13032, 37.83466], [109.09888, 37.84303], [109.04179, 37.67802], [108.95696, 37.63081], [108.75777, 37.58712], [108.5221, 37.59226], [108.3691, 37.54294], [108.38143, 37.43396], [108.3414, 37.38471], [108.1688, 37.44495], [108.08044, 37.55166], [107.67554, 37.55347], [107.25436, 37.96507], [107.02379, 38.11692], [106.64472, 38.23394], [106.4755, 38.39238], [106.57803, 38.51201], [106.52827, 38.54963], [106.53611, 38.60917], [106.59669, 38.67004], [106.66341, 38.84209], [106.77306, 38.89368], [106.86791, 39.05243], [106.861, 39.13657], [106.7922, 39.23251], [106.79572, 39.35887], [106.64728, 39.39086], [106.48191, 39.30699], [106.25481, 39.29954], [106.01453, 39.10315], [105.98442, 38.95266], [105.87419, 38.87069], [105.78308, 38.73058], [105.77204, 38.66825], [105.84813, 38.61305], [105.68222, 38.46046], [105.63695, 38.35413], [105.57597, 38.15251], [105.599, 37.88444], [105.56249, 37.6994], [105.2335, 37.68018], [105.134, 37.6238], [105.03453, 37.61385], [105.03339, 37.55747], [105.00391, 37.539], [104.69818, 37.50488], [104.47048, 37.51787], [104.21795, 37.41341], [104.05016, 37.54213], [103.92072, 37.57227], [103.91787, 37.64435], [103.87366, 37.69068], [103.43004, 37.78602], [103.35991, 37.84925], [103.36096, 37.93218], [103.33018, 37.96222], [103.1138, 38.01666], [103.15733, 38.1165], [103.22736, 38.17842], [103.29261, 38.21348], [103.53945, 38.24205], [103.70936, 38.40742], [103.74081, 38.75684], [103.80465, 38.82688], [103.91461, 38.8459], [103.94174, 38.87905], [103.92869, 38.97301], [103.98497, 39.13265], [103.93158, 39.17907], [103.5545, 39.20699], [103.22901, 39.13982], [103.00433, 39.04048], [102.72952, 39.07439], [102.6239, 39.0541], [102.53623, 38.94827], [102.40385, 38.91226], [102.37648, 38.872], [102.38241, 38.81318], [102.49807, 38.68447], [102.45896, 38.62342], [102.19602, 38.68334], [101.9771, 38.64724], [101.63292, 38.73124], [101.28747, 38.8742], [101.27077, 38.966], [101.22612, 38.99887], [101.08745, 39.04741], [100.97601, 39.14294], [100.78388, 39.21465], [100.65396, 39.32769], [100.32085, 39.48254], [100.25123, 39.62888], [100.11715, 39.72196], [100.10943, 39.84696], [100.07852, 39.88657], [99.82231, 39.90487], [99.7118, 39.95283], [99.70869, 40.02002], [99.75123, 40.08863], [100.03255, 40.3552], [100.05342, 40.38314], [100.03102, 40.42478], [99.29189, 40.4681], [98.93069, 40.52934], [98.65084, 40.51034], [98.45867, 40.54009], [98.23102, 40.51171], [97.03136, 40.9416], [97.01282, 41.01511], [97.05196, 41.0922], [97.38249, 41.39066], [97.41735, 41.58131], [97.52168, 41.81068], [97.54045, 41.95984], [97.49965, 42.02312], [97.34043, 42.12403], [96.72462, 42.31521], [96.53994, 42.44561], [96.3845, 42.72861], [96.34633, 43.0785], [96.27079, 43.31176], [96.46118, 43.20308], [96.6242, 43.17416], [97.01973, 43.24424], [97.43266, 42.97588], [97.71028, 43.02197], [98.51412, 42.83319], [98.86155, 42.83497], [99.37296, 42.93569], [100.21949, 42.90919], [100.60437, 42.996], [100.68442, 42.9893], [101.56542, 42.6172], [101.65805, 42.5675], [101.69218, 42.51267], [101.79661, 42.50153], [102.07555, 42.22493], [102.44348, 42.14421], [102.7078, 42.15107], [103.3857, 41.88799], [103.84377, 41.80061], [104.06874, 41.80054], [104.52493, 41.87338], [104.78959, 41.60296], [104.93931, 41.55157], [105.22873, 41.74703], [105.2838, 41.74485], [105.69694, 41.93091], [106.786, 42.29143], [107.19812, 42.33941], [107.29281, 42.40811], [107.45318, 42.45666], [107.56593, 42.41158], [107.91879, 42.40227], [108.24079, 42.46064], [108.83853, 42.39561], [109.02441, 42.45419], [109.27721, 42.4323], [109.46922, 42.45348], [109.85748, 42.61861], [110.10083, 42.63911], [110.43293, 42.7772], [110.47131, 42.83523], [110.62811, 42.93267], [110.7093, 43.06371], [111.00607, 43.32201], [111.34489, 43.43072], [111.40155, 43.47639], [111.57291, 43.49077], [111.78768, 43.66642], [111.9474, 43.69167], [111.95898, 43.8191], [111.87393, 43.93224], [111.65427, 44.06204], [111.53923, 44.19176], [111.5026, 44.29124], [111.40929, 44.34464], [111.46365, 44.47142], [111.56107, 44.57127], [111.55335, 44.64544], [111.60492, 44.75575], [111.77977, 44.98751], [111.50185, 45.19221], [111.43359, 45.29907], [111.43069, 45.46201], [111.47365, 45.61893], [111.58336, 45.73709], [111.81261, 45.81362], [111.92616, 45.91043], [112.02607, 46.08106], [112.05045, 46.19306], [112.11396, 46.26965], [112.22973, 46.37698], [112.48481, 46.47298], [112.68595, 46.51371], [112.88827, 46.49395], [113.90453, 46.2554], [114.222, 45.98165], [114.33591, 45.93873], [114.53494, 45.9254], [114.69534, 45.82023], [114.87588, 45.54861], [115.01649, 45.42444], [115.37582, 45.40677], [115.47986, 45.54078], [115.54979, 45.54144], [115.70507, 45.46209], [115.92543, 45.62661], [116.03092, 45.67968], [116.1816, 45.69249], [116.28168, 45.77015], [116.23741, 45.87856], [116.26182, 45.94017], [116.1883, 46.14279], [116.28349, 46.39865], [116.23985, 46.52716], [116.28617, 46.68366], [116.35857, 46.69691], [116.90078, 46.62275], [117.07025, 46.55412], [117.28405, 46.41456], [117.37303, 46.40852], [117.44181, 46.52434], [117.41399, 46.58024], [117.59171, 46.60076], [117.6867, 46.51503], [117.82236, 46.52683], [117.92244, 46.61153], [118.04384, 46.62773], [118.31123, 46.73789], [118.45089, 46.70128], [118.65041, 46.71398], [118.79079, 46.68605], [118.82615, 46.76564], [118.89636, 46.77945], [118.91517, 46.72366], [119.00059, 46.74183], [119.10021, 46.64408], [119.22734, 46.6498], [119.32769, 46.60476], [119.43257, 46.63745], [119.66996, 46.6101], [119.74731, 46.78169], [119.87542, 46.82107], [119.91279, 46.90316], [120.18233, 47.12907], [120.80039, 47.14385], [120.91495, 47.09282], [121.09555, 47.1446], [121.25716, 47.11205], [121.42949, 47.18127], [122.02244, 47.22928], [122.35236, 47.31337], [122.84757, 47.36917], [122.97707, 47.36519], [123.06068, 47.29675], [123.12223, 47.20225], [123.11444, 47.12544], [123.17669, 47.06858], [123.2337, 47.06145], [123.40434, 46.94566], [123.51711, 46.95449], [123.47207, 46.85473], [123.48867, 46.82602], [123.55283, 46.82091], [123.58619, 46.8897], [123.61091, 46.83901], [123.58, 46.81463], [123.63871, 46.8198], [123.77506, 46.72116], [123.86021, 46.71201], [123.95928, 46.73125], [123.98253, 46.79014], [124.03506, 46.80742], [124.07341, 46.85371], [124.05197, 46.91242], [124.07784, 46.92722], [124.03569, 46.96017], [124.11585, 47.02072], [124.12746, 47.10843], [124.24001, 47.13697], [124.30727, 47.22816], [124.39781, 47.27538], [124.41662, 47.3374], [124.89103, 47.40894], [125.31891, 47.39207], [125.49036, 47.33319], [125.59313, 47.22979], [125.63032, 47.13737], [125.59505, 47.01454], [125.6391, 46.76992], [125.72024, 46.65729], [125.91174, 46.50852], [126.10517, 46.29331], [126.21633, 46.0264], [126.21094, 45.98497], [126.10325, 45.89535], [126.09783, 45.84777], [126.11382, 45.77389], [126.18738, 45.68855], [126.11328, 45.66805], [126.03382, 45.70732], [125.95187, 45.67596], [125.97693, 45.62662], [125.9242, 45.6273], [125.9135, 45.57352], [125.83977, 45.50128], [125.73564, 45.51911], [125.60411, 45.5118], [125.4964, 45.46832], [125.44449, 45.48434], [125.45756, 45.45281], [125.35536, 45.39077], [125.29729, 45.42287], [125.28593, 45.39196], [125.2504, 45.4179], [125.08548, 45.38067], [125.03272, 45.43321], [125.03513, 45.49391], [124.94436, 45.49097], [124.90972, 45.53473], [124.86832, 45.43911], [124.77886, 45.43362], [124.75961, 45.46191], [124.65675, 45.43775], [124.71983, 45.33932], [124.72143, 45.19451], [124.88097, 45.13642], [124.937, 45.07123], [125.07213, 45.00563], [125.18998, 44.86333], [125.28942, 44.84589], [125.45194, 44.90313], [125.53315, 44.87931], [125.67765, 44.93237], [125.77299, 44.86666], [125.63126, 44.75449], [125.63085, 44.70617], [125.58994, 44.67125], [125.46307, 44.63942], [125.38439, 44.54381], [125.26919, 44.50121], [125.1925, 44.41944], [125.21721, 44.34593], [125.17304, 44.30438], [124.72324, 44.28067], [124.66707, 44.25274], [124.53492, 44.08044], [124.57449, 44.03435], [124.69957, 44.01643], [124.88823, 43.92108], [125.21486, 43.63427], [125.07761, 43.60502], [124.8124, 43.44434], [124.62479, 43.30019], [124.43647, 43.06501], [124.192, 42.85196], [124.02602, 42.94049], [123.81019, 42.94796], [123.63519, 42.81643], [123.61087, 42.73541], [123.56917, 42.7083], [123.57868, 42.66642], [123.61343, 42.67329], [123.64838, 42.63202], [123.6372, 42.60351], [123.14727, 42.40531], [122.80591, 42.30791], [122.77257, 42.4061], [122.4864, 42.71964], [122.28736, 42.76011], [122.03764, 42.71043]]], [[[120.16648, 40.67952], [120.18211, 40.7001], [120.22748, 40.69963], [120.16648, 40.67952]]]]}}, {"type": "Feature", "properties": {"SYS_ID": "25039", "NAME_PY": "Shanxi", "NAME_CH": "山西", "NAME_FT": "山西", "AREA": 183510.0, "X_COORD": 112.24277, "Y_COORD": 38.07427}, "geometry": {"type": "Polygon", "coordinates": [[[113.57948, 41.10648], [113.80101, 41.10419], [113.8618, 41.06734], [114.06506, 40.85812], [114.03608, 40.8248], [114.19347, 40.66073], [114.19121, 40.62959], [114.27647, 40.58946], [114.27329, 40.42889], [114.35602, 40.24875], [114.24316, 40.23328], [114.21792, 40.19186], [114.06175, 40.17897], [114.08082, 39.95475], [114.1036, 39.91031], [114.21432, 39.86632], [114.38638, 39.86717], [114.4318, 39.79242], [114.40413, 39.76509], [114.40163, 39.65063], [114.54537, 39.54745], [114.41177, 39.2971], [114.40784, 39.24097], [114.45319, 39.2106], [114.37335, 39.16775], [114.34467, 39.08703], [114.27396, 39.12183], [114.19057, 39.04949], [114.10207, 39.0512], [114.03681, 39.13631], [113.88166, 39.06378], [113.76231, 38.96933], [113.76956, 38.88489], [113.84913, 38.82835], [113.83312, 38.75779], [113.79636, 38.76263], [113.75643, 38.70071], [113.70691, 38.70866], [113.70319, 38.65468], [113.60639, 38.64555], [113.59993, 38.5923], [113.5555, 38.55783], [113.57661, 38.45932], [113.51879, 38.38246], [113.56385, 38.23696], [113.82755, 38.15828], [113.80961, 38.11452], [113.87309, 38.06342], [113.87419, 37.99459], [113.93033, 37.92267], [114.0, 37.9], [114.05162, 37.82487], [114.17548, 37.82819], [114.20638, 37.789], [114.14312, 37.72556], [114.11494, 37.59551], [114.01636, 37.43475], [113.8981, 37.3151], [113.82565, 37.16708], [113.76093, 37.14409], [113.75171, 37.07517], [113.78184, 37.05936], [113.76547, 37.01639], [113.78857, 36.99459], [113.75525, 36.95567], [113.78764, 36.88178], [113.77079, 36.73542], [113.62339, 36.67588], [113.57607, 36.75785], [113.4587, 36.70745], [113.50053, 36.70464], [113.4725, 36.64039], [113.53793, 36.6234], [113.53337, 36.59403], [113.58189, 36.56276], [113.5486, 36.49606], [113.70201, 36.42331], [113.72526, 36.37258], [113.69588, 36.20885], [113.66568, 36.20015], [113.69077, 36.18162], [113.65091, 36.16582], [113.69953, 36.13724], [113.64716, 36.12342], [113.67841, 36.06402], [113.6542, 36.03483], [113.69307, 36.0], [113.63164, 35.98867], [113.65067, 35.83686], [113.56908, 35.81784], [113.6186, 35.63657], [113.54446, 35.64771], [113.49055, 35.53055], [113.29435, 35.47701], [113.29328, 35.42529], [113.20277, 35.44199], [113.11111, 35.33412], [112.98665, 35.35204], [112.99322, 35.3045], [112.93576, 35.28891], [112.92178, 35.25], [112.80983, 35.25726], [112.75034, 35.20361], [112.67141, 35.22384], [112.64692, 35.26751], [112.60484, 35.22071], [112.39263, 35.24766], [112.28596, 35.21807], [112.28093, 35.25444], [112.21088, 35.23162], [112.20283, 35.25675], [112.0562, 35.2819], [111.90504, 35.08488], [111.66746, 34.98854], [111.66918, 34.94942], [111.56672, 34.84879], [111.22098, 34.79193], [111.15018, 34.8083], [111.09357, 34.75371], [110.96023, 34.70467], [110.92331, 34.73365], [110.89564, 34.66204], [110.75208, 34.65646], [110.67405, 34.59258], [110.30063, 34.61231], [110.24545, 34.70478], [110.28021, 34.78363], [110.27056, 34.96877], [110.36012, 35.1051], [110.40205, 35.27748], [110.51608, 35.40528], [110.60838, 35.63075], [110.44464, 36.16486], [110.50008, 36.58114], [110.38811, 36.67961], [110.43301, 36.68473], [110.45012, 36.73003], [110.41945, 36.72417], [110.42699, 36.76294], [110.37981, 36.77015], [110.42085, 36.8011], [110.41975, 36.85968], [110.37607, 36.87403], [110.4252, 36.96413], [110.36901, 37.01564], [110.44813, 37.00721], [110.41157, 37.03447], [110.52483, 37.10285], [110.65699, 37.27753], [110.68623, 37.27987], [110.6728, 37.31294], [110.70107, 37.34296], [110.63112, 37.36815], [110.6376, 37.42979], [110.74333, 37.4585], [110.78577, 37.55113], [110.75628, 37.63739], [110.79385, 37.65307], [110.69862, 37.70988], [110.74706, 37.75497], [110.6664, 37.79426], [110.59267, 37.9153], [110.51308, 37.96114], [110.50246, 38.17985], [110.55989, 38.22007], [110.57942, 38.30222], [110.65595, 38.30437], [110.73715, 38.36396], [110.78198, 38.44859], [110.87338, 38.4624], [110.91682, 38.58128], [110.88319, 38.65059], [111.01371, 38.87855], [110.97501, 38.97599], [111.12057, 39.05244], [111.2051, 39.27574], [111.2468, 39.29997], [111.18353, 39.31269], [111.18139, 39.3534], [111.1499, 39.34193], [111.11958, 39.39241], [111.34804, 39.42874], [111.36395, 39.48096], [111.42796, 39.51595], [111.42057, 39.61703], [111.45406, 39.61782], [111.35026, 39.75789], [111.40954, 39.82992], [111.43484, 39.932], [111.39325, 40.04122], [111.28756, 40.15541], [111.04923, 40.26225], [110.82811, 40.4233], [110.1879, 40.54978], [110.16297, 40.51136], [110.02616, 40.53086], [110.00642, 40.50772], [109.94205, 40.74644], [110.05504, 40.80426], [110.3432, 40.78637], [110.56014, 40.87033], [110.59256, 41.07396], [110.67757, 41.12481], [110.62214, 41.17892], [110.63565, 41.20454], [110.89669, 41.22665], [111.28575, 41.52309], [111.37994, 41.55854], [111.4817, 41.51485], [111.58944, 41.41044], [111.71521, 41.40616], [111.77949, 41.29626], [112.198, 41.19728], [112.18548, 41.14575], [112.05139, 41.07574], [112.07603, 41.01942], [112.18083, 40.96131], [112.13916, 40.72524], [112.08766, 40.58765], [112.00981, 40.5017], [112.17314, 40.39956], [112.27735, 40.41018], [112.24631, 40.29752], [112.26448, 40.2489], [112.29835, 40.24801], [112.42282, 40.39014], [112.46129, 40.39781], [112.62882, 40.35067], [112.78044, 40.39144], [112.91305, 40.36338], [112.95491, 40.42742], [112.87145, 40.62294], [112.90846, 40.71506], [113.48623, 40.73792], [113.63649, 40.77331], [113.66795, 40.89595], [113.57948, 41.10648]]]}}, {"type": "Feature", "properties": {"SYS_ID": "25040", "NAME_PY": "Gansu", "NAME_CH": "甘肃", "NAME_FT": "甘肅", "AREA": 540583.0, "X_COORD": 102.33739, "Y_COORD": 37.65251}, "geometry": {"type": "Polygon", "coordinates": [[[107.48448, 37.71716], [107.45677, 37.6891], [107.37522, 37.68915], [107.37699, 37.65039], [107.30046, 37.61146], [107.36035, 37.55504], [107.27929, 37.48135], [107.25169, 37.33961], [107.30462, 37.25297], [107.27279, 37.22666], [107.32764, 37.15741], [107.3001, 37.10326], [107.26911, 37.13044], [107.29415, 36.9225], [107.48029, 36.90618], [107.53725, 36.82759], [107.64836, 36.81604], [107.72562, 36.86853], [107.70545, 36.95356], [107.73295, 36.962], [107.82981, 36.89368], [107.98052, 36.91742], [108.29192, 36.88591], [108.20119, 36.80974], [108.20566, 36.57736], [108.3434, 36.556], [108.42692, 36.43587], [108.51043, 36.47552], [108.71406, 36.36228], [108.64481, 36.26213], [108.70763, 36.13836], [108.68385, 36.0213], [108.64757, 35.94853], [108.57613, 35.94813], [108.49702, 35.88537], [108.52468, 35.63646], [108.61798, 35.55222], [108.60418, 35.34237], [108.48636, 35.28553], [108.34185, 35.30915], [108.23583, 35.26533], [108.17215, 35.31042], [107.9767, 35.23966], [107.94513, 35.24598], [107.95828, 35.27163], [107.88079, 35.25736], [107.72789, 35.30527], [107.64857, 35.24472], [107.74624, 35.0905], [107.85296, 34.99629], [107.8017, 34.95686], [107.63618, 34.92825], [107.62114, 34.96379], [107.56443, 34.97179], [107.51926, 34.91084], [107.31077, 34.93859], [107.18694, 34.89185], [107.16745, 34.93816], [107.08939, 34.97072], [107.08386, 35.02142], [106.91616, 35.09522], [106.54571, 35.08774], [106.44362, 34.94758], [106.49348, 34.81655], [106.48998, 34.72567], [106.437, 34.68272], [106.46335, 34.64886], [106.30915, 34.58106], [106.33836, 34.52238], [106.46202, 34.53154], [106.56754, 34.49037], [106.70043, 34.31016], [106.65977, 34.24473], [106.52232, 34.29348], [106.49233, 34.25656], [106.54723, 34.24425], [106.58806, 34.1392], [106.49768, 34.10641], [106.47179, 33.97527], [106.41536, 33.89566], [106.48922, 33.84772], [106.45621, 33.79455], [106.47845, 33.70891], [106.53571, 33.69291], [106.57159, 33.6335], [106.58421, 33.58436], [106.55233, 33.5296], [106.51967, 33.50119], [106.45582, 33.53121], [106.42705, 33.62056], [106.34718, 33.58874], [106.2839, 33.60261], [106.18309, 33.54811], [106.10477, 33.57022], [106.10007, 33.61034], [105.95543, 33.61013], [105.84012, 33.49534], [105.79767, 33.4086], [105.70515, 33.38251], [105.75481, 33.28919], [105.92946, 33.19445], [105.89269, 33.14481], [105.92791, 33.14426], [105.91923, 33.00815], [105.86891, 32.94937], [105.60228, 32.8781], [105.41886, 32.9237], [105.3782, 32.85877], [105.45581, 32.7666], [105.44913, 32.73629], [105.28349, 32.65345], [105.22374, 32.66587], [105.14159, 32.5989], [105.0396, 32.64703], [104.88266, 32.59853], [104.50844, 32.90878], [104.46536, 33.09953], [104.48848, 33.17906], [104.34977, 33.14942], [104.25248, 33.27409], [104.14318, 33.31251], [104.05345, 33.29285], [103.9289, 33.2014], [103.77278, 33.17927], [103.79093, 33.3026], [103.75683, 33.39096], [103.81316, 33.48237], [103.82864, 33.60222], [103.80114, 33.69782], [103.75593, 33.72033], [103.68042, 33.67969], [103.5865, 33.71438], [103.53448, 33.6727], [103.48039, 33.72793], [103.52634, 33.77113], [103.51247, 33.81009], [103.46201, 33.80394], [103.42921, 33.75224], [103.34721, 33.74502], [103.15015, 33.81181], [103.17895, 33.90225], [103.11604, 33.96356], [103.15285, 34.00603], [103.12233, 34.05997], [103.16744, 34.09365], [103.12505, 34.11825], [103.107, 34.1784], [102.98017, 34.19707], [102.97537, 34.25404], [102.92524, 34.30934], [102.73485, 34.26859], [102.69176, 34.20201], [102.60638, 34.16213], [102.65608, 34.08309], [102.43359, 34.09129], [102.30316, 34.04438], [102.30888, 34.12607], [102.21234, 34.26899], [102.06289, 34.42639], [101.85496, 34.53875], [101.86238, 34.70105], [101.91444, 34.79455], [101.91241, 34.87298], [101.83051, 34.81916], [101.71383, 34.86217], [101.65372, 34.94638], [101.54164, 35.25414], [101.3637, 35.44899], [101.24687, 35.52397], [101.15608, 35.5397], [101.06474, 35.52676], [101.04864, 35.49649], [100.9262, 35.49606], [100.86712, 35.56875], [100.76659, 35.58052], [100.69984, 35.63653], [100.55369, 35.66657], [100.45058, 35.73432], [100.42602, 35.82835], [100.63409, 35.914], [100.65526, 35.97206], [100.71806, 35.98893], [100.74432, 36.08577], [100.83772, 36.12731], [100.98228, 36.13126], [101.04687, 36.0761], [101.15032, 36.05209], [101.2522, 36.07098], [101.30118, 36.14425], [101.2792, 36.26176], [101.01496, 36.51977], [100.92746, 36.77081], [100.94885, 36.84595], [101.01497, 36.87601], [101.13356, 36.87756], [101.27934, 36.8117], [101.30338, 36.83417], [101.30178, 37.0244], [101.10428, 37.22096], [101.00598, 37.25616], [100.91944, 37.36877], [100.96127, 37.43873], [101.12731, 37.52092], [101.1792, 37.58045], [100.94215, 37.62829], [100.91295, 37.58822], [100.83298, 37.58453], [100.74384, 37.66438], [100.55603, 37.72023], [100.73678, 37.87325], [100.76288, 37.97124], [100.72565, 38.03708], [99.93523, 38.21176], [99.5163, 38.39149], [99.32717, 38.30937], [99.22747, 38.30269], [99.06266, 38.15695], [98.97925, 38.15549], [98.90037, 38.23655], [98.83285, 38.25233], [98.73421, 38.23497], [98.66512, 38.14108], [98.59593, 38.12557], [98.1281, 38.27734], [97.85137, 38.46875], [97.67761, 38.53679], [97.52883, 38.49855], [97.23579, 38.24779], [97.04206, 38.16345], [96.40731, 38.07525], [96.31818, 38.07942], [96.21477, 38.14691], [95.71187, 38.33434], [95.49578, 38.36715], [95.29042, 38.33754], [95.00827, 38.43438], [94.56982, 38.39405], [94.32156, 38.49438], [94.16629, 38.60519], [93.88667, 38.65801], [93.73605, 38.72831], [93.58362, 38.74761], [93.39486, 38.72158], [92.83065, 38.81141], [92.45075, 38.99476], [92.00752, 38.94514], [91.90056, 39.06539], [91.7578, 39.73779], [91.8742, 39.95546], [91.92697, 40.2925], [92.04105, 40.51242], [92.08271, 40.85375], [92.1815, 41.09545], [92.18727, 41.23893], [93.01786, 41.09242], [93.10625, 40.97522], [93.23951, 40.91535], [93.47039, 40.92816], [93.69786, 40.87046], [93.73716, 40.94028], [93.99441, 41.03465], [94.29324, 41.02092], [94.66442, 41.05278], [94.99678, 40.97179], [95.08222, 41.03444], [95.12068, 41.12454], [95.04597, 41.40628], [95.06625, 41.52865], [95.54314, 41.72402], [95.67953, 41.81278], [96.02641, 41.91105], [96.19108, 42.00998], [96.21104, 42.05936], [96.18558, 42.15976], [96.10262, 42.27782], [96.13131, 42.64641], [96.16277, 42.68891], [96.39413, 42.71105], [96.49079, 42.5087], [96.63298, 42.37203], [96.84804, 42.26765], [97.34043, 42.12403], [97.49965, 42.02312], [97.54045, 41.95984], [97.52168, 41.81068], [97.41735, 41.58131], [97.38249, 41.39066], [97.05196, 41.0922], [97.01282, 41.01511], [97.03136, 40.9416], [98.23102, 40.51171], [98.45867, 40.54009], [98.65084, 40.51034], [98.93069, 40.52934], [99.29189, 40.4681], [100.03102, 40.42478], [100.05342, 40.38314], [100.03255, 40.3552], [99.75123, 40.08863], [99.70869, 40.02002], [99.7118, 39.95283], [99.82231, 39.90487], [100.07852, 39.88657], [100.10943, 39.84696], [100.11715, 39.72196], [100.25123, 39.62888], [100.32085, 39.48254], [100.65396, 39.32769], [100.78388, 39.21465], [100.97601, 39.14294], [101.08745, 39.04741], [101.22612, 38.99887], [101.27077, 38.966], [101.28747, 38.8742], [101.57176, 38.74838], [101.9771, 38.64724], [102.19602, 38.68334], [102.45896, 38.62342], [102.49807, 38.68447], [102.38241, 38.81318], [102.37648, 38.872], [102.40385, 38.91226], [102.53623, 38.94827], [102.6239, 39.0541], [102.72952, 39.07439], [103.00433, 39.04048], [103.22901, 39.13982], [103.5545, 39.20699], [103.79182, 39.20856], [103.95387, 39.16517], [103.98497, 39.13265], [103.92869, 38.97301], [103.93257, 38.86091], [103.80465, 38.82688], [103.73027, 38.72848], [103.70936, 38.40742], [103.53945, 38.24205], [103.29261, 38.21348], [103.22736, 38.17842], [103.15733, 38.1165], [103.1138, 38.01666], [103.33018, 37.96222], [103.36096, 37.93218], [103.35991, 37.84925], [103.43004, 37.78602], [103.87366, 37.69068], [103.91787, 37.64435], [103.92072, 37.57227], [104.06524, 37.53398], [104.19159, 37.41915], [104.47048, 37.51787], [104.69818, 37.50488], [105.00391, 37.539], [105.03339, 37.55747], [105.03453, 37.61385], [105.134, 37.6238], [105.2335, 37.68018], [105.56249, 37.6994], [105.599, 37.88444], [105.57597, 38.15251], [105.68222, 38.46046], [105.84813, 38.61305], [105.77204, 38.66825], [105.79704, 38.75784], [105.89028, 38.88756], [105.98442, 38.95266], [106.02387, 39.11663], [106.23964, 39.28898], [106.35782, 39.32282], [106.48191, 39.30699], [106.62662, 39.38982], [106.79572, 39.35887], [106.7922, 39.23251], [106.861, 39.13657], [106.86791, 39.05243], [106.77306, 38.89368], [106.66341, 38.84209], [106.59669, 38.67004], [106.53611, 38.60917], [106.52827, 38.54963], [106.57803, 38.51201], [106.47665, 38.37808], [106.64472, 38.23394], [107.04698, 38.10192], [107.43395, 37.81271], [107.48448, 37.71716]]]}}, {"type": "Feature", "properties": {"SYS_ID": "25041", "NAME_PY": "Sichuan", "NAME_CH": "四川", "NAME_FT": "四川", "AREA": 621431.0, "X_COORD": 103.78422, "Y_COORD": 30.19001}, "geometry": {"type": "GeometryCollection", "geometries": [{"type": "MultiPolygon", "coordinates": [[[[97.61278, 32.89076], [97.53395, 32.98448], [97.54261, 33.15602], [97.75171, 33.14364], [97.93123, 33.39148], [97.75695, 33.80594], [97.96715, 33.77527], [98.04843, 33.67314], [98.12953, 33.64404], [98.48217, 33.80001], [98.59827, 33.8177], [98.6635, 33.91508], [98.69605, 34.1871], [98.95304, 34.32129], [99.05344, 34.33343], [99.03993, 34.23281], [99.08012, 34.21024], [99.05386, 34.17609], [99.06551, 33.96358], [99.18671, 33.87096], [99.28744, 33.73344], [99.34125, 33.72481], [99.37884, 33.80761], [99.45142, 33.82187], [99.54497, 33.75733], [99.76206, 33.80651], [99.90039, 33.7406], [99.89026, 33.70922], [99.9617, 33.6675], [100.01503, 33.67289], [99.99435, 33.64933], [100.07588, 33.59146], [100.16928, 33.56407], [100.29693, 33.69606], [100.24081, 33.73455], [100.24548, 33.76153], [100.35954, 33.75075], [100.66289, 33.92236], [100.7645, 33.93193], [100.81773, 33.8722], [100.84599, 33.87806], [100.83234, 33.85666], [100.88405, 33.78566], [100.91675, 33.79059], [100.90819, 33.76225], [100.93926, 33.771], [100.91647, 33.74691], [101.00532, 33.73862], [100.99516, 33.71487], [101.04618, 33.76283], [101.01149, 33.82806], [101.0387, 33.88588], [101.15294, 33.84121], [101.25639, 33.72903], [101.35818, 33.71097], [101.39315, 33.67276], [101.4912, 33.70295], [101.55786, 33.67024], [101.78769, 33.68748], [101.91059, 33.55507], [101.92268, 33.45658], [102.07216, 33.34382], [102.20058, 33.36191], [102.26055, 33.41975], [102.35463, 33.39323], [102.47712, 33.46435], [102.44748, 33.52547], [102.46735, 33.55149], [102.32317, 33.62445], [102.30798, 33.67833], [102.33329, 33.7316], [102.28353, 33.71167], [102.31805, 33.75837], [102.23241, 33.78959], [102.25031, 33.84872], [102.1412, 33.97755], [102.4259, 34.09041], [102.65608, 34.08309], [102.60638, 34.16213], [102.69176, 34.20201], [102.73077, 34.26667], [102.84283, 34.27382], [102.89042, 34.3166], [102.94759, 34.29356], [102.98017, 34.19707], [103.107, 34.1784], [103.12505, 34.11825], [103.16744, 34.09365], [103.12233, 34.05997], [103.15285, 34.00603], [103.11604, 33.96356], [103.17895, 33.90225], [103.15015, 33.81181], [103.34721, 33.74502], [103.42921, 33.75224], [103.46201, 33.80394], [103.51247, 33.81009], [103.52634, 33.77113], [103.48039, 33.72793], [103.53448, 33.6727], [103.5865, 33.71438], [103.68042, 33.67969], [103.75593, 33.72033], [103.80114, 33.69782], [103.82864, 33.60222], [103.81316, 33.48237], [103.75683, 33.39096], [103.79093, 33.3026], [103.77278, 33.17927], [103.9289, 33.2014], [104.05345, 33.29285], [104.14318, 33.31251], [104.25248, 33.27409], [104.34977, 33.14942], [104.48848, 33.17906], [104.46536, 33.09953], [104.50844, 32.90878], [104.88266, 32.59853], [105.0396, 32.64703], [105.14159, 32.5989], [105.22374, 32.66587], [105.28349, 32.65345], [105.44913, 32.73629], [105.45581, 32.7666], [105.37736, 32.86863], [105.44225, 32.93084], [105.49535, 32.91074], [105.59252, 32.69981], [105.74905, 32.76942], [105.78952, 32.75103], [105.82311, 32.8218], [106.00536, 32.83053], [106.04553, 32.86821], [106.0915, 32.81533], [106.05999, 32.76961], [106.11084, 32.72679], [106.34153, 32.6679], [106.41327, 32.61635], [106.45298, 32.65412], [106.60671, 32.66283], [106.73795, 32.73389], [106.77544, 32.73331], [106.7818, 32.70162], [107.05843, 32.71035], [107.25617, 32.78251], [107.31631, 32.74409], [107.2635, 32.68177], [107.35041, 32.62853], [107.36771, 32.54415], [107.43199, 32.53162], [107.44971, 32.42078], [107.48504, 32.42747], [107.52066, 32.38473], [107.6537, 32.40274], [107.84605, 32.20866], [107.90107, 32.20534], [107.96874, 32.15087], [108.01418, 32.17772], [108.02165, 32.2225], [108.18464, 32.22858], [108.22795, 32.27773], [108.32298, 32.24084], [108.47606, 32.27204], [108.53082, 32.195], [108.65578, 32.11586], [108.74031, 32.1099], [108.7525, 32.06977], [108.88356, 31.99667], [109.02614, 31.96889], [109.17108, 31.87403], [109.19235, 31.82661], [109.27087, 31.8042], [109.25554, 31.77188], [109.28453, 31.71871], [109.71514, 31.71222], [109.7482, 31.61515], [109.72374, 31.55562], [109.81313, 31.56955], [109.97262, 31.5189], [109.94312, 31.48144], [110.13822, 31.39558], [110.19043, 31.1506], [110.11677, 31.09831], [110.16423, 30.98145], [110.07571, 30.8041], [110.01738, 30.83467], [109.99979, 30.90171], [109.77354, 30.85263], [109.65971, 30.76719], [109.64247, 30.71885], [109.58442, 30.69993], [109.57523, 30.6573], [109.53515, 30.67593], [109.45287, 30.62328], [109.34696, 30.4972], [109.34492, 30.56622], [109.29876, 30.63546], [109.14655, 30.53648], [108.81962, 30.49819], [108.72858, 30.50077], [108.65162, 30.59028], [108.5687, 30.47653], [108.50137, 30.50363], [108.41351, 30.47185], [108.40179, 30.38095], [108.56938, 30.25385], [108.5582, 30.14393], [108.49831, 30.05388], [108.52364, 30.05932], [108.53415, 29.99127], [108.51701, 29.87786], [108.67348, 29.77051], [108.67496, 29.69368], [108.75415, 29.64774], [108.78351, 29.67356], [108.78658, 29.63481], [108.84123, 29.65338], [108.87631, 29.62989], [108.86486, 29.59545], [108.90385, 29.57609], [108.86168, 29.45874], [108.93351, 29.41495], [108.90912, 29.32565], [108.97127, 29.3309], [109.06481, 29.39558], [109.10501, 29.36424], [109.13082, 29.26636], [109.10783, 29.20302], [109.3157, 29.04728], [109.23199, 28.8789], [109.23772, 28.78006], [109.30004, 28.73354], [109.24919, 28.6943], [109.26482, 28.66886], [109.17963, 28.62359], [109.19604, 28.60251], [109.28642, 28.62048], [109.31868, 28.58105], [109.11295, 28.35582], [109.1111, 28.25045], [108.9877, 28.23875], [108.91347, 28.35366], [108.86065, 28.36606], [108.83078, 28.24993], [108.87295, 28.14387], [108.80532, 28.10292], [108.73301, 28.11742], [108.69575, 28.18448], [108.72391, 28.28784], [108.64242, 28.50743], [108.66728, 28.58976], [108.57161, 28.59458], [108.32919, 28.68396], [108.38313, 28.79216], [108.34832, 28.82509], [108.34566, 28.93685], [108.29645, 29.02109], [108.13061, 29.01885], [108.0147, 28.93587], [107.90769, 28.9353], [107.80901, 28.99276], [107.80016, 29.13912], [107.75261, 29.18919], [107.68064, 29.1427], [107.64445, 29.175], [107.58816, 29.1681], [107.56458, 29.21847], [107.48352, 29.17397], [107.44621, 29.2046], [107.40425, 29.17831], [107.4092, 29.09843], [107.36793, 29.09368], [107.38819, 29.04612], [107.36458, 29.01036], [107.43623, 28.95097], [107.38454, 28.85697], [107.24332, 28.77205], [107.20872, 28.83245], [107.11301, 28.89425], [107.02118, 28.88], [106.96812, 28.76863], [106.8888, 28.8103], [106.81599, 28.74314], [106.87708, 28.69275], [106.85926, 28.63167], [106.80838, 28.58956], [106.76976, 28.6239], [106.77386, 28.56583], [106.7235, 28.54022], [106.74501, 28.4891], [106.71811, 28.45574], [106.68027, 28.49625], [106.59051, 28.5136], [106.56698, 28.49102], [106.65326, 28.6628], [106.57683, 28.69145], [106.59074, 28.71996], [106.4566, 28.83989], [106.45011, 28.7853], [106.51833, 28.67536], [106.46474, 28.58628], [106.49598, 28.54098], [106.39356, 28.57352], [106.37238, 28.48204], [106.18826, 28.58166], [106.15961, 28.63953], [106.10344, 28.63498], [105.97195, 28.75489], [105.88711, 28.66046], [105.88319, 28.5973], [105.6902, 28.59515], [105.61785, 28.48804], [105.63988, 28.31338], [105.72348, 28.27183], [105.77477, 28.33571], [105.80406, 28.31787], [105.88352, 28.24818], [105.86066, 28.16832], [105.88007, 28.12764], [105.94902, 28.14388], [106.02585, 28.10961], [106.03799, 28.14417], [106.14597, 28.16762], [106.19955, 28.1376], [106.25861, 28.08098], [106.25443, 28.01817], [106.31728, 27.97634], [106.30149, 27.90609], [106.33547, 27.86615], [106.32153, 27.81764], [106.19101, 27.75819], [106.07395, 27.78361], [105.8441, 27.7136], [105.72649, 27.71089], [105.6309, 27.66108], [105.59472, 27.71958], [105.48232, 27.77684], [105.39586, 27.76667], [105.30025, 27.70911], [105.27982, 27.78686], [105.30887, 27.81743], [105.25169, 27.82932], [105.23354, 27.88832], [105.27882, 27.93158], [105.26446, 28.00001], [105.19387, 27.99301], [105.18146, 28.06548], [105.05834, 28.09963], [104.97366, 28.06315], [104.87572, 27.91234], [104.56503, 27.8496], [104.3067, 28.03991], [104.38453, 28.062], [104.38971, 28.10068], [104.43837, 28.1212], [104.45546, 28.18101], [104.39696, 28.19771], [104.45621, 28.25104], [104.39518, 28.27389], [104.37092, 28.33628], [104.29093, 28.32838], [104.25334, 28.39708], [104.26251, 28.50106], [104.18669, 28.55641], [104.17078, 28.62413], [103.94944, 28.60583], [103.87841, 28.62539], [103.85555, 28.67484], [103.78269, 28.52414], [103.86993, 28.31506], [103.70839, 28.20623], [103.63187, 28.26399], [103.44739, 28.12818], [103.4407, 28.0287], [103.48727, 28.03163], [103.49473, 27.978], [103.56084, 27.96897], [103.50408, 27.92004], [103.4754, 27.79354], [103.27442, 27.63294], [103.28725, 27.57121], [103.22305, 27.57335], [103.13662, 27.42554], [102.98589, 27.37384], [102.83743, 27.52999], [102.7265, 27.45037], [102.75083, 27.28264], [102.623, 27.2284], [102.86451, 26.95426], [102.91297, 26.76628], [102.88909, 26.69125], [102.73509, 26.65135], [102.68988, 26.60444], [102.74725, 26.45411], [102.72833, 26.39253], [102.64686, 26.33788], [102.55206, 26.36738], [102.38225, 26.29681], [102.34183, 26.24751], [102.25108, 26.22262], [102.09521, 26.07205], [101.92393, 26.1134], [101.83544, 26.0471], [101.84212, 26.16552], [101.90834, 26.20212], [101.93729, 26.41406], [101.87106, 26.45843], [101.85143, 26.57559], [101.80402, 26.61125], [101.7146, 26.59482], [101.68817, 26.56098], [101.6633, 26.58878], [101.62975, 26.5764], [101.60842, 26.73172], [101.38934, 26.89778], [101.33055, 27.07771], [101.25871, 27.18755], [101.19792, 27.21235], [101.06754, 27.19692], [101.05702, 27.29021], [101.01042, 27.31689], [100.93671, 27.47431], [100.88105, 27.4751], [100.87922, 27.61139], [100.82931, 27.62082], [100.84197, 27.68034], [100.78732, 27.68639], [100.67756, 27.92638], [100.62289, 27.90619], [100.54778, 27.81506], [100.43143, 27.87112], [100.37762, 27.75942], [100.29449, 27.80276], [100.30441, 27.86946], [100.17572, 27.9022], [100.18625, 27.95563], [100.01894, 28.14799], [99.99883, 28.47755], [100.07302, 28.52559], [99.97426, 28.5757], [99.81251, 28.46793], [99.77139, 28.2807], [99.64041, 28.1285], [99.52731, 28.22166], [99.41799, 28.14158], [99.31514, 28.21631], [99.28326, 28.3017], [99.17344, 28.41541], [99.18159, 28.58996], [99.1077, 28.80957], [99.1313, 28.94501], [99.11231, 29.25112], [98.96298, 29.18727], [99.01852, 29.04395], [98.92093, 28.97832], [98.91525, 28.91754], [98.97274, 28.87316], [98.9705, 28.83771], [98.84078, 28.81069], [98.77833, 29.00312], [98.63176, 28.97457], [98.68777, 28.73422], [98.618, 28.68643], [98.51717, 28.70541], [98.46737, 28.90953], [98.4093, 28.98932], [98.36777, 29.23106], [98.44107, 29.26496], [98.64654, 29.26927], [98.70904, 29.32866], [98.74109, 29.42656], [98.70906, 29.65238], [98.58111, 29.81449], [98.47777, 29.87709], [98.4385, 29.9758], [98.51593, 30.23863], [98.5714, 30.23988], [98.65785, 30.17363], [98.70202, 30.20461], [98.65736, 30.6905], [98.49855, 30.78371], [98.11304, 30.77033], [97.95839, 30.83826], [97.79492, 31.16901], [97.92619, 31.64489], [97.88557, 31.83729], [97.76171, 32.05983], [97.80879, 32.17405], [97.96269, 32.29511], [98.03773, 32.43284], [97.93194, 32.48656], [97.70869, 32.53434], [97.6055, 32.61709], [97.48753, 32.65394], [97.4265, 32.70469], [97.37737, 32.81858], [97.38571, 32.86897], [97.61278, 32.89076]]], [[[105.73158, 32.90739], [105.73643, 32.91225], [105.73566, 32.90945], [105.73158, 32.90739]]]]}, {"type": "MultiLineString", "coordinates": [[[105.58704, 32.87902], [105.58965, 32.87865]], [[105.5462, 32.90696], [105.54864, 32.90662]], [[105.53912, 32.91016], [105.53639, 32.91154]], [[105.60799, 32.87902], [105.60228, 32.8781]], [[105.70953, 32.90672], [105.71307, 32.90604]], [[105.6627, 32.89896], [105.65726, 32.89873]]]}]}}, {"type": "Feature", "properties": {"SYS_ID": "25042", "NAME_PY": "Guizhou", "NAME_CH": "贵州", "NAME_FT": "貴州", "AREA": 176166.0, "X_COORD": 106.5526, "Y_COORD": 26.92137}, "geometry": {"type": "Polygon", "coordinates": [[[109.27174, 28.5002], [109.26879, 28.31852], [109.29482, 28.27936], [109.34338, 28.29634], [109.34879, 28.26469], [109.37917, 28.27042], [109.29623, 28.05764], [109.37312, 28.03266], [109.29889, 27.95777], [109.3409, 27.83593], [109.31125, 27.78514], [109.37723, 27.73779], [109.43269, 27.74372], [109.45153, 27.58012], [109.3019, 27.48405], [109.2953, 27.42723], [109.24102, 27.4215], [109.20322, 27.45368], [109.1516, 27.41971], [109.13808, 27.44863], [109.05727, 27.35489], [108.94577, 27.31513], [108.89131, 27.2483], [108.91594, 27.1761], [108.89472, 27.13734], [108.78311, 27.08369], [108.87377, 27.00053], [109.11282, 27.12581], [109.10001, 27.07598], [109.16428, 27.07575], [109.2436, 27.15681], [109.26804, 27.13082], [109.38927, 27.16565], [109.43615, 27.1214], [109.46799, 27.1382], [109.46321, 26.9605], [109.40004, 26.91506], [109.36933, 26.832], [109.38121, 26.71544], [109.27923, 26.70204], [109.31342, 26.65714], [109.35203, 26.66076], [109.404, 26.54035], [109.27001, 26.31879], [109.33738, 26.2563], [109.46114, 26.31411], [109.47535, 26.29113], [109.4349, 26.24203], [109.4658, 26.19957], [109.4435, 26.19095], [109.50548, 26.12094], [109.46339, 26.08078], [109.46851, 26.00966], [109.40104, 25.96724], [109.42104, 25.91932], [109.33085, 25.83171], [109.30751, 25.77688], [109.32986, 25.73866], [109.20332, 25.73764], [109.17521, 25.80629], [109.14485, 25.75015], [109.11567, 25.80775], [108.98753, 25.784], [108.89422, 25.68456], [108.93765, 25.67369], [108.99634, 25.73064], [109.0663, 25.73907], [109.03017, 25.64789], [109.06726, 25.54177], [109.01478, 25.51689], [108.93418, 25.55853], [108.80496, 25.52839], [108.76596, 25.59904], [108.77991, 25.63126], [108.70801, 25.62241], [108.65971, 25.57406], [108.67902, 25.5221], [108.62894, 25.5162], [108.63405, 25.48461], [108.59467, 25.46698], [108.62218, 25.35248], [108.60008, 25.3249], [108.48679, 25.45218], [108.41127, 25.44103], [108.38839, 25.48967], [108.30685, 25.53002], [108.23621, 25.42723], [108.18844, 25.45707], [108.14362, 25.43781], [108.1823, 25.40661], [108.13238, 25.38032], [108.14781, 25.32051], [108.10954, 25.2053], [107.99783, 25.19944], [107.84644, 25.12364], [107.77296, 25.12461], [107.74907, 25.2441], [107.69051, 25.20083], [107.66093, 25.31832], [107.47083, 25.21667], [107.4773, 25.30301], [107.42834, 25.29185], [107.41653, 25.3958], [107.30655, 25.42899], [107.3359, 25.48898], [107.22827, 25.55946], [107.22451, 25.60785], [107.08263, 25.57149], [107.06211, 25.51364], [106.95947, 25.43697], [107.00922, 25.34984], [106.98545, 25.24413], [106.91945, 25.25324], [106.88869, 25.18989], [106.65481, 25.17407], [106.58404, 25.09269], [106.44021, 25.02784], [106.14785, 24.96489], [106.19943, 24.86822], [106.17254, 24.77075], [106.05222, 24.69681], [106.02058, 24.6416], [105.92921, 24.72982], [105.80756, 24.70618], [105.59496, 24.80963], [105.50668, 24.81012], [105.42365, 24.93633], [105.27001, 24.93526], [105.20811, 24.99855], [105.07211, 24.91948], [105.03294, 24.79779], [104.87315, 24.74512], [104.84279, 24.68211], [104.73013, 24.62358], [104.53002, 24.73437], [104.54479, 24.82694], [104.70898, 24.99824], [104.6765, 25.06029], [104.62046, 25.07082], [104.67063, 25.07722], [104.73997, 25.21783], [104.81144, 25.16958], [104.81802, 25.25283], [104.65016, 25.29889], [104.63605, 25.36707], [104.54052, 25.37796], [104.45418, 25.43542], [104.41933, 25.49609], [104.42409, 25.58369], [104.32489, 25.60693], [104.30798, 25.65877], [104.31966, 25.75425], [104.3727, 25.73672], [104.43499, 25.87511], [104.41578, 25.90723], [104.46485, 26.01362], [104.45092, 26.07146], [104.51601, 26.09458], [104.53815, 26.25267], [104.67794, 26.37671], [104.62711, 26.48861], [104.56802, 26.52823], [104.56265, 26.58628], [104.46972, 26.59067], [104.41782, 26.71155], [104.33845, 26.62386], [104.12743, 26.64673], [104.05943, 26.53722], [104.00768, 26.51919], [103.836, 26.52944], [103.76284, 26.58448], [103.74365, 26.63574], [103.7656, 26.7359], [103.73037, 26.73068], [103.69943, 26.80907], [103.71879, 26.855], [103.77254, 26.87526], [103.77435, 26.95436], [103.69801, 27.05164], [103.61452, 27.00873], [103.60009, 27.06876], [103.65778, 27.07333], [103.62711, 27.11937], [103.70277, 27.14001], [103.74713, 27.21514], [103.86815, 27.30967], [103.92718, 27.44198], [103.99865, 27.43469], [104.01202, 27.38009], [104.18024, 27.27136], [104.25315, 27.30515], [104.24295, 27.33527], [104.29992, 27.36661], [104.35805, 27.46918], [104.51082, 27.4052], [104.5402, 27.33516], [104.61406, 27.312], [104.75423, 27.34411], [104.76556, 27.31739], [104.81385, 27.35464], [104.85103, 27.34186], [104.8638, 27.29362], [105.07233, 27.42027], [105.16718, 27.40841], [105.18977, 27.37645], [105.258, 27.51994], [105.22639, 27.54957], [105.30361, 27.62595], [105.30025, 27.70911], [105.39586, 27.76667], [105.50421, 27.76977], [105.59472, 27.71958], [105.6309, 27.66108], [105.72649, 27.71089], [105.8441, 27.7136], [106.07395, 27.78361], [106.18678, 27.75826], [106.25243, 27.77966], [106.3319, 27.82591], [106.33498, 27.87142], [106.30149, 27.90609], [106.3053, 28.0], [106.25443, 28.01817], [106.25861, 28.08098], [106.19955, 28.1376], [106.14597, 28.16762], [106.03799, 28.14417], [106.02585, 28.10961], [105.94902, 28.14388], [105.88007, 28.12764], [105.86066, 28.16832], [105.88352, 28.24818], [105.80406, 28.31787], [105.77477, 28.33571], [105.72348, 28.27183], [105.63698, 28.31702], [105.62123, 28.50598], [105.6902, 28.59515], [105.88319, 28.5973], [105.88711, 28.66046], [105.97195, 28.75489], [106.10344, 28.63498], [106.15961, 28.63953], [106.18826, 28.58166], [106.37238, 28.48204], [106.39356, 28.57352], [106.49598, 28.54098], [106.46474, 28.58628], [106.51833, 28.67536], [106.45011, 28.7853], [106.4566, 28.83989], [106.59074, 28.71996], [106.57683, 28.69145], [106.65326, 28.6628], [106.56698, 28.49102], [106.59051, 28.5136], [106.68027, 28.49625], [106.71811, 28.45574], [106.74501, 28.4891], [106.7235, 28.54022], [106.77386, 28.56583], [106.76976, 28.6239], [106.80838, 28.58956], [106.85926, 28.63167], [106.87708, 28.69275], [106.81599, 28.74314], [106.8888, 28.8103], [106.96812, 28.76863], [107.02118, 28.88], [107.11301, 28.89425], [107.20872, 28.83245], [107.24332, 28.77205], [107.38454, 28.85697], [107.43623, 28.95097], [107.36458, 29.01036], [107.38819, 29.04612], [107.36793, 29.09368], [107.4092, 29.09843], [107.40425, 29.17831], [107.44621, 29.2046], [107.48352, 29.17397], [107.56458, 29.21847], [107.58816, 29.1681], [107.64445, 29.175], [107.68064, 29.1427], [107.75261, 29.18919], [107.80016, 29.13912], [107.80901, 28.99276], [107.90769, 28.9353], [108.0147, 28.93587], [108.13061, 29.01885], [108.29645, 29.02109], [108.34566, 28.93685], [108.34832, 28.82509], [108.38313, 28.79216], [108.32919, 28.68396], [108.57161, 28.59458], [108.66728, 28.58976], [108.64242, 28.50743], [108.72391, 28.28784], [108.69737, 28.17402], [108.74707, 28.11075], [108.80532, 28.10292], [108.87295, 28.14387], [108.83078, 28.24993], [108.85181, 28.36025], [108.91347, 28.35366], [108.9877, 28.23875], [109.1111, 28.25045], [109.11295, 28.35582], [109.18751, 28.46583], [109.27174, 28.5002]]]}}, {"type": "Feature", "properties": {"SYS_ID": "25043", "NAME_PY": "Jiangxi", "NAME_CH": "江西", "NAME_FT": "江西", "AREA": 165263.0, "X_COORD": 116.02689, "Y_COORD": 27.28384}, "geometry": {"type": "Polygon", "coordinates": [[[113.57277, 27.54151], [113.60613, 27.63657], [113.75768, 27.80258], [113.72681, 27.88425], [113.75611, 27.94306], [113.85302, 28.01178], [113.91254, 27.9966], [113.95348, 28.04334], [114.03038, 28.0534], [113.98775, 28.17726], [114.08573, 28.18615], [114.2486, 28.32931], [114.25214, 28.39617], [114.16992, 28.43757], [114.20803, 28.48708], [114.07802, 28.55243], [114.12264, 28.60771], [114.14401, 28.82572], [114.06075, 28.84729], [114.05841, 28.89768], [114.01858, 28.90565], [114.0, 28.95648], [113.95802, 28.94965], [113.9502, 29.10117], [114.06111, 29.21164], [114.24341, 29.23846], [114.25108, 29.34265], [114.28784, 29.36616], [114.34388, 29.32746], [114.50638, 29.32594], [114.66821, 29.39899], [114.72764, 29.39693], [114.74802, 29.36635], [114.88818, 29.39848], [114.90392, 29.42983], [114.83005, 29.56409], [114.93301, 29.54582], [114.9959, 29.5753], [115.03871, 29.55542], [115.24959, 29.58972], [115.46518, 29.74222], [115.50517, 29.84183], [115.74895, 29.86242], [115.77598, 29.80927], [115.90627, 29.73317], [115.89779, 29.88489], [115.99132, 29.85218], [115.99871, 29.74735], [116.17264, 29.83686], [116.25645, 29.78459], [116.46514, 29.90049], [116.53666, 29.90262], [116.58567, 30.05632], [116.66276, 30.07663], [116.77847, 30.0376], [116.82485, 29.97409], [116.86375, 29.98313], [116.89521, 29.95217], [116.80734, 29.81426], [116.74701, 29.80029], [116.64855, 29.69444], [116.67651, 29.6786], [116.64706, 29.63984], [116.71318, 29.57004], [116.75542, 29.60163], [116.8084, 29.56735], [116.9909, 29.68593], [117.10756, 29.71448], [117.13016, 29.78332], [117.06742, 29.83274], [117.14336, 29.9137], [117.24091, 29.9176], [117.24495, 29.84107], [117.2813, 29.8252], [117.32782, 29.85299], [117.35917, 29.81596], [117.41324, 29.85274], [117.40421, 29.79763], [117.4496, 29.75154], [117.44692, 29.69397], [117.52528, 29.65667], [117.50963, 29.62374], [117.58448, 29.58705], [117.63246, 29.61393], [117.70238, 29.55159], [117.48087, 29.39912], [117.48492, 29.34907], [117.42629, 29.31318], [117.44717, 29.27919], [117.3658, 29.19795], [117.39298, 29.15035], [117.48489, 29.16537], [117.46871, 29.1257], [117.56735, 29.02896], [117.91208, 29.1512], [118.03303, 29.28185], [118.07077, 29.286], [118.07455, 29.22871], [118.02827, 29.17895], [118.09014, 29.0023], [118.18122, 28.98232], [118.21645, 28.94121], [118.19467, 28.90994], [118.26645, 28.9171], [118.29684, 28.83606], [118.37501, 28.79481], [118.43224, 28.67416], [118.41479, 28.50129], [118.46741, 28.47345], [118.43899, 28.40898], [118.48101, 28.33573], [118.3168, 28.23147], [118.36909, 28.19083], [118.33678, 28.09608], [118.1207, 28.05879], [118.08931, 27.96673], [118.02443, 27.99132], [117.85182, 27.95031], [117.78417, 27.89917], [117.73547, 27.80699], [117.59894, 27.87388], [117.51755, 27.99197], [117.34506, 27.86464], [117.32047, 27.90376], [117.28169, 27.87507], [117.29501, 27.77882], [117.19814, 27.71577], [117.19828, 27.68846], [117.10156, 27.68685], [117.09457, 27.63067], [117.05292, 27.67525], [117.01231, 27.65368], [117.01541, 27.56588], [117.07494, 27.56926], [117.10744, 27.49749], [117.12629, 27.41684], [117.09876, 27.33646], [117.16245, 27.27718], [117.05899, 27.17551], [117.04218, 27.10157], [116.93535, 27.02543], [116.69016, 26.99007], [116.54402, 26.8435], [116.55402, 26.77036], [116.50727, 26.71168], [116.5642, 26.64577], [116.53509, 26.56855], [116.63217, 26.47129], [116.59599, 26.37941], [116.51283, 26.40451], [116.39454, 26.2717], [116.39099, 26.18549], [116.46234, 26.17857], [116.48291, 26.11399], [116.38523, 26.04311], [116.36131, 25.96796], [116.12575, 25.86157], [116.17434, 25.77748], [116.05082, 25.69052], [116.05505, 25.57076], [115.98757, 25.46394], [116.01486, 25.44329], [115.98805, 25.38173], [116.00704, 25.32531], [115.85151, 25.21308], [115.86929, 25.11838], [115.92638, 25.0543], [115.86829, 25.02222], [115.89948, 24.987], [115.86199, 24.96457], [115.89568, 24.87807], [115.8119, 24.90282], [115.7515, 24.74129], [115.79782, 24.6884], [115.7622, 24.66543], [115.83516, 24.57357], [115.7216, 24.53725], [115.67007, 24.59854], [115.56704, 24.62237], [115.47355, 24.75923], [115.41084, 24.78082], [115.36476, 24.77459], [115.35347, 24.7398], [115.27941, 24.75431], [115.10793, 24.66337], [115.06381, 24.70594], [114.93913, 24.65018], [114.9058, 24.66297], [114.86491, 24.56052], [114.741, 24.61365], [114.70458, 24.52986], [114.65369, 24.57814], [114.58733, 24.53497], [114.52753, 24.55403], [114.42616, 24.48704], [114.35217, 24.58782], [114.16534, 24.67722], [114.19857, 24.77759], [114.28554, 24.73495], [114.32644, 24.7481], [114.32899, 24.80702], [114.39539, 24.87785], [114.39032, 24.95209], [114.52877, 25.02287], [114.55755, 25.08555], [114.64369, 25.07755], [114.72576, 25.11987], [114.67704, 25.17292], [114.73823, 25.25865], [114.69727, 25.31933], [114.6267, 25.32928], [114.53938, 25.41877], [114.48534, 25.37869], [114.43279, 25.38286], [114.38192, 25.31765], [114.29907, 25.33299], [114.30407, 25.30144], [114.23009, 25.29059], [114.11813, 25.31219], [114.01797, 25.26025], [114.03433, 25.3632], [113.93736, 25.48086], [113.98563, 25.56212], [113.91044, 25.72934], [114.01668, 25.89919], [114.00513, 26.01232], [114.03581, 26.07117], [114.09336, 26.07141], [114.10256, 26.10359], [114.2279, 26.15405], [114.16769, 26.2122], [114.07861, 26.16602], [114.03513, 26.19143], [113.96815, 26.15454], [113.9363, 26.16881], [114.03117, 26.3129], [114.02854, 26.38409], [114.08189, 26.41495], [114.09473, 26.47963], [114.06958, 26.49642], [114.10124, 26.57818], [113.90648, 26.61896], [113.85916, 26.66237], [113.83474, 26.8074], [113.92303, 26.95468], [113.81551, 27.04121], [113.80223, 27.1011], [113.76647, 27.09976], [113.86649, 27.28822], [113.87093, 27.3855], [113.69427, 27.33539], [113.61129, 27.34887], [113.59729, 27.38923], [113.62553, 27.4132], [113.5863, 27.47109], [113.62184, 27.51357], [113.57277, 27.54151]]]}}, {"type": "Feature", "properties": {"SYS_ID": "25044", "NAME_PY": "Guangxi", "NAME_CH": "广西", "NAME_FT": "廣西", "AREA": 222880.0, "X_COORD": 108.50459, "Y_COORD": 23.9907}, "geometry": {"type": "Polygon", "coordinates": [[[112.01403, 24.7409], [111.95286, 24.71642], [111.92091, 24.63127], [111.99618, 24.54917], [111.98059, 24.4686], [112.0569, 24.36512], [111.93022, 24.23607], [112.02882, 24.18976], [112.09336, 24.23313], [112.16132, 24.18291], [112.24596, 24.24799], [112.24572, 24.3985], [112.34271, 24.37416], [112.4445, 24.27646], [112.4174, 24.13741], [112.4772, 24.11696], [112.52786, 24.01451], [112.51654, 23.97552], [112.37684, 23.89401], [112.32436, 23.82421], [112.32458, 23.77433], [112.25185, 23.73446], [112.23706, 23.76913], [112.13991, 23.69833], [112.15867, 23.60196], [112.13381, 23.55025], [112.03365, 23.48126], [111.97582, 23.49604], [111.9691, 23.64934], [111.8923, 23.72306], [111.98268, 23.97364], [111.84798, 23.94993], [111.79997, 23.81521], [111.69591, 23.84193], [111.64163, 23.82031], [111.61121, 23.73212], [111.66016, 23.71435], [111.61105, 23.64541], [111.48286, 23.63212], [111.47482, 23.54733], [111.38589, 23.44935], [111.35521, 23.33861], [111.37805, 23.31223], [111.35114, 23.28772], [111.39228, 23.16754], [111.37278, 23.09476], [111.42598, 23.05384], [111.35413, 22.96414], [111.35181, 22.89257], [111.21206, 22.75022], [111.06167, 22.73704], [111.08583, 22.69691], [110.95847, 22.70469], [110.83385, 22.63502], [110.72469, 22.618], [110.68153, 22.47252], [110.70802, 22.36679], [110.78282, 22.28416], [110.6938, 22.27667], [110.64453, 22.22508], [110.67368, 22.18705], [110.62799, 22.14851], [110.56802, 22.19519], [110.50453, 22.14799], [110.41742, 22.20874], [110.37425, 22.16806], [110.3383, 22.19298], [110.37495, 21.88734], [110.29594, 21.91426], [110.24256, 21.87771], [109.98578, 21.88243], [109.93542, 21.82741], [109.89481, 21.6537], [109.79712, 21.63977], [109.77081, 21.67489], [109.69575, 21.67558], [109.70235, 21.90787], [109.58946, 21.92529], [109.54874, 22.14555], [109.5891, 22.29294], [109.6709, 22.30264], [109.66693, 22.33683], [109.71935, 22.37999], [109.83628, 22.32029], [109.85537, 22.38064], [109.80643, 22.44378], [109.86118, 22.51513], [109.8387, 22.56838], [109.76095, 22.58609], [109.729, 22.55625], [109.65267, 22.66478], [109.58178, 22.68653], [109.50923, 22.64147], [109.47551, 22.65335], [109.44437, 22.61176], [109.35761, 22.63545], [109.28992, 22.56896], [109.31827, 22.53231], [109.27209, 22.4957], [109.16543, 22.55205], [109.16678, 22.52429], [109.09404, 22.51415], [108.98301, 22.53893], [108.77957, 22.52662], [108.5619, 22.72446], [108.46318, 22.73664], [108.43818, 22.70595], [108.50761, 22.63895], [108.5065, 22.48819], [108.37233, 22.52348], [108.31546, 22.60555], [108.27014, 22.60965], [108.23371, 22.58503], [108.21594, 22.44797], [108.56789, 22.37585], [108.63035, 22.40278], [108.61147, 22.43238], [108.63825, 22.45574], [108.69784, 22.38716], [108.61844, 22.31548], [108.53819, 22.34901], [108.53449, 22.28793], [108.48447, 22.24211], [108.40688, 22.26973], [108.2256, 22.19501], [108.18336, 22.14826], [108.21058, 22.04526], [108.18628, 21.98582], [107.88627, 21.86389], [107.893, 21.83309], [107.55123, 21.72497], [107.47265, 21.62671], [107.41145, 21.62729], [107.37868, 21.59383], [107.33464, 21.6795], [107.25093, 21.68688], [107.02439, 21.79065], [106.99782, 21.82679], [107.01057, 21.89634], [106.8346, 21.96781], [106.66541, 21.97324], [106.66936, 22.18971], [106.61675, 22.33579], [106.50847, 22.39552], [106.49943, 22.59968], [106.61233, 22.62151], [106.73614, 22.75528], [106.76712, 22.82379], [106.70932, 22.88222], [106.64408, 22.87221], [106.60068, 22.93156], [106.5194, 22.95198], [106.48833, 22.90436], [106.28375, 22.86979], [106.20337, 22.98117], [106.13941, 22.9974], [106.00473, 22.9949], [106.00098, 22.94539], [105.90437, 22.94705], [105.8758, 22.92068], [105.70898, 23.06383], [105.54762, 23.08557], [105.56161, 23.15622], [105.53725, 23.20031], [105.65816, 23.3086], [105.65764, 23.34409], [105.69059, 23.33592], [105.64732, 23.40144], [105.80286, 23.47016], [105.84918, 23.52971], [105.98288, 23.49229], [105.99643, 23.45061], [106.13786, 23.57216], [106.11619, 23.6028], [106.15459, 23.71202], [106.13326, 23.79795], [106.18877, 23.82739], [106.16928, 23.86423], [106.19421, 23.87377], [106.14526, 23.90495], [106.04119, 24.09971], [105.99865, 24.13204], [105.91624, 24.1252], [105.8962, 24.05463], [105.85414, 24.06241], [105.83813, 24.03101], [105.78908, 24.03739], [105.80108, 24.06009], [105.76927, 24.0761], [105.66042, 24.04547], [105.60423, 24.14191], [105.53104, 24.13166], [105.48278, 24.02558], [105.40965, 24.0416], [105.31842, 24.12121], [105.25756, 24.07329], [105.17879, 24.14301], [105.23087, 24.19322], [105.17896, 24.28622], [105.1932, 24.33991], [105.10867, 24.3752], [105.09047, 24.43216], [104.93269, 24.41145], [104.75195, 24.4612], [104.70319, 24.43971], [104.71869, 24.34292], [104.69276, 24.32574], [104.60533, 24.38432], [104.48077, 24.65484], [104.53002, 24.73437], [104.73013, 24.62358], [104.84279, 24.68211], [104.87315, 24.74512], [105.03294, 24.79779], [105.03973, 24.88136], [105.19984, 24.99864], [105.27001, 24.93526], [105.42365, 24.93633], [105.50668, 24.81012], [105.59496, 24.80963], [105.80756, 24.70618], [105.92921, 24.72982], [106.02058, 24.6416], [106.05222, 24.69681], [106.17254, 24.77075], [106.19943, 24.86822], [106.14785, 24.96489], [106.44021, 25.02784], [106.58404, 25.09269], [106.65481, 25.17407], [106.88869, 25.18989], [106.91945, 25.25324], [106.98545, 25.24413], [107.00922, 25.34984], [106.95947, 25.43697], [107.06641, 25.51881], [107.05874, 25.56195], [107.20706, 25.61213], [107.22827, 25.55946], [107.3359, 25.48898], [107.30655, 25.42899], [107.41978, 25.39279], [107.42834, 25.29185], [107.48418, 25.28758], [107.46483, 25.22155], [107.66093, 25.31832], [107.69325, 25.19827], [107.7538, 25.23945], [107.77772, 25.12248], [107.84644, 25.12364], [107.99783, 25.19944], [108.10954, 25.2053], [108.14781, 25.32051], [108.13238, 25.38032], [108.1823, 25.40661], [108.14579, 25.44131], [108.18844, 25.45707], [108.23621, 25.42723], [108.31615, 25.53323], [108.41127, 25.44103], [108.48679, 25.45218], [108.60008, 25.3249], [108.62218, 25.35248], [108.59467, 25.46698], [108.63405, 25.48461], [108.62894, 25.5162], [108.67902, 25.5221], [108.65971, 25.57406], [108.70099, 25.61882], [108.77991, 25.63126], [108.76596, 25.59904], [108.80496, 25.52839], [108.93418, 25.55853], [109.02795, 25.51806], [109.07017, 25.54825], [109.03684, 25.5752], [109.03017, 25.64789], [109.06863, 25.73682], [109.00061, 25.73279], [108.93765, 25.67369], [108.90127, 25.67642], [108.89307, 25.71233], [108.96304, 25.73092], [108.98753, 25.784], [109.1088, 25.80831], [109.1301, 25.75035], [109.17605, 25.76587], [109.16527, 25.80749], [109.23331, 25.72507], [109.32986, 25.73866], [109.30751, 25.77688], [109.33085, 25.83171], [109.4267, 25.92906], [109.40104, 25.96724], [109.47802, 26.03277], [109.52422, 25.99904], [109.63622, 26.04894], [109.71799, 25.9874], [109.65707, 25.88364], [109.80672, 25.88089], [109.82241, 25.91992], [109.78725, 26.02051], [109.86449, 26.03416], [109.90281, 26.14835], [110.02406, 26.2884], [110.14004, 26.2594], [110.1102, 26.06785], [110.23595, 26.03184], [110.25712, 25.96454], [110.32086, 25.97873], [110.37231, 26.0975], [110.46655, 26.18173], [110.50304, 26.17998], [110.6078, 26.33723], [110.7062, 26.29525], [110.73692, 26.31728], [110.72756, 26.27266], [110.75655, 26.25242], [110.91705, 26.25848], [110.93452, 26.36972], [110.96558, 26.38758], [110.99251, 26.32365], [111.16112, 26.30673], [111.19777, 26.26898], [111.28178, 26.2548], [111.24844, 26.14928], [111.2669, 26.11696], [111.192, 25.96512], [111.24146, 25.86701], [111.28346, 25.85658], [111.32506, 25.90195], [111.48669, 25.86581], [111.41958, 25.83628], [111.43469, 25.77246], [111.29937, 25.71584], [111.33394, 25.60617], [111.29124, 25.44435], [111.09374, 25.28513], [111.09886, 25.21649], [110.98612, 25.15117], [110.94201, 25.04093], [110.98631, 24.93047], [111.09199, 24.94454], [111.09387, 25.03136], [111.26302, 25.1457], [111.33823, 25.09724], [111.38162, 25.13295], [111.43123, 25.10114], [111.41288, 25.04415], [111.46293, 25.02221], [111.42563, 24.97528], [111.46482, 24.93172], [111.44398, 24.8598], [111.47408, 24.80038], [111.43244, 24.67101], [111.55813, 24.63931], [111.58404, 24.69376], [111.63391, 24.68393], [111.63719, 24.73308], [111.70021, 24.78569], [111.95577, 24.77061], [112.01403, 24.7409]]]}}, {"type": "Feature", "properties": {"SYS_ID": "25045", "NAME_PY": "Shandong", "NAME_CH": "山东", "NAME_FT": "山東", "AREA": 152972.0, "X_COORD": 118.88338, "Y_COORD": 36.3613}, "geometry": {"type": "MultiPolygon", "coordinates": [[[[117.71942, 38.23503], [117.72477, 38.19135], [117.78198, 38.2276], [117.9039, 38.06408], [118.02738, 37.97897], [118.00209, 37.84126], [118.06373, 37.96039], [118.15641, 37.9444], [118.26847, 37.99181], [118.48756, 37.86941], [118.41288, 37.7253], [118.5323, 37.87344], [118.60067, 37.86192], [118.70358, 37.78333], [118.85115, 37.54981], [118.85682, 37.45886], [118.81863, 37.40068], [118.84801, 37.3461], [118.77965, 37.3279], [118.91759, 37.33818], [118.9237, 37.30803], [118.86906, 37.27238], [118.81219, 37.27786], [118.93871, 37.25233], [119.0129, 37.25857], [119.03947, 37.21345], [118.9884, 37.19275], [119.07967, 37.20525], [119.17526, 37.15364], [119.18357, 37.11915], [119.29942, 37.13023], [119.32778, 37.08322], [119.49262, 37.13455], [119.56175, 37.09446], [119.73255, 37.10794], [119.90586, 37.26528], [119.91136, 37.3037], [119.84624, 37.3607], [120.14771, 37.47792], [120.30395, 37.59359], [120.3177, 37.66358], [120.21877, 37.68492], [120.36468, 37.69462], [120.74041, 37.83316], [120.93202, 37.82122], [120.93718, 37.77255], [121.01755, 37.70604], [121.13827, 37.71126], [121.1344, 37.61433], [121.19585, 37.57936], [121.29057, 37.57797], [121.28492, 37.54489], [121.36388, 37.59878], [121.3404, 37.63178], [121.38193, 37.62429], [121.42751, 37.5951], [121.37486, 37.59852], [121.37328, 37.55247], [121.55573, 37.42763], [121.68159, 37.44017], [121.66581, 37.46099], [121.76736, 37.41925], [121.76083, 37.45213], [121.93993, 37.47248], [121.93169, 37.42498], [121.99087, 37.43307], [121.96157, 37.48513], [122.0001, 37.47554], [122.03833, 37.51082], [122.0124, 37.524], [122.07159, 37.53595], [122.06213, 37.56308], [122.09579, 37.53715], [122.11711, 37.56404], [122.15807, 37.53902], [122.12259, 37.50748], [122.15696, 37.42386], [122.23878, 37.45681], [122.32438, 37.39985], [122.37743, 37.41447], [122.40079, 37.3918], [122.47689, 37.42773], [122.44798, 37.39406], [122.47614, 37.37622], [122.52707, 37.37779], [122.49216, 37.40565], [122.63592, 37.42441], [122.6999, 37.39257], [122.56075, 37.35425], [122.5927, 37.32932], [122.57421, 37.31224], [122.54348, 37.33168], [122.55821, 37.2574], [122.62012, 37.19744], [122.55518, 37.17841], [122.57072, 37.15083], [122.49431, 37.15731], [122.45746, 37.10319], [122.4724, 37.14384], [122.45059, 37.14342], [122.46078, 37.07026], [122.38026, 37.02947], [122.41295, 37.02726], [122.39105, 36.98947], [122.453, 37.03174], [122.51468, 37.00273], [122.52237, 37.02844], [122.55081, 37.04492], [122.57095, 37.03913], [122.53735, 37.02215], [122.51915, 36.94463], [122.41679, 36.91856], [122.4231, 36.93739], [122.39016, 36.94006], [122.43453, 36.87775], [122.34145, 36.86955], [122.37117, 36.85107], [122.34399, 36.83364], [122.18168, 36.8507], [122.18792, 36.90297], [122.2768, 36.90736], [122.14343, 36.94389], [122.21906, 37.04042], [122.18248, 37.05147], [122.19054, 37.01653], [122.14219, 37.01301], [122.13723, 36.95435], [122.10218, 36.97706], [122.09093, 36.91993], [122.03471, 36.89795], [122.03986, 36.95753], [121.97006, 37.02086], [121.98406, 36.98521], [121.94334, 36.98835], [121.94347, 37.02383], [121.89614, 36.95864], [121.94579, 36.93893], [121.85833, 36.93094], [121.72279, 36.83252], [121.63358, 36.81122], [121.63238, 36.83684], [121.63209, 36.7329], [121.59996, 36.77359], [121.52093, 36.74939], [121.47844, 36.77426], [121.61286, 36.85141], [121.56671, 36.85661], [121.49406, 36.80456], [121.49986, 36.84404], [121.46997, 36.8291], [121.45203, 36.86862], [121.43574, 36.84773], [121.47252, 36.76619], [121.4004, 36.76171], [121.37661, 36.70404], [121.35258, 36.73657], [121.17281, 36.6791], [121.20119, 36.70255], [121.17259, 36.71412], [121.1346, 36.67901], [121.16803, 36.67694], [121.08766, 36.6215], [121.05199, 36.61389], [121.08599, 36.64688], [121.03455, 36.65954], [121.02416, 36.58491], [120.93324, 36.59462], [120.96217, 36.64104], [120.89812, 36.63802], [120.89773, 36.66618], [120.80775, 36.61422], [120.78343, 36.63266], [120.76635, 36.54525], [120.84577, 36.61074], [120.88581, 36.54914], [120.91446, 36.56901], [120.97627, 36.54312], [120.94278, 36.51492], [120.96416, 36.47967], [120.9399, 36.44846], [120.88986, 36.4565], [120.91175, 36.42357], [120.87944, 36.37156], [120.80855, 36.48785], [120.81519, 36.46861], [120.70213, 36.4506], [120.71737, 36.42182], [120.68681, 36.37208], [120.72804, 36.33209], [120.65765, 36.34642], [120.641, 36.32128], [120.65102, 36.27367], [120.67751, 36.27867], [120.70471, 36.13126], [120.59237, 36.10144], [120.53878, 36.11814], [120.54221, 36.09533], [120.36337, 36.04574], [120.29037, 36.05289], [120.37173, 36.17258], [120.327, 36.28677], [120.28736, 36.27124], [120.27615, 36.20132], [120.30489, 36.18541], [120.22041, 36.1922], [120.22212, 36.23781], [120.14015, 36.18027], [120.09496, 36.23345], [120.11401, 36.18157], [120.0767, 36.12918], [120.19068, 36.06793], [120.17097, 35.97922], [120.24185, 36.00985], [120.23777, 35.96887], [120.28652, 36.0166], [120.29412, 35.97102], [120.2438, 35.96653], [120.17012, 35.89497], [120.21117, 35.95223], [120.04307, 35.88663], [120.0114, 35.72656], [119.91283, 35.76331], [119.90954, 35.73658], [119.94569, 35.72916], [119.9054, 35.68201], [119.91322, 35.64037], [119.86892, 35.61529], [119.87047, 35.64555], [119.82614, 35.62391], [119.85075, 35.65794], [119.82718, 35.67555], [119.76382, 35.58996], [119.73578, 35.67025], [119.67593, 35.59778], [119.61819, 35.6102], [119.64365, 35.58244], [119.55772, 35.4063], [119.55198, 35.43435], [119.5596, 35.38784], [119.44557, 35.30498], [119.44098, 35.33825], [119.39764, 35.30563], [119.43914, 35.30525], [119.39047, 35.26802], [119.34701, 35.09478], [119.23299, 35.12481], [119.14003, 35.10306], [119.10706, 35.05822], [118.91395, 35.06505], [118.85606, 35.03405], [118.85543, 34.94485], [118.75948, 34.84832], [118.76894, 34.79704], [118.71599, 34.7643], [118.76803, 34.72916], [118.46406, 34.56628], [118.37508, 34.42525], [118.20548, 34.42013], [118.12834, 34.49256], [118.16794, 34.55068], [118.07488, 34.55962], [118.10828, 34.61424], [118.09251, 34.65163], [117.94687, 34.67877], [117.80426, 34.65131], [117.7953, 34.52216], [117.46445, 34.40154], [117.47939, 34.48907], [117.3998, 34.57607], [117.14144, 34.67276], [117.12244, 34.72795], [117.17684, 34.83223], [117.07122, 34.88537], [116.97064, 34.83851], [116.79344, 34.86664], [116.69778, 34.94102], [116.44276, 34.90063], [116.40852, 34.85988], [116.39751, 34.75707], [116.36011, 34.74359], [116.3873, 34.70702], [116.36861, 34.64087], [116.27565, 34.60849], [116.24081, 34.56287], [116.1452, 34.56547], [115.99776, 34.62496], [115.74865, 34.54973], [115.50815, 34.5883], [115.43882, 34.67537], [115.42497, 34.79631], [115.29288, 34.86913], [115.24621, 34.85129], [115.24947, 34.91028], [115.19188, 34.92186], [115.21455, 34.95608], [115.15821, 34.9547], [115.1307, 35.00093], [115.19644, 35.05718], [115.33551, 35.04924], [115.38397, 35.11387], [115.43535, 35.11269], [115.41648, 35.18497], [115.26303, 35.18688], [115.24199, 35.35787], [115.34522, 35.49235], [115.32114, 35.57885], [115.37341, 35.57967], [115.42436, 35.64317], [115.35716, 35.65655], [115.37462, 35.69445], [115.34427, 35.72059], [115.32916, 35.84488], [115.36037, 35.90603], [115.3485, 35.96639], [115.44746, 36.01919], [115.48083, 36.12943], [115.46442, 36.25782], [115.41598, 36.32359], [115.35517, 36.31052], [115.33995, 36.38991], [115.29388, 36.41213], [115.30178, 36.46502], [115.22223, 36.45247], [115.11302, 36.49296], [115.17309, 36.53822], [115.2141, 36.6321], [115.16664, 36.69675], [115.12108, 36.70065], [115.1164, 36.75443], [115.07431, 36.78214], [115.06769, 36.87741], [115.12567, 36.88867], [115.18013, 36.81218], [115.31432, 36.75873], [115.30515, 36.84567], [115.37187, 36.89104], [115.55811, 36.93977], [115.7626, 36.92496], [115.77536, 36.99245], [115.8496, 37.05636], [115.76406, 37.14098], [115.77551, 37.31781], [115.95567, 37.32185], [116.15883, 37.37847], [116.2393, 37.35998], [116.28, 37.39931], [116.22657, 37.42531], [116.22568, 37.47226], [116.29557, 37.48945], [116.28316, 37.54535], [116.37077, 37.6188], [116.38263, 37.68411], [116.41452, 37.64163], [116.37474, 37.52276], [116.45107, 37.46463], [116.69201, 37.58251], [116.76376, 37.54548], [116.81409, 37.56128], [116.82305, 37.6015], [116.88723, 37.61508], [116.91576, 37.57017], [116.99428, 37.60686], [117.00935, 37.66051], [116.94051, 37.83876], [117.31605, 37.85541], [117.34113, 37.8364], [117.29937, 37.75086], [117.36221, 37.69238], [117.35754, 37.64869], [117.47726, 37.65259], [117.53767, 37.70831], [117.51933, 37.76377], [117.60058, 37.83955], [117.52293, 37.93161], [117.56463, 37.95666], [117.53372, 38.01075], [117.56634, 38.05985], [117.53567, 38.15272], [117.58533, 38.171], [117.65656, 38.13561], [117.71321, 38.18386], [117.71942, 38.23503]]], [[[115.40924, 37.09998], [115.5288, 37.16481], [115.56839, 37.12434], [115.47915, 37.09218], [115.54358, 37.07461], [115.53477, 37.04873], [115.41908, 36.95474], [115.38069, 37.0042], [115.40924, 37.09998]]], [[[120.74921, 37.89068], [120.71706, 37.91482], [120.72394, 37.95597], [120.75662, 37.92742], [120.74921, 37.89068]]], [[[120.18478, 35.75667], [120.14922, 35.76419], [120.17612, 35.79096], [120.18478, 35.75667]]], [[[120.80243, 38.28728], [120.80898, 38.31559], [120.84396, 38.31591], [120.8401, 38.30163], [120.80243, 38.28728]]], [[[120.71454, 37.98986], [120.69363, 37.96693], [120.68026, 37.99043], [120.71454, 37.98986]]], [[[120.61865, 37.94704], [120.59305, 37.96359], [120.61016, 37.98622], [120.62259, 37.98011], [120.61865, 37.94704]]], [[[120.21941, 36.0383], [120.19798, 36.04318], [120.2327, 36.05837], [120.21941, 36.0383]]], [[[117.7232, 38.24505], [117.7243, 38.23714], [117.72003, 38.24385], [117.7232, 38.24505]]]]}}, {"type": "Feature", "properties": {"SYS_ID": "25046", "NAME_PY": "Jiangsu", "NAME_CH": "江苏", "NAME_FT": "江蘇", "AREA": 105441.0, "X_COORD": 119.49252, "Y_COORD": 32.88607}, "geometry": {"type": "GeometryCollection", "geometries": [{"type": "MultiPolygon", "coordinates": [[[[121.49578, 31.55738], [121.50225, 31.55809], [121.51744, 31.55403], [121.52471, 31.54265], [121.49578, 31.55738]]], [[[121.40383, 31.60235], [121.41113, 31.59176], [121.40373, 31.59066], [121.38123, 31.60552], [121.40383, 31.60235]]], [[[121.38123, 31.60608], [121.38123, 31.60552], [121.38076, 31.6053], [121.38123, 31.60608]]], [[[121.37992, 31.61506], [121.30184, 31.67346], [121.23215, 31.7906], [121.32692, 31.80654], [121.41407, 31.71529], [121.79236, 31.56992], [121.83005, 31.48756], [121.72651, 31.47172], [121.37992, 31.61506]]], [[[121.58636, 31.78249], [121.5617, 31.7699], [121.50686, 31.79952], [121.56525, 31.79948], [121.58636, 31.78249]]], [[[121.23215, 31.7906], [121.23237, 31.78942], [121.23147, 31.79177], [121.23215, 31.7906]]], [[[121.50689, 31.7996], [121.50686, 31.79952], [121.50599, 31.79856], [121.50689, 31.7996]]], [[[121.50692, 31.79972], [121.50833, 31.80126], [121.50689, 31.7996], [121.50692, 31.79972]]], [[[116.3873, 34.70702], [116.36011, 34.74359], [116.39751, 34.75707], [116.40852, 34.85988], [116.44276, 34.90063], [116.69778, 34.94102], [116.79344, 34.86664], [116.97064, 34.83851], [117.07122, 34.88537], [117.17684, 34.83223], [117.12244, 34.72795], [117.14144, 34.67276], [117.3998, 34.57607], [117.47939, 34.48907], [117.46445, 34.40154], [117.7953, 34.52216], [117.80426, 34.65131], [117.94687, 34.67877], [118.09251, 34.65163], [118.10828, 34.61424], [118.07488, 34.55962], [118.16794, 34.55068], [118.12834, 34.49256], [118.20548, 34.42013], [118.36755, 34.42258], [118.4425, 34.54306], [118.56024, 34.64004], [118.76803, 34.72916], [118.71599, 34.7643], [118.76894, 34.79704], [118.75948, 34.84832], [118.85543, 34.94485], [118.85606, 35.03405], [118.91395, 35.06505], [119.10706, 35.05822], [119.14003, 35.10306], [119.28577, 35.11491], [119.30523, 35.08893], [119.22223, 35.068], [119.16539, 34.85548], [119.21314, 34.79679], [119.19619, 34.74189], [119.22274, 34.77594], [119.29751, 34.74551], [119.34874, 34.77577], [119.45798, 34.74884], [119.48117, 34.71065], [119.44988, 34.68323], [119.54649, 34.60987], [119.7981, 34.5198], [119.81336, 34.48075], [119.90191, 34.49176], [120.3098, 34.4221], [120.3226, 34.38644], [120.26638, 34.30906], [120.28903, 34.26583], [120.46808, 34.30146], [120.41753, 34.14298], [120.38187, 33.8443], [120.39793, 33.64297], [120.49704, 33.29194], [120.74891, 32.90784], [120.78698, 32.66039], [120.92126, 32.56305], [121.31365, 32.41925], [121.31057, 32.35155], [121.1949, 32.20189], [121.21211, 32.14906], [121.30955, 32.10112], [121.6236, 32.07279], [121.72285, 32.01808], [121.80532, 31.92534], [121.77713, 31.8914], [121.57347, 31.86667], [121.53628, 31.80936], [121.25483, 31.87085], [121.20465, 31.83253], [120.97498, 31.80883], [120.97358, 31.75984], [121.16377, 31.67626], [121.30417, 31.51636], [121.72462, 31.2728], [121.85272, 31.04942], [121.85425, 30.88161], [121.59196, 30.86194], [121.2676, 30.70163], [121.22186, 30.78124], [121.11851, 30.78399], [121.11455, 30.85277], [120.98472, 30.82651], [121.01181, 30.89077], [120.98146, 30.89531], [120.995, 31.0015], [120.9549, 31.02617], [120.70153, 30.97293], [120.70521, 30.90073], [120.64603, 30.8536], [120.58148, 30.85905], [120.49754, 30.75868], [120.417, 30.92956], [120.4102, 30.89422], [120.35568, 30.88544], [120.36276, 30.96037], [120.05154, 31.06465], [119.98543, 31.16195], [119.99412, 31.22029], [119.91347, 31.17277], [119.77972, 31.18273], [119.59361, 31.13455], [119.38563, 31.18178], [119.35246, 31.302], [119.33859, 31.26449], [119.27569, 31.25399], [119.17512, 31.30499], [119.08472, 31.23582], [118.78364, 31.23244], [118.69762, 31.30477], [118.74204, 31.3671], [118.86659, 31.42913], [118.86337, 31.62089], [118.79547, 31.62666], [118.7692, 31.68577], [118.7214, 31.63675], [118.64945, 31.6484], [118.64218, 31.68001], [118.68674, 31.71233], [118.63162, 31.76567], [118.5247, 31.74607], [118.48103, 31.79593], [118.50168, 31.84671], [118.3641, 31.9372], [118.37948, 32.05992], [118.49332, 32.1254], [118.50153, 32.19623], [118.63293, 32.20993], [118.54588, 32.48396], [118.54584, 32.57194], [118.587, 32.6019], [118.6856, 32.58633], [118.71436, 32.61158], [118.7821, 32.58559], [118.81453, 32.60736], [118.82519, 32.5737], [118.92728, 32.56039], [118.9724, 32.50919], [119.03184, 32.51553], [119.07962, 32.4546], [119.1423, 32.49457], [119.17503, 32.60021], [119.20962, 32.57526], [119.22567, 32.60915], [119.1867, 32.67457], [119.20431, 32.72634], [119.178, 32.83283], [119.10098, 32.82755], [119.03835, 32.91215], [119.01213, 32.90731], [119.01232, 32.96146], [118.8857, 32.94516], [118.89582, 33.0003], [118.83328, 33.04797], [118.81414, 33.16129], [118.7712, 33.18108], [118.59376, 33.15558], [118.64756, 33.21682], [118.55871, 33.28112], [118.48576, 33.43048], [118.37911, 33.48098], [118.29728, 33.61446], [118.18937, 33.63468], [118.11163, 33.76447], [117.95922, 33.76451], [117.9313, 33.73094], [117.77859, 33.74944], [117.64179, 33.87384], [117.65589, 33.95494], [117.5937, 34.02298], [117.61443, 34.03741], [117.50464, 34.06342], [117.39594, 34.03859], [117.399, 33.93545], [117.34242, 33.88286], [117.24942, 33.95519], [117.03915, 33.98753], [116.99125, 33.93666], [116.85789, 34.00422], [116.60306, 34.02241], [116.52208, 34.11706], [116.56357, 34.17569], [116.53638, 34.22911], [116.57375, 34.27943], [116.49767, 34.29773], [116.358, 34.27371], [116.35796, 34.31799], [116.20812, 34.38343], [116.15423, 34.46658], [116.19449, 34.51616], [116.18591, 34.57947], [116.24081, 34.56287], [116.27565, 34.60849], [116.36861, 34.64087], [116.3873, 34.70702]]], [[[116.40961, 33.80473], [116.40769, 33.80372], [116.40768, 33.80372], [116.40961, 33.80473]]], [[[119.49648, 34.75798], [119.46161, 34.75328], [119.44939, 34.78023], [119.49648, 34.75798]]], [[[122.55516, 30.68276], [122.58285, 30.66353], [122.54185, 30.65631], [122.55516, 30.68276]]], [[[122.75639, 30.70617], [122.75066, 30.71493], [122.78813, 30.73425], [122.785, 30.69834], [122.75639, 30.70617]]], [[[122.42931, 30.69517], [122.41998, 30.74766], [122.47708, 30.71473], [122.53199, 30.72782], [122.52905, 30.70106], [122.42931, 30.69517]]], [[[122.8251, 30.73434], [122.82404, 30.71558], [122.79811, 30.72477], [122.8251, 30.73434]]], [[[121.72722, 31.37971], [121.74116, 31.35146], [121.72131, 31.3482], [121.67562, 31.38033], [121.72722, 31.37971]]], [[[121.62016, 31.74196], [121.63035, 31.74263], [121.74037, 31.73547], [121.74398, 31.72802], [121.7252, 31.70564], [121.62016, 31.74196]]], [[[121.80861, 31.75372], [121.82132, 31.73484], [121.80215, 31.7191], [121.80861, 31.75372]]], [[[121.596, 31.77498], [121.61831, 31.78408], [121.62549, 31.76334], [121.596, 31.77498]]], [[[121.8165, 31.79104], [121.74456, 31.77518], [121.62702, 31.81829], [121.78699, 31.83586], [121.8165, 31.79104]]], [[[121.59259, 31.84557], [121.62003, 31.85618], [121.63054, 31.8432], [121.59259, 31.84557]]]]}, {"type": "MultiLineString", "coordinates": [[[116.55886, 33.90904], [116.5564, 33.90763]], [[116.40961, 33.80473], [116.41312, 33.80375]], [[116.55886, 33.90904], [116.56187, 33.90976]], [[121.3817, 31.60685], [121.38123, 31.60608]]]}]}}, {"type": "Feature", "properties": {"SYS_ID": "25047", "NAME_PY": "Wanlichangsha", "NAME_CH": "万里长沙", "NAME_FT": "萬里長沙", "AREA": 412.376, "X_COORD": 111.59792, "Y_COORD": 16.23403}, "geometry": {"type": "MultiPolygon", "coordinates": [[[[111.2008, 15.79537], [111.2073, 15.79246], [111.1922, 15.78388], [111.2008, 15.79537]]], [[[111.69059, 16.21913], [111.68716, 16.20498], [111.64956, 16.1863], [111.67296, 16.21882], [111.69059, 16.21913]]], [[[111.56193, 16.18632], [111.6559, 16.20245], [111.55151, 16.16842], [111.553, 16.21219], [111.63951, 16.26728], [111.56193, 16.18632]]], [[[111.4888, 16.45502], [111.50995, 16.46192], [111.53964, 16.45672], [111.48348, 16.44291], [111.4888, 16.45502]], [[111.50372, 16.45749], [111.50303, 16.45268], [111.50858, 16.4551], [111.50372, 16.45749]]], [[[111.68959, 16.46432], [111.71327, 16.45738], [111.70723, 16.44421], [111.68434, 16.45411], [111.68959, 16.46432]], [[111.69271, 16.45367], [111.69658, 16.45697], [111.6918, 16.4583], [111.69271, 16.45367]], [[111.7049, 16.45642], [111.70973, 16.45374], [111.70741, 16.45739], [111.7049, 16.45642]]], [[[111.57681, 16.48983], [111.5993, 16.46831], [111.60381, 16.44712], [111.59985, 16.44146], [111.56998, 16.44897], [111.56455, 16.47157], [111.57681, 16.48983]], [[111.58974, 16.46737], [111.57546, 16.45895], [111.59013, 16.4536], [111.58974, 16.46737]], [[111.59664, 16.45332], [111.60016, 16.4532], [111.59763, 16.45575], [111.59664, 16.45332]]], [[[111.58366, 16.51353], [111.58478, 16.51035], [111.57843, 16.51154], [111.58366, 16.51353]]], [[[111.61882, 16.54726], [111.60767, 16.5296], [111.59051, 16.53335], [111.59367, 16.54343], [111.61882, 16.54726]], [[111.59826, 16.53815], [111.605, 16.53874], [111.60086, 16.54082], [111.59826, 16.53815]]], [[[111.68549, 16.56781], [111.68248, 16.56776], [111.6834, 16.56959], [111.68549, 16.56781]]], [[[111.67065, 16.57941], [111.66501, 16.56301], [111.65049, 16.57456], [111.67065, 16.57941]], [[111.66551, 16.57734], [111.6646, 16.57564], [111.6673, 16.57672], [111.66551, 16.57734]]], [[[111.72019, 16.56549], [111.6981, 16.56964], [111.68436, 16.59356], [111.70135, 16.59549], [111.72019, 16.56549]], [[111.70505, 16.57998], [111.70808, 16.58052], [111.70583, 16.58153], [111.70505, 16.57998]], [[111.69947, 16.58592], [111.70183, 16.5863], [111.70044, 16.58704], [111.69947, 16.58592]]], [[[111.45491, 17.07065], [111.47192, 17.07122], [111.4705, 17.06139], [111.45491, 17.07065]]], [[[111.47711, 17.07869], [111.53185, 17.10646], [111.44708, 17.09467], [111.51495, 17.12104], [111.55853, 17.10132], [111.48889, 17.06032], [111.47711, 17.07869]]], [[[112.61333, 16.06946], [112.53252, 16.00986], [112.4497, 16.0175], [112.45598, 16.04601], [112.47359, 16.05473], [112.59187, 16.07917], [112.61333, 16.06946]], [[112.45974, 16.02756], [112.52248, 16.01677], [112.60408, 16.06509], [112.4817, 16.04695], [112.45974, 16.02756]]], [[[111.82825, 16.06543], [111.78152, 16.03322], [111.74168, 16.04469], [111.759, 16.075], [111.82825, 16.06543]], [[111.75497, 16.05278], [111.76508, 16.0487], [111.76802, 16.0536], [111.75497, 16.05278]]], [[[111.77699, 16.20715], [111.76678, 16.25668], [111.65202, 16.26972], [111.7796, 16.27452], [111.80579, 16.21568], [111.73371, 16.19021], [111.69645, 16.2151], [111.77699, 16.20715]]], [[[112.07725, 16.34041], [112.06245, 16.32127], [111.96118, 16.32202], [111.98708, 16.37441], [112.07725, 16.34041]]], [[[111.75775, 16.5204], [111.73353, 16.55487], [111.74021, 16.5545], [111.76878, 16.53255], [111.77627, 16.51679], [111.73592, 16.45666], [111.73241, 16.46958], [111.75775, 16.5204]], [[111.74413, 16.5456], [111.7491, 16.54592], [111.7457, 16.54845], [111.74413, 16.5456]], [[111.737, 16.46959], [111.73975, 16.47021], [111.73737, 16.47073], [111.737, 16.46959]]], [[[111.71709, 16.54626], [111.71877, 16.54598], [111.71579, 16.54487], [111.71709, 16.54626]]], [[[111.71021, 16.54787], [111.7078, 16.54984], [111.70988, 16.55036], [111.71021, 16.54787]]], [[[112.64043, 16.57108], [112.63232, 16.56725], [112.63188, 16.57214], [112.64043, 16.57108]]], [[[112.71839, 16.6917], [112.72239, 16.69688], [112.73387, 16.69817], [112.74651, 16.68934], [112.7441, 16.67288], [112.73193, 16.67344], [112.72093, 16.68085], [112.71839, 16.6917]], [[112.72882, 16.67733], [112.73225, 16.69534], [112.72147, 16.69504], [112.72882, 16.67733]]], [[[112.32314, 16.84551], [112.34077, 16.85218], [112.35283, 16.84753], [112.34675, 16.82657], [112.32395, 16.82768], [112.32314, 16.84551]], [[112.32672, 16.83464], [112.34389, 16.83429], [112.32749, 16.84083], [112.32672, 16.83464]], [[112.34125, 16.84558], [112.34667, 16.84737], [112.343, 16.84873], [112.34125, 16.84558]]], [[[112.30003, 16.97193], [112.31107, 16.97107], [112.32734, 16.96263], [112.34932, 16.93593], [112.35147, 16.91867], [112.3378, 16.91741], [112.30003, 16.97193]], [[112.32927, 16.94871], [112.3338, 16.95263], [112.32944, 16.95353], [112.32927, 16.94871]], [[112.30367, 16.96837], [112.30917, 16.96681], [112.30648, 16.97088], [112.30367, 16.96837]], [[112.32108, 16.95712], [112.32467, 16.96015], [112.32052, 16.96091], [112.32108, 16.95712]], [[112.34108, 16.93024], [112.34592, 16.92795], [112.3446, 16.93153], [112.34108, 16.93024]], [[112.34104, 16.93488], [112.34377, 16.93894], [112.33987, 16.93787], [112.34104, 16.93488]], [[112.33543, 16.94265], [112.33978, 16.94175], [112.33702, 16.94505], [112.33543, 16.94265]]], [[[112.19697, 16.97088], [112.20564, 16.99062], [112.24635, 16.99818], [112.2886, 16.97162], [112.19697, 16.97088]], [[112.20104, 16.97963], [112.20733, 16.97773], [112.20547, 16.98282], [112.20104, 16.97963]], [[112.2674, 16.9817], [112.26995, 16.98275], [112.26711, 16.98401], [112.2674, 16.9817]]]]}}, {"type": "Feature", "properties": {"SYS_ID": "25048", "NAME_PY": "Qianlishitang", "NAME_CH": "千里石塘", "NAME_FT": "千里石塘", "AREA": 820.808, "X_COORD": 113.34569, "Y_COORD": 8.21353}, "geometry": {"type": "MultiPolygon", "coordinates": [[[[113.2353, 6.32], [113.2297, 6.32073], [113.2364, 6.32344], [113.2353, 6.32]]], [[[113.2446, 6.33487], [113.2508, 6.33989], [113.2501, 6.33622], [113.2446, 6.33487]]], [[[113.5958, 6.9345], [113.581, 6.93832], [113.60229, 6.95335], [113.6017, 6.93891], [113.5958, 6.9345]], [[113.5954, 6.94372], [113.5929, 6.94328], [113.5929, 6.94052], [113.5954, 6.94372]]], [[[113.8329, 7.39267], [113.8035, 7.37617], [113.7811, 7.37994], [113.8329, 7.39267]]], [[[113.8269, 7.39772], [113.8311, 7.39976], [113.8317, 7.39722], [113.8269, 7.39772]]], [[[113.7863, 7.39239], [113.8095, 7.40472], [113.8346, 7.40901], [113.7863, 7.39239]]], [[[113.8084, 7.62799], [113.7853, 7.62187], [113.7517, 7.62236], [113.8084, 7.62799]]], [[[113.7894, 7.63041], [113.7581, 7.62768], [113.8049, 7.63487], [113.7894, 7.63041]]], [[[113.7625, 7.63323], [113.7857, 7.64855], [113.8336, 7.6424], [113.8222, 7.62992], [113.8237, 7.64188], [113.7625, 7.63323]]], [[[113.7544, 7.63548], [113.7602, 7.63927], [113.7792, 7.64483], [113.7544, 7.63548]]], [[[112.90075, 7.85711], [112.90059454270788, 7.857744265751874], [112.90758864884148, 7.861107460328079], [112.90742, 7.85907], [112.90075, 7.85711]]], [[[112.8926, 7.8539], [112.8939, 7.8677], [112.9135, 7.86395], [112.90758864884148, 7.861107460328079], [112.90779, 7.86354], [112.90132, 7.86406], [112.9, 7.86017], [112.90059454270788, 7.857744265751874], [112.8926, 7.8539]]], [[[113.2828, 8.11181], [113.2196, 8.07018], [113.2228, 8.08621], [113.2488, 8.1125], [113.2828, 8.11181]], [[113.27023, 8.1111], [113.27438, 8.10992], [113.27392, 8.11153], [113.27023, 8.1111]], [[113.22601, 8.08108], [113.22986, 8.07869], [113.23154, 8.08058], [113.22601, 8.08108]]], [[[113.25189, 8.11466], [113.2599, 8.12268], [113.2728, 8.12228], [113.25189, 8.11466]]], [[[113.2616, 8.12794], [113.3448, 8.23269], [113.3495, 8.30566], [113.3681, 8.31207], [113.3813, 8.28249], [113.37, 8.2165], [113.2949, 8.119], [113.2846, 8.12098], [113.337, 8.19812], [113.2616, 8.12794]], [[113.36387, 8.3078], [113.35913, 8.30653], [113.35994, 8.30379], [113.36387, 8.3078]], [[113.37371, 8.29785], [113.36933, 8.29834], [113.36816, 8.29559], [113.37371, 8.29785]], [[113.3618, 8.24623], [113.36021, 8.24946], [113.35766, 8.24787], [113.3618, 8.24623]], [[113.34011, 8.1816], [113.33921, 8.18459], [113.33642, 8.18093], [113.34011, 8.1816]], [[113.33197, 8.17109], [113.33107, 8.17385], [113.32829, 8.17134], [113.33197, 8.17109]], [[113.2964, 8.12884], [113.2941, 8.12954], [113.29294, 8.12771], [113.2964, 8.12884]], [[113.30566, 8.13543], [113.30476, 8.13751], [113.30244, 8.1366], [113.30566, 8.13543]]], [[[111.9133, 8.62603], [111.90512, 8.63192], [111.90518, 8.63694], [111.9133, 8.62603]]], [[[111.92902, 8.64462], [111.9317, 8.63281], [111.92835, 8.62902], [111.92902, 8.64462]]], [[[111.91483, 8.64015], [111.92339, 8.63932], [111.92174, 8.63599], [111.91483, 8.64015]]], [[[111.91009, 8.6423], [111.9152, 8.64674], [111.92241, 8.64969], [111.91009, 8.6423]]], [[[111.6522, 8.66858], [111.6859, 8.67243], [111.6716, 8.64706], [111.63853, 8.64632], [111.6522, 8.66858]]], [[[112.5665, 8.81764], [112.5423, 8.82916], [112.53555, 8.85256], [112.594, 8.86097], [112.6314, 8.84056], [112.6386, 8.82234], [112.5665, 8.81764]], [[112.63384, 8.82869], [112.62994, 8.83469], [112.62877, 8.83125], [112.63384, 8.82869]], [[112.56387, 8.83019], [112.55972, 8.83044], [112.56155, 8.82675], [112.56387, 8.83019]], [[112.57587, 8.82737], [112.5731, 8.82785], [112.57148, 8.82671], [112.57587, 8.82737]], [[112.54592, 8.84246], [112.54817, 8.84561], [112.54293, 8.84523], [112.54592, 8.84246]]], [[[112.2302, 8.85636], [112.2364, 8.85469], [112.2164, 8.84111], [112.2302, 8.85636]]], [[[113.9029, 8.85747], [113.909, 8.87943], [113.93202, 8.87844], [113.9238, 8.84773], [113.9029, 8.85747]]], [[[112.1952, 8.88726], [112.2072, 8.89081], [112.1941, 8.85167], [112.1952, 8.88726]]], [[[112.2608, 8.88567], [112.2606, 8.86615], [112.24168, 8.87034], [112.2508, 8.88463], [112.2608, 8.88567]], [[112.25642, 8.86924], [112.25415, 8.87821], [112.25089, 8.87133], [112.25642, 8.86924]]], [[[112.2503, 8.90094], [112.2514, 8.89381], [112.238, 8.89348], [112.2503, 8.90094]]], [[[112.8669, 8.91728], [112.8776, 8.9013], [112.8373, 8.89605], [112.82056, 8.92079], [112.8669, 8.91728]], [[112.86179, 8.90812], [112.86756, 8.90855], [112.86137, 8.91075], [112.86179, 8.90812]], [[112.83826, 8.91446], [112.84405, 8.91603], [112.83804, 8.91607], [112.83826, 8.91446]]], [[[112.3733, 8.93228], [112.3583, 8.92807], [112.357, 8.93957], [112.3733, 8.93228]]], [[[113.7148, 9.02177], [113.7265, 9.00437], [113.6373, 8.97304], [113.7148, 9.02177]], [[113.71501, 9.00827], [113.71619, 9.01171], [113.70856, 9.01039], [113.71501, 9.00827]]], [[[112.8795, 9.54837], [112.8494, 9.53265], [112.8787, 9.56171], [112.8795, 9.54837]], [[112.86836, 9.54796], [112.87417, 9.55046], [112.86839, 9.55141], [112.86836, 9.54796]]], [[[112.8742, 9.57072], [112.8707, 9.57111], [112.87974, 9.57723], [112.8742, 9.57072]]], [[[112.8699, 9.57789], [112.87872, 9.57939], [112.86894, 9.57349], [112.8699, 9.57789]]], [[[112.8874, 9.59032], [112.9021, 9.57521], [112.8893, 9.57123], [112.8874, 9.59032]]], [[[112.9265, 9.62178], [112.92331, 9.62409], [112.93372, 9.62473], [112.9265, 9.62178]]], [[[112.93, 9.62839], [112.9342, 9.62605], [112.923, 9.62572], [112.93, 9.62839]]], [[[112.9424, 9.63789], [112.9412, 9.63446], [112.9322, 9.63204], [112.9424, 9.63789]]], [[[112.9534, 9.64327], [112.9643, 9.64452], [112.9616, 9.63513], [112.9534, 9.64327]]], [[[113.0207, 9.65324], [113.0164, 9.64548], [113.0116, 9.64692], [113.0207, 9.65324]]], [[[113.0066, 9.65985], [113.0058, 9.64929], [112.9966, 9.65216], [113.0066, 9.65985]]], [[[112.9881, 9.66398], [112.9734, 9.65268], [112.9698, 9.6603], [112.9881, 9.66398]]], [[[113.0317, 9.67975], [113.0374, 9.65947], [113.0245, 9.66054], [113.0317, 9.67975]]], [[[113.8764, 10.10449], [113.875, 10.00893], [113.8625, 9.97879], [113.854, 10.09425], [113.8764, 10.10449]]], [[[113.6187, 10.25457], [113.6197, 10.2456], [113.6071, 10.24554], [113.6187, 10.25457]]], [[[113.9199, 7.64084], [113.9541, 7.63208], [113.9463, 7.61869], [113.9199, 7.64084]]], [[[113.9506, 7.94478], [113.89731, 7.99808], [113.9409, 8.00001], [113.9602, 7.96369], [113.9506, 7.94478]], [[113.9302, 7.9859], [113.9209, 7.98528], [113.9248, 7.98158], [113.9302, 7.9859]]], [[[113.9026, 8.02162], [113.94067, 8.00292], [113.89578, 8.0], [113.9026, 8.02162]]], [[[114.11573, 8.09812], [114.12896, 8.12037], [114.13493, 8.11208], [114.11573, 8.09812]]], [[[114.22239, 8.70275], [114.19894, 8.7394], [114.20905, 8.7812], [114.25158, 8.72499], [114.21703, 8.7552], [114.22239, 8.70275]]], [[[114.00167, 8.8201], [114.00661, 8.80871], [114.0, 8.81239], [114.00167, 8.8201]]], [[[113.99139, 8.81816], [113.9928, 8.83002], [113.99593, 8.82527], [113.99139, 8.81816]]], [[[114.03899, 8.80374], [114.00426, 8.87332], [114.03106, 8.85317], [114.06435, 8.7869], [114.01374, 8.78933], [114.03899, 8.80374]]], [[[113.98675, 8.84403], [113.98355, 8.82848], [113.98096, 8.83374], [113.98675, 8.84403]]], [[[113.98017, 8.84902], [113.97521, 8.83886], [113.97263, 8.84459], [113.98017, 8.84902]]], [[[113.96959, 8.85214], [113.96316, 8.84137], [113.95889, 8.84951], [113.96959, 8.85214]]], [[[113.99815, 8.85127], [113.97829, 8.87724], [114.0, 8.87676], [113.99815, 8.85127]]], [[[114.28078, 9.70121], [114.28948, 9.6736], [114.26515, 9.67598], [114.28078, 9.70121]]], [[[114.24242, 9.7319], [114.255, 9.74358], [114.25748, 9.72841], [114.24242, 9.7319]]], [[[114.26852, 9.81939], [114.25529, 9.81805], [114.25162, 9.82634], [114.26852, 9.81939]]], [[[114.27606, 9.84832], [114.26608, 9.84514], [114.26308, 9.8525], [114.27606, 9.84832]]], [[[114.28518, 9.86714], [114.29556, 9.85493], [114.28188, 9.85566], [114.28518, 9.86714]]], [[[114.32751, 9.86657], [114.32501053977455, 9.867177976811595], [114.32324293011625, 9.87133496836983], [114.32733, 9.87276], [114.33087, 9.87117], [114.32751, 9.86657]]], [[[114.32714, 9.86217], [114.31622, 9.85738], [114.3063, 9.87236], [114.32117, 9.87621], [114.32324293011625, 9.87133496836983], [114.3232, 9.87132], [114.32418, 9.86738], [114.32501053977455, 9.867177976811595], [114.32714, 9.86217]]], [[[114.04704, 10.01816], [114.02986, 10.01499], [114.02755, 10.01775], [114.04704, 10.01816]]], [[[114.02618, 10.02557], [114.03386, 10.03015], [114.0473, 10.02758], [114.02618, 10.02557]]], [[[114.25324, 10.17156], [114.25832, 10.16396], [114.25553, 10.16259], [114.25324, 10.17156]]], [[[114.21579, 10.21052], [114.21833, 10.20637], [114.21809, 10.20614], [114.21579, 10.21052]]], [[[114.22348, 10.21785], [114.22533, 10.21531], [114.2253, 10.20819], [114.22348, 10.21785]]], [[[114.33215, 10.70863], [114.31817, 10.70018], [114.32124, 10.71327], [114.33215, 10.70863]]], [[[114.117, 10.88097], [114.10768, 10.87893], [114.10583, 10.88008], [114.117, 10.88097]]], [[[114.10691, 10.92328], [114.12661, 10.90186], [114.10843883735934, 10.887223228334502], [114.10585, 10.88675], [114.10833909147, 10.887142883568691], [114.09931, 10.87987], [114.09931, 10.87964], [114.07514, 10.88683], [114.10691, 10.92328]], [[114.0991, 10.88654], [114.10851, 10.91271], [114.09543, 10.89964], [114.0991, 10.88654]], [[114.11315, 10.91178], [114.11848, 10.9067], [114.11571, 10.9097], [114.11315, 10.91178]], [[114.11754, 10.90234], [114.11683, 10.89959], [114.11588, 10.89453], [114.11754, 10.90234]]], [[[114.10957, 10.88743], [114.11586, 10.88833], [114.10833909147, 10.887142883568691], [114.10843883735934, 10.887223228334502], [114.10957, 10.88743]]], [[[114.12334, 10.89704], [114.12401, 10.88968], [114.1226, 10.88509], [114.12334, 10.89704]]], [[[114.19318, 11.03035], [114.18548, 11.02325], [114.18295, 11.03107], [114.19318, 11.03035]]], [[[114.28049, 11.03536], [114.27793, 11.03583], [114.2789, 11.04456], [114.28049, 11.03536]]], [[[114.2859, 11.04844], [114.29379, 11.04428], [114.28889, 11.03924], [114.2859, 11.04844]]], [[[114.28181, 11.04352], [114.28433, 11.04513], [114.28625, 11.04262], [114.28181, 11.04352]]], [[[114.22141, 11.04612], [114.21488, 11.0443], [114.21163, 11.04477], [114.22141, 11.04612]]], [[[114.23236, 11.04815], [114.22792, 11.04518], [114.22443, 11.04542], [114.23236, 11.04815]]], [[[114.3234, 11.05475], [114.32357, 11.04004], [114.31171, 11.04399], [114.3234, 11.05475]]], [[[114.21584, 11.04912], [114.21607, 11.04935], [114.22119, 11.05002], [114.21584, 11.04912]]], [[[114.22609, 11.05185], [114.23005, 11.05252], [114.2347, 11.05067], [114.22609, 11.05185]]], [[[114.25846, 11.05588], [114.25637, 11.05658], [114.2536, 11.06417], [114.25846, 11.05588]]], [[[114.25943, 11.06507], [114.26268, 11.06299], [114.26312, 11.05839], [114.25943, 11.06507]]], [[[114.28681, 11.38115], [114.29084, 11.39745], [114.29805, 11.39375], [114.28681, 11.38115]]], [[[114.32428, 11.42376], [114.32175, 11.43365], [114.32796, 11.43951], [114.33362, 11.42924], [114.32428, 11.42376]], [[114.33046, 11.42972], [114.3289, 11.4327], [114.32645, 11.43177], [114.33046, 11.42972]]], [[[114.49436, 8.11568], [114.5216, 8.11902], [114.51397, 8.11537], [114.49436, 8.11568]]], [[[114.53062, 8.12266], [114.55927, 8.13334], [114.57567, 8.13625], [114.53062, 8.12266]]], [[[114.5136, 8.13375], [114.5055, 8.12873], [114.49648, 8.12532], [114.5136, 8.13375]]], [[[114.53116, 8.14011], [114.55035, 8.14762], [114.55494538565287, 8.147595115240147], [114.53116, 8.14011]]], [[[114.55566, 8.14782], [114.55589, 8.14759], [114.55494538565287, 8.147595115240147], [114.55566, 8.14782]]], [[[114.59585, 8.15685], [114.5762, 8.15096], [114.57321, 8.15166], [114.59585, 8.15685]]], [[[114.35519, 9.75474], [114.34586, 9.74144], [114.34033, 9.74882], [114.35519, 9.75474]]], [[[114.39563, 9.77505], [114.37988, 9.77741], [114.38872, 9.7845], [114.39563, 9.77505]]], [[[114.4612, 9.81572], [114.45998, 9.80032], [114.44814, 9.79945], [114.4612, 9.81572]]], [[[114.48352, 9.82621], [114.47836, 9.81519], [114.46819, 9.82167], [114.48352, 9.82621]]], [[[114.50726, 9.8445], [114.5065, 9.83117], [114.49374, 9.82961], [114.50726, 9.8445]]], [[[114.52201, 9.87386], [114.53703, 9.86277], [114.52611, 9.85776], [114.52201, 9.87386]]], [[[114.38495, 9.87622], [114.3814, 9.86106], [114.36777, 9.8726], [114.38495, 9.87622]]], [[[114.45528, 9.88883], [114.46403, 9.87317], [114.44199, 9.8721], [114.45528, 9.88883]]], [[[114.33879, 9.87592], [114.32819, 9.89021], [114.34138, 9.88419], [114.33879, 9.87592]]], [[[114.55042, 9.89489], [114.56236, 9.87163], [114.54288, 9.87355], [114.55042, 9.89489]], [[114.55595, 9.88167], [114.55262, 9.88431], [114.55011, 9.8806], [114.55595, 9.88167]]], [[[114.48984, 9.88709], [114.47589, 9.88071], [114.47506, 9.90209], [114.48984, 9.88709]]], [[[114.51505, 9.91986], [114.51449, 9.90078], [114.50568, 9.90128], [114.51505, 9.91986]]], [[[114.57152, 9.94077], [114.54897, 9.93144], [114.54624, 9.94272], [114.57152, 9.94077]]], [[[114.58759, 9.95404], [114.58361, 9.94739], [114.57412, 9.95111], [114.58759, 9.95404]]], [[[114.36147, 10.18108], [114.36147, 10.18062], [114.34894, 10.18342], [114.36147, 10.18108]]], [[[114.36631, 10.1867], [114.36095, 10.18471], [114.36275, 10.18917], [114.36631, 10.1867]]], [[[114.35386, 10.19282], [114.35362, 10.19282], [114.36268, 10.19394], [114.35386, 10.19282]]], [[[114.3691, 10.38675], [114.36278, 10.3739], [114.34698, 10.37534], [114.3554, 10.38818], [114.3691, 10.38675]], [[114.35999, 10.37868], [114.36044, 10.38231], [114.35424, 10.37981], [114.35999, 10.37868]]], [[[114.47575, 10.39118], [114.48198, 10.38197], [114.47427, 10.37349], [114.46759, 10.38501], [114.47575, 10.39118]], [[114.47151, 10.38206], [114.47709, 10.38413], [114.47486, 10.38628], [114.47151, 10.38206]]], [[[114.41138, 10.38568], [114.40534, 10.38662], [114.40234, 10.38985], [114.41138, 10.38568]]], [[[114.40445, 10.39467], [114.40863, 10.39534], [114.41628, 10.39164], [114.40445, 10.39467]]], [[[114.57944, 10.40869], [114.5723, 10.42021], [114.5846, 10.41787], [114.57944, 10.40869]]], [[[114.41307, 10.68085], [114.41353896224014, 10.68108773780229], [114.4164339804401, 10.677720063569682], [114.41589, 10.67757], [114.41307, 10.68085]]], [[[114.41064, 10.68446], [114.42133, 10.68442], [114.41897, 10.67477], [114.4164339804401, 10.677720063569682], [114.4185, 10.67829], [114.41933, 10.68063], [114.41711, 10.68211], [114.41451, 10.68158], [114.41353896224014, 10.68108773780229], [114.41064, 10.68446]]], [[[114.45296, 10.6866], [114.45319, 10.68614], [114.44623, 10.68823], [114.45296, 10.6866]]], [[[114.44881, 10.69397], [114.45323, 10.69395], [114.45602, 10.69233], [114.44881, 10.69397]]], [[[114.52545, 10.72262], [114.52545, 10.72239], [114.51893, 10.72081], [114.52545, 10.72262]]], [[[114.52641, 10.72814], [114.51688, 10.72909], [114.52177, 10.72976], [114.52641, 10.72814]]], [[[114.35622, 10.73429], [114.35527, 10.73108], [114.34618, 10.72559], [114.35622, 10.73429]]], [[[114.33992, 10.7309], [114.34134, 10.73549], [114.35113, 10.74051], [114.33992, 10.7309]]], [[[114.56372, 10.74867], [114.5593, 10.7496], [114.55676, 10.75352], [114.56372, 10.74867]]], [[[114.56097, 10.75764], [114.56469, 10.75671], [114.56654, 10.75417], [114.56097, 10.75764]]], [[[114.57223, 10.77575], [114.57223, 10.77529], [114.56804, 10.77577], [114.57223, 10.77575]]], [[[114.56575, 10.78221], [114.56598, 10.78221], [114.56993, 10.7815], [114.56575, 10.78221]]], [[[114.3756, 11.06789], [114.36303, 11.06863], [114.36936, 11.07918], [114.3756, 11.06789]]], [[[114.36288, 11.46015], [114.35515, 11.44938], [114.34092, 11.4469], [114.3461, 11.4586], [114.36288, 11.46015]], [[114.35303, 11.45382], [114.35149, 11.4553], [114.34911, 11.45503], [114.35303, 11.45382]]], [[[114.38274, 11.46973], [114.39088, 11.46419], [114.38618, 11.458], [114.38274, 11.46973]]], [[[114.81041, 8.11543], [114.77583, 8.11858], [114.78924, 8.16539], [114.80871, 8.13979], [114.81041, 8.11543]]], [[[114.61612, 8.15033], [114.58698, 8.13621], [114.5872, 8.13644], [114.61612, 8.15033]]], [[[114.72598, 8.20107], [114.72644, 8.20061], [114.69851, 8.19867], [114.72598, 8.20107]]], [[[114.72556, 8.20681], [114.72532, 8.20682], [114.69217, 8.22075], [114.71432, 8.22019], [114.72556, 8.20681]]], [[[115.23464, 8.3433], [115.15025, 8.38006], [115.18739, 8.38655], [115.28051, 8.3653], [115.2832, 8.35471], [115.23464, 8.3433]], [[115.27261, 8.35845], [115.20337, 8.36118], [115.25777, 8.34982], [115.27261, 8.35845]], [[115.19691, 8.36168], [115.18517, 8.36589], [115.18999, 8.36379], [115.19691, 8.36168]]], [[[114.66401, 8.87692], [114.65488, 8.85421], [114.60498, 8.83371], [114.63142, 8.8796], [114.66401, 8.87692]], [[114.64634, 8.85885], [114.65427, 8.87168], [114.6198, 8.85409], [114.64634, 8.85885]]], [[[115.45336, 9.34868], [115.42039, 9.36821], [115.42431, 9.40994], [115.44464, 9.38919], [115.45336, 9.34868]], [[115.42788, 9.37804], [115.44278, 9.35841], [115.44515, 9.36506], [115.42788, 9.37804]]], [[[115.5261, 9.8497], [115.52006, 9.84767], [115.50455, 9.85123], [115.5261, 9.8497]]], [[[115.51991, 9.85802], [115.51782, 9.85849], [115.51782, 9.85872], [115.51991, 9.85802]]], [[[115.49763, 9.85611], [115.49763, 9.85588], [115.48889, 9.86605], [115.49763, 9.85611]]], [[[115.50169, 9.87194], [115.50972, 9.86016], [115.51085, 9.85624], [115.50169, 9.87194]]], [[[115.48969249287757, 9.87757558932294], [115.48968, 9.87731], [115.48968, 9.87754], [115.48969249287757, 9.87757558932294]]], [[[114.58587, 9.88831], [114.59673, 9.87999], [114.58577, 9.86923], [114.58587, 9.88831]]], [[[115.50294, 9.88227], [115.50391, 9.88801], [115.50288, 9.87607], [115.50294, 9.88227]]], [[[115.48995, 9.88305], [115.49162, 9.8881], [115.49821, 9.90184], [115.48969249287757, 9.87757558932294], [115.48995, 9.88305]]], [[[115.52486, 9.89729], [115.51463, 9.89437], [115.50673, 9.89259], [115.52486, 9.89729]]], [[[115.51076, 9.90382], [115.50566, 9.90432], [115.50566, 9.90455], [115.51076, 9.90382]]], [[[115.53072, 9.90506], [115.53769, 9.90639], [115.55366, 9.90214], [115.53072, 9.90506]]], [[[114.62767, 9.94306], [114.64812, 9.9501], [114.63107, 9.92719], [114.62767, 9.94306]]], [[[114.61455, 9.96289], [114.60897, 9.96038], [114.60549, 9.96109], [114.61455, 9.96289]]], [[[114.6336, 9.96786], [114.63406, 9.96717], [114.63033, 9.96535], [114.6336, 9.96786]]], [[[114.59646, 9.96365], [114.60463, 9.97442], [114.63667, 9.9798], [114.60155, 9.96202], [114.59646, 9.96365]]], [[[114.65553, 9.99052], [114.6599, 9.98475], [114.65163, 9.95698], [114.64156, 9.98185], [114.65553, 9.99052]]], [[[115.31877, 10.16805], [115.30132, 10.16242], [115.28825, 10.18525], [115.31877, 10.16828], [115.31877, 10.16805]]], [[[115.31301, 10.17429], [115.31277, 10.1743], [115.31582, 10.17726], [115.31301, 10.17429]]], [[[115.30745, 10.17571], [115.30009, 10.18495], [115.30492, 10.18009], [115.30745, 10.17571]]], [[[115.31178, 10.19637], [115.33656, 10.1877], [115.32343, 10.17124], [115.31178, 10.19637]]], [[[115.30915, 10.18558], [115.30639, 10.18905], [115.3133, 10.18279], [115.3133, 10.18234], [115.30915, 10.18558]]], [[[115.28877, 10.19352], [115.2916, 10.19902], [115.30415, 10.20009], [115.28877, 10.19352]]], [[[115.36648, 10.24681], [115.3793, 10.25339], [115.38549, 10.24232], [115.36648, 10.24681]]], [[[114.70723, 10.32654], [114.70747, 10.32608], [114.7009, 10.31462], [114.70723, 10.32654]]], [[[114.70776, 10.33849], [114.70982, 10.33274], [114.71027, 10.3309], [114.70776, 10.33849]]], [[[114.69525, 10.3443], [114.70036, 10.34312], [114.69935, 10.32934], [114.69525, 10.3443]]], [[[114.70993, 10.35273], [114.71131, 10.3502], [114.70964, 10.34262], [114.70993, 10.35273]]], [[[114.71369, 10.3603], [114.72069, 10.36624], [114.71275, 10.35778], [114.71369, 10.3603]]], [[[114.72514, 10.37197], [114.69621, 10.35073], [114.72543, 10.38323], [114.72514, 10.37197]]], [[[114.89041, 10.85678], [114.89062, 10.85287], [114.88338, 10.84808], [114.89041, 10.85678]]], [[[114.88015, 10.85292], [114.87786, 10.85891], [114.88345, 10.86095], [114.88015, 10.85292]]], [[[114.91929, 10.86169], [114.93093, 10.86415], [114.93093, 10.86369], [114.91929, 10.86169]]], [[[114.93847, 10.87905], [114.93916, 10.87698], [114.93585, 10.86987], [114.93847, 10.87905]]], [[[114.92219, 10.87937], [114.94355, 10.91051], [114.94607, 10.90314], [114.92219, 10.87937]]], [[[115.01547, 11.05995], [115.01025, 11.07997], [115.03006, 11.08423], [115.02454, 11.05783], [115.01547, 11.05995]], [[115.0275, 11.07955], [115.0196, 11.07943], [115.0218, 11.07442], [115.0275, 11.07955]]], [[[115.03725, 11.08143], [115.03726, 11.08166], [115.03883, 11.07292], [115.03725, 11.08143]]], [[[114.7925, 11.14681], [114.81367, 11.14303], [114.81339, 11.13522], [114.7925, 11.14681]]], [[[116.27898, 8.88051], [116.27268, 8.87506], [116.26678, 8.88568], [116.27898, 8.88051]]], [[[116.265, 8.89236], [116.26672, 8.90292], [116.26621, 8.89833], [116.265, 8.89236]]], [[[116.3006, 8.91364], [116.29553, 8.89323], [116.27592, 8.89824], [116.3006, 8.91364]]], [[[116.28746, 8.9179], [116.28048, 8.91428], [116.26933, 8.9091], [116.28746, 8.9179]]], [[[116.70747, 9.04103], [116.69109, 9.04534], [116.69473, 9.05932], [116.70747, 9.04103]]], [[[116.70859, 9.05734], [116.71201, 9.05386], [116.71362, 9.052], [116.70859, 9.05734]]], [[[116.44804, 9.16297], [116.45609, 9.17921], [116.46883, 9.18069], [116.47514, 9.16454], [116.44804, 9.16297]], [[116.46266, 9.16696], [116.4694, 9.16896], [116.46944, 9.17241], [116.46266, 9.16696]]], [[[115.92483, 9.3233], [115.93087, 9.32554], [115.93114444132695, 9.325622627496289], [115.92483, 9.3233]]], [[[115.95621, 9.3366], [115.96582, 9.32387], [115.9574, 9.31452], [115.92038, 9.31759], [115.91948, 9.32058], [115.91971, 9.32058], [115.93131860086349, 9.325675062625569], [115.93459, 9.32666], [115.93459, 9.32689], [115.93148216609661, 9.32574685207857], [115.95621, 9.3366]], [[115.95475, 9.32856], [115.94473, 9.32083], [115.95795, 9.32371], [115.95475, 9.32856]], [[115.93034, 9.3175], [115.93359, 9.31932], [115.93011, 9.31751], [115.93034, 9.3175]], [[115.9383, 9.32801], [115.94201, 9.32798], [115.9492, 9.32976], [115.9383, 9.32801]]], [[[115.93114444132695, 9.325622627496289], [115.93148216609661, 9.32574685207857], [115.93131860086349, 9.325675062625569], [115.93114444132695, 9.325622627496289]]], [[[115.92095, 9.32999], [115.92863, 9.33315], [115.91882, 9.32426], [115.92095, 9.32999]]], [[[115.9479, 9.33873], [115.94997, 9.33711], [115.93465, 9.3331], [115.9479, 9.33873]]], [[[116.92999, 9.45393], [116.93832, 9.43545], [116.91161, 9.42862], [116.92999, 9.45393]]], [[[116.16433, 9.58901], [116.16325, 9.59752], [116.17551, 9.59396], [116.16433, 9.58901]]], [[[115.90366, 9.79787], [115.88776, 9.73158], [115.8739615189148, 9.72797489646208], [115.87479, 9.73214], [115.87599, 9.73742], [115.87649, 9.74132], [115.87909, 9.74728], [115.8801, 9.75669], [115.88554, 9.76883], [115.88074, 9.77531], [115.864, 9.77061], [115.86263, 9.74741], [115.86276, 9.73569], [115.86288238373739, 9.72508027138135], [115.84849, 9.72132], [115.85809, 9.78353], [115.90366, 9.79787]]], [[[115.87333, 9.7248], [115.87346691105498, 9.721982514605516], [115.8626481913735, 9.719462923156518], [115.86289, 9.72442], [115.86288238373739, 9.72508027138135], [115.8739615189148, 9.72797489646208], [115.87333, 9.7248]]], [[[115.88608, 9.72492], [115.87395, 9.66526], [115.8614, 9.66237], [115.84984, 9.71648], [115.8626481913735, 9.719462923156518], [115.86261, 9.71868], [115.86237, 9.71868], [115.86961, 9.69863], [115.87377, 9.69652], [115.87501, 9.70594], [115.87352, 9.72089], [115.87346691105498, 9.721982514605516], [115.88608, 9.72492]]], [[[116.59776, 9.72023], [116.59294, 9.72418], [116.59207, 9.72925], [116.59776, 9.72023]]], [[[116.60252, 9.73029], [116.60408, 9.72499], [116.59908, 9.73469], [116.60252, 9.73029]]], [[[116.55766, 9.74086], [116.55186, 9.74115], [116.55362, 9.75355], [116.55766, 9.74086]]], [[[116.52559, 9.75544], [116.53596, 9.75005], [116.52786, 9.75128], [116.52559, 9.75544]]], [[[116.53469, 9.76063], [116.53835, 9.75646], [116.53007, 9.76206], [116.53469, 9.76063]]], [[[116.42935, 9.77616], [116.42256, 9.76979], [116.41472, 9.79561], [116.42935, 9.77616]]], [[[116.47247, 9.79619], [116.46173, 9.81101], [116.46873, 9.81576], [116.47247, 9.79619]]], [[[115.56164, 9.85611], [115.5621, 9.85542], [115.53977, 9.84777], [115.56164, 9.85611]]], [[[115.53939, 9.85811], [115.53684, 9.85882], [115.55402, 9.86146], [115.53939, 9.85811]]], [[[115.56607, 9.85976], [115.57135, 9.88156], [115.57053, 9.8657], [115.56607, 9.85976]]], [[[115.56066, 9.87888], [115.55684, 9.86511], [115.55661, 9.86557], [115.56066, 9.87888]]], [[[115.54198, 9.89303], [115.54615, 9.89185], [115.54777, 9.89092], [115.54198, 9.89303]]], [[[115.57211, 9.88822], [115.56086268278725, 9.898644109314635], [115.56197, 9.89794], [115.56614, 9.89654], [115.56937, 9.89398], [115.57211, 9.88822]]], [[[115.56013, 9.89911], [115.56036, 9.89911], [115.56086268278725, 9.898644109314635], [115.56013, 9.89911]]], [[[116.1176, 10.1213], [116.11243, 10.13812], [116.12936, 10.13705], [116.1176, 10.1213]]], [[[115.76711, 10.47057], [115.78688, 10.47202], [115.77463, 10.45281], [115.76711, 10.47057]]], [[[115.73009, 10.46189], [115.72671, 10.47364], [115.73919, 10.4655], [115.73009, 10.46189]]], [[[115.7168, 10.51094], [115.70446, 10.4807], [115.69808, 10.49569], [115.7168, 10.51094]]], [[[115.71723, 10.53369], [115.738, 10.54296], [115.73415, 10.52828], [115.71723, 10.53369]]], [[[115.79528, 10.52873], [115.78948, 10.53084], [115.77895, 10.54816], [115.80188, 10.53925], [115.79528, 10.52873]]], [[[115.82045, 10.72089], [115.8027, 10.71276], [115.78996, 10.73545], [115.80811, 10.74535], [115.82045, 10.72089]], [[115.80918, 10.73083], [115.8048, 10.73637], [115.80009, 10.73388], [115.80918, 10.73083]]], [[[115.8447, 10.80596], [115.81432, 10.81746], [115.81476, 10.84021], [115.8368, 10.83291], [115.8447, 10.80596]], [[115.83147, 10.82775], [115.82264, 10.82785], [115.8231, 10.82411], [115.83147, 10.82775]]], [[[115.86137, 10.84972], [115.86356, 10.83362], [115.84037, 10.84231], [115.86137, 10.84972]]]]}}, {"type": "Feature", "properties": {"SYS_ID": "25049", "NAME_PY": "Zengmu'ansha", "NAME_CH": "曾母暗沙", "NAME_FT": "曾母暗沙", "AREA": 11.6805, "X_COORD": 112.27887, "Y_COORD": 3.97088}, "geometry": {"type": "MultiPolygon", "coordinates": [[[[112.27042, 3.98179], [112.28717, 3.96106], [112.27728, 3.95827], [112.27042, 3.98179]]], [[[112.0508, 3.87016], [112.05588, 3.85475], [112.04348, 3.85789], [112.0508, 3.87016]]], [[[112.28072, 3.89077], [112.27892, 3.87515], [112.27113, 3.88026], [112.28072, 3.89077]]], [[[112.63883, 5.38311], [112.65016, 5.37589], [112.64266, 5.36959], [112.63883, 5.38311]]]]}}, {"type": "Feature", "properties": {"SYS_ID": "25050", "NAME_PY": "Dongsha", "NAME_CH": "东沙", "NAME_FT": "東沙", "AREA": 69.6332, "X_COORD": 116.90872, "Y_COORD": 20.67474}, "geometry": {"type": "MultiPolygon", "coordinates": [[[[116.76559, 20.58689], [116.74654, 20.61285], [116.8391, 20.60871], [116.8896, 20.65345], [116.89701, 20.76499], [116.92033, 20.69719], [116.89928, 20.63235], [116.84349, 20.59299], [116.76559, 20.58689]]], [[[116.73142, 20.70485], [116.7136, 20.70093], [116.71725, 20.7115], [116.73142, 20.70485]]], [[[116.71764, 20.73333], [116.7107, 20.72238], [116.7075, 20.72696], [116.71764, 20.73333]]], [[[116.69906, 20.70776], [116.72249, 20.69621], [116.70092, 20.69975], [116.69906, 20.70776]]], [[[116.79984, 20.72801], [116.80038, 20.71794], [116.79531, 20.7222], [116.79984, 20.72801]]], [[[116.79871, 20.71008], [116.80705, 20.70769], [116.80271, 20.7044], [116.79871, 20.71008]]], [[[116.79649, 20.77825], [116.85765, 20.77578], [116.86427, 20.77438], [116.79649, 20.77825]]], [[[116.70312, 20.71288], [116.70805, 20.71021], [116.70782, 20.70997], [116.70312, 20.71288]]], [[[116.77444, 20.71382], [116.76854, 20.71625], [116.76759, 20.72035], [116.77444, 20.71382]]], [[[116.77011, 20.72363], [116.776, 20.72234], [116.779, 20.71895], [116.77011, 20.72363]]], [[[116.86427, 20.77438], [116.86575, 20.7743], [116.86575, 20.77407], [116.86427, 20.77438]]]]}}, {"type": "Feature", "properties": {"SYS_ID": "25051", "NAME_PY": "Zhongsha", "NAME_CH": "中沙", "NAME_FT": "中沙", "AREA": 48.3204, "X_COORD": 117.79446, "Y_COORD": 15.1731}, "geometry": {"type": "Polygon", "coordinates": [[[117.8376, 15.12713], [117.7277, 15.22031], [117.7201, 15.13116], [117.753, 15.12055], [117.7144, 15.11246], [117.7147, 15.23047], [117.83647, 15.16344], [117.8376, 15.12713]]]}}]}