{"type": "FeatureCollection", "features": [{"type": "Feature", "properties": {"SYS_ID": "1788", "NAME_PY": "Xizang", "NAME_CH": "西藏", "NAME_FT": "西藏", "X_COORD": 86.82618, "Y_COORD": 31.41201}, "geometry": {"type": "Polygon", "coordinates": [[[98.59656, 28.68745], [98.62163, 28.50517], [98.68175, 28.47415], [98.7531, 28.33836], [98.71342, 28.3057], [98.70772, 28.23095], [98.62427, 28.16295], [98.54943, 28.18171], [98.39997, 28.10895], [98.37373, 28.25519], [98.29145, 28.39694], [98.20338, 28.35533], [98.26613, 28.24567], [98.17092, 28.21312], [98.17528, 28.17136], [98.13738, 28.14765], [98.07434, 28.20641], [98.02965, 28.1906], [98.01663, 28.26322], [97.94312, 28.27977], [97.9086, 28.34569], [97.79952, 28.31825], [97.74943, 28.37677], [97.72611, 28.47633], [97.66061, 28.53792], [97.59938, 28.51788], [97.57631, 28.54712], [97.50679, 28.48778], [97.52034, 28.43627], [97.48541, 28.38851], [97.51001, 28.33111], [97.47127, 28.31271], [97.47774, 28.28445], [97.41524, 28.29823], [97.40894, 28.25162], [97.34467, 28.2377], [97.34378, 28.11746], [97.30481, 28.07276], [97.37685, 28.06592], [97.41085, 28.01823], [97.37719, 27.96858], [97.38564, 27.88384], [97.27477, 27.90482], [97.1035, 27.77864], [97.09651, 27.74448], [97.05775, 27.74451], [97.04381, 27.82283], [96.99978, 27.81198], [96.96873, 27.86186], [96.67444, 27.95797], [96.61953, 28.0318], [96.5132, 28.07206], [96.42992, 28.16657], [96.37437, 28.11753], [96.30467, 28.1448], [96.26443, 28.24235], [95.99994, 28.18968], [95.90695, 28.24071], [95.86936, 28.29813], [95.8111, 28.2974], [95.39498, 28.13609], [95.2739, 27.93256], [95.00174, 27.82287], [94.89197, 27.74675], [94.52282, 27.59647], [94.29627, 27.58427], [93.86095, 27.18839], [93.81929, 27.02974], [93.57546, 26.93907], [93.12885, 26.87678], [93.01264, 26.88854], [92.82786, 26.85985], [92.59528, 26.77512], [92.24295, 26.76335], [92.07428, 26.72552], [92.02764, 26.78579], [92.10429, 26.87597], [92.12252, 26.95229], [92.0315, 27.06468], [92.02285, 27.12071], [92.07248, 27.25714], [92.12474, 27.27659], [92.05296, 27.40972], [92.00671, 27.47691], [91.82543, 27.49027], [91.74181, 27.46432], [91.58379, 27.54401], [91.56257, 27.64309], [91.62538, 27.70515], [91.64276, 27.77049], [91.61199, 27.8222], [91.54029, 27.82763], [91.61816, 27.87849], [91.48851, 27.94049], [91.46375, 28.00615], [91.3429, 28.06648], [91.25034, 27.97391], [91.16176, 27.97073], [91.14875, 27.89156], [91.11025, 27.85065], [91.06103, 27.85327], [90.96363, 27.90415], [90.9637, 27.95383], [90.88739, 27.95327], [90.79933, 28.04692], [90.69963, 28.08127], [90.59067, 28.0272], [90.51363, 28.06518], [90.37758, 28.06505], [90.2949, 28.15686], [90.22228, 28.14808], [90.12834, 28.19341], [90.10479, 28.14427], [90.04131, 28.13763], [89.97633, 28.19379], [89.89687, 28.18946], [89.79031, 28.25068], [89.77016, 28.19782], [89.60187, 28.16758], [89.50216, 28.08896], [89.38248, 27.89205], [89.23448, 27.79829], [89.22431, 27.72828], [89.12295, 27.6346], [89.15938, 27.57477], [89.09382, 27.50366], [89.17493, 27.37929], [89.14793, 27.31995], [89.06907, 27.28691], [89.06582, 27.24331], [88.98841, 27.21412], [88.90771, 27.27941], [88.91723, 27.32822], [88.80583, 27.41149], [88.77858, 27.46941], [88.79298, 27.53109], [88.7685, 27.57141], [88.84368, 27.66494], [88.88358, 27.85549], [88.82996, 27.98092], [88.49882, 27.94964], [88.18893, 27.84164], [88.03835, 27.90285], [87.97366, 27.89326], [87.80823, 27.76835], [87.48271, 27.6939], [87.30417, 27.72392], [87.20162, 27.81246], [87.1188, 27.83944], [87.07599, 27.91777], [86.46742, 27.93599], [86.4128, 27.90798], [86.33297, 27.96716], [86.22579, 27.97994], [86.19207, 28.05652], [86.08251, 28.04685], [86.12601, 27.92949], [85.98778, 27.91487], [85.9455, 27.94448], [85.97298, 27.99774], [85.89992, 28.05485], [85.84284, 28.18021], [85.64452, 28.28128], [85.60165, 28.25538], [85.59703, 28.30081], [85.4939, 28.33897], [85.41592, 28.32947], [85.38198, 28.28584], [85.26947, 28.28604], [85.20239, 28.33749], [85.11346, 28.34463], [85.102, 28.45166], [84.64744, 28.52592], [84.47896, 28.62985], [84.32199, 28.75713], [84.22599, 28.89702], [84.24622, 29.03378], [84.19051, 29.04985], [84.19925, 29.12466], [84.16135, 29.18334], [84.19476, 29.2418], [84.12018, 29.24422], [84.08993, 29.29895], [83.91524, 29.32459], [83.81531, 29.29804], [83.79154, 29.24777], [83.70846, 29.23865], [83.64541, 29.16574], [83.59122, 29.17651], [83.44705, 29.30014], [83.41995, 29.4098], [83.3483, 29.45662], [83.34203, 29.49269], [83.27632, 29.50409], [83.26161, 29.57555], [83.14574, 29.62019], [83.08423, 29.60163], [82.93737, 29.69784], [82.8308, 29.68892], [82.74477, 29.76619], [82.69145, 29.76442], [82.73302, 29.82106], [82.68687, 29.85141], [82.62135, 29.83746], [82.64253, 29.87027], [82.55144, 29.95843], [82.48586, 29.95175], [82.33502, 30.04591], [82.17957, 30.0646], [82.20504, 30.14752], [82.17418, 30.18967], [81.99674, 30.17393], [81.86631, 30.20934], [81.6815, 30.10468], [81.21732, 30.0071], [80.71637, 30.07836], [80.64234, 30.12762], [80.57129, 30.44203], [80.34953, 30.52195], [80.30199, 30.5666], [80.19781, 30.58406], [80.1314, 30.55623], [80.041, 30.59654], [79.9606, 30.69048], [79.95065, 30.77682], [79.88961, 30.80636], [79.90154, 30.83965], [79.82192, 30.85318], [79.74415, 30.94336], [79.66478, 30.98113], [79.59546, 30.91899], [79.50435, 31.02851], [79.42281, 31.02728], [79.40332, 31.06882], [79.30709, 31.00843], [79.32537, 30.96343], [79.2354, 30.95271], [79.19471, 31.01114], [79.10076, 30.9984], [78.99825, 31.04688], [78.9729, 31.11231], [78.99261, 31.16775], [78.86739, 31.3105], [78.78822, 31.30439], [78.74768, 31.36199], [78.78948, 31.44191], [78.71986, 31.51337], [78.84655, 31.60693], [78.79344, 31.67933], [78.75369, 31.67683], [78.71125, 31.76585], [78.4908, 31.76661], [78.17453, 31.61609], [78.06011, 31.65554], [77.65786, 32.02929], [77.63102, 32.13448], [77.69304, 32.51836], [77.64526, 32.62411], [77.37527, 32.90259], [77.16981, 33.05887], [76.82561, 33.2097], [76.62692, 33.4469], [76.50488, 33.5437], [76.2909, 33.65856], [75.98569, 33.74068], [75.91359, 33.78891], [75.37223, 34.33921], [75.25448, 34.53853], [75.24232, 34.66459], [75.15605, 34.86246], [75.16488, 34.91376], [75.4186, 35.06953], [75.43064, 35.23508], [75.2487, 35.52036], [74.93371, 35.74652], [74.89709, 35.8131], [74.917, 35.88079], [75.04113, 35.97607], [75.3704, 35.94159], [75.55923, 35.96351], [75.83834, 36.09838], [75.9309, 36.07383], [75.98459, 36.02349], [76.0986, 36.01419], [76.16108, 35.91807], [76.16079, 35.82287], [76.36148, 35.82474], [76.36529, 35.86383], [76.42577, 35.85284], [76.57213, 35.92165], [76.58281, 35.78085], [76.6891, 35.74833], [76.75657, 35.661], [76.84864, 35.66958], [76.91388, 35.60935], [77.06045, 35.59796], [77.18141, 35.52245], [77.30395, 35.5448], [77.39291, 35.46844], [77.54306, 35.48219], [77.63443, 35.45829], [77.65108, 35.48037], [77.68404, 35.4499], [77.81363, 35.51662], [77.90137, 35.46263], [77.9131, 35.49231], [78.02642, 35.47236], [78.12451, 35.5016], [78.10354, 35.43786], [78.00983, 35.36665], [78.00737, 35.23554], [78.05155, 35.19011], [78.05334, 35.11846], [78.13346, 35.1009], [78.12109, 35.03647], [78.20141, 34.97277], [78.17511, 34.93018], [78.23633, 34.8788], [78.20617, 34.72434], [78.26408, 34.70678], [78.26526, 34.63694], [78.42439, 34.59549], [78.43573, 34.54601], [78.53945, 34.57645], [78.57956, 34.50787], [78.60669, 34.53766], [78.69028, 34.53076], [78.7556, 34.48328], [78.73991, 34.45622], [78.85594, 34.41373], [78.89051, 34.35856], [78.95564, 34.39051], [79.03641, 34.33617], [79.07652, 34.41537], [79.15025, 34.44408], [79.22659, 34.41571], [79.26583, 34.44064], [79.51163, 34.44917], [79.54249, 34.47815], [79.66295, 34.45429], [79.81555, 34.49685], [79.88457, 34.62955], [79.86056, 34.66684], [79.91844, 34.70091], [79.86595, 34.7495], [79.88466, 34.85147], [79.99138, 34.86205], [80.04977, 35.05996], [80.13698, 35.09749], [80.26832, 35.23025], [80.293, 35.36066], [80.46347, 35.46021], [80.52987, 35.45424], [80.54893, 35.39819], [80.65413, 35.39831], [80.71669, 35.33604], [81.02684, 35.31454], [81.03293, 35.39298], [81.09515, 35.41072], [81.13914, 35.36589], [81.18869, 35.37059], [81.21645, 35.32005], [81.32009, 35.36014], [81.38433, 35.33835], [81.43589, 35.35902], [81.55255, 35.24483], [81.67193, 35.23459], [81.80057, 35.27677], [81.86037, 35.26111], [81.93685, 35.32572], [82.01306, 35.32865], [82.04504, 35.3634], [82.04166, 35.4493], [82.3166, 35.55409], [82.34704, 35.61166], [82.33285, 35.65194], [82.38966, 35.65665], [82.44749, 35.7186], [82.6257, 35.69309], [82.72835, 35.63854], [82.79315, 35.68865], [82.99606, 35.6519], [83.40695, 35.65259], [83.54579, 35.60031], [83.73985, 35.43841], [83.90325, 35.40427], [84.05028, 35.41274], [84.09361, 35.36453], [84.16919, 35.35804], [84.44967, 35.47875], [84.47415, 35.51503], [84.45096, 35.54834], [84.83621, 35.64011], [85.03203, 35.74702], [85.26617, 35.78048], [85.38476, 35.72739], [85.52397, 35.71161], [85.51876, 35.66513], [85.57857, 35.64307], [85.69705, 35.75167], [85.90814, 35.7888], [87.03202, 35.57115], [87.49606, 35.57934], [88.11725, 35.73078], [88.3046, 35.69705], [88.8042, 35.46928], [89.81571, 35.40893], [89.74664, 35.1256], [89.68239, 35.00795], [89.80529, 34.98626], [89.80918, 34.87429], [89.86571, 34.81381], [89.75894, 34.73783], [89.55353, 34.73656], [89.48283, 34.6581], [89.60124, 34.4754], [89.58569, 34.27512], [89.70843, 34.13131], [89.65809, 34.09536], [89.65026, 34.03716], [89.79056, 33.87128], [89.83961, 33.87147], [89.92794, 33.80451], [89.90708, 33.74762], [89.98381, 33.72127], [89.98714, 33.63319], [90.22978, 33.50553], [90.23841, 33.40645], [90.36247, 33.27605], [90.48492, 33.26709], [90.70666, 33.13914], [91.10522, 33.09199], [91.39521, 33.00714], [91.64438, 33.0177], [91.84268, 32.94714], [91.96585, 32.81999], [92.14156, 32.88635], [92.22718, 32.84301], [92.20211, 32.75189], [92.25974, 32.72269], [92.35834, 32.76605], [92.60135, 32.74747], [92.68194, 32.65415], [92.699, 32.47168], [92.81106, 32.38024], [92.96394, 32.34289], [93.17825, 32.40034], [93.42536, 32.36935], [93.48805, 32.47561], [93.60847, 32.52066], [93.65404, 32.57498], [93.71505, 32.58075], [93.8076, 32.55691], [94.06123, 32.59685], [94.20251, 32.51846], [94.28724, 32.50627], [94.36606, 32.52443], [94.39097, 32.60127], [94.43623, 32.56602], [94.4995, 32.60448], [94.57403, 32.73588], [94.87232, 32.71996], [94.93297, 32.66996], [94.98045, 32.52616], [94.94676, 32.41009], [94.89512, 32.36121], [95.01715, 32.31528], [95.08085, 32.25043], [95.30732, 32.2554], [95.35341, 32.17762], [95.43339, 32.16001], [95.45171, 32.07163], [95.41277, 32.04376], [95.44196, 32.01099], [95.38917, 32.0], [95.37198, 31.96441], [95.51494, 31.75657], [95.56097, 31.74611], [95.6384, 31.78523], [95.75223, 31.76285], [95.81805, 31.68039], [95.86953, 31.72265], [96.09285, 31.71707], [96.15008, 31.68292], [96.19876, 31.54252], [96.24637, 31.55547], [96.25254, 31.60432], [96.21646, 31.62055], [96.25206, 31.68921], [96.22166, 31.75575], [96.13425, 31.82189], [96.15005, 31.8575], [96.20379, 31.85698], [96.18821, 31.89962], [96.3096, 31.95129], [96.4424, 31.79114], [96.54676, 31.72672], [96.60647, 31.7388], [96.64991, 31.70959], [96.67219, 31.73479], [96.73463, 31.6802], [96.80537, 31.67401], [96.83721, 31.72929], [96.75796, 31.85548], [96.8074, 31.89732], [96.74806, 31.94824], [96.72136, 32.02417], [96.80442, 32.02141], [96.85021, 31.98336], [96.89957, 32.02031], [96.94935, 31.99099], [96.94028, 32.06007], [97.01024, 32.0717], [97.06596, 32.12456], [97.13245, 32.33407], [97.23645, 32.43337], [97.24378, 32.4766], [97.23387, 32.55182], [97.11372, 32.63988], [97.13157, 32.70859], [97.3843, 32.78769], [97.48753, 32.65394], [97.6055, 32.61709], [97.6689, 32.55268], [98.02206, 32.45407], [98.01226, 32.35419], [97.80879, 32.17405], [97.76545, 32.09866], [97.76745, 32.02426], [97.88557, 31.83729], [97.92619, 31.64489], [97.79492, 31.16901], [97.9858, 30.81072], [98.17564, 30.76521], [98.49855, 30.78371], [98.65736, 30.6905], [98.70202, 30.20461], [98.65785, 30.17363], [98.5714, 30.23988], [98.51593, 30.23863], [98.4385, 29.9758], [98.47777, 29.87709], [98.58111, 29.81449], [98.70906, 29.65238], [98.74109, 29.42656], [98.70904, 29.32866], [98.64654, 29.26927], [98.44107, 29.26496], [98.36626, 29.20482], [98.4093, 28.98932], [98.46737, 28.90953], [98.51717, 28.70541], [98.59656, 28.68745]]]}}, {"type": "Feature", "properties": {"SYS_ID": "1789", "NAME_PY": "Qinghai", "NAME_CH": "青海", "NAME_FT": "青海", "X_COORD": 95.97999, "Y_COORD": 35.26864}, "geometry": {"type": "Polygon", "coordinates": [[[97.3843, 32.78769], [97.1168, 32.6922], [97.11372, 32.63988], [97.23387, 32.55182], [97.24378, 32.4766], [97.23645, 32.43337], [97.13245, 32.33407], [97.11069, 32.20435], [97.04176, 32.09137], [96.94028, 32.06007], [96.94935, 31.99099], [96.89957, 32.02031], [96.85021, 31.98336], [96.80442, 32.02141], [96.72136, 32.02417], [96.74806, 31.94824], [96.8074, 31.89732], [96.75796, 31.85548], [96.83721, 31.72929], [96.80537, 31.67401], [96.73463, 31.6802], [96.67219, 31.73479], [96.64991, 31.70959], [96.60647, 31.7388], [96.54676, 31.72672], [96.4424, 31.79114], [96.3096, 31.95129], [96.18821, 31.89962], [96.20379, 31.85698], [96.15005, 31.8575], [96.13425, 31.82189], [96.22166, 31.75575], [96.25206, 31.68921], [96.21646, 31.62055], [96.25254, 31.60432], [96.24637, 31.55547], [96.19876, 31.54252], [96.15008, 31.68292], [96.09285, 31.71707], [95.86953, 31.72265], [95.81805, 31.68039], [95.75223, 31.76285], [95.6384, 31.78523], [95.56097, 31.74611], [95.51494, 31.75657], [95.37198, 31.96441], [95.38917, 32.0], [95.44196, 32.01099], [95.41277, 32.04376], [95.45171, 32.07163], [95.43339, 32.16001], [95.35341, 32.17762], [95.30732, 32.2554], [95.08085, 32.25043], [95.01715, 32.31528], [94.89512, 32.36121], [94.94676, 32.41009], [94.98045, 32.52616], [94.93297, 32.66996], [94.87232, 32.71996], [94.57403, 32.73588], [94.4995, 32.60448], [94.43623, 32.56602], [94.39097, 32.60127], [94.36606, 32.52443], [94.28724, 32.50627], [94.20251, 32.51846], [94.06123, 32.59685], [93.8076, 32.55691], [93.66023, 32.57581], [93.60847, 32.52066], [93.47777, 32.46681], [93.42536, 32.36935], [93.17825, 32.40034], [92.90978, 32.34849], [92.73524, 32.41833], [92.69407, 32.48662], [92.68194, 32.65415], [92.60135, 32.74747], [92.35834, 32.76605], [92.25974, 32.72269], [92.20211, 32.75189], [92.22718, 32.84301], [92.14156, 32.88635], [91.96585, 32.81999], [91.84268, 32.94714], [91.64438, 33.0177], [91.43525, 33.0021], [90.9368, 33.12278], [90.799, 33.11709], [90.69927, 33.14197], [90.48492, 33.26709], [90.36247, 33.27605], [90.23841, 33.40645], [90.22978, 33.50553], [89.98714, 33.63319], [89.98381, 33.72127], [89.90708, 33.74762], [89.92794, 33.80451], [89.83961, 33.87147], [89.79056, 33.87128], [89.6882, 33.96442], [89.64319, 34.05385], [89.70843, 34.13131], [89.58569, 34.27512], [89.60124, 34.4754], [89.48283, 34.6581], [89.55353, 34.73656], [89.75894, 34.73783], [89.86571, 34.81381], [89.80918, 34.87429], [89.80529, 34.98626], [89.68144, 35.02212], [89.74664, 35.1256], [89.82893, 35.47319], [90.03183, 35.7908], [90.30794, 35.95406], [90.59468, 36.22402], [90.74061, 36.30427], [91.09555, 36.41217], [91.16266, 36.46706], [91.13975, 36.54031], [90.73017, 36.59138], [90.70459, 36.68584], [90.74767, 36.72846], [90.72597, 36.82643], [90.85039, 36.92022], [91.01118, 36.92567], [91.17137, 37.02805], [91.31111, 37.0255], [91.27313, 37.16166], [91.18549, 37.21292], [91.08576, 37.46975], [90.93725, 37.4804], [90.85894, 37.53728], [90.87411, 37.57989], [90.78542, 37.64322], [90.42375, 37.78001], [90.44608, 37.80723], [90.40427, 37.88578], [90.48182, 37.95569], [90.3419, 38.11811], [90.14573, 38.42878], [90.41987, 38.49591], [90.46562, 38.52697], [90.45547, 38.55612], [90.60452, 38.60059], [90.63794, 38.64032], [90.62043, 38.67348], [90.76586, 38.66361], [91.11454, 38.71324], [91.43598, 38.81565], [91.86325, 38.88278], [92.0352, 38.95449], [92.45075, 38.99476], [92.83065, 38.81141], [93.39486, 38.72158], [93.68462, 38.7386], [93.88667, 38.65801], [94.11866, 38.6238], [94.44229, 38.43147], [94.56982, 38.39405], [95.00827, 38.43438], [95.29042, 38.33754], [95.49578, 38.36715], [95.75868, 38.32447], [96.21477, 38.14691], [96.31818, 38.07942], [97.04206, 38.16345], [97.23579, 38.24779], [97.52883, 38.49855], [97.6269, 38.53925], [97.81651, 38.48873], [98.1281, 38.27734], [98.59593, 38.12557], [98.66512, 38.14108], [98.73421, 38.23497], [98.83285, 38.25233], [98.90037, 38.23655], [98.97925, 38.15549], [99.06266, 38.15695], [99.22747, 38.30269], [99.32717, 38.30937], [99.5163, 38.39149], [99.93523, 38.21176], [100.72565, 38.03708], [100.76288, 37.97124], [100.73678, 37.87325], [100.55603, 37.72023], [100.74384, 37.66438], [100.83298, 37.58453], [100.91295, 37.58822], [100.94215, 37.62829], [101.1792, 37.58045], [101.12731, 37.52092], [100.96127, 37.43873], [100.91944, 37.36877], [101.00598, 37.25616], [101.10428, 37.22096], [101.30178, 37.0244], [101.30338, 36.83417], [101.27934, 36.8117], [101.13356, 36.87756], [101.01497, 36.87601], [100.94885, 36.84595], [100.92746, 36.77081], [101.01496, 36.51977], [101.2792, 36.26176], [101.30118, 36.14425], [101.2522, 36.07098], [101.15032, 36.05209], [101.04687, 36.0761], [101.00363, 36.12637], [100.83566, 36.12678], [100.73639, 36.07947], [100.71806, 35.98893], [100.65526, 35.97206], [100.63409, 35.914], [100.42602, 35.82835], [100.4228, 35.77502], [100.55369, 35.66657], [100.65018, 35.65914], [100.76659, 35.58052], [100.86712, 35.56875], [100.9262, 35.49606], [101.04864, 35.49649], [101.06474, 35.52676], [101.15608, 35.5397], [101.29467, 35.49958], [101.54164, 35.25414], [101.65372, 34.94638], [101.71383, 34.86217], [101.83051, 34.81916], [101.91241, 34.87298], [101.91444, 34.79455], [101.86238, 34.70105], [101.85496, 34.53875], [102.06289, 34.42639], [102.2902, 34.16357], [102.29452, 34.03139], [102.1373, 33.96531], [102.25031, 33.84872], [102.23241, 33.78959], [102.31805, 33.75837], [102.28353, 33.71167], [102.33329, 33.7316], [102.30798, 33.67833], [102.33166, 33.61184], [102.46735, 33.55149], [102.44748, 33.52547], [102.47712, 33.46435], [102.35463, 33.39323], [102.26055, 33.41975], [102.20058, 33.36191], [102.07216, 33.34382], [101.92268, 33.45658], [101.91059, 33.55507], [101.78769, 33.68748], [101.55786, 33.67024], [101.4912, 33.70295], [101.39315, 33.67276], [101.35818, 33.71097], [101.25639, 33.72903], [101.15294, 33.84121], [101.0387, 33.88588], [101.01149, 33.82806], [101.04618, 33.76283], [100.99516, 33.71487], [101.00532, 33.73862], [100.91647, 33.74691], [100.93926, 33.771], [100.90819, 33.76225], [100.91675, 33.79059], [100.88405, 33.78566], [100.83234, 33.85666], [100.84599, 33.87806], [100.81773, 33.8722], [100.7645, 33.93193], [100.66289, 33.92236], [100.35954, 33.75075], [100.24548, 33.76153], [100.24081, 33.73455], [100.29693, 33.69606], [100.16928, 33.56407], [100.07588, 33.59146], [99.99435, 33.64933], [100.01503, 33.67289], [99.9617, 33.6675], [99.89026, 33.70922], [99.90039, 33.7406], [99.76206, 33.80651], [99.54497, 33.75733], [99.47732, 33.81378], [99.39522, 33.81253], [99.37446, 33.75122], [99.325, 33.72364], [99.06551, 33.96358], [99.05386, 34.17609], [99.08012, 34.21024], [99.03993, 34.23281], [99.05344, 34.33343], [99.00418, 34.3309], [98.83229, 34.27325], [98.69605, 34.1871], [98.6635, 33.91508], [98.59827, 33.8177], [98.48217, 33.80001], [98.12953, 33.64404], [98.04843, 33.67314], [97.96715, 33.77527], [97.75695, 33.80594], [97.93123, 33.39148], [97.75171, 33.14364], [97.54261, 33.15602], [97.53395, 32.98448], [97.61278, 32.89076], [97.38571, 32.86897], [97.3843, 32.78769]]]}}, {"type": "Feature", "properties": {"SYS_ID": "1790", "NAME_PY": "Ye'erqiang", "NAME_CH": "叶尔羌", "NAME_FT": "葉爾羌", "X_COORD": 76.79241, "Y_COORD": 37.94369}, "geometry": {"type": "Polygon", "coordinates": [[[78.00661, 35.49234], [77.9131, 35.49231], [77.90137, 35.46263], [77.81363, 35.51662], [77.68404, 35.4499], [77.65108, 35.48037], [77.63443, 35.45829], [77.54306, 35.48219], [77.39291, 35.46844], [77.30395, 35.5448], [77.18141, 35.52245], [77.06045, 35.59796], [76.91388, 35.60935], [76.84864, 35.66958], [76.75657, 35.661], [76.6891, 35.74833], [76.58281, 35.78085], [76.57213, 35.92165], [76.42577, 35.85284], [76.36529, 35.86383], [76.36148, 35.82474], [76.16079, 35.82287], [76.16108, 35.91807], [76.0986, 36.01419], [75.97384, 36.02849], [75.9389, 36.08009], [75.93891, 36.1728], [75.72837, 36.28307], [75.68545, 36.39808], [75.43332, 36.64763], [75.15148, 36.7909], [74.99324, 36.83228], [74.87581, 36.94529], [74.83289, 37.05578], [74.77804, 37.02279], [74.72432, 37.0292], [74.69736, 37.09179], [74.58372, 37.03389], [74.52611, 37.08057], [74.50131, 37.06401], [74.45837, 37.13361], [74.50258, 37.23667], [74.58282, 37.23246], [74.62286, 37.26118], [74.66332, 37.236], [74.73145, 37.28189], [74.80915, 37.21309], [74.88076, 37.22198], [74.92816, 37.28486], [75.11326, 37.31886], [75.14988, 37.41067], [75.06519, 37.51989], [75.01198, 37.50773], [74.90667, 37.59219], [74.88765, 37.66837], [75.0035, 37.7846], [74.91297, 37.84528], [74.91536, 38.01694], [74.86729, 38.02429], [74.81524, 38.0847], [74.79797, 38.1538], [74.77656, 38.34241], [74.86202, 38.39491], [74.84817, 38.48424], [74.50982, 38.63612], [74.14337, 38.68158], [74.07599, 38.59724], [74.08096, 38.5481], [73.9211, 38.53636], [73.88149, 38.5864], [73.79384, 38.61126], [73.7901, 38.67499], [73.75485, 38.70811], [73.61361, 38.73408], [73.55769, 38.82285], [73.69399, 38.85735], [73.71753, 38.90963], [74.14446, 38.95853], [74.4525, 39.0477], [74.54332, 39.02002], [74.66196, 38.81308], [74.73859, 38.78885], [74.98609, 38.80056], [75.50918, 38.93874], [75.55204, 38.91628], [75.602, 38.78786], [75.55472, 38.6671], [75.43075, 38.55294], [75.3318, 38.37845], [75.39601, 38.2671], [75.61003, 38.18897], [75.88998, 38.31529], [76.08989, 38.34905], [76.34064, 38.23069], [76.40843, 38.2409], [76.8107, 38.40702], [77.00494, 38.56281], [77.10761, 38.94039], [77.37104, 39.26089], [77.45113, 39.42941], [77.44366, 39.60553], [77.32645, 39.80089], [77.33228, 39.84284], [77.374, 39.86364], [77.35246, 39.94288], [77.60357, 40.0336], [77.7152, 40.139], [78.07629, 40.26603], [78.50015, 40.30909], [78.78766, 40.40892], [78.91856, 40.2955], [79.02602, 40.26403], [79.2574, 40.30016], [79.61532, 40.43167], [79.76914, 40.41677], [80.0167, 40.06231], [80.02556, 39.64949], [80.01243, 39.55386], [79.84172, 39.18144], [79.63912, 38.83625], [79.51602, 38.44829], [79.43958, 38.01195], [79.47557, 37.82235], [79.4356, 37.26533], [79.31209, 37.10394], [78.95592, 36.85755], [78.79182, 36.61179], [78.59654, 36.58766], [78.47189, 36.51027], [78.11815, 36.54422], [77.98668, 36.44057], [77.9764, 36.33453], [78.01974, 36.25998], [78.32261, 36.0681], [78.38137, 35.93779], [78.36517, 35.85052], [78.28635, 35.72839], [78.00661, 35.49234]]]}}, {"type": "Feature", "properties": {"SYS_ID": "1791", "NAME_PY": "Akesu", "NAME_CH": "阿克苏", "NAME_FT": "阿克蘇", "X_COORD": 80.6742, "Y_COORD": 41.2743}, "geometry": {"type": "Polygon", "coordinates": [[[82.80727, 42.47198], [82.90356, 42.22459], [82.90498, 42.0076], [82.8784, 41.95153], [82.66188, 41.75549], [82.55704, 41.54896], [81.89761, 41.39106], [81.64936, 41.25504], [81.40912, 40.90869], [81.3797, 40.57944], [81.31698, 40.4641], [80.70399, 40.26776], [80.5318, 40.18338], [80.25676, 39.97949], [80.07431, 39.92096], [80.02065, 39.92226], [80.0167, 40.06231], [79.76914, 40.41677], [79.61532, 40.43167], [79.2574, 40.30016], [79.02602, 40.26403], [78.91856, 40.2955], [78.78766, 40.40892], [78.86451, 40.54367], [79.27145, 40.82053], [79.3389, 40.8851], [79.44699, 41.0938], [79.58271, 41.17995], [79.63116, 41.30777], [79.62592, 41.48822], [79.57076, 41.60737], [79.45457, 41.73362], [79.29143, 41.79599], [79.04516, 41.81906], [78.9623, 41.92709], [78.83317, 42.00453], [78.71785, 42.0492], [78.54086, 42.06457], [78.4403, 42.11919], [78.54242, 42.22028], [79.49414, 42.47513], [79.9192, 42.46163], [80.22502, 42.29686], [80.54759, 42.43222], [80.55412, 42.60962], [80.71735, 42.62536], [80.80531, 42.62769], [80.98384, 42.56938], [81.20656, 42.37051], [81.38015, 42.33163], [81.58526, 42.34012], [81.71635, 42.40522], [82.09716, 42.41332], [82.16879, 42.46133], [82.52625, 42.43614], [82.80727, 42.47198]]]}}, {"type": "Feature", "properties": {"SYS_ID": "1792", "NAME_PY": "Wulumuqi", "NAME_CH": "乌噜木齐", "NAME_FT": "烏嚕木齊", "X_COORD": 87.04893, "Y_COORD": 44.43213}, "geometry": {"type": "Polygon", "coordinates": [[[89.35194, 44.61889], [89.41839, 44.56318], [89.47033, 44.35462], [89.46997, 44.131], [89.42068, 44.02766], [89.32364, 43.9428], [89.17011, 43.85194], [88.90987, 43.7778], [88.86388, 43.72378], [88.87958, 43.66431], [89.25091, 43.50673], [89.01265, 43.36182], [88.90708, 43.11489], [88.52547, 42.98329], [88.0479, 43.03036], [87.49455, 42.92505], [87.46774, 43.097], [87.41858, 43.13712], [87.34864, 43.14651], [87.15441, 43.04792], [86.96832, 43.06113], [86.62168, 43.2094], [86.56793, 43.33918], [86.40029, 43.425], [86.30555, 43.44111], [86.09715, 43.40835], [85.96261, 43.49485], [85.83964, 43.50671], [85.73374, 43.48658], [85.59396, 43.39286], [85.51444, 43.40793], [85.31829, 43.52174], [85.15963, 43.48846], [85.02776, 43.51524], [84.91042, 43.49169], [84.84125, 43.55324], [84.7692, 43.62827], [84.84027, 43.74272], [84.83897, 44.02357], [84.87485, 44.07928], [85.04027, 44.18259], [85.12486, 44.55901], [84.78402, 44.96636], [84.63512, 45.09182], [84.61095, 45.14157], [84.64645, 45.41122], [84.62631, 45.57642], [84.77402, 45.70081], [85.05154, 45.83446], [85.43022, 45.88009], [85.81319, 45.86575], [86.0155, 45.91301], [86.48823, 45.93922], [86.74548, 45.92276], [87.04654, 45.8434], [87.0872, 45.7812], [87.08135, 45.61013], [87.13266, 45.43265], [87.29381, 45.27834], [88.09206, 44.99899], [88.76681, 44.63848], [88.98621, 44.59347], [89.35194, 44.61889]]]}}, {"type": "Feature", "properties": {"SYS_ID": "1793", "NAME_PY": "Gucheng", "NAME_CH": "古城", "NAME_FT": "古城", "X_COORD": 90.37255, "Y_COORD": 44.30718}, "geometry": {"type": "Polygon", "coordinates": [[[91.8812, 45.07682], [91.69972, 44.68641], [91.4981, 44.42765], [91.43396, 44.23314], [91.31861, 44.02894], [91.33506, 43.92807], [91.54955, 43.87547], [91.59876, 43.82862], [91.62323, 43.68177], [91.54969, 43.62865], [91.15081, 43.49824], [90.87671, 43.49328], [90.58092, 43.53431], [90.14482, 43.45026], [90.0111, 43.47233], [89.79054, 43.44308], [89.67861, 43.38661], [89.32975, 43.47913], [88.87958, 43.66431], [88.86388, 43.72378], [88.90987, 43.7778], [89.17011, 43.85194], [89.37447, 43.97833], [89.44778, 44.07354], [89.48687, 44.27912], [89.41839, 44.56318], [89.35194, 44.61889], [89.57048, 44.94948], [89.67774, 45.04936], [89.86648, 45.1082], [90.62774, 45.10053], [90.78601, 45.20507], [90.77425, 45.22775], [90.8804, 45.19085], [90.9907, 45.21795], [91.15137, 45.20322], [91.23207, 45.13579], [91.3761, 45.1072], [91.42725, 45.15523], [91.49978, 45.09555], [91.61384, 45.06419], [91.8812, 45.07682]]]}}, {"type": "Feature", "properties": {"SYS_ID": "1794", "NAME_PY": "Tulufan", "NAME_CH": "吐鲁番", "NAME_FT": "吐魯番", "X_COORD": 89.842, "Y_COORD": 41.80689}, "geometry": {"type": "Polygon", "coordinates": [[[91.49155, 43.61504], [91.65885, 43.38466], [91.50092, 43.32462], [91.45685, 43.27826], [91.43219, 43.15348], [91.52025, 42.66725], [91.47772, 42.50335], [91.49183, 42.26728], [91.44998, 42.02218], [91.55496, 41.70686], [91.56153, 41.3409], [91.6614, 41.24709], [91.98053, 41.30165], [92.18727, 41.23893], [92.1815, 41.09545], [92.08271, 40.85375], [92.0531, 40.55656], [91.92697, 40.2925], [91.91307, 40.19437], [91.00661, 40.02376], [90.50606, 39.99873], [88.89967, 40.11954], [88.75283, 40.32434], [88.77394, 40.63907], [88.83264, 40.69867], [88.85669, 40.82515], [88.75529, 40.90681], [88.25406, 41.08901], [88.15753, 41.20793], [88.19188, 41.36556], [88.35285, 41.46782], [88.46338, 41.63299], [88.39788, 41.80236], [88.63054, 41.94576], [88.71296, 42.05164], [88.77652, 42.48676], [88.74553, 42.57383], [88.62302, 42.66105], [88.48809, 42.65199], [88.41758, 42.5812], [88.36716, 42.42848], [87.85213, 42.54848], [87.6908, 42.66089], [87.49455, 42.92505], [88.0479, 43.03036], [88.46376, 42.97954], [88.59808, 43.00449], [88.90708, 43.11489], [89.01265, 43.36182], [89.25091, 43.50673], [89.67861, 43.38661], [89.79054, 43.44308], [90.0111, 43.47233], [90.14482, 43.45026], [90.58092, 43.53431], [90.87671, 43.49328], [91.15081, 43.49824], [91.49155, 43.61504]]]}}, {"type": "Feature", "properties": {"SYS_ID": "1795", "NAME_PY": "Balikun", "NAME_CH": "巴里坤", "NAME_FT": "巴里坤", "X_COORD": 93.78007, "Y_COORD": 44.03943}, "geometry": {"type": "Polygon", "coordinates": [[[91.65885, 43.38466], [91.49155, 43.61504], [91.62323, 43.68177], [91.62558, 43.77896], [91.54955, 43.87547], [91.33506, 43.92807], [91.31861, 44.02894], [91.43396, 44.23314], [91.4981, 44.42765], [91.69972, 44.68641], [91.8812, 45.07682], [92.05458, 45.08262], [92.24518, 45.0089], [92.88155, 45.04356], [92.98535, 44.99666], [93.32884, 44.99385], [94.20154, 44.79266], [94.36321, 44.68805], [94.88929, 44.45006], [95.54362, 44.23392], [95.92833, 44.01039], [96.09384, 43.80306], [96.16901, 43.47901], [96.24569, 43.34414], [96.01194, 43.35759], [95.80522, 43.31633], [95.67017, 43.34157], [95.57344, 43.41235], [95.27713, 43.40335], [95.1434, 43.36384], [94.87639, 43.10656], [94.65767, 42.99625], [94.43248, 43.06383], [94.13089, 43.2822], [93.64497, 43.39725], [93.39635, 43.38505], [93.15418, 43.44212], [92.70561, 43.48085], [92.06121, 43.48635], [91.75264, 43.38448], [91.65885, 43.38466]]]}}, {"type": "Feature", "properties": {"SYS_ID": "1796", "NAME_PY": "Hami", "NAME_CH": "哈密", "NAME_FT": "哈密", "X_COORD": 93.91316, "Y_COORD": 42.17865}, "geometry": {"type": "Polygon", "coordinates": [[[96.24569, 43.34414], [96.34633, 43.0785], [96.39413, 42.71105], [96.16277, 42.68891], [96.13131, 42.64641], [96.10262, 42.27782], [96.18558, 42.15976], [96.20374, 42.03026], [96.02641, 41.91105], [95.67953, 41.81278], [95.54314, 41.72402], [95.06625, 41.52865], [95.04597, 41.40628], [95.12068, 41.12454], [95.08222, 41.03444], [94.99678, 40.97179], [94.54185, 41.05838], [94.29324, 41.02092], [93.99441, 41.03465], [93.73716, 40.94028], [93.69786, 40.87046], [93.47039, 40.92816], [93.23951, 40.91535], [93.10625, 40.97522], [93.04849, 41.07003], [92.97133, 41.10615], [92.80408, 41.11254], [92.47553, 41.20296], [92.2987, 41.20928], [91.98053, 41.30165], [91.6614, 41.24709], [91.56153, 41.3409], [91.55496, 41.70686], [91.44998, 42.02218], [91.49183, 42.26728], [91.47772, 42.50335], [91.52025, 42.66725], [91.43219, 43.15348], [91.45685, 43.27826], [91.60229, 43.38007], [91.75264, 43.38448], [92.06121, 43.48635], [92.70561, 43.48085], [93.15418, 43.44212], [93.39635, 43.38505], [93.64497, 43.39725], [94.13089, 43.2822], [94.43248, 43.06383], [94.65767, 42.99625], [94.87639, 43.10656], [95.1434, 43.36384], [95.27713, 43.40335], [95.50984, 43.42208], [95.7164, 43.32466], [96.13739, 43.35821], [96.24569, 43.34414]]]}}, {"type": "Feature", "properties": {"SYS_ID": "1797", "NAME_PY": "Hetian", "NAME_CH": "和阗", "NAME_FT": "和闐", "X_COORD": 84.99096, "Y_COORD": 37.76643}, "geometry": {"type": "Polygon", "coordinates": [[[91.91307, 40.19437], [91.8742, 39.95546], [91.78355, 39.81484], [91.75822, 39.65595], [91.86169, 39.34266], [91.90056, 39.06539], [92.00752, 38.94514], [91.86325, 38.88278], [91.43598, 38.81565], [91.11454, 38.71324], [90.76586, 38.66361], [90.62043, 38.67348], [90.63794, 38.64032], [90.60452, 38.60059], [90.45547, 38.55612], [90.46562, 38.52697], [90.41987, 38.49591], [90.14212, 38.42344], [90.48182, 37.95569], [90.40427, 37.88578], [90.44608, 37.80723], [90.42375, 37.78001], [90.78542, 37.64322], [90.87411, 37.57989], [90.85894, 37.53728], [90.93725, 37.4804], [91.08576, 37.46975], [91.18549, 37.21292], [91.27313, 37.16166], [91.31114, 37.02343], [91.17137, 37.02805], [91.01118, 36.92567], [90.85039, 36.92022], [90.72597, 36.82643], [90.74767, 36.72846], [90.70459, 36.68584], [90.73017, 36.59138], [91.13975, 36.54031], [91.16266, 36.46706], [91.09555, 36.41217], [90.74061, 36.30427], [90.59468, 36.22402], [90.30794, 35.95406], [90.03183, 35.7908], [89.96195, 35.71545], [89.81571, 35.40893], [88.8042, 35.46928], [88.3046, 35.69705], [88.11725, 35.73078], [87.49606, 35.57934], [87.03202, 35.57115], [85.90814, 35.7888], [85.69705, 35.75167], [85.57857, 35.64307], [85.51876, 35.66513], [85.52397, 35.71161], [85.38476, 35.72739], [85.26617, 35.78048], [85.03203, 35.74702], [84.83621, 35.64011], [84.45096, 35.54834], [84.47415, 35.51503], [84.44967, 35.47875], [84.16919, 35.35804], [84.09361, 35.36453], [84.05028, 35.41274], [83.90325, 35.40427], [83.73985, 35.43841], [83.54579, 35.60031], [83.40695, 35.65259], [82.99606, 35.6519], [82.79315, 35.68865], [82.72835, 35.63854], [82.6257, 35.69309], [82.44749, 35.7186], [82.38966, 35.65665], [82.33285, 35.65194], [82.34704, 35.61166], [82.3166, 35.55409], [82.04166, 35.4493], [82.04504, 35.3634], [82.01306, 35.32865], [81.93685, 35.32572], [81.86037, 35.26111], [81.80057, 35.27677], [81.67193, 35.23459], [81.55255, 35.24483], [81.43589, 35.35902], [81.38433, 35.33835], [81.32009, 35.36014], [81.21645, 35.32005], [81.18869, 35.37059], [81.13914, 35.36589], [81.09515, 35.41072], [81.03293, 35.39298], [81.02684, 35.31454], [80.71669, 35.33604], [80.65413, 35.39831], [80.54893, 35.39819], [80.52987, 35.45424], [80.46347, 35.46021], [80.293, 35.36066], [80.26832, 35.23025], [80.13698, 35.09749], [80.04977, 35.05996], [79.99138, 34.86205], [79.88466, 34.85147], [79.86595, 34.7495], [79.91844, 34.70091], [79.86056, 34.66684], [79.88457, 34.62955], [79.81555, 34.49685], [79.66295, 34.45429], [79.54249, 34.47815], [79.51163, 34.44917], [79.26583, 34.44064], [79.22659, 34.41571], [79.15025, 34.44408], [79.07652, 34.41537], [79.03641, 34.33617], [78.95564, 34.39051], [78.89051, 34.35856], [78.85594, 34.41373], [78.73991, 34.45622], [78.7556, 34.48328], [78.69028, 34.53076], [78.60669, 34.53766], [78.57956, 34.50787], [78.53945, 34.57645], [78.43573, 34.54601], [78.42439, 34.59549], [78.26961, 34.63167], [78.26408, 34.70678], [78.20617, 34.72434], [78.23633, 34.8788], [78.17511, 34.93018], [78.20141, 34.97277], [78.12109, 35.03647], [78.13346, 35.1009], [78.05334, 35.11846], [78.05155, 35.19011], [78.00907, 35.22897], [78.00983, 35.36665], [78.13323, 35.4935], [78.02642, 35.47236], [78.00661, 35.49234], [78.28635, 35.72839], [78.36517, 35.85052], [78.38137, 35.93779], [78.32261, 36.0681], [78.01974, 36.25998], [77.9764, 36.33453], [77.98668, 36.44057], [78.11815, 36.54422], [78.47189, 36.51027], [78.59654, 36.58766], [78.79182, 36.61179], [78.95592, 36.85755], [79.31209, 37.10394], [79.41884, 37.2189], [79.47519, 37.7655], [79.43958, 38.01195], [79.50497, 38.40038], [79.63912, 38.83625], [79.81266, 39.12173], [80.01243, 39.55386], [80.02065, 39.92226], [80.25676, 39.97949], [80.5318, 40.18338], [80.70399, 40.26776], [81.31698, 40.4641], [81.35777, 40.50817], [81.36492, 40.6039], [81.41935, 40.61425], [81.42049, 40.66914], [81.51956, 40.70898], [81.77624, 40.7096], [81.92702, 40.82282], [82.17271, 40.8546], [82.20629, 40.88871], [82.26608, 40.88604], [82.26832, 40.92171], [82.43028, 40.9395], [82.49406, 40.9774], [82.5408, 40.94931], [82.57137, 41.00576], [82.66103, 41.02616], [82.69997, 41.00425], [82.70204, 41.03397], [82.75402, 41.02884], [82.80891, 40.958], [82.81917, 40.9867], [82.85662, 40.98306], [82.87218, 40.9465], [82.99937, 40.9019], [83.0253, 40.93793], [83.09055, 40.9105], [83.15715, 40.9743], [83.17704, 40.94724], [83.21854, 40.96126], [83.22832, 40.93092], [83.24963, 40.95873], [83.2567, 40.92957], [83.30138, 40.95976], [83.29189, 40.9885], [83.56362, 40.97796], [83.57987, 41.00352], [83.65116, 40.98069], [83.71659, 41.0181], [83.74122, 40.99451], [83.74881, 41.02136], [83.76289, 40.98241], [83.83491, 40.95716], [84.04442, 40.96421], [84.18184, 41.03646], [84.2928, 41.01972], [84.40452, 41.04418], [84.47955, 41.01802], [84.61794, 41.1024], [84.80773, 41.1255], [84.87284, 41.12303], [85.13384, 41.00137], [85.28976, 41.01933], [85.4099, 41.08865], [85.56365, 41.0967], [85.58804, 41.128], [85.68154, 41.10053], [85.71908, 41.14265], [85.78782, 41.12677], [85.95677, 41.19613], [86.03184, 41.15849], [86.1861, 41.19659], [86.32564, 41.18397], [86.33982, 41.12252], [86.39318, 41.08703], [86.60518, 41.05904], [86.82589, 40.87894], [87.23193, 40.70144], [87.35686, 40.58848], [87.5264, 40.56388], [87.81219, 40.43252], [88.1213, 40.19746], [88.3831, 40.08621], [88.54321, 40.07174], [89.01141, 40.1181], [90.2374, 40.00326], [90.79928, 40.00757], [91.91307, 40.19437]]]}}, {"type": "Feature", "properties": {"SYS_ID": "1798", "NAME_PY": "Kuche", "NAME_CH": "库车", "NAME_FT": "庫車", "X_COORD": 82.75596, "Y_COORD": 41.6212}, "geometry": {"type": "Polygon", "coordinates": [[[81.36792, 40.60573], [81.40912, 40.90869], [81.64936, 41.25504], [81.89761, 41.39106], [82.55704, 41.54896], [82.66188, 41.75549], [82.8784, 41.95153], [82.90498, 42.0076], [82.90356, 42.22459], [82.80727, 42.47198], [82.98224, 42.52301], [83.09403, 42.61989], [83.22453, 42.62927], [83.29734, 42.52629], [83.5, 42.44127], [83.69945, 42.41189], [83.94203, 42.21388], [84.00917, 42.04778], [84.01223, 41.82159], [83.93961, 41.75255], [83.90832, 41.62735], [84.01929, 41.4478], [84.04902, 41.22844], [84.11847, 41.11846], [84.14365, 41.0097], [84.10126, 40.97977], [83.84003, 40.95637], [83.76289, 40.98241], [83.75274, 41.02128], [83.74122, 40.99451], [83.71659, 41.0181], [83.65116, 40.98069], [83.4224, 41.00148], [83.38428, 40.97077], [83.29189, 40.9885], [83.30138, 40.95976], [83.2567, 40.92957], [83.24963, 40.95873], [83.22832, 40.93092], [83.21854, 40.96126], [83.17704, 40.94724], [83.15715, 40.9743], [83.09055, 40.9105], [83.0253, 40.93793], [82.99937, 40.9019], [82.87218, 40.9465], [82.85662, 40.98306], [82.81917, 40.9867], [82.80891, 40.958], [82.75402, 41.02884], [82.70204, 41.03397], [82.69997, 41.00425], [82.66103, 41.02616], [82.57137, 41.00576], [82.5408, 40.94931], [82.49406, 40.9774], [82.43028, 40.9395], [82.26832, 40.92171], [82.26608, 40.88604], [82.20629, 40.88871], [82.17271, 40.8546], [81.92702, 40.82282], [81.77624, 40.7096], [81.51956, 40.70898], [81.42049, 40.66914], [81.41935, 40.61425], [81.36792, 40.60573]]]}}, {"type": "Feature", "properties": {"SYS_ID": "1799", "NAME_PY": "Kalasha'er", "NAME_CH": "喀喇沙尔", "NAME_FT": "喀喇沙爾", "X_COORD": 85.72583, "Y_COORD": 41.79674}, "geometry": {"type": "Polygon", "coordinates": [[[87.49455, 42.92505], [87.6908, 42.66089], [87.85213, 42.54848], [88.36716, 42.42848], [88.41758, 42.5812], [88.48809, 42.65199], [88.62302, 42.66105], [88.74553, 42.57383], [88.77652, 42.48676], [88.71296, 42.05164], [88.63054, 41.94576], [88.39788, 41.80236], [88.46338, 41.63299], [88.35285, 41.46782], [88.19188, 41.36556], [88.15753, 41.20793], [88.25406, 41.08901], [88.75529, 40.90681], [88.85669, 40.82515], [88.83264, 40.69867], [88.77394, 40.63907], [88.75283, 40.32434], [88.89967, 40.11954], [88.45656, 40.07458], [88.20811, 40.14564], [87.81219, 40.43252], [87.5264, 40.56388], [87.35686, 40.58848], [87.23193, 40.70144], [86.76404, 40.91306], [86.60518, 41.05904], [86.39018, 41.0885], [86.33982, 41.12252], [86.32564, 41.18397], [86.1861, 41.19659], [86.03184, 41.15849], [85.95677, 41.19613], [85.78782, 41.12677], [85.71908, 41.14265], [85.68154, 41.10053], [85.58804, 41.128], [85.56365, 41.0967], [85.4099, 41.08865], [85.28976, 41.01933], [85.13384, 41.00137], [84.87284, 41.12303], [84.80773, 41.1255], [84.61794, 41.1024], [84.47955, 41.01802], [84.34151, 41.04316], [84.2928, 41.01972], [84.18184, 41.03646], [84.14365, 41.0097], [84.11847, 41.11846], [84.04902, 41.22844], [84.01929, 41.4478], [83.90832, 41.62735], [83.93961, 41.75255], [84.01223, 41.82159], [84.00917, 42.04778], [83.94203, 42.21388], [83.69945, 42.41189], [83.5, 42.44127], [83.29734, 42.52629], [83.22453, 42.62927], [83.09403, 42.61989], [82.98224, 42.52301], [82.80727, 42.47198], [82.72434, 42.5947], [82.70173, 42.72906], [82.55184, 42.79734], [82.56031, 42.849], [82.77927, 42.90006], [82.91912, 42.97045], [83.35282, 43.00104], [83.45092, 43.10431], [83.51837, 43.12675], [83.75368, 43.06805], [84.18597, 43.12432], [84.22624, 43.15096], [84.26824, 43.27184], [84.57832, 43.3992], [84.86025, 43.35541], [84.89794, 43.38184], [84.91042, 43.49169], [84.95361, 43.51407], [85.15963, 43.48846], [85.31829, 43.52174], [85.51444, 43.40793], [85.59396, 43.39286], [85.73374, 43.48658], [85.83964, 43.50671], [85.96261, 43.49485], [86.09715, 43.40835], [86.30555, 43.44111], [86.40029, 43.425], [86.56793, 43.33918], [86.62168, 43.2094], [86.96832, 43.06113], [87.15441, 43.04792], [87.34864, 43.14651], [87.41858, 43.13712], [87.46774, 43.097], [87.49455, 42.92505]]]}}, {"type": "Feature", "properties": {"SYS_ID": "1800", "NAME_PY": "Wushen", "NAME_CH": "乌什", "NAME_FT": "烏什", "X_COORD": 77.62826, "Y_COORD": 40.97458}, "geometry": {"type": "Polygon", "coordinates": [[[75.78175, 41.15997], [76.34367, 41.2442], [76.46681, 41.23426], [76.62221, 41.31935], [77.16004, 41.3016], [77.23197, 41.32882], [77.29219, 41.26692], [77.41111, 41.24562], [77.73009, 41.30489], [77.83022, 41.41293], [78.1017, 41.45163], [78.22193, 41.52225], [78.32048, 41.66303], [78.32887, 41.89444], [78.4403, 42.11919], [78.54086, 42.06457], [78.71785, 42.0492], [78.83317, 42.00453], [78.9623, 41.92709], [79.04516, 41.81906], [79.29143, 41.79599], [79.45457, 41.73362], [79.61295, 41.54241], [79.63272, 41.43143], [79.63116, 41.30777], [79.58271, 41.17995], [79.44699, 41.0938], [79.3389, 40.8851], [79.27145, 40.82053], [78.86451, 40.54367], [78.78766, 40.40892], [78.50015, 40.30909], [78.07629, 40.26603], [77.7152, 40.139], [77.60357, 40.0336], [77.35246, 39.94288], [77.35599, 39.84173], [76.85791, 39.83007], [76.56175, 39.87114], [76.52904, 39.91498], [76.53982, 39.96782], [76.60111, 40.01], [76.72034, 40.07154], [76.96519, 40.12828], [76.93299, 40.21137], [76.7311, 40.35881], [76.37747, 40.24753], [76.31975, 40.39097], [76.26872, 40.43986], [76.17966, 40.38282], [76.04932, 40.38854], [76.03098, 40.34894], [75.96374, 40.37834], [75.90835, 40.28757], [75.8185, 40.32539], [75.69683, 40.28293], [75.66217, 40.36692], [75.72151, 40.47274], [75.63237, 40.52989], [75.62273, 40.62147], [75.68889, 40.67941], [75.68074, 40.8592], [75.80041, 41.02049], [75.78175, 41.15997]]]}}, {"type": "Feature", "properties": {"SYS_ID": "1801", "NAME_PY": "Ku'erkalawu", "NAME_CH": "喀喇乌苏", "NAME_FT": "喀喇烏蘇", "X_COORD": 83.52946, "Y_COORD": 44.57422}, "geometry": {"type": "Polygon", "coordinates": [[[84.7692, 43.62827], [83.91942, 43.90709], [83.19231, 44.08063], [83.08015, 44.07577], [82.9714, 44.02138], [82.66544, 44.10259], [82.50978, 44.0878], [82.13152, 44.14206], [82.03058, 44.19017], [82.01972, 44.2552], [81.9587, 44.32177], [81.93217, 44.38208], [81.9448, 44.50592], [81.9748, 44.56481], [82.22383, 44.69397], [82.53396, 44.6819], [82.72673, 44.82674], [82.74372, 44.85658], [82.68383, 44.87561], [82.58089, 45.04679], [82.63645, 45.1294], [82.62134, 45.1815], [82.67911, 45.20602], [82.86078, 45.16672], [83.22342, 45.00396], [83.43576, 44.98851], [83.99424, 45.27974], [84.50124, 45.43363], [84.58845, 45.47102], [84.62168, 45.52019], [84.64645, 45.41122], [84.61095, 45.14157], [84.63512, 45.09182], [84.78402, 44.96636], [85.12486, 44.55901], [85.04027, 44.18259], [84.87485, 44.07928], [84.83897, 44.02357], [84.84027, 43.74272], [84.7692, 43.62827]]]}}, {"type": "Feature", "properties": {"SYS_ID": "1802", "NAME_PY": "Geshenge'er", "NAME_CH": "喀什噶尔", "NAME_FT": "喀什噶爾", "X_COORD": 74.57303, "Y_COORD": 39.1152}, "geometry": {"type": "Polygon", "coordinates": [[[76.85791, 39.83007], [77.33228, 39.84284], [77.32645, 39.80089], [77.44366, 39.60553], [77.45113, 39.42941], [77.37104, 39.26089], [77.10761, 38.94039], [77.00494, 38.56281], [76.8107, 38.40702], [76.40843, 38.2409], [76.34064, 38.23069], [76.08989, 38.34905], [75.88998, 38.31529], [75.61003, 38.18897], [75.39601, 38.2671], [75.3318, 38.37845], [75.43075, 38.55294], [75.55472, 38.6671], [75.602, 38.78786], [75.55204, 38.91628], [75.50918, 38.93874], [74.98609, 38.80056], [74.73859, 38.78885], [74.66196, 38.81308], [74.54332, 39.02002], [74.4525, 39.0477], [74.14446, 38.95853], [73.71753, 38.90963], [73.69399, 38.85735], [73.55769, 38.82285], [73.61361, 38.73408], [73.75485, 38.70811], [73.7901, 38.67499], [73.79384, 38.61126], [73.88149, 38.5864], [73.9211, 38.53636], [74.08096, 38.5481], [74.07599, 38.59724], [74.14337, 38.68158], [74.50982, 38.63612], [74.84817, 38.48424], [74.86202, 38.39491], [74.77656, 38.34241], [74.79797, 38.1538], [74.81524, 38.0847], [74.86729, 38.02429], [74.91536, 38.01694], [74.91297, 37.84528], [75.0035, 37.7846], [74.88844, 37.66128], [74.92024, 37.57205], [75.01198, 37.50773], [75.06519, 37.51989], [75.12917, 37.45385], [75.14988, 37.41067], [75.11326, 37.31886], [74.92816, 37.28486], [74.90642, 37.23381], [74.86386, 37.21902], [74.80915, 37.21309], [74.73145, 37.28189], [74.66332, 37.236], [74.62286, 37.26118], [74.58282, 37.23246], [74.51459, 37.24174], [74.45837, 37.13361], [74.50131, 37.06401], [74.2206, 37.00192], [74.01263, 37.09431], [73.82363, 37.11754], [73.76125, 37.17715], [73.76077, 37.25494], [73.82465, 37.36963], [73.78577, 37.44071], [73.7125, 37.42387], [73.5202, 37.4758], [73.30619, 37.46894], [73.1475, 37.40825], [73.08492, 37.32904], [72.789, 37.22065], [72.66088, 37.0242], [72.32643, 36.97705], [71.83065, 36.68347], [71.70264, 36.67432], [71.68539, 36.70052], [71.80127, 36.89479], [71.79063, 37.0283], [72.00918, 37.23273], [72.06312, 37.32449], [72.04384, 37.45947], [72.18721, 37.59987], [72.143, 37.95007], [71.95037, 38.12855], [71.90014, 38.23403], [71.96102, 38.29363], [72.13406, 38.30249], [72.18866, 38.33269], [72.27458, 38.55171], [72.27671, 38.65408], [72.22698, 38.77419], [72.06393, 38.8334], [72.00631, 38.91215], [72.06724, 39.18344], [72.11762, 39.25601], [72.20428, 39.29945], [72.74466, 39.37508], [72.8714, 39.6268], [73.0764, 39.80826], [73.14245, 39.9247], [73.05809, 40.21091], [72.8704, 40.39094], [72.89032, 40.43598], [73.1043, 40.56595], [73.1704, 40.723], [73.24507, 40.79747], [73.32335, 40.83412], [73.65419, 40.8436], [73.88647, 40.99492], [73.84663, 41.16022], [73.68847, 41.27593], [73.54594, 41.25948], [73.4921, 41.29703], [73.45726, 41.38896], [73.38184, 41.42194], [73.4604, 41.49902], [73.56668, 41.54537], [73.78922, 41.54326], [73.92462, 41.515], [74.0225, 41.41992], [74.23296, 41.36985], [74.37559, 41.3798], [74.46879, 41.44373], [74.62239, 41.40058], [74.74192, 41.43305], [74.79858, 41.4092], [75.2323, 41.44406], [75.36679, 41.39188], [75.62573, 41.366], [75.67767, 41.33417], [75.79894, 41.07976], [75.77274, 40.96848], [75.68074, 40.8592], [75.68889, 40.67941], [75.62273, 40.62147], [75.63237, 40.52989], [75.72151, 40.47274], [75.66217, 40.36692], [75.69683, 40.28293], [75.8185, 40.32539], [75.90835, 40.28757], [75.96374, 40.37834], [76.03098, 40.34894], [76.04932, 40.38854], [76.17966, 40.38282], [76.26872, 40.43986], [76.31975, 40.39097], [76.37747, 40.24753], [76.7311, 40.35881], [76.93299, 40.21137], [76.96519, 40.12828], [76.65007, 40.03946], [76.53982, 39.96782], [76.52904, 39.91498], [76.61111, 39.85568], [76.85791, 39.83007]]]}}, {"type": "Feature", "properties": {"SYS_ID": "1803", "NAME_PY": "Ta'erbahatai", "NAME_CH": "塔尔巴哈台", "NAME_FT": "塔爾巴哈臺", "X_COORD": 84.54742, "Y_COORD": 47.24241}, "geometry": {"type": "Polygon", "coordinates": [[[90.56131, 45.35809], [90.78601, 45.20507], [90.62774, 45.10053], [90.00768, 45.11545], [89.78119, 45.08844], [89.67774, 45.04936], [89.57048, 44.94948], [89.35194, 44.61889], [88.87685, 44.60362], [88.48926, 44.77142], [88.09206, 44.99899], [87.29381, 45.27834], [87.13266, 45.43265], [87.08135, 45.61013], [87.0872, 45.7812], [87.04654, 45.8434], [86.74548, 45.92276], [86.48823, 45.93922], [86.0155, 45.91301], [85.81319, 45.86575], [85.43022, 45.88009], [85.05154, 45.83446], [84.66931, 45.62772], [84.58845, 45.47102], [83.99424, 45.27974], [83.43576, 44.98851], [83.22342, 45.00396], [82.75551, 45.20206], [82.4447, 45.17782], [82.28967, 45.24392], [82.10066, 45.2064], [82.09373, 45.24802], [82.01763, 45.24044], [81.78304, 45.39123], [81.63222, 45.35735], [81.45896, 45.26221], [81.41236, 45.28098], [81.22825, 45.24729], [81.16301, 45.20706], [81.10961, 45.22167], [81.07365, 45.17722], [80.85689, 45.12571], [80.84153, 45.429], [80.72477, 45.53588], [80.56142, 45.53307], [80.45352, 45.62216], [80.32923, 45.66008], [80.19509, 45.85569], [79.97083, 45.83998], [79.94626, 45.9262], [79.83058, 45.91235], [79.70983, 45.96568], [79.53056, 46.1074], [79.29379, 46.11923], [79.2234, 46.14757], [79.19142, 46.19812], [79.08945, 46.22494], [79.041, 46.19635], [78.87366, 46.22765], [78.64704, 46.13465], [78.48642, 46.14027], [78.31253, 46.25676], [78.33996, 46.35758], [78.30875, 46.44374], [78.35563, 46.52938], [78.32822, 46.59599], [78.35539, 46.61286], [78.35075, 46.6832], [78.38931, 46.59089], [78.41276, 46.65794], [78.45373, 46.67143], [78.41076, 46.64061], [78.4493, 46.58419], [78.48498, 46.66621], [78.62744, 46.75128], [78.73505, 46.73251], [78.78996, 46.68669], [78.81915, 46.63981], [78.77553, 46.61211], [78.88328, 46.61012], [78.93118, 46.6365], [78.76504, 46.72314], [78.77227, 46.77849], [78.88315, 46.79905], [78.95083, 46.74086], [79.02919, 46.73374], [78.99064, 46.78303], [79.01697, 46.8174], [79.12473, 46.80514], [79.25691, 46.64895], [79.27387, 46.69], [79.48732, 46.7979], [79.47659, 46.823], [79.59716, 46.95261], [79.51578, 47.17773], [79.54388, 47.23227], [79.70727, 47.28836], [79.67136, 47.38851], [79.69369, 47.41465], [79.65118, 47.42632], [79.6488, 47.47191], [79.5691, 47.54253], [79.59981, 47.65181], [79.68247, 47.69468], [79.80731, 47.70158], [80.07427, 47.86633], [80.27116, 47.90868], [80.30755, 47.94509], [80.42315, 47.93349], [80.53158, 47.96737], [80.58077, 48.04745], [80.69078, 48.06385], [80.71767, 48.04156], [80.7528, 48.06665], [80.80609, 48.0305], [80.93634, 48.13861], [81.00848, 48.12582], [81.07813, 48.20209], [81.1367, 48.38335], [81.26775, 48.51855], [81.2812, 48.60125], [81.50183, 48.68284], [81.61275, 48.80712], [81.80366, 48.84131], [81.91241, 48.82116], [82.05279, 48.86371], [82.43878, 49.2175], [82.5358, 49.32849], [82.54594, 49.38605], [82.50048, 49.47906], [82.57876, 49.65929], [82.68417, 49.82357], [82.80228, 49.89137], [82.94294, 49.80808], [82.93104, 49.77803], [82.97221, 49.77186], [82.94594, 49.72512], [83.02175, 49.72488], [83.0295, 49.6896], [83.34057, 49.69191], [83.36356, 49.63634], [83.46488, 49.5804], [83.53755, 49.58977], [83.65228, 49.48033], [83.87797, 49.44019], [84.21354, 49.20518], [84.20921, 49.14871], [84.16155, 49.10918], [83.90662, 49.01125], [83.81034, 49.01134], [83.55152, 48.93126], [83.45563, 48.80165], [83.4412, 48.71127], [83.48681, 48.65793], [83.51174, 48.48492], [83.61859, 48.40034], [83.58087, 48.33941], [83.48908, 48.28762], [83.49743, 48.21095], [83.63158, 48.08927], [84.17335, 47.86956], [84.49643, 47.79369], [84.68588, 47.81055], [85.04442, 47.9686], [85.07772, 47.95185], [85.21311, 48.00001], [85.3144, 47.98236], [85.35297, 48.01507], [85.53178, 48.02612], [85.54949, 47.98427], [85.64938, 48.01419], [85.7254, 47.96272], [85.75831, 47.98791], [85.83248, 47.95719], [85.87768, 47.97717], [85.87776, 47.94673], [85.90111, 47.97321], [85.96908, 47.95965], [86.16254, 47.86103], [86.26801, 47.84843], [86.26419, 47.86986], [86.31663, 47.8761], [86.38269, 47.84098], [86.48661, 47.89543], [86.68302, 47.83404], [86.7945, 47.72018], [86.94491, 47.66525], [86.946, 47.63667], [87.01989, 47.59904], [87.13412, 47.56593], [87.19857, 47.59143], [87.424, 47.45329], [87.5702, 47.45268], [87.48522, 47.362], [87.36065, 47.32184], [87.26046, 47.15532], [87.26055, 47.08406], [87.36395, 46.99655], [87.44247, 46.98016], [87.43508, 47.06245], [87.47084, 47.10206], [87.64071, 47.03097], [87.70901, 46.82167], [87.6808, 46.76001], [87.71262, 46.69675], [88.00791, 46.57292], [88.14092, 46.58637], [88.33787, 46.5401], [88.50414, 46.54669], [88.58489, 46.45227], [88.65792, 46.4349], [88.75571, 46.35552], [88.90756, 46.37226], [89.07979, 46.45767], [89.15959, 46.42236], [89.31961, 46.48133], [89.50973, 46.34657], [89.90618, 46.20984], [90.03412, 46.10017], [90.28219, 45.99494], [90.41437, 45.90388], [90.36337, 45.78464], [90.47077, 45.4947], [90.56131, 45.35809]]]}}, {"type": "Feature", "properties": {"SYS_ID": "1804", "NAME_PY": "Yili", "NAME_CH": "伊犁", "NAME_FT": "伊犁", "X_COORD": 77.33353, "Y_COORD": 43.99782}, "geometry": {"type": "Polygon", "coordinates": [[[73.92462, 41.515], [73.93655, 41.60801], [73.8747, 41.71236], [73.59907, 41.79157], [73.61338, 41.84567], [73.74389, 41.88954], [73.73778, 41.98253], [73.68988, 41.9995], [73.48499, 41.99384], [73.30619, 42.07686], [73.09507, 42.10346], [73.00066, 42.10815], [72.82278, 42.05831], [72.68664, 42.13043], [72.27166, 42.22007], [72.18819, 42.16746], [72.20029, 42.10623], [72.15449, 42.06018], [71.55448, 42.21039], [71.24352, 42.2239], [71.09813, 42.29549], [70.87246, 42.27246], [70.84517, 42.33667], [70.91882, 42.44483], [70.95383, 42.47814], [71.01822, 42.45226], [71.08917, 42.4706], [71.06246, 42.51803], [70.633, 42.89975], [69.92144, 43.37956], [69.78798, 43.54377], [69.75458, 43.69217], [69.91312, 43.93139], [70.33133, 44.11845], [70.89447, 44.30169], [71.4345, 44.52727], [73.17443, 45.61416], [73.42542, 45.74227], [73.44273, 45.76412], [73.40359, 45.80542], [73.4454, 45.80738], [73.45646, 45.84344], [73.57375, 45.78966], [73.6198, 45.86732], [73.59512, 45.88439], [73.64707, 45.90173], [73.63484, 45.94411], [73.67291, 45.98185], [73.62555, 45.98676], [73.68783, 46.00169], [73.71284, 45.97203], [73.74703, 45.98249], [73.71362, 45.99376], [73.7281, 46.03258], [73.65128, 46.05797], [73.65346, 46.10144], [73.63755, 46.06832], [73.61421, 46.09387], [73.64836, 46.10801], [73.62435, 46.1459], [73.72949, 46.17847], [73.73768, 46.22132], [73.68202, 46.23416], [73.74591, 46.24884], [73.78056, 46.30296], [73.75612, 46.23547], [73.82874, 46.15647], [73.89797, 46.2116], [74.0047, 46.1765], [74.05825, 46.23505], [74.03092, 46.21652], [73.99306, 46.23286], [73.99272, 46.26692], [73.95126, 46.2631], [73.93627, 46.30251], [73.9864, 46.31945], [73.97685, 46.35159], [74.01835, 46.35631], [74.07825, 46.43912], [74.2212, 46.43202], [74.2487, 46.47062], [74.3847, 46.51949], [74.39665, 46.56915], [74.53916, 46.59914], [74.55199, 46.70797], [74.59047, 46.74881], [74.64606, 46.74057], [74.61107, 46.75072], [74.62153, 46.77019], [74.85902, 46.75923], [74.86678, 46.80494], [74.94038, 46.78677], [74.97487, 46.8252], [74.99788, 46.80557], [74.97436, 46.7667], [75.00929, 46.76102], [75.07538, 46.83964], [75.13629, 46.75008], [75.36344, 46.6979], [75.66283, 46.74827], [75.75385, 46.80286], [75.82097, 46.76843], [75.81791, 46.79015], [75.92126, 46.83015], [75.97357, 46.81036], [75.92918, 46.80154], [75.97389, 46.76557], [75.93587, 46.75762], [76.01502, 46.75887], [76.05725, 46.79921], [76.06946, 46.77352], [76.16383, 46.80561], [76.26611, 46.77793], [76.35825, 46.70227], [76.33487, 46.7425], [76.38314, 46.71617], [76.39691, 46.63375], [76.39711, 46.65752], [76.45069, 46.64915], [76.51675, 46.60908], [76.51913, 46.65224], [76.72729, 46.67815], [76.70118, 46.63439], [76.92346, 46.54983], [76.82785, 46.65388], [76.74563, 46.68064], [76.83612, 46.68622], [76.93169, 46.62102], [77.05036, 46.63788], [77.12958, 46.55998], [77.10525, 46.54645], [77.14854, 46.53406], [77.23588, 46.54876], [77.27548, 46.62348], [77.64922, 46.63368], [77.58248, 46.66366], [77.60955, 46.66767], [77.672, 46.63845], [77.68595, 46.66078], [77.74092, 46.63581], [77.88043, 46.65161], [78.04142, 46.57962], [78.12552, 46.60862], [78.16424, 46.55069], [78.21571, 46.54021], [78.23758, 46.47354], [78.30875, 46.44374], [78.33943, 46.36967], [78.3186, 46.24744], [78.48642, 46.14027], [78.64704, 46.13465], [78.87366, 46.22765], [79.041, 46.19635], [79.08945, 46.22494], [79.19142, 46.19812], [79.2234, 46.14757], [79.29379, 46.11923], [79.53056, 46.1074], [79.70983, 45.96568], [79.83058, 45.91235], [79.94626, 45.9262], [79.97083, 45.83998], [80.19509, 45.85569], [80.32923, 45.66008], [80.45352, 45.62216], [80.56142, 45.53307], [80.72477, 45.53588], [80.84153, 45.429], [80.85689, 45.12571], [81.07365, 45.17722], [81.10961, 45.22167], [81.16301, 45.20706], [81.22825, 45.24729], [81.41236, 45.28098], [81.45896, 45.26221], [81.63222, 45.35735], [81.78044, 45.39114], [82.01763, 45.24044], [82.09373, 45.24802], [82.10066, 45.2064], [82.28967, 45.24392], [82.43371, 45.17882], [82.61163, 45.19492], [82.63645, 45.1294], [82.58263, 45.0415], [82.69367, 44.86422], [82.74372, 44.85658], [82.73211, 44.83235], [82.53396, 44.6819], [82.22383, 44.69397], [81.9748, 44.56481], [81.93217, 44.38208], [82.01972, 44.2552], [82.03058, 44.19017], [82.13152, 44.14206], [82.50978, 44.0878], [82.77785, 44.08318], [82.90287, 44.02777], [82.9714, 44.02138], [83.08015, 44.07577], [83.31693, 44.05393], [84.43478, 43.74641], [84.7692, 43.62827], [84.91042, 43.49169], [84.89794, 43.38184], [84.86025, 43.35541], [84.57832, 43.3992], [84.26824, 43.27184], [84.22624, 43.15096], [84.18597, 43.12432], [83.75368, 43.06805], [83.51837, 43.12675], [83.45092, 43.10431], [83.35282, 43.00104], [82.91912, 42.97045], [82.77927, 42.90006], [82.56031, 42.849], [82.55184, 42.79734], [82.70173, 42.72906], [82.72434, 42.5947], [82.80089, 42.51005], [82.80727, 42.47198], [82.64419, 42.43941], [82.16879, 42.46133], [82.09716, 42.41332], [81.71635, 42.40522], [81.58526, 42.34012], [81.38015, 42.33163], [81.20656, 42.37051], [80.98384, 42.56938], [80.80531, 42.62769], [80.71735, 42.62536], [80.55412, 42.60962], [80.54759, 42.43222], [80.22502, 42.29686], [79.9192, 42.46163], [79.49414, 42.47513], [78.60973, 42.24597], [78.49621, 42.19558], [78.39211, 42.0477], [78.32887, 41.89444], [78.32048, 41.66303], [78.17534, 41.47696], [77.90368, 41.43846], [77.77414, 41.37167], [77.73009, 41.30489], [77.49501, 41.25781], [77.33805, 41.25069], [77.23197, 41.32882], [77.16004, 41.3016], [76.62221, 41.31935], [76.46681, 41.23426], [76.34367, 41.2442], [75.78175, 41.15997], [75.73634, 41.18998], [75.67767, 41.33417], [75.62573, 41.366], [75.36679, 41.39188], [75.2323, 41.44406], [74.79858, 41.4092], [74.74192, 41.43305], [74.62239, 41.40058], [74.46879, 41.44373], [74.37559, 41.3798], [74.23296, 41.36985], [74.0225, 41.41992], [73.92462, 41.515]]]}}, {"type": "Feature", "properties": {"SYS_ID": "1805", "NAME_PY": "Tangnuwulianghai", "NAME_CH": "唐努乌梁海", "NAME_FT": "唐努烏粱海", "X_COORD": 93.86311, "Y_COORD": 51.53586}, "geometry": {"type": "Polygon", "coordinates": [[[85.40043, 52.4956], [85.04905, 52.44153], [85.27942, 52.57077], [85.39549, 52.57191], [85.5361, 52.66579], [85.72639, 52.72626], [85.96244, 52.85332], [86.29501, 52.9626], [86.46135, 53.14019], [86.5713, 53.17314], [87.53771, 53.27124], [87.86994, 53.26988], [88.63717, 53.13061], [88.79832, 52.99083], [89.09116, 52.88558], [89.77055, 52.71043], [90.24778, 52.64015], [90.32665, 52.56334], [90.35084, 52.48987], [90.33331, 52.39173], [90.48852, 52.19655], [90.73289, 52.07831], [90.89857, 51.92156], [91.26153, 51.86685], [91.52122, 51.87264], [91.69423, 51.80513], [91.86292, 51.81954], [92.0183, 51.77933], [92.22447, 51.78606], [92.62658, 51.72556], [92.73733, 51.78054], [92.87691, 51.78784], [93.08254, 51.94734], [93.64503, 52.13182], [93.81363, 52.29752], [93.85809, 52.34676], [93.85971, 52.40165], [93.8207, 52.44867], [93.50284, 52.51758], [93.47872, 52.61865], [93.53858, 52.6759], [93.96313, 52.8244], [94.18881, 52.80824], [94.38171, 52.87001], [94.48688, 52.79616], [94.62143, 52.85394], [94.61462, 53.0381], [94.75305, 53.18472], [94.65669, 53.25418], [94.65973, 53.28852], [94.83482, 53.33467], [95.40994, 53.31892], [95.77584, 53.45561], [96.05873, 53.3877], [96.10058, 53.46131], [96.2224, 53.46878], [96.23587, 53.52054], [96.29123, 53.53504], [96.40435, 53.4516], [96.50713, 53.45111], [96.71966, 53.51321], [96.73166, 53.55801], [96.68897, 53.60558], [96.73194, 53.65511], [96.8213, 53.65037], [96.92769, 53.59517], [97.2765, 53.51368], [97.41849, 53.40668], [97.58512, 53.36173], [97.63293, 53.30726], [97.8575, 53.27423], [97.98137, 53.2205], [97.9758, 53.15392], [98.08887, 53.15591], [98.24309, 53.06886], [98.75106, 53.07557], [98.91185, 53.03682], [98.89806, 52.94626], [99.14857, 52.85549], [99.14924, 52.79764], [99.09838, 52.75725], [98.87614, 52.8095], [98.83087, 52.77255], [98.91698, 52.6999], [98.82154, 52.61906], [98.85087, 52.51425], [98.75836, 52.39763], [98.68801, 52.36843], [98.66927, 52.23842], [98.83302, 52.19523], [98.87343, 52.08556], [98.99944, 52.01559], [99.20252, 51.98827], [99.33211, 51.88909], [99.61406, 51.86459], [99.96999, 51.7045], [100.3562, 51.7125], [100.65578, 51.68247], [100.96576, 51.52235], [101.09942, 51.52869], [101.40377, 51.40489], [101.61862, 51.44691], [102.15203, 51.30327], [102.18037, 51.03577], [102.26591, 50.91473], [102.27561, 50.77497], [102.33979, 50.7408], [102.35017, 50.70158], [102.28746, 50.57554], [102.34857, 50.52773], [102.45804, 50.51556], [102.6772, 50.34773], [102.56457, 50.29192], [102.54163, 50.16584], [102.38325, 49.98041], [102.27285, 49.71117], [102.27737, 49.61397], [102.35307, 49.57123], [102.42285, 49.47559], [102.27895, 49.47584], [101.86278, 49.66996], [101.57078, 49.73368], [101.3287, 49.74246], [101.07526, 49.63978], [100.85774, 49.62223], [100.50317, 49.72351], [99.67172, 49.7873], [99.24226, 49.73987], [99.20171, 49.71155], [99.20256, 49.55286], [99.15718, 49.4732], [98.83344, 49.41661], [98.44735, 49.47664], [98.31136, 49.54564], [98.1675, 49.74743], [97.72618, 49.85623], [97.41981, 49.88524], [97.13649, 50.05287], [96.77681, 50.14294], [96.47143, 50.25853], [96.20048, 50.43156], [95.89209, 50.50117], [95.56733, 50.50409], [95.3879, 50.5419], [94.9397, 50.74491], [94.26056, 50.79089], [93.87571, 50.87791], [93.51511, 50.87977], [93.16627, 50.93464], [92.4159, 50.88429], [91.9523, 50.89361], [91.84626, 50.88104], [91.65421, 50.78853], [91.07495, 50.69795], [90.4611, 50.43013], [90.00568, 50.43748], [89.68365, 50.55582], [89.55837, 50.69458], [89.42749, 50.77909], [89.44831, 50.85565], [89.3023, 50.8814], [89.27648, 50.93739], [89.05191, 51.04947], [89.07125, 51.13981], [88.97956, 51.19372], [89.02239, 51.34891], [88.77076, 51.61692], [88.70582, 51.57162], [88.69868, 51.44968], [88.59455, 51.28041], [88.53892, 51.27236], [88.39706, 51.33404], [88.20947, 51.31404], [88.08968, 51.43], [87.94268, 51.44906], [87.91528, 51.49435], [87.91447, 51.53413], [88.0323, 51.58618], [88.1374, 51.71977], [88.12259, 51.75097], [87.932, 51.79104], [87.8958, 51.89251], [87.61707, 51.89748], [87.11148, 51.80431], [86.80965, 51.93139], [86.74346, 52.00467], [86.65392, 52.21578], [86.41587, 52.32607], [85.82047, 52.47756], [85.40043, 52.4956]]]}}, {"type": "Feature", "properties": {"SYS_ID": "1806", "NAME_PY": "Tuxietuhanbu", "NAME_CH": "土谢图汗部", "NAME_FT": "土謝圖汗部", "X_COORD": 107.1175, "Y_COORD": 46.41097}, "geometry": {"type": "Polygon", "coordinates": [[[102.6772, 50.34773], [102.78343, 50.34981], [102.97045, 50.27704], [103.14615, 50.28183], [103.20317, 50.26497], [103.28357, 50.17418], [103.66645, 50.10234], [103.7825, 50.14172], [104.11595, 50.1223], [104.39507, 50.28925], [104.5708, 50.28988], [104.87216, 50.35907], [105.11232, 50.36149], [105.34596, 50.45165], [105.59261, 50.40583], [105.91259, 50.40019], [106.11479, 50.29319], [106.6449, 50.31724], [106.96652, 50.2556], [107.05691, 50.16492], [107.04298, 50.11239], [107.15156, 50.01378], [107.26206, 49.98626], [107.31905, 50.01242], [107.4293, 49.97304], [107.74625, 49.97337], [107.8059, 49.93458], [108.01244, 49.94698], [108.08151, 49.91847], [108.07613, 49.77477], [108.11278, 49.73526], [108.02082, 49.6964], [108.04137, 49.58459], [108.23032, 49.5071], [108.50588, 49.32801], [108.7058, 49.29629], [109.23166, 49.32485], [109.16722, 49.2075], [108.99603, 49.12942], [108.96405, 49.03678], [108.75664, 48.89274], [108.4304, 48.47154], [108.25165, 48.15681], [108.21655, 47.99854], [108.36276, 47.7051], [108.42698, 47.42222], [108.37283, 47.32875], [108.06535, 47.05613], [107.95241, 46.9123], [107.91295, 46.64968], [107.96241, 46.40908], [108.08088, 46.25704], [108.27752, 46.09842], [108.53214, 45.82519], [108.79767, 45.74555], [109.49332, 45.7497], [109.95181, 45.61883], [110.41628, 45.57382], [111.21477, 45.68228], [111.3139, 45.71094], [111.60891, 45.90794], [111.73976, 45.91288], [111.85911, 45.85685], [111.81261, 45.81362], [111.58336, 45.73709], [111.47365, 45.61893], [111.44854, 45.5449], [111.41686, 45.38495], [111.43359, 45.29907], [111.57497, 45.11369], [111.77977, 44.98751], [111.60492, 44.75575], [111.55335, 44.64544], [111.56107, 44.57127], [111.46365, 44.47142], [111.40929, 44.34464], [111.5026, 44.29124], [111.53923, 44.19176], [111.65427, 44.06204], [111.87393, 43.93224], [111.95898, 43.8191], [111.9474, 43.69167], [111.78768, 43.66642], [111.57291, 43.49077], [111.40155, 43.47639], [111.34489, 43.43072], [111.00607, 43.32201], [110.7093, 43.06371], [110.62811, 42.93267], [110.47131, 42.83523], [110.42986, 42.77556], [110.10083, 42.63911], [109.85748, 42.61861], [109.52848, 42.46746], [109.27721, 42.4323], [109.02441, 42.45419], [108.83853, 42.39561], [108.24079, 42.46064], [107.91879, 42.40227], [107.56593, 42.41158], [107.45318, 42.45666], [107.29281, 42.40811], [107.26486, 42.3703], [107.09554, 42.55458], [106.75024, 42.63217], [106.03929, 42.99766], [105.83457, 43.1425], [105.27686, 43.31253], [105.15453, 43.37969], [104.41789, 43.9211], [104.29123, 44.07347], [104.11181, 44.20823], [103.47929, 44.51554], [103.46159, 44.59782], [103.49754, 44.64866], [103.89517, 45.06773], [103.83897, 45.19592], [103.92533, 45.48407], [103.93492, 45.81257], [103.85139, 45.93718], [103.57817, 46.04796], [103.20115, 46.31114], [102.58378, 46.938], [102.54322, 47.05531], [102.9066, 47.65371], [102.90557, 47.75652], [102.35731, 48.14746], [102.29682, 48.26887], [102.32622, 48.47238], [102.45745, 48.59959], [102.68554, 48.718], [103.09748, 48.79553], [103.19905, 48.87278], [103.10497, 49.10802], [103.06195, 49.14332], [102.91638, 49.22663], [102.75347, 49.24404], [102.57547, 49.31474], [102.41016, 49.51484], [102.27737, 49.61397], [102.27285, 49.71117], [102.38325, 49.98041], [102.52263, 50.1318], [102.56457, 50.29192], [102.6772, 50.34773]]]}}, {"type": "Feature", "properties": {"SYS_ID": "1807", "NAME_PY": "Chechenhanbu", "NAME_CH": "车臣汗部", "NAME_FT": "車臣汗部", "X_COORD": 113.91287, "Y_COORD": 47.84134}, "geometry": {"type": "Polygon", "coordinates": [[[116.71928, 49.84715], [116.06093, 49.38818], [116.04747, 48.98069], [116.07137, 48.81938], [115.7942, 48.52242], [115.81341, 48.25887], [115.53011, 48.14301], [115.57346, 47.92113], [115.93058, 47.68015], [116.38477, 47.60056], [116.88816, 47.57633], [117.37518, 47.64004], [117.51548, 47.77879], [117.83608, 47.90984], [117.97583, 48.00957], [118.11419, 48.04458], [118.55493, 47.99346], [118.75482, 47.77208], [119.12168, 47.66404], [119.14281, 47.53985], [119.35764, 47.4796], [119.32201, 47.42778], [119.55435, 47.2985], [119.54883, 47.25246], [119.62473, 47.25032], [119.70572, 47.19156], [119.79934, 47.05782], [119.78333, 47.02242], [119.85713, 46.96239], [119.8539, 46.91503], [119.91279, 46.90316], [119.87542, 46.82107], [119.74731, 46.78169], [119.69004, 46.69727], [119.6833, 46.62187], [119.43257, 46.63745], [119.32769, 46.60476], [119.22734, 46.6498], [119.10021, 46.64408], [119.00059, 46.74183], [118.91517, 46.72366], [118.89636, 46.77945], [118.82615, 46.76564], [118.79079, 46.68605], [118.65041, 46.71398], [118.45089, 46.70128], [118.31123, 46.73789], [118.04384, 46.62773], [117.92244, 46.61153], [117.82236, 46.52683], [117.6867, 46.51503], [117.59171, 46.60076], [117.41399, 46.58024], [117.44181, 46.52434], [117.37303, 46.40852], [117.28405, 46.41456], [117.07025, 46.55412], [116.90078, 46.62275], [116.35857, 46.69691], [116.28617, 46.68366], [116.23985, 46.52716], [116.28349, 46.39865], [116.1883, 46.14279], [116.26182, 45.94017], [116.23741, 45.87856], [116.28168, 45.77015], [116.1816, 45.69249], [116.03092, 45.67968], [115.92543, 45.62661], [115.70507, 45.46209], [115.54979, 45.54144], [115.47986, 45.54078], [115.37582, 45.40677], [115.29476, 45.40363], [115.01649, 45.42444], [114.87588, 45.54861], [114.69534, 45.82023], [114.53494, 45.9254], [114.33591, 45.93873], [114.222, 45.98165], [113.90453, 46.2554], [112.88827, 46.49395], [112.68595, 46.51371], [112.37549, 46.44207], [112.22973, 46.37698], [112.05045, 46.19306], [112.00328, 46.03259], [111.85911, 45.85685], [111.73976, 45.91288], [111.60891, 45.90794], [111.3139, 45.71094], [111.21477, 45.68228], [110.74925, 45.60322], [110.30152, 45.57026], [109.95181, 45.61883], [109.49332, 45.7497], [108.9227, 45.73777], [108.60135, 45.79235], [108.53214, 45.82519], [108.27752, 46.09842], [108.08088, 46.25704], [107.96241, 46.40908], [107.91295, 46.64968], [107.95241, 46.9123], [108.06535, 47.05613], [108.37283, 47.32875], [108.42698, 47.42222], [108.36276, 47.7051], [108.21655, 47.99854], [108.25165, 48.15681], [108.4304, 48.47154], [108.75664, 48.89274], [108.96405, 49.03678], [108.99603, 49.12942], [109.16722, 49.2075], [109.23166, 49.32485], [109.3699, 49.30232], [109.54791, 49.19633], [109.71051, 49.2121], [110.17918, 49.14395], [110.28546, 49.14771], [110.38593, 49.21737], [110.67248, 49.12341], [110.91275, 49.14096], [110.99496, 49.16841], [111.08365, 49.26094], [111.2421, 49.28042], [111.33074, 49.33905], [111.51806, 49.32774], [111.65977, 49.37619], [111.89352, 49.36607], [112.36205, 49.52658], [112.77676, 49.50799], [113.05238, 49.62717], [113.11043, 49.67815], [113.1552, 49.8094], [113.24991, 49.86626], [113.62731, 49.99347], [113.74306, 50.07244], [114.13366, 50.22715], [114.32827, 50.27495], [114.61203, 50.27906], [114.87199, 50.23787], [115.05347, 50.13675], [115.21284, 49.97916], [115.67977, 49.8576], [115.78574, 49.86978], [116.06382, 50.00904], [116.26627, 50.04713], [116.7453, 49.9196], [116.71928, 49.84715]]]}}, {"type": "Feature", "properties": {"SYS_ID": "1808", "NAME_PY": "Kebuduo", "NAME_CH": "科布多", "NAME_FT": "科布多", "X_COORD": 89.60284, "Y_COORD": 48.64412}, "geometry": {"type": "Polygon", "coordinates": [[[93.49609, 48.29522], [93.31694, 48.15775], [93.24923, 48.03678], [93.27322, 47.8564], [93.36318, 47.77942], [93.38603, 47.42436], [93.34719, 47.33388], [92.95326, 46.90694], [92.89871, 46.53566], [92.9447, 46.38726], [93.04507, 46.25191], [93.41561, 46.02029], [93.96326, 45.55085], [94.11511, 45.2529], [94.20154, 44.79266], [93.76259, 44.87694], [93.50695, 44.96652], [93.43255, 44.95495], [93.17219, 45.01399], [92.98535, 44.99666], [92.88155, 45.04356], [92.77611, 45.04463], [92.50187, 45.00327], [92.24518, 45.0089], [92.08568, 45.08011], [91.61384, 45.06419], [91.49978, 45.09555], [91.42725, 45.15523], [91.3761, 45.1072], [91.23207, 45.13579], [91.15137, 45.20322], [90.9907, 45.21795], [90.8804, 45.19085], [90.64734, 45.28644], [90.49842, 45.44602], [90.36337, 45.78464], [90.41437, 45.90388], [90.28219, 45.99494], [90.03412, 46.10017], [89.90618, 46.20984], [89.50973, 46.34657], [89.31961, 46.48133], [89.15959, 46.42236], [89.07979, 46.45767], [88.90756, 46.37226], [88.75571, 46.35552], [88.65792, 46.4349], [88.58489, 46.45227], [88.50414, 46.54669], [88.33787, 46.5401], [88.14092, 46.58637], [88.00791, 46.57292], [87.71262, 46.69675], [87.6808, 46.76001], [87.70901, 46.82167], [87.64071, 47.03097], [87.47084, 47.10206], [87.43508, 47.06245], [87.44247, 46.98016], [87.36395, 46.99655], [87.26055, 47.08406], [87.26046, 47.15532], [87.36065, 47.32184], [87.48522, 47.362], [87.5702, 47.45268], [87.424, 47.45329], [87.19857, 47.59143], [87.13412, 47.56593], [87.01989, 47.59904], [86.946, 47.63667], [86.94491, 47.66525], [86.7945, 47.72018], [86.68302, 47.83404], [86.48661, 47.89543], [86.38269, 47.84098], [86.31663, 47.8761], [86.26419, 47.86986], [86.26801, 47.84843], [86.16254, 47.86103], [85.96908, 47.95965], [85.90111, 47.97321], [85.87776, 47.94673], [85.87768, 47.97717], [85.83248, 47.95719], [85.75831, 47.98791], [85.7254, 47.96272], [85.64938, 48.01419], [85.54949, 47.98427], [85.53178, 48.02612], [85.35297, 48.01507], [85.3144, 47.98236], [85.21311, 48.00001], [85.07772, 47.95185], [85.04442, 47.9686], [84.68588, 47.81055], [84.49643, 47.79369], [84.07801, 47.90314], [83.6912, 48.05528], [83.57439, 48.13068], [83.49743, 48.21095], [83.48908, 48.28762], [83.58087, 48.33941], [83.61859, 48.40034], [83.51174, 48.48492], [83.48681, 48.65793], [83.4412, 48.71127], [83.49941, 48.88244], [83.55152, 48.93126], [83.81034, 49.01134], [83.90662, 49.01125], [84.16155, 49.10918], [84.20921, 49.14871], [84.21354, 49.20518], [83.87797, 49.44019], [83.65228, 49.48033], [83.53755, 49.58977], [83.46488, 49.5804], [83.36356, 49.63634], [83.34057, 49.69191], [83.0295, 49.6896], [83.02175, 49.72488], [82.94594, 49.72512], [82.97221, 49.77186], [82.93104, 49.77803], [82.94294, 49.80808], [82.80228, 49.89137], [82.85439, 49.96712], [83.08642, 50.15372], [83.19993, 50.41524], [83.20577, 50.59565], [83.0847, 50.87858], [82.81905, 50.95787], [82.66304, 51.09953], [82.66508, 51.16082], [82.71073, 51.14893], [82.75235, 51.1843], [82.74756, 51.25473], [82.78048, 51.25625], [82.8191, 51.32581], [82.86758, 51.32499], [82.84214, 51.35418], [82.89389, 51.37546], [82.87255, 51.39192], [82.93665, 51.46547], [82.92743, 51.49186], [83.62494, 51.72187], [84.13956, 51.82847], [84.41859, 51.91904], [84.65829, 52.07131], [85.04905, 52.44153], [85.40043, 52.4956], [85.82047, 52.47756], [86.00787, 52.44676], [86.59063, 52.25289], [86.68674, 52.1765], [86.74346, 52.00467], [86.80965, 51.93139], [87.11148, 51.80431], [87.61707, 51.89748], [87.8958, 51.89251], [87.932, 51.79104], [88.12259, 51.75097], [88.1374, 51.71977], [88.0323, 51.58618], [87.91447, 51.53413], [87.91528, 51.49435], [87.94268, 51.44906], [88.08968, 51.43], [88.20947, 51.31404], [88.39706, 51.33404], [88.53892, 51.27236], [88.59455, 51.28041], [88.69868, 51.44968], [88.70582, 51.57162], [88.77076, 51.61692], [88.80872, 51.60038], [88.85933, 51.49873], [89.02239, 51.34891], [88.97956, 51.19372], [89.07125, 51.13981], [89.05191, 51.04947], [89.27648, 50.93739], [89.3023, 50.8814], [89.44831, 50.85565], [89.42749, 50.77909], [89.55837, 50.69458], [89.68365, 50.55582], [90.00568, 50.43748], [90.4611, 50.43013], [91.07495, 50.69795], [91.65421, 50.78853], [91.84626, 50.88104], [93.16627, 50.93464], [93.51511, 50.87977], [93.87571, 50.87791], [94.26056, 50.79089], [94.9397, 50.74491], [95.3879, 50.5419], [95.56733, 50.50409], [95.89209, 50.50117], [96.20048, 50.43156], [96.54374, 50.23122], [96.25085, 50.15262], [96.02417, 50.03989], [95.71658, 49.9897], [95.48585, 49.98805], [95.38813, 50.01982], [95.333, 50.09707], [95.10455, 50.23027], [94.63877, 50.28851], [94.13389, 50.26085], [94.12324, 50.21789], [94.16329, 50.18683], [94.18671, 50.06734], [94.00982, 49.99885], [93.93944, 49.89534], [93.95762, 49.73041], [94.06768, 49.50431], [93.8618, 49.09808], [93.3562, 48.86459], [93.15784, 48.66915], [93.24054, 48.51785], [93.50345, 48.36614], [93.49609, 48.29522]]]}}, {"type": "Feature", "properties": {"SYS_ID": "1809", "NAME_PY": "Sanyinruoyanbu", "NAME_CH": "三音诺颜部", "NAME_FT": "三音諾顏部", "X_COORD": 101.39493, "Y_COORD": 45.64701}, "geometry": {"type": "Polygon", "coordinates": [[[100.85774, 49.62223], [101.07526, 49.63978], [101.3287, 49.74246], [101.66554, 49.71876], [101.95205, 49.63604], [102.27895, 49.47584], [102.42285, 49.47559], [102.57547, 49.31474], [102.75347, 49.24404], [102.91638, 49.22663], [103.10497, 49.10802], [103.19905, 48.87278], [103.09748, 48.79553], [102.68554, 48.718], [102.45745, 48.59959], [102.32622, 48.47238], [102.29682, 48.26887], [102.35731, 48.14746], [102.90557, 47.75652], [102.9066, 47.65371], [102.54322, 47.05531], [102.58378, 46.938], [103.20115, 46.31114], [103.57817, 46.04796], [103.85139, 45.93718], [103.93492, 45.81257], [103.92533, 45.48407], [103.83897, 45.19592], [103.89517, 45.06773], [103.49754, 44.64866], [103.46159, 44.59782], [103.47929, 44.51554], [104.11181, 44.20823], [104.29123, 44.07347], [104.41789, 43.9211], [105.15453, 43.37969], [105.27686, 43.31253], [105.83457, 43.1425], [106.03929, 42.99766], [106.75024, 42.63217], [107.09554, 42.55458], [107.26486, 42.3703], [106.786, 42.29143], [105.69694, 41.93091], [105.2838, 41.74485], [105.22873, 41.74703], [104.93931, 41.55157], [104.78959, 41.60296], [104.52493, 41.87338], [104.06874, 41.80054], [103.84377, 41.80061], [103.3857, 41.88799], [102.7078, 42.15107], [102.44348, 42.14421], [102.07555, 42.22493], [101.79661, 42.50153], [101.69218, 42.51267], [101.65805, 42.5675], [101.56542, 42.6172], [100.68442, 42.9893], [100.09618, 42.9014], [99.37296, 42.93569], [99.13004, 42.90667], [99.13076, 43.16259], [99.03599, 43.31854], [99.01685, 43.47677], [98.94565, 43.63542], [98.92724, 43.92484], [98.70931, 44.08084], [98.28554, 44.27881], [98.20483, 44.36729], [98.15805, 44.48287], [98.18074, 44.5971], [98.29731, 44.72672], [98.75076, 44.88939], [98.87203, 44.97077], [98.88826, 45.03094], [98.82498, 45.15631], [98.63144, 45.28742], [98.56717, 45.36888], [98.52502, 45.45505], [98.50132, 45.69313], [98.45558, 45.78516], [98.35321, 45.86923], [98.22323, 45.89447], [98.19771, 46.05488], [97.91687, 46.10009], [97.80011, 46.23895], [97.50659, 46.38431], [97.44936, 46.48154], [97.52293, 46.77376], [97.45169, 46.82657], [97.26175, 46.87216], [96.79174, 46.86228], [96.20639, 47.00196], [96.06347, 47.06931], [95.8337, 47.34422], [95.90924, 47.38127], [95.9086, 47.4593], [95.8633, 47.48534], [95.8538, 47.53169], [95.76861, 47.55809], [95.64191, 47.52426], [95.525, 47.54757], [95.7671, 47.8025], [96.01669, 47.97623], [96.34322, 48.14331], [96.70369, 48.17524], [97.21517, 48.12689], [97.44351, 48.03689], [97.58317, 48.07255], [97.70191, 48.3625], [97.73476, 48.72478], [97.76538, 48.79177], [97.84937, 48.83484], [98.43169, 48.88312], [99.03973, 48.81552], [99.50663, 48.82724], [99.99434, 48.92907], [100.56885, 49.13954], [100.69318, 49.26663], [100.8742, 49.33846], [100.91821, 49.42256], [100.86153, 49.50558], [100.85774, 49.62223]]]}}, {"type": "Feature", "properties": {"SYS_ID": "1810", "NAME_PY": "Zhasaketuhanbu", "NAME_CH": "扎萨克图汗部", "NAME_FT": "扎薩克圖汗部", "X_COORD": 96.90846, "Y_COORD": 46.5577}, "geometry": {"type": "Polygon", "coordinates": [[[96.24569, 43.34414], [96.16901, 43.47901], [96.09384, 43.80306], [95.92833, 44.01039], [95.54362, 44.23392], [94.88929, 44.45006], [94.36321, 44.68805], [94.20154, 44.79266], [94.11511, 45.2529], [93.96326, 45.55085], [93.41561, 46.02029], [93.04507, 46.25191], [92.9447, 46.38726], [92.89871, 46.53566], [92.95326, 46.90694], [93.34719, 47.33388], [93.38603, 47.42436], [93.36318, 47.77942], [93.27322, 47.8564], [93.24923, 48.03678], [93.31694, 48.15775], [93.49609, 48.29522], [93.50453, 48.36114], [93.24054, 48.51785], [93.15784, 48.66915], [93.3562, 48.86459], [93.8618, 49.09808], [94.06768, 49.50431], [93.95762, 49.73041], [93.93944, 49.89534], [94.00982, 49.99885], [94.18671, 50.06734], [94.16329, 50.18683], [94.12324, 50.21789], [94.13389, 50.26085], [94.63877, 50.28851], [95.10455, 50.23027], [95.333, 50.09707], [95.38813, 50.01982], [95.48585, 49.98805], [95.71658, 49.9897], [96.02417, 50.03989], [96.25085, 50.15262], [96.54374, 50.23122], [97.13649, 50.05287], [97.41981, 49.88524], [97.72618, 49.85623], [98.1675, 49.74743], [98.2631, 49.59527], [98.37174, 49.50835], [98.7128, 49.42163], [98.95103, 49.4182], [99.15718, 49.4732], [99.20256, 49.55286], [99.20171, 49.71155], [99.27317, 49.75258], [99.45858, 49.78259], [99.82998, 49.78202], [100.50317, 49.72351], [100.85774, 49.62223], [100.85151, 49.54529], [100.916, 49.38073], [100.69318, 49.26663], [100.56885, 49.13954], [100.3261, 49.04435], [99.99434, 48.92907], [99.50663, 48.82724], [99.03973, 48.81552], [98.43169, 48.88312], [97.84937, 48.83484], [97.76538, 48.79177], [97.73476, 48.72478], [97.70191, 48.3625], [97.58317, 48.07255], [97.44351, 48.03689], [97.21517, 48.12689], [96.70369, 48.17524], [96.34322, 48.14331], [96.01669, 47.97623], [95.7671, 47.8025], [95.5536, 47.595], [95.525, 47.54757], [95.55824, 47.53698], [95.64191, 47.52426], [95.76861, 47.55809], [95.8538, 47.53169], [95.8633, 47.48534], [95.9086, 47.4593], [95.90924, 47.38127], [95.8337, 47.34422], [96.06347, 47.06931], [96.20639, 47.00196], [96.79174, 46.86228], [97.26175, 46.87216], [97.45169, 46.82657], [97.52293, 46.77376], [97.44936, 46.48154], [97.50659, 46.38431], [97.80011, 46.23895], [97.91687, 46.10009], [98.19771, 46.05488], [98.22323, 45.89447], [98.35321, 45.86923], [98.45558, 45.78516], [98.50132, 45.69313], [98.52502, 45.45505], [98.56717, 45.36888], [98.63144, 45.28742], [98.82498, 45.15631], [98.88826, 45.03094], [98.87203, 44.97077], [98.75076, 44.88939], [98.29731, 44.72672], [98.18074, 44.5971], [98.15805, 44.48287], [98.20483, 44.36729], [98.28554, 44.27881], [98.70931, 44.08084], [98.92724, 43.92484], [98.94565, 43.63542], [99.01685, 43.47677], [99.03599, 43.31854], [99.13076, 43.16259], [99.13004, 42.90667], [98.86155, 42.83497], [98.59525, 42.82809], [97.71028, 43.02197], [97.43266, 42.97588], [97.01973, 43.24424], [96.9485, 43.25062], [96.70254, 43.17832], [96.53625, 43.18532], [96.40149, 43.22961], [96.24569, 43.34414]]]}}, {"type": "Feature", "properties": {"SYS_ID": "1811", "NAME_PY": "Xin Zhou", "NAME_CH": "忻州", "NAME_FT": "忻州", "X_COORD": 112.39241, "Y_COORD": 38.31799}, "geometry": {"type": "Polygon", "coordinates": [[[112.41546, 38.66957], [112.98072, 38.65891], [113.12528, 38.55381], [113.13969, 38.42108], [113.0418, 38.33861], [112.8542, 38.26295], [112.61499, 38.21282], [112.28219, 38.27156], [112.22314, 38.21731], [112.21287, 38.12687], [112.03097, 38.09394], [111.99211, 37.94903], [111.94895, 37.91833], [111.73768, 37.91052], [111.64014, 37.9667], [111.7235, 38.24438], [111.78883, 38.34099], [111.81263, 38.72634], [111.86627, 38.70087], [111.93329, 38.58935], [112.00241, 38.55942], [112.21458, 38.68002], [112.27261, 38.67367], [112.30589, 38.6244], [112.41546, 38.66957]]]}}, {"type": "Feature", "properties": {"SYS_ID": "1812", "NAME_PY": "Qin Zhou", "NAME_CH": "沁州", "NAME_FT": "沁州", "X_COORD": 112.69539, "Y_COORD": 36.7208}, "geometry": {"type": "Polygon", "coordinates": [[[112.47415, 37.10321], [112.74235, 37.06688], [112.8022, 36.96759], [112.87182, 36.93196], [113.30142, 36.9628], [113.368, 36.91524], [113.3761, 36.8471], [113.28678, 36.69824], [113.22644, 36.66966], [113.08373, 36.72741], [112.85496, 36.70921], [112.66515, 36.50581], [112.42929, 36.33835], [112.20058, 36.41245], [112.00909, 36.63688], [112.02181, 36.88662], [112.29306, 36.97695], [112.50428, 37.00071], [112.51986, 37.02986], [112.47415, 37.10321]]]}}, {"type": "Feature", "properties": {"SYS_ID": "1813", "NAME_PY": "Huo Zhou", "NAME_CH": "霍州", "NAME_FT": "霍州", "X_COORD": 111.72986, "Y_COORD": 36.6494}, "geometry": {"type": "Polygon", "coordinates": [[[112.01076, 36.89867], [112.00463, 36.54012], [111.92217, 36.40477], [111.91163, 36.30651], [111.71179, 36.30751], [111.49159, 36.37877], [111.49605, 36.42362], [111.63373, 36.43625], [111.68298, 36.49926], [111.63975, 36.72049], [111.51163, 36.82614], [111.44534, 36.83743], [111.46828, 36.96237], [111.71101, 36.99894], [111.93736, 36.95311], [112.01076, 36.89867]]]}}, {"type": "Feature", "properties": {"SYS_ID": "1818", "NAME_PY": "Liao Zhou", "NAME_CH": "辽州", "NAME_FT": "遼州", "X_COORD": 113.29119, "Y_COORD": 37.14046}, "geometry": {"type": "Polygon", "coordinates": [[[113.95631, 37.38473], [113.82565, 37.16708], [113.76093, 37.14409], [113.75171, 37.07517], [113.78184, 37.05936], [113.76547, 37.01639], [113.78857, 36.99459], [113.75525, 36.95567], [113.78764, 36.88178], [113.77079, 36.73542], [113.62339, 36.67588], [113.5937, 36.75283], [113.47107, 36.72609], [113.45554, 36.7887], [113.3761, 36.8471], [113.368, 36.91524], [113.30142, 36.9628], [112.87182, 36.93196], [112.8022, 36.96759], [112.7594, 37.05188], [112.62147, 37.16653], [112.65121, 37.24072], [112.70986, 37.27963], [112.96674, 37.3647], [113.02731, 37.43213], [113.0593, 37.58049], [113.14134, 37.60504], [113.37391, 37.55827], [113.36125, 37.50625], [113.42417, 37.47361], [113.60469, 37.43213], [113.68415, 37.4629], [113.78367, 37.3694], [113.95631, 37.38473]]]}}, {"type": "Feature", "properties": {"SYS_ID": "1819", "NAME_PY": "Lu'an Fu", "NAME_CH": "潞安府", "NAME_FT": "潞安府", "X_COORD": 113.05241, "Y_COORD": 36.33493}, "geometry": {"type": "Polygon", "coordinates": [[[113.65067, 35.83686], [113.19491, 35.89001], [113.10488, 35.86721], [112.94029, 35.89054], [112.81743, 35.97172], [112.63951, 36.03237], [112.50345, 36.02528], [112.43335, 36.085], [112.50949, 36.21021], [112.43411, 36.22248], [112.38444, 36.26821], [112.38766, 36.33629], [112.60221, 36.45445], [112.85496, 36.70921], [113.08373, 36.72741], [113.22644, 36.66966], [113.28678, 36.69824], [113.3761, 36.8471], [113.45554, 36.7887], [113.46027, 36.69897], [113.50053, 36.70464], [113.4725, 36.64039], [113.53793, 36.6234], [113.53337, 36.59403], [113.58189, 36.56276], [113.5486, 36.49606], [113.70201, 36.42331], [113.72324, 36.38158], [113.69588, 36.20885], [113.66568, 36.20015], [113.69077, 36.18162], [113.65091, 36.16582], [113.69953, 36.13724], [113.64716, 36.12342], [113.67841, 36.06402], [113.6542, 36.03483], [113.69307, 36.0], [113.63164, 35.98867], [113.65067, 35.83686]]]}}, {"type": "Feature", "properties": {"SYS_ID": "1820", "NAME_PY": "Zezhou Fu", "NAME_CH": "泽州府", "NAME_FT": "澤州府", "X_COORD": 112.79014, "Y_COORD": 35.61936}, "geometry": {"type": "Polygon", "coordinates": [[[112.94029, 35.89054], [113.61765, 35.83178], [113.56908, 35.81784], [113.6186, 35.63657], [113.54446, 35.64771], [113.49055, 35.53055], [113.29435, 35.47701], [113.29328, 35.42529], [113.20277, 35.44199], [113.11111, 35.33412], [112.98665, 35.35204], [112.99322, 35.3045], [112.93576, 35.28891], [112.92178, 35.25], [112.80983, 35.25726], [112.75034, 35.20361], [112.67141, 35.22384], [112.64692, 35.26751], [112.60484, 35.22071], [112.39263, 35.24766], [112.28596, 35.21807], [112.28093, 35.25444], [112.21088, 35.23162], [112.20283, 35.25675], [112.06123, 35.28262], [111.98835, 35.19997], [111.97735, 35.22057], [111.96135, 35.37211], [112.03771, 35.55723], [111.99057, 35.73265], [112.05514, 35.85434], [112.17101, 35.83758], [112.17422, 35.90835], [112.36986, 35.90102], [112.50345, 36.02528], [112.56912, 36.03875], [112.81743, 35.97172], [112.94029, 35.89054]]]}}, {"type": "Feature", "properties": {"SYS_ID": "1822", "NAME_PY": "Pingyang Fu", "NAME_CH": "平阳府", "NAME_FT": "平陽府", "X_COORD": 111.47707, "Y_COORD": 36.10477}, "geometry": {"type": "Polygon", "coordinates": [[[110.57848, 35.70945], [110.44464, 36.16486], [110.48488, 36.41411], [110.68843, 36.4053], [110.77044, 36.30581], [110.99435, 36.27952], [111.14398, 36.21704], [111.22775, 36.22925], [111.30785, 36.27824], [111.36017, 36.39177], [111.32062, 36.75314], [111.27112, 36.80439], [111.30917, 36.78785], [111.47492, 36.83464], [111.63975, 36.72049], [111.67953, 36.47159], [111.63373, 36.43625], [111.49605, 36.42362], [111.49159, 36.37877], [111.71179, 36.30751], [111.91163, 36.30651], [111.92217, 36.40477], [111.99872, 36.51437], [112.00909, 36.63688], [112.20058, 36.41245], [112.36282, 36.36455], [112.38444, 36.26821], [112.43411, 36.22248], [112.50949, 36.21021], [112.43335, 36.085], [112.50345, 36.02528], [112.4336, 35.93775], [112.36986, 35.90102], [112.17422, 35.90835], [112.17101, 35.83758], [112.08539, 35.86168], [112.03092, 35.83299], [111.99057, 35.73265], [112.03568, 35.52677], [111.96135, 35.37211], [111.82919, 35.5999], [111.75206, 35.64219], [111.39755, 35.59033], [111.3235, 35.53116], [111.28676, 35.58025], [111.32099, 35.64416], [111.30047, 35.66974], [111.1227, 35.74452], [110.98115, 35.74027], [110.92614, 35.803], [110.87504, 35.75066], [110.57848, 35.70945]]]}}, {"type": "Feature", "properties": {"SYS_ID": "1823", "NAME_PY": "Jie Zhou", "NAME_CH": "解州", "NAME_FT": "解州", "X_COORD": 111.14473, "Y_COORD": 34.97462}, "geometry": {"type": "Polygon", "coordinates": [[[111.70679, 35.00199], [111.66471, 34.98629], [111.66918, 34.94942], [111.56672, 34.84879], [111.22098, 34.79193], [111.15018, 34.8083], [111.09357, 34.75371], [110.96023, 34.70467], [110.92331, 34.73365], [110.89564, 34.66204], [110.75208, 34.65646], [110.6824, 34.59414], [110.58665, 34.58921], [110.62553, 34.8116], [110.73606, 34.89271], [110.71127, 34.95715], [110.73634, 35.01863], [110.87016, 35.0977], [110.88243, 35.25975], [110.96397, 35.36004], [111.07026, 35.32768], [111.15454, 35.25571], [111.27019, 35.28371], [111.42518, 35.26865], [111.49358, 35.18817], [111.59615, 35.14987], [111.70679, 35.00199]]]}}, {"type": "Feature", "properties": {"SYS_ID": "1825", "NAME_PY": "Xi Zhou", "NAME_CH": "隰州", "NAME_FT": "隰州", "X_COORD": 110.92282, "Y_COORD": 36.64072}, "geometry": {"type": "Polygon", "coordinates": [[[110.42113, 36.93776], [110.90343, 36.87999], [111.1024, 37.05746], [111.44548, 37.0315], [111.46957, 36.94426], [111.44534, 36.83743], [111.25829, 36.79252], [111.32062, 36.75314], [111.36095, 36.4029], [111.30785, 36.27824], [111.14398, 36.21704], [110.99435, 36.27952], [110.77044, 36.30581], [110.68843, 36.4053], [110.48488, 36.41411], [110.50008, 36.58114], [110.38811, 36.67961], [110.43301, 36.68473], [110.45012, 36.73003], [110.41945, 36.72417], [110.42699, 36.76294], [110.37981, 36.77015], [110.42085, 36.8011], [110.41975, 36.85968], [110.37607, 36.87403], [110.42113, 36.93776]]]}}, {"type": "Feature", "properties": {"SYS_ID": "1826", "NAME_PY": "Fenzhou Fu", "NAME_CH": "汾州府", "NAME_FT": "汾州府", "X_COORD": 111.44443, "Y_COORD": 37.57904}, "geometry": {"type": "Polygon", "coordinates": [[[110.56651, 38.27485], [110.81713, 38.27934], [110.94417, 38.24617], [111.11715, 38.27726], [111.26506, 38.23028], [111.42436, 38.10636], [111.44239, 37.96639], [111.39641, 37.87971], [111.40929, 37.78053], [111.51146, 37.64165], [111.52295, 37.54241], [111.79362, 37.48524], [111.88139, 37.38494], [112.04553, 37.30586], [112.31279, 37.27877], [112.47415, 37.10321], [112.51555, 37.01302], [112.06933, 36.92027], [112.02181, 36.88662], [111.93736, 36.95311], [111.80821, 36.98371], [111.66715, 37.00368], [111.46828, 36.96237], [111.42605, 37.03827], [111.31712, 37.0243], [111.16654, 37.06557], [111.08191, 37.04664], [110.90343, 36.87999], [110.42113, 36.93776], [110.37202, 37.023], [110.44813, 37.00721], [110.41157, 37.03447], [110.52483, 37.10285], [110.65699, 37.27753], [110.68623, 37.27987], [110.6728, 37.31294], [110.70107, 37.34296], [110.63112, 37.36815], [110.6376, 37.42979], [110.73598, 37.45019], [110.78577, 37.55113], [110.75628, 37.63739], [110.79377, 37.65902], [110.69862, 37.70988], [110.74706, 37.75497], [110.6664, 37.79426], [110.59267, 37.9153], [110.51308, 37.96114], [110.50246, 38.17985], [110.55989, 38.22007], [110.56651, 38.27485]]]}}, {"type": "Feature", "properties": {"SYS_ID": "1827", "NAME_PY": "Ningwu Fu", "NAME_CH": "宁武府", "NAME_FT": "寧武府", "X_COORD": 111.98607, "Y_COORD": 39.10082}, "geometry": {"type": "Polygon", "coordinates": [[[111.40616, 39.49872], [111.42057, 39.61703], [111.45409, 39.61256], [111.42992, 39.64222], [111.77261, 39.59083], [111.86612, 39.62269], [111.96299, 39.56585], [111.96504, 39.52668], [111.89818, 39.4516], [112.02867, 39.31388], [112.15075, 39.27201], [112.25999, 39.12286], [112.39792, 39.05589], [112.56598, 39.06308], [112.5164, 38.96465], [112.31412, 38.83971], [112.31372, 38.74713], [112.41891, 38.72445], [112.4328, 38.67994], [112.32596, 38.62345], [112.27694, 38.63856], [112.27261, 38.67367], [112.21458, 38.68002], [112.0392, 38.56374], [111.93329, 38.58935], [111.84838, 38.72106], [111.79814, 38.70879], [111.67279, 38.83857], [111.6654, 39.01056], [111.57682, 39.13263], [111.5038, 39.38119], [111.40616, 39.49872]]]}}, {"type": "Feature", "properties": {"SYS_ID": "1828", "NAME_PY": "Taiyuan Fu", "NAME_CH": "太原府", "NAME_FT": "太原府", "X_COORD": 112.4213, "Y_COORD": 38.03664}, "geometry": {"type": "Polygon", "coordinates": [[[112.47415, 37.10321], [112.28126, 37.2935], [112.04553, 37.30586], [111.88139, 37.38494], [111.79362, 37.48524], [111.52295, 37.54241], [111.51146, 37.64165], [111.40929, 37.78053], [111.39641, 37.87971], [111.44239, 37.96639], [111.42436, 38.10636], [111.26506, 38.23028], [111.11715, 38.27726], [110.94417, 38.24617], [110.81713, 38.27934], [110.61203, 38.26508], [110.56798, 38.29043], [110.66459, 38.31018], [110.73715, 38.36396], [110.78198, 38.44859], [110.87023, 38.45756], [110.91682, 38.58128], [110.8801, 38.64073], [110.95302, 38.75387], [111.18422, 38.74956], [111.40618, 38.84962], [111.52247, 38.97719], [111.59541, 38.99673], [111.66948, 38.97946], [111.66251, 38.86079], [111.78749, 38.72881], [111.80721, 38.63332], [111.78883, 38.34099], [111.63443, 38.01327], [111.67123, 37.93685], [111.82286, 37.90613], [111.9744, 37.93148], [112.03097, 38.09394], [112.21287, 38.12687], [112.22314, 38.21731], [112.28219, 38.27156], [112.61499, 38.21282], [113.0418, 38.33861], [113.01474, 38.22533], [112.84735, 38.05379], [112.82388, 37.99027], [112.8409, 37.87502], [112.94496, 37.81622], [112.97246, 37.68054], [113.0593, 37.58049], [113.02731, 37.43213], [112.9387, 37.35007], [112.65121, 37.24072], [112.62147, 37.16653], [112.69226, 37.0853], [112.47415, 37.10321]]]}}, {"type": "Feature", "properties": {"SYS_ID": "1829", "NAME_PY": "Baode Zhou", "NAME_CH": "保德州", "NAME_FT": "保德州", "X_COORD": 111.31125, "Y_COORD": 39.11733}, "geometry": {"type": "Polygon", "coordinates": [[[111.1141, 39.37865], [111.16955, 39.42059], [111.33067, 39.41884], [111.40616, 39.49872], [111.5038, 39.38119], [111.57682, 39.13263], [111.66948, 38.97946], [111.52247, 38.97719], [111.42262, 38.86046], [111.18422, 38.74956], [110.95302, 38.75387], [111.01371, 38.87855], [110.97501, 38.97599], [111.12057, 39.05244], [111.2051, 39.27574], [111.2468, 39.29997], [111.18353, 39.31269], [111.18139, 39.3534], [111.1499, 39.34193], [111.1141, 39.37865]]]}}, {"type": "Feature", "properties": {"SYS_ID": "1830", "NAME_PY": "GuiSuiLiTing", "NAME_CH": "归绥六厅", "NAME_FT": "歸綏六廳", "X_COORD": 111.11382, "Y_COORD": 40.57508}, "geometry": {"type": "Polygon", "coordinates": [[[110.00642, 40.50772], [109.95213, 40.75891], [110.05504, 40.80426], [110.3432, 40.78637], [110.56014, 40.87033], [110.59256, 41.07396], [110.67757, 41.12481], [110.62214, 41.17892], [110.63565, 41.20454], [110.89669, 41.22665], [111.34961, 41.55933], [111.4817, 41.51485], [111.58944, 41.41044], [111.71521, 41.40616], [111.77949, 41.29626], [112.18359, 41.20826], [112.20822, 41.16756], [112.05139, 41.07574], [112.07603, 41.01942], [112.18083, 40.96131], [112.13916, 40.72524], [112.08766, 40.58765], [112.00981, 40.5017], [112.17314, 40.39956], [112.27735, 40.41018], [112.24631, 40.29752], [112.26779, 40.20712], [111.92682, 39.67167], [111.79997, 39.5926], [111.42992, 39.64222], [111.35026, 39.75789], [111.43494, 39.9121], [111.39325, 40.04122], [111.28756, 40.15541], [111.04923, 40.26225], [110.87493, 40.40731], [110.1879, 40.54978], [110.16297, 40.51136], [110.02616, 40.53086], [110.00642, 40.50772]]]}}, {"type": "Feature", "properties": {"SYS_ID": "1844", "NAME_PY": "Liangzhou Fu", "NAME_CH": "凉州府", "NAME_FT": "涼州府", "X_COORD": 102.56886, "Y_COORD": 37.67547}, "geometry": {"type": "Polygon", "coordinates": [[[103.79793, 37.70932], [103.80966, 37.59425], [103.77626, 37.4591], [103.64501, 37.17015], [103.62801, 36.91065], [103.67807, 36.55937], [103.64054, 36.26902], [103.56462, 36.20347], [103.40327, 36.23372], [103.34994, 36.19931], [103.33223, 36.14049], [103.16697, 36.1777], [103.09965, 36.2253], [103.07296, 36.21078], [102.8382, 36.34814], [102.85867, 36.47646], [102.73295, 36.56204], [102.67062, 36.81682], [102.41917, 37.01779], [102.49128, 37.11458], [102.62981, 37.1041], [102.61182, 37.15028], [102.47993, 37.22292], [102.42863, 37.28993], [102.35964, 37.28125], [102.2938, 37.36571], [102.06695, 37.40232], [101.9684, 37.50884], [101.58519, 37.61627], [101.15488, 37.87858], [101.22523, 38.02462], [101.36237, 38.15042], [101.3391, 38.32341], [101.50969, 38.46506], [101.46626, 38.62008], [101.3624, 38.76113], [101.3684, 38.80743], [101.39247, 38.83469], [101.57176, 38.74838], [101.9771, 38.64724], [102.19602, 38.68334], [102.45896, 38.62342], [102.49807, 38.68447], [102.38241, 38.81318], [102.37648, 38.872], [102.40385, 38.91226], [102.53623, 38.94827], [102.6239, 39.0541], [102.72952, 39.07439], [103.00433, 39.04048], [103.22901, 39.13982], [103.5545, 39.20699], [103.93158, 39.17907], [103.98497, 39.13265], [103.92869, 38.97301], [103.94174, 38.87905], [103.91461, 38.8459], [103.80465, 38.82688], [103.74081, 38.75684], [103.70936, 38.40742], [103.53945, 38.24205], [103.29261, 38.21348], [103.22736, 38.17842], [103.15733, 38.1165], [103.1138, 38.01666], [103.33018, 37.96222], [103.36096, 37.93218], [103.35991, 37.84925], [103.43004, 37.78602], [103.79793, 37.70932]]]}}, {"type": "Feature", "properties": {"SYS_ID": "1845", "NAME_PY": "Ganzhou Fu", "NAME_CH": "甘州府", "NAME_FT": "甘州府", "X_COORD": 100.35882, "Y_COORD": 38.89308}, "geometry": {"type": "Polygon", "coordinates": [[[101.39247, 38.83469], [101.3624, 38.76113], [101.46626, 38.62008], [101.50969, 38.46506], [101.3391, 38.32341], [101.36237, 38.15042], [101.24039, 38.04426], [101.15274, 37.88285], [101.04104, 37.9733], [100.99871, 38.06459], [100.90266, 38.15281], [100.80446, 38.10604], [100.75491, 38.00364], [100.66266, 38.06047], [99.93523, 38.21176], [99.55417, 38.38883], [99.32717, 38.30937], [99.23949, 38.30887], [99.28801, 38.50983], [99.21722, 38.61203], [99.21129, 38.67334], [99.44036, 38.80726], [99.77285, 39.08275], [99.85346, 39.26276], [99.8552, 39.36332], [99.99798, 39.3699], [99.93343, 39.575], [99.96588, 39.70377], [99.9482, 39.90198], [100.09404, 39.86972], [100.11715, 39.72196], [100.25123, 39.62888], [100.32085, 39.48254], [100.65396, 39.32769], [100.78388, 39.21465], [100.97601, 39.14294], [101.08745, 39.04741], [101.22612, 38.99887], [101.27847, 38.94667], [101.26795, 38.89151], [101.39247, 38.83469]]]}}, {"type": "Feature", "properties": {"SYS_ID": "1846", "NAME_PY": "Anxi Zhou", "NAME_CH": "安西州", "NAME_FT": "安西州", "X_COORD": 95.48445, "Y_COORD": 40.39315}, "geometry": {"type": "Polygon", "coordinates": [[[98.34042, 40.5215], [98.30272, 40.45281], [98.35895, 40.36715], [98.3146, 40.25325], [98.40286, 40.10049], [98.36149, 39.98135], [98.31119, 39.91647], [98.02925, 39.86603], [97.85129, 39.74238], [97.91109, 39.48965], [97.90874, 39.35436], [97.8794, 39.16565], [97.78198, 38.98329], [97.8754, 38.89796], [98.0179, 38.85667], [98.23793, 38.68284], [98.53791, 38.58961], [98.67931, 38.49788], [98.97366, 38.44107], [99.21159, 38.28613], [99.06266, 38.15695], [98.97925, 38.15549], [98.90037, 38.23655], [98.83285, 38.25233], [98.73421, 38.23497], [98.66512, 38.14108], [98.59593, 38.12557], [98.1281, 38.27734], [97.85137, 38.46875], [97.67761, 38.53679], [97.52883, 38.49855], [97.23579, 38.24779], [97.04206, 38.16345], [96.40731, 38.07525], [96.31818, 38.07942], [96.21477, 38.14691], [95.71187, 38.33434], [95.49578, 38.36715], [95.29042, 38.33754], [95.00827, 38.43438], [94.56982, 38.39405], [94.32156, 38.49438], [94.16629, 38.60519], [93.88667, 38.65801], [93.73605, 38.72831], [93.58362, 38.74761], [93.39486, 38.72158], [92.83065, 38.81141], [92.45075, 38.99476], [92.00752, 38.94514], [91.90056, 39.06539], [91.86169, 39.34266], [91.75822, 39.65595], [91.78355, 39.81484], [91.8742, 39.95546], [91.92697, 40.2925], [92.0531, 40.55656], [92.08271, 40.85375], [92.1815, 41.09545], [92.18727, 41.23893], [93.01786, 41.09242], [93.10625, 40.97522], [93.23951, 40.91535], [93.47039, 40.92816], [93.69786, 40.87046], [93.73716, 40.94028], [93.99441, 41.03465], [94.29324, 41.02092], [94.66442, 41.05278], [94.99678, 40.97179], [95.08222, 41.03444], [95.12068, 41.12454], [95.04597, 41.40628], [95.06625, 41.52865], [95.54314, 41.72402], [95.67953, 41.81278], [96.02641, 41.91105], [96.19108, 42.00998], [96.21104, 42.05936], [96.18558, 42.15976], [96.10262, 42.27782], [96.12881, 42.37848], [96.10882, 42.53384], [96.16277, 42.68891], [96.39413, 42.71105], [96.49079, 42.5087], [96.63298, 42.37203], [96.90663, 42.24745], [97.29443, 42.14455], [97.52684, 41.99504], [97.53517, 41.86015], [97.41735, 41.58131], [97.38249, 41.39066], [97.05196, 41.0922], [97.01282, 41.01511], [97.03136, 40.9416], [98.20588, 40.51928], [98.34042, 40.5215]]]}}, {"type": "Feature", "properties": {"SYS_ID": "1847", "NAME_PY": "Su Zhou", "NAME_CH": "肃州", "NAME_FT": "肅州", "X_COORD": 98.9177, "Y_COORD": 39.41311}, "geometry": {"type": "Polygon", "coordinates": [[[99.28801, 38.50983], [99.21159, 38.28613], [98.97366, 38.44107], [98.67931, 38.49788], [98.53791, 38.58961], [98.23793, 38.68284], [98.0179, 38.85667], [97.8754, 38.89796], [97.78845, 38.967], [97.8794, 39.16565], [97.90874, 39.35436], [97.91109, 39.48965], [97.85129, 39.74238], [98.02925, 39.86603], [98.31119, 39.91647], [98.36149, 39.98135], [98.40286, 40.10049], [98.3146, 40.25325], [98.35895, 40.36715], [98.30272, 40.45281], [98.34042, 40.5215], [98.93069, 40.52934], [99.29189, 40.4681], [99.88879, 40.44669], [100.04718, 40.40959], [100.03255, 40.3552], [99.75123, 40.08863], [99.70416, 39.97684], [99.7859, 39.91354], [99.9482, 39.90198], [99.96588, 39.70377], [99.93343, 39.575], [100.00321, 39.3825], [99.8552, 39.36332], [99.85346, 39.26276], [99.77285, 39.08275], [99.44036, 38.80726], [99.21129, 38.67334], [99.21722, 38.61203], [99.28801, 38.50983]]]}}, {"type": "Feature", "properties": {"SYS_ID": "1848", "NAME_PY": "Xining Fu", "NAME_CH": "宁夏府", "NAME_FT": "寧夏府", "X_COORD": 105.87282, "Y_COORD": 38.1182}, "geometry": {"type": "Polygon", "coordinates": [[[107.48553, 37.72062], [107.45677, 37.6891], [107.37522, 37.68915], [107.37699, 37.65039], [107.30046, 37.61146], [107.36035, 37.55504], [107.27929, 37.48135], [107.25487, 37.36562], [107.30499, 37.25027], [107.27279, 37.22666], [107.32764, 37.15741], [107.3001, 37.10326], [107.20435, 37.16058], [106.91291, 37.14136], [106.73423, 37.25368], [106.46136, 37.13523], [106.1359, 37.06435], [105.94205, 36.9567], [105.29205, 36.84554], [105.22623, 36.89794], [105.1871, 36.88886], [105.16317, 36.99292], [104.97208, 37.04647], [104.84827, 37.21947], [104.78216, 37.24866], [104.67657, 37.19363], [104.62622, 37.22639], [104.59354, 37.27387], [104.70914, 37.33787], [104.67235, 37.36395], [104.73546, 37.42155], [104.26012, 37.4235], [104.47048, 37.51787], [104.69818, 37.50488], [105.00391, 37.539], [105.03339, 37.55747], [105.03453, 37.61385], [105.134, 37.6238], [105.2335, 37.68018], [105.56249, 37.6994], [105.599, 37.88444], [105.57597, 38.15251], [105.68222, 38.46046], [105.84813, 38.61305], [105.77204, 38.66825], [105.79704, 38.75784], [105.89028, 38.88756], [105.98442, 38.95266], [106.02387, 39.11663], [106.23964, 39.28898], [106.35782, 39.32282], [106.48191, 39.30699], [106.62662, 39.38982], [106.79572, 39.35887], [106.7922, 39.23251], [106.861, 39.13657], [106.86791, 39.05243], [106.77306, 38.89368], [106.66341, 38.84209], [106.59669, 38.67004], [106.53611, 38.60917], [106.52827, 38.54963], [106.57803, 38.51201], [106.47665, 38.37808], [106.64472, 38.23394], [107.04698, 38.10192], [107.43395, 37.81271], [107.48553, 37.72062]]]}}, {"type": "Feature", "properties": {"SYS_ID": "1852", "NAME_PY": "Xining Fu", "NAME_CH": "西宁府", "NAME_FT": "西寧府", "X_COORD": 101.72304, "Y_COORD": 36.70349}, "geometry": {"type": "Polygon", "coordinates": [[[101.54164, 35.25414], [101.26917, 35.51372], [101.15608, 35.5397], [101.06474, 35.52676], [101.04864, 35.49649], [100.9262, 35.49606], [100.86712, 35.56875], [100.76659, 35.58052], [100.65018, 35.65914], [100.55369, 35.66657], [100.4228, 35.77502], [100.42602, 35.82835], [100.63409, 35.914], [100.65526, 35.97206], [100.71806, 35.98893], [100.73639, 36.07947], [100.83566, 36.12678], [101.00363, 36.12637], [101.04687, 36.0761], [101.15032, 36.05209], [101.2522, 36.07098], [101.30118, 36.14425], [101.2792, 36.26176], [101.01496, 36.51977], [100.92746, 36.77081], [100.94885, 36.84595], [101.01497, 36.87601], [101.13356, 36.87756], [101.27934, 36.8117], [101.30338, 36.83417], [101.30178, 37.0244], [101.10428, 37.22096], [101.00598, 37.25616], [100.91944, 37.36877], [100.96127, 37.43873], [101.12731, 37.52092], [101.1792, 37.58045], [100.94215, 37.62829], [100.91295, 37.58822], [100.83298, 37.58453], [100.74384, 37.66438], [100.55603, 37.72023], [100.72324, 37.85415], [100.80446, 38.10604], [100.88166, 38.15284], [100.94856, 38.12518], [101.05665, 37.95929], [101.3417, 37.74675], [101.529, 37.67099], [101.60213, 37.60927], [101.9684, 37.50884], [102.06695, 37.40232], [102.2938, 37.36571], [102.35964, 37.28125], [102.42863, 37.28993], [102.47993, 37.22292], [102.61182, 37.15028], [102.62981, 37.1041], [102.49128, 37.11458], [102.41917, 37.01779], [102.67062, 36.81682], [102.73295, 36.56204], [102.85867, 36.47646], [102.8382, 36.34814], [103.02227, 36.25698], [102.93272, 36.10763], [102.87962, 36.08794], [102.96754, 36.03699], [102.85489, 35.96297], [102.90089, 35.90074], [102.8934, 35.85574], [102.78146, 35.86231], [102.71249, 35.82045], [102.69058, 35.84487], [102.5015, 35.84273], [102.43489, 35.87825], [102.22717, 35.87908], [102.05929, 35.80163], [102.03969, 35.71175], [101.98621, 35.67189], [101.75848, 35.68595], [101.6975, 35.5088], [101.55997, 35.42408], [101.54164, 35.25414]]]}}, {"type": "Feature", "properties": {"SYS_ID": "1853", "NAME_PY": "Lanzhou Fu", "NAME_CH": "兰州府", "NAME_FT": "蘭州府", "X_COORD": 104.54986, "Y_COORD": 36.26419}, "geometry": {"type": "Polygon", "coordinates": [[[101.98572, 34.89681], [101.83051, 34.81916], [101.71383, 34.86217], [101.65372, 34.94638], [101.54164, 35.25414], [101.55997, 35.42408], [101.6975, 35.5088], [101.75848, 35.68595], [101.98621, 35.67189], [102.03969, 35.71175], [102.05929, 35.80163], [102.22717, 35.87908], [102.43489, 35.87825], [102.5015, 35.84273], [102.69058, 35.84487], [102.71249, 35.82045], [102.78146, 35.86231], [102.88235, 35.85052], [102.90447, 35.88685], [102.85489, 35.96297], [102.96754, 36.03699], [102.87962, 36.08794], [102.93272, 36.10763], [103.02058, 36.24493], [103.33223, 36.14049], [103.34994, 36.19931], [103.40327, 36.23372], [103.54946, 36.20247], [103.61592, 36.22542], [103.67807, 36.55937], [103.62801, 36.91065], [103.64501, 37.17015], [103.77626, 37.4591], [103.80966, 37.59425], [103.80025, 37.70944], [103.89089, 37.68048], [103.92072, 37.57227], [104.06524, 37.53398], [104.20382, 37.41465], [104.44672, 37.41108], [104.47421, 37.44149], [104.73546, 37.42155], [104.67235, 37.36395], [104.70914, 37.33787], [104.59354, 37.27387], [104.62622, 37.22639], [104.67657, 37.19363], [104.78216, 37.24866], [104.84827, 37.21947], [104.9106, 37.09955], [105.03396, 37.01701], [105.16317, 36.99292], [105.1871, 36.88886], [105.27254, 36.87191], [105.32916, 36.79549], [105.19913, 36.70602], [105.26433, 36.57437], [105.24462, 36.54238], [105.3533, 36.49918], [105.40195, 36.36157], [105.47173, 36.29363], [105.45734, 36.24695], [105.48701, 36.19131], [105.31548, 36.14201], [105.16936, 36.14361], [104.87528, 36.23912], [104.81528, 36.10864], [104.635, 36.05855], [104.49668, 35.93741], [104.41882, 35.81454], [104.33131, 35.78424], [104.32994, 35.71393], [104.27178, 35.61832], [104.28067, 35.53359], [104.18792, 35.47065], [104.27309, 35.38424], [104.32572, 35.37337], [104.30815, 35.29711], [104.40963, 35.18167], [104.29042, 35.02944], [104.19163, 34.98403], [104.14763, 34.92536], [103.99172, 34.94368], [103.96641, 34.86589], [103.88776, 34.84589], [103.85177, 34.9317], [103.75756, 34.9656], [103.4882, 34.97313], [103.49618, 35.04679], [103.4631, 35.08916], [103.23535, 35.05652], [103.20375, 35.12824], [102.97749, 35.17106], [102.87194, 35.15131], [102.58389, 35.17403], [102.51171, 35.15834], [102.46437, 35.08425], [102.31713, 35.09419], [102.27529, 35.0566], [102.21853, 35.05873], [102.05598, 34.94667], [102.0, 34.95079], [101.98572, 34.89681]]]}}, {"type": "Feature", "properties": {"SYS_ID": "1855", "NAME_PY": "Gongchang Fu", "NAME_CH": "巩昌府", "NAME_FT": "鞏昌府", "X_COORD": 103.78291, "Y_COORD": 34.70762}, "geometry": {"type": "MultiPolygon", "coordinates": [[[[104.70161, 33.79629], [104.41828, 33.75204], [104.38074, 33.77783], [104.36329, 33.92936], [104.2845, 33.89861], [104.13811, 33.96773], [104.05293, 33.96341], [103.86085, 33.78629], [103.86101, 33.74128], [103.94779, 33.61335], [104.19562, 33.52766], [104.40326, 33.51486], [104.46652, 33.4597], [104.59831, 33.45183], [104.72027, 33.32358], [104.51205, 33.24554], [104.26702, 33.30384], [104.1043, 33.30867], [103.9289, 33.2014], [103.77278, 33.17927], [103.79093, 33.3026], [103.75683, 33.39096], [103.81316, 33.48237], [103.82864, 33.60222], [103.78935, 33.7091], [103.68042, 33.67969], [103.5865, 33.71438], [103.53448, 33.6727], [103.48039, 33.72793], [103.52634, 33.77113], [103.51247, 33.81009], [103.46201, 33.80394], [103.42921, 33.75224], [103.34721, 33.74502], [103.15015, 33.81181], [103.17895, 33.90225], [103.11604, 33.96356], [103.15285, 34.00603], [103.12233, 34.05997], [103.16744, 34.09365], [103.12505, 34.11825], [103.107, 34.1784], [102.98017, 34.19707], [102.97537, 34.25404], [102.92524, 34.30934], [102.73485, 34.26859], [102.69176, 34.20201], [102.60638, 34.16213], [102.65608, 34.08309], [102.43359, 34.09129], [102.30316, 34.04438], [102.30888, 34.12607], [102.21234, 34.26899], [102.06289, 34.42639], [101.85496, 34.53875], [101.86238, 34.70105], [101.91444, 34.79455], [101.91314, 34.87663], [102.21853, 35.05873], [102.27529, 35.0566], [102.31713, 35.09419], [102.46437, 35.08425], [102.51171, 35.15834], [102.58389, 35.17403], [102.87194, 35.15131], [102.97749, 35.17106], [103.20375, 35.12824], [103.23535, 35.05652], [103.4631, 35.08916], [103.49618, 35.04679], [103.4882, 34.97313], [103.75756, 34.9656], [103.85177, 34.9317], [103.88776, 34.84589], [103.96641, 34.86589], [103.99172, 34.94368], [104.13011, 34.91693], [104.29042, 35.02944], [104.40963, 35.18167], [104.30815, 35.29711], [104.32572, 35.37337], [104.27309, 35.38424], [104.18792, 35.47065], [104.28067, 35.53359], [104.27178, 35.61832], [104.32994, 35.71393], [104.33131, 35.78424], [104.41882, 35.81454], [104.49668, 35.93741], [104.635, 36.05855], [104.81528, 36.10864], [104.87528, 36.23912], [105.16936, 36.14361], [105.31548, 36.14201], [105.48701, 36.19131], [105.4912, 36.10489], [105.41899, 36.0988], [105.32175, 36.00743], [105.33012, 35.89199], [105.39252, 35.8564], [105.3673, 35.80712], [105.41966, 35.8205], [105.53857, 35.62859], [105.46886, 35.52649], [105.38536, 35.48142], [105.47702, 35.36181], [105.57829, 35.39017], [105.70569, 35.25141], [105.71476, 35.14273], [105.52864, 35.21649], [105.28131, 35.20497], [105.31876, 35.14202], [105.28398, 35.02697], [105.39378, 35.00213], [105.36911, 34.9509], [105.43638, 34.87893], [105.4773, 34.73279], [105.41583, 34.66419], [105.27659, 34.63435], [105.20867, 34.53368], [105.05718, 34.54581], [104.97427, 34.3073], [104.72189, 34.18729], [104.70662, 34.15733], [104.73308, 34.12498], [104.81158, 34.12897], [104.87435, 34.09347], [104.88956, 33.97704], [104.96105, 33.9104], [104.70161, 33.79629]]], [[[105.55576, 34.24491], [105.5388, 34.18232], [105.39041, 34.13082], [105.42852, 34.07948], [105.55314, 34.10025], [105.59726, 33.88484], [105.56776, 33.84397], [105.40639, 33.83165], [105.40793, 33.78724], [105.49311, 33.73214], [105.42341, 33.64287], [105.35525, 33.67845], [105.33571, 33.75457], [105.17125, 33.86379], [105.13697, 34.03631], [105.18894, 34.13899], [105.3955, 34.22098], [105.45853, 34.29579], [105.52771, 34.30309], [105.55576, 34.24491]]]]}}, {"type": "Feature", "properties": {"SYS_ID": "1857", "NAME_PY": "Zhong Zhou", "NAME_CH": "忠州", "NAME_FT": "忠州", "X_COORD": 107.64631, "Y_COORD": 30.33217}, "geometry": {"type": "Polygon", "coordinates": [[[108.23021, 30.42684], [108.13493, 30.26768], [107.99753, 30.14486], [107.93336, 29.98557], [107.7179, 29.81836], [107.60831, 29.80793], [107.47392, 29.88471], [107.44641, 30.05512], [107.30923, 30.10615], [107.19207, 30.1975], [107.22184, 30.37841], [107.05885, 30.37933], [107.17736, 30.47555], [107.30582, 30.64557], [107.51662, 30.65701], [107.61697, 30.81369], [107.68212, 30.84832], [107.83671, 30.8096], [107.99939, 30.8564], [108.00239, 30.79222], [108.11377, 30.62863], [108.12897, 30.5197], [108.23021, 30.42684]]]}}, {"type": "Feature", "properties": {"SYS_ID": "1859", "NAME_PY": "Xuzhou Fu", "NAME_CH": "叙州府", "NAME_FT": "敘州府", "X_COORD": 104.17088, "Y_COORD": 28.69218}, "geometry": {"type": "Polygon", "coordinates": [[[105.07267, 29.41795], [105.31094, 29.45202], [105.34728, 29.4096], [105.3426, 29.36415], [105.2341, 29.30106], [105.20779, 29.22818], [105.25246, 29.09592], [105.23815, 28.96107], [105.19381, 28.91676], [105.09686, 28.90726], [105.06481, 28.81514], [104.97558, 28.75478], [105.10192, 28.39804], [105.19011, 28.28794], [105.19184, 28.23874], [105.0767, 28.10343], [104.97366, 28.06315], [104.87572, 27.91234], [104.57179, 27.84668], [104.40575, 27.955], [104.30389, 28.04812], [104.38453, 28.062], [104.38971, 28.10068], [104.43837, 28.1212], [104.45546, 28.18101], [104.39696, 28.19771], [104.44501, 28.22326], [104.44529, 28.27217], [104.39518, 28.27389], [104.37092, 28.33628], [104.29093, 28.32838], [104.25334, 28.39708], [104.26251, 28.50106], [104.18669, 28.55641], [104.17078, 28.62413], [103.9409, 28.60724], [103.87841, 28.62539], [103.86322, 28.67492], [103.78269, 28.52414], [103.86993, 28.31506], [103.70839, 28.20623], [103.63273, 28.264], [103.56365, 28.22845], [103.44739, 28.12818], [103.42749, 28.05561], [103.44839, 28.02505], [103.48727, 28.03163], [103.48328, 27.9922], [103.22777, 27.94141], [103.02739, 28.10986], [102.99449, 28.23592], [103.09317, 28.31238], [103.1107, 28.38796], [103.07405, 28.49896], [103.10454, 28.59326], [103.01391, 28.80931], [103.09899, 28.86012], [103.2042, 29.01902], [103.33866, 29.04574], [103.43439, 29.1382], [103.50039, 29.15492], [103.72687, 29.07036], [103.97663, 29.02957], [104.19464, 29.1937], [104.59928, 29.16215], [104.67628, 29.21304], [104.76331, 29.36254], [104.81762, 29.53768], [104.87987, 29.51767], [104.95346, 29.43371], [105.07267, 29.41795]]]}}, {"type": "Feature", "properties": {"SYS_ID": "1860", "NAME_PY": "Jiading Fu", "NAME_CH": "嘉定府", "NAME_FT": "嘉定府", "X_COORD": 103.85802, "Y_COORD": 29.44045}, "geometry": {"type": "Polygon", "coordinates": [[[104.81762, 29.53768], [104.76331, 29.36254], [104.67628, 29.21304], [104.59928, 29.16215], [104.19464, 29.1937], [103.97663, 29.02957], [103.72687, 29.07036], [103.57316, 29.14844], [103.46604, 29.15004], [103.33866, 29.04574], [103.2042, 29.01902], [103.04805, 28.81897], [102.90269, 28.84366], [102.96837, 29.18948], [103.03326, 29.2437], [103.07125, 29.23306], [103.1162, 29.2971], [103.06917, 29.50051], [103.18186, 29.50339], [103.26149, 29.59922], [103.21873, 29.64463], [103.21394, 29.72209], [103.12273, 29.75997], [103.10785, 29.82853], [103.13305, 29.92743], [103.2915, 30.07159], [103.39762, 29.97027], [103.53752, 29.92193], [103.58448, 29.84296], [103.70585, 29.81017], [103.97081, 29.57171], [104.09973, 29.55618], [104.20654, 29.63207], [104.37182, 29.62861], [104.41419, 29.64268], [104.47703, 29.73597], [104.57399, 29.75519], [104.69082, 29.71792], [104.71256, 29.64564], [104.81762, 29.53768]]]}}, {"type": "Feature", "properties": {"SYS_ID": "1861", "NAME_PY": "Songpan Ting", "NAME_CH": "松潘厅", "NAME_FT": "松潘廳", "X_COORD": 101.49406, "Y_COORD": 33.06826}, "geometry": {"type": "Polygon", "coordinates": [[[101.06128, 32.03822], [100.92616, 32.08206], [100.79642, 32.21464], [100.53741, 32.3283], [100.43277, 32.57695], [100.43214, 32.64596], [100.36886, 32.68316], [100.37139, 32.72802], [100.31913, 32.71143], [100.21968, 32.76606], [100.17494, 32.72913], [100.10393, 32.73796], [100.03544, 32.83639], [100.03348, 32.92775], [99.99344, 32.98049], [99.73212, 33.07384], [99.71286, 33.10486], [99.77864, 33.25652], [99.76695, 33.31394], [99.55791, 33.2745], [99.45556, 33.10824], [99.38477, 33.10549], [99.21916, 33.2146], [99.09799, 33.19844], [98.82714, 33.38664], [98.87211, 33.45392], [98.85343, 33.65654], [98.99648, 33.69062], [99.03887, 33.72972], [98.9618, 33.78806], [98.8674, 33.75978], [98.77333, 33.87514], [98.6343, 33.84473], [98.69605, 34.1871], [98.83229, 34.27325], [99.05344, 34.33343], [99.03993, 34.23281], [99.08012, 34.21024], [99.05386, 34.17609], [99.06551, 33.96358], [99.325, 33.72364], [99.37446, 33.75122], [99.39522, 33.81253], [99.47732, 33.81378], [99.54497, 33.75733], [99.76206, 33.80651], [99.90039, 33.7406], [99.89026, 33.70922], [99.9617, 33.6675], [100.01503, 33.67289], [99.99435, 33.64933], [100.07588, 33.59146], [100.16928, 33.56407], [100.29693, 33.69606], [100.24081, 33.73455], [100.24548, 33.76153], [100.35954, 33.75075], [100.66289, 33.92236], [100.7645, 33.93193], [100.81773, 33.8722], [100.84599, 33.87806], [100.83234, 33.85666], [100.88405, 33.78566], [100.91675, 33.79059], [100.90819, 33.76225], [100.93926, 33.771], [100.91647, 33.74691], [101.00532, 33.73862], [100.99516, 33.71487], [101.04618, 33.76283], [101.01149, 33.82806], [101.0387, 33.88588], [101.15294, 33.84121], [101.25639, 33.72903], [101.35818, 33.71097], [101.39315, 33.67276], [101.4912, 33.70295], [101.55786, 33.67024], [101.78769, 33.68748], [101.91059, 33.55507], [101.90042, 33.48696], [101.93034, 33.44799], [102.07216, 33.34382], [102.15278, 33.34423], [102.26055, 33.41975], [102.35463, 33.39323], [102.47712, 33.46435], [102.44748, 33.52547], [102.46735, 33.55149], [102.32317, 33.62445], [102.30798, 33.67833], [102.33329, 33.7316], [102.28353, 33.71167], [102.31805, 33.75837], [102.23241, 33.78959], [102.25031, 33.84872], [102.1412, 33.97755], [102.4259, 34.09041], [102.65608, 34.08309], [102.60638, 34.16213], [102.69176, 34.20201], [102.73077, 34.26667], [102.84283, 34.27382], [102.89042, 34.3166], [102.94759, 34.29356], [102.98017, 34.19707], [103.107, 34.1784], [103.12505, 34.11825], [103.16744, 34.09365], [103.12233, 34.05997], [103.15285, 34.00603], [103.11604, 33.96356], [103.17895, 33.90225], [103.15015, 33.81181], [103.34721, 33.74502], [103.42921, 33.75224], [103.46201, 33.80394], [103.51247, 33.81009], [103.52634, 33.77113], [103.48039, 33.72793], [103.53448, 33.6727], [103.5865, 33.71438], [103.68042, 33.67969], [103.75593, 33.72033], [103.80114, 33.69782], [103.82864, 33.60222], [103.81316, 33.48237], [103.75683, 33.39096], [103.79093, 33.3026], [103.77278, 33.17927], [103.9289, 33.2014], [104.05345, 33.29285], [104.14318, 33.31251], [104.25248, 33.27409], [104.34977, 33.14942], [104.32161, 33.09574], [104.192, 33.0537], [104.15656, 32.99026], [104.19623, 32.7973], [104.29538, 32.69201], [104.29307, 32.64073], [104.07935, 32.56122], [103.92217, 32.4545], [103.74308, 32.44494], [103.7437, 32.29967], [103.61145, 32.34407], [103.53111, 32.28795], [103.10636, 32.24009], [102.98288, 32.19186], [102.92863, 32.11753], [102.97777, 31.90602], [102.79663, 31.83744], [102.67398, 31.80309], [102.49802, 31.91977], [102.27918, 31.95587], [102.13351, 32.04997], [102.0105, 32.02877], [102.0077, 32.16685], [101.87208, 32.22216], [101.82977, 32.21337], [101.81958, 32.17685], [101.70829, 32.14981], [101.60049, 32.23475], [101.27247, 32.0858], [101.14036, 32.08249], [101.06128, 32.03822]]]}}, {"type": "Feature", "properties": {"SYS_ID": "1862", "NAME_PY": "Zagu Ting", "NAME_CH": "杂谷厅", "NAME_FT": "雜谷廳", "X_COORD": 102.77577, "Y_COORD": 31.59444}, "geometry": {"type": "Polygon", "coordinates": [[[102.01746, 32.01202], [102.04839, 32.05361], [102.13351, 32.04997], [102.27918, 31.95587], [102.49802, 31.91977], [102.67398, 31.80309], [103.02019, 31.90045], [103.13352, 31.78341], [103.35641, 31.78612], [103.64696, 31.6616], [103.5577, 31.51166], [103.36405, 31.40078], [103.31214, 31.31832], [103.02752, 31.14929], [102.91571, 31.13526], [102.87988, 31.21764], [102.7653, 31.23348], [102.72658, 31.27265], [102.69507, 31.3619], [102.71345, 31.47251], [102.6826, 31.51521], [102.51949, 31.51984], [102.31059, 31.59938], [102.18064, 31.55236], [102.07063, 31.60904], [102.00003, 31.7528], [101.90459, 31.80922], [102.05094, 31.93654], [102.01746, 32.01202]]]}}, {"type": "Feature", "properties": {"SYS_ID": "1863", "NAME_PY": "Maogong Ting", "NAME_CH": "懋功厅", "NAME_FT": "懋功廳", "X_COORD": 101.93989, "Y_COORD": 31.38877}, "geometry": {"type": "Polygon", "coordinates": [[[102.942, 30.78263], [102.67357, 30.76172], [102.53816, 30.70531], [102.42197, 30.71763], [102.39138, 30.61341], [102.31118, 30.55761], [102.16322, 30.54278], [102.06475, 30.58672], [101.95126, 30.57402], [101.88198, 30.66585], [101.89776, 30.76991], [101.86325, 30.84836], [101.86948, 31.09865], [101.98453, 31.18973], [101.93652, 31.27892], [101.75638, 31.43535], [101.42764, 31.45447], [101.38019, 31.3953], [101.31496, 31.38317], [101.23531, 31.56767], [101.10805, 31.56443], [101.08459, 31.59021], [101.02553, 31.75578], [100.92801, 31.83584], [100.9367, 31.88182], [101.06844, 31.94868], [101.05699, 32.0352], [101.11387, 32.07125], [101.27247, 32.0858], [101.60049, 32.23475], [101.68713, 32.15155], [101.81958, 32.17685], [101.84347, 32.21958], [101.97835, 32.18999], [102.02587, 32.12666], [102.00786, 32.03436], [102.05508, 31.94492], [101.97173, 31.8575], [101.91406, 31.8422], [101.90705, 31.80093], [102.00003, 31.7528], [102.06229, 31.61839], [102.16443, 31.55725], [102.31059, 31.59938], [102.51949, 31.51984], [102.6826, 31.51521], [102.71345, 31.47251], [102.69507, 31.3619], [102.72658, 31.27265], [102.90844, 31.18176], [102.91571, 31.13526], [102.83142, 30.97093], [102.8575, 30.85308], [102.942, 30.78263]]]}}, {"type": "Feature", "properties": {"SYS_ID": "1864", "NAME_PY": "Yazhou Fu", "NAME_CH": "雅州府", "NAME_FT": "雅州府", "X_COORD": 100.33721, "Y_COORD": 30.81728}, "geometry": {"type": "Polygon", "coordinates": [[[101.05699, 32.0352], [101.06844, 31.94868], [100.96473, 31.90545], [100.92801, 31.83584], [101.02553, 31.75578], [101.09961, 31.57125], [101.23531, 31.56767], [101.31496, 31.38317], [101.38019, 31.3953], [101.42764, 31.45447], [101.75638, 31.43535], [101.95134, 31.2581], [101.98453, 31.18973], [101.86948, 31.09865], [101.86325, 30.84836], [101.89776, 30.76991], [101.88198, 30.66585], [101.95126, 30.57402], [102.06475, 30.58672], [102.16322, 30.54278], [102.31118, 30.55761], [102.39138, 30.61341], [102.42197, 30.71763], [102.53816, 30.70531], [102.70605, 30.76743], [102.80194, 30.75284], [102.9527, 30.78742], [103.05215, 30.72714], [103.11686, 30.64254], [103.15307, 30.52329], [103.12082, 30.28078], [103.20013, 30.13394], [103.29705, 30.12723], [103.2915, 30.07159], [103.13305, 29.92743], [103.10785, 29.82853], [103.12273, 29.75997], [103.21394, 29.72209], [103.21873, 29.64463], [103.26149, 29.59922], [103.18186, 29.50339], [103.06917, 29.50051], [103.1162, 29.2971], [103.06195, 29.22688], [103.01862, 29.28412], [102.93916, 29.3053], [102.89219, 29.22233], [102.84198, 29.20557], [102.79315, 29.30708], [102.61189, 29.34263], [102.4904, 29.26322], [102.34029, 29.23051], [102.28425, 29.2684], [102.19708, 29.45142], [102.14425, 29.35087], [102.12881, 29.17712], [102.14422, 29.05208], [102.18775, 28.97901], [102.02887, 28.97273], [102.00137, 28.78313], [101.95424, 28.68041], [101.90492, 28.62126], [101.75159, 28.53855], [101.71945, 28.39209], [101.55731, 28.30954], [101.48815, 28.11785], [101.4206, 28.09945], [101.29633, 28.12432], [101.24344, 28.16322], [101.17072, 28.35031], [100.85942, 28.43343], [100.75483, 28.35094], [100.75833, 28.21795], [100.67756, 27.92638], [100.62289, 27.90619], [100.54778, 27.81506], [100.43143, 27.87112], [100.37762, 27.75942], [100.29449, 27.80276], [100.30441, 27.86946], [100.17572, 27.9022], [100.18625, 27.95563], [100.01894, 28.14799], [99.99883, 28.47755], [100.02064, 28.51272], [100.07355, 28.51323], [100.00262, 28.56847], [99.93897, 28.56341], [99.81251, 28.46793], [99.77139, 28.2807], [99.64041, 28.1285], [99.52731, 28.22166], [99.41799, 28.14158], [99.31234, 28.21887], [99.28326, 28.3017], [99.17344, 28.41541], [99.18159, 28.58996], [99.1077, 28.80957], [99.1313, 28.94501], [99.11231, 29.25112], [98.96298, 29.18727], [99.01852, 29.04395], [98.92093, 28.97832], [98.91525, 28.91754], [98.97274, 28.87316], [98.9705, 28.83771], [98.84078, 28.81069], [98.77833, 29.00312], [98.63176, 28.97457], [98.68777, 28.73422], [98.618, 28.68643], [98.51717, 28.70541], [98.46737, 28.90953], [98.4093, 28.98932], [98.36777, 29.23106], [98.44107, 29.26496], [98.64654, 29.26927], [98.70904, 29.32866], [98.74109, 29.42656], [98.70906, 29.65238], [98.58111, 29.81449], [98.47777, 29.87709], [98.4385, 29.9758], [98.51593, 30.23863], [98.5714, 30.23988], [98.65785, 30.17363], [98.70202, 30.20461], [98.65736, 30.6905], [98.49855, 30.78371], [98.11304, 30.77033], [97.95839, 30.83826], [97.79492, 31.16901], [97.92619, 31.64489], [97.88557, 31.83729], [97.76171, 32.05983], [97.80879, 32.17405], [97.96269, 32.29511], [98.03773, 32.43284], [97.93194, 32.48656], [97.70869, 32.53434], [97.6055, 32.61709], [97.48753, 32.65394], [97.4265, 32.70469], [97.38208, 32.85845], [97.61278, 32.89076], [97.53395, 32.98448], [97.54261, 33.15602], [97.75171, 33.14364], [97.93123, 33.39148], [97.75695, 33.80594], [97.96715, 33.77527], [98.04843, 33.67314], [98.12953, 33.64404], [98.48217, 33.80001], [98.77333, 33.87514], [98.8674, 33.75978], [98.9618, 33.78806], [99.03887, 33.72972], [98.99648, 33.69062], [98.85343, 33.65654], [98.87211, 33.45392], [98.82714, 33.38664], [99.09799, 33.19844], [99.21916, 33.2146], [99.38477, 33.10549], [99.45556, 33.10824], [99.55791, 33.2745], [99.76695, 33.31394], [99.77864, 33.25652], [99.71286, 33.10486], [99.73212, 33.07384], [99.99344, 32.98049], [100.03348, 32.92775], [100.03544, 32.83639], [100.10393, 32.73796], [100.17494, 32.72913], [100.21968, 32.76606], [100.31913, 32.71143], [100.37139, 32.72802], [100.36886, 32.68316], [100.43214, 32.64596], [100.43277, 32.57695], [100.53741, 32.3283], [100.79642, 32.21464], [100.86553, 32.1233], [101.05699, 32.0352]]]}}, {"type": "Feature", "properties": {"SYS_ID": "1865", "NAME_PY": "Ningyuan Fu", "NAME_CH": "宁远府", "NAME_FT": "寧遠府", "X_COORD": 102.1192, "Y_COORD": 27.75119}, "geometry": {"type": "Polygon", "coordinates": [[[100.67756, 27.92638], [100.75833, 28.21795], [100.75483, 28.35094], [100.85942, 28.43343], [101.17072, 28.35031], [101.24344, 28.16322], [101.29633, 28.12432], [101.4206, 28.09945], [101.48815, 28.11785], [101.55731, 28.30954], [101.71945, 28.39209], [101.75159, 28.53855], [101.90492, 28.62126], [101.95424, 28.68041], [102.00137, 28.78313], [102.02887, 28.97273], [102.18775, 28.97901], [102.14422, 29.05208], [102.12881, 29.17712], [102.14425, 29.35087], [102.21158, 29.45578], [102.28425, 29.2684], [102.34029, 29.23051], [102.4904, 29.26322], [102.61189, 29.34263], [102.79315, 29.30708], [102.84198, 29.20557], [102.89219, 29.22233], [102.93916, 29.3053], [103.01862, 29.28412], [103.03326, 29.2437], [102.96837, 29.18948], [102.95632, 29.03088], [102.89842, 28.86473], [102.9088, 28.83493], [103.01391, 28.80931], [103.10454, 28.59326], [103.07405, 28.49896], [103.10609, 28.32991], [102.99449, 28.23592], [103.02739, 28.10986], [103.22777, 27.94141], [103.27616, 27.93142], [103.4947, 28.0], [103.5049, 27.97123], [103.56084, 27.96897], [103.50408, 27.92004], [103.4754, 27.79354], [103.27442, 27.63294], [103.28725, 27.57121], [103.22305, 27.57335], [103.11137, 27.40965], [102.97746, 27.37381], [102.82487, 27.53207], [102.7265, 27.45037], [102.75083, 27.28264], [102.623, 27.2284], [102.86451, 26.95426], [102.91297, 26.76628], [102.88909, 26.69125], [102.73509, 26.65135], [102.68988, 26.60444], [102.74725, 26.45411], [102.72833, 26.39253], [102.64686, 26.33788], [102.55206, 26.36738], [102.38225, 26.29681], [102.34183, 26.24751], [102.25108, 26.22262], [102.09521, 26.07205], [101.92393, 26.1134], [101.84088, 26.04659], [101.83958, 26.15594], [101.90834, 26.20212], [101.93729, 26.41406], [101.87106, 26.45843], [101.85143, 26.57559], [101.80402, 26.61125], [101.7146, 26.59482], [101.68817, 26.56098], [101.6633, 26.58878], [101.62975, 26.5764], [101.60842, 26.73172], [101.38934, 26.89778], [101.33055, 27.07771], [101.25871, 27.18755], [101.19792, 27.21235], [101.06754, 27.19692], [101.05702, 27.29021], [101.01042, 27.31689], [100.93671, 27.47431], [100.88105, 27.4751], [100.87922, 27.61139], [100.82931, 27.62082], [100.84197, 27.68034], [100.78732, 27.68639], [100.67756, 27.92638]]]}}, {"type": "Feature", "properties": {"SYS_ID": "1866", "NAME_PY": "Qiong Zhou", "NAME_CH": "邛州", "NAME_FT": "邛州", "X_COORD": 103.34532, "Y_COORD": 30.48515}, "geometry": {"type": "Polygon", "coordinates": [[[103.49653, 30.16907], [103.20013, 30.13394], [103.12082, 30.28078], [103.15307, 30.52329], [103.08749, 30.68799], [102.9527, 30.78742], [102.98728, 30.81483], [103.1036, 30.75366], [103.35076, 30.84947], [103.40632, 30.83222], [103.55928, 30.64405], [103.59637, 30.51306], [103.73794, 30.34991], [103.49653, 30.16907]]]}}, {"type": "Feature", "properties": {"SYS_ID": "1867", "NAME_PY": "Mei Zhou", "NAME_CH": "眉州", "NAME_FT": "眉州", "X_COORD": 103.6571, "Y_COORD": 30.04285}, "geometry": {"type": "Polygon", "coordinates": [[[103.88772, 29.67662], [103.70585, 29.81017], [103.58448, 29.84296], [103.53752, 29.92193], [103.3671, 29.99117], [103.2915, 30.07159], [103.29705, 30.12723], [103.49653, 30.16907], [103.7934, 30.41231], [103.9737, 30.31874], [104.02269, 30.27739], [104.01706, 30.228], [103.98878, 30.12719], [103.91059, 30.05091], [103.9654, 29.85953], [103.88772, 29.67662]]]}}, {"type": "Feature", "properties": {"SYS_ID": "1868", "NAME_PY": "Mao Zhou", "NAME_CH": "茂州", "NAME_FT": "茂州", "X_COORD": 103.81341, "Y_COORD": 31.60434}, "geometry": {"type": "Polygon", "coordinates": [[[103.35076, 30.84947], [103.1036, 30.75366], [103.00895, 30.81611], [102.9527, 30.78742], [102.8575, 30.85308], [102.83271, 31.00331], [102.91571, 31.13526], [103.02752, 31.14929], [103.21203, 31.24895], [103.31214, 31.31832], [103.36405, 31.40078], [103.52292, 31.47621], [103.64696, 31.6616], [103.38643, 31.77882], [103.15383, 31.77834], [103.08735, 31.81382], [103.04408, 31.89468], [102.97777, 31.90602], [102.93261, 32.04776], [102.93739, 32.15025], [103.10636, 32.24009], [103.53111, 32.28795], [103.61145, 32.34407], [103.7437, 32.29967], [103.74308, 32.44494], [103.92217, 32.4545], [103.94648, 32.39303], [103.90757, 32.12808], [104.09283, 31.85537], [104.11032, 31.77707], [104.15823, 31.7474], [104.02545, 31.67933], [104.01022, 31.4957], [103.92294, 31.52557], [103.83501, 31.30104], [103.76338, 31.31399], [103.7491, 31.37178], [103.58666, 31.28653], [103.49995, 31.03766], [103.35076, 30.84947]]]}}, {"type": "Feature", "properties": {"SYS_ID": "1869", "NAME_PY": "Lu Zhou", "NAME_CH": "泸州", "NAME_FT": "瀘州", "X_COORD": 105.67746, "Y_COORD": 28.78835}, "geometry": {"type": "Polygon", "coordinates": [[[105.3426, 29.36415], [105.51169, 29.27787], [105.64999, 29.25344], [105.69161, 29.28921], [105.73765, 29.1332], [105.71634, 29.10375], [105.75823, 29.0714], [105.74358, 29.04688], [105.79266, 28.94148], [105.98527, 28.89441], [106.05397, 28.77422], [106.18181, 28.72182], [106.22601, 28.63414], [106.37573, 28.48505], [106.18826, 28.58166], [106.15961, 28.63953], [106.10344, 28.63498], [105.97195, 28.75489], [105.86272, 28.59022], [105.72605, 28.60709], [105.75358, 28.6582], [105.73928, 28.70343], [105.67029, 28.72474], [105.51523, 28.5884], [105.40201, 28.54281], [105.33769, 28.36386], [105.33987, 28.2665], [105.2694, 28.21536], [105.2111, 28.22087], [105.10192, 28.39804], [104.97558, 28.75478], [105.06481, 28.81514], [105.09686, 28.90726], [105.19381, 28.91676], [105.23815, 28.96107], [105.25246, 29.09592], [105.20779, 29.22818], [105.2341, 29.30106], [105.3426, 29.36415]]]}}, {"type": "Feature", "properties": {"SYS_ID": "1870", "NAME_PY": "Chongqing Fu", "NAME_CH": "重庆府", "NAME_FT": "重慶府", "X_COORD": 106.65506, "Y_COORD": 29.47068}, "geometry": {"type": "Polygon", "coordinates": [[[106.37403, 28.50524], [106.22601, 28.63414], [106.18181, 28.72182], [106.05397, 28.77422], [105.98527, 28.89441], [105.79266, 28.94148], [105.74358, 29.04688], [105.75823, 29.0714], [105.71634, 29.10375], [105.73765, 29.1332], [105.69161, 29.28921], [105.64999, 29.25344], [105.44914, 29.29394], [105.45705, 29.3234], [105.3426, 29.36415], [105.28674, 29.54548], [105.31068, 29.60591], [105.33405, 29.59023], [105.37962, 29.6249], [105.387, 29.66813], [105.46469, 29.67457], [105.47742, 29.71978], [105.51788, 29.7045], [105.56215, 29.73362], [105.61171, 29.83809], [105.73054, 29.85785], [105.80506, 29.81354], [105.87807, 29.84213], [105.93378, 29.97344], [105.90788, 30.05243], [105.97134, 30.15836], [105.95782, 30.38013], [106.10503, 30.39962], [106.28631, 30.48767], [106.3711, 30.46382], [106.60738, 30.21069], [106.79454, 30.12471], [106.97879, 30.09466], [107.08604, 30.18402], [107.19207, 30.1975], [107.30923, 30.10615], [107.43554, 30.06516], [107.48725, 29.86605], [107.60831, 29.80793], [107.7179, 29.81836], [107.76471, 29.6758], [107.97641, 29.41293], [108.02338, 29.14089], [107.98992, 29.06149], [107.8829, 29.024], [107.84308, 28.96235], [107.7855, 29.06023], [107.80016, 29.13912], [107.75261, 29.18919], [107.68848, 29.14266], [107.64445, 29.175], [107.58816, 29.1681], [107.56196, 29.21916], [107.48352, 29.17397], [107.45013, 29.20414], [107.4124, 29.19046], [107.41973, 29.11626], [107.37213, 29.10286], [107.38792, 29.04038], [107.36458, 29.01036], [107.43622, 28.94706], [107.38454, 28.85697], [107.24332, 28.77205], [107.20872, 28.83245], [107.11301, 28.89425], [107.02118, 28.88], [106.96812, 28.76863], [106.8888, 28.8103], [106.81599, 28.74314], [106.87708, 28.69275], [106.85926, 28.63167], [106.80838, 28.58956], [106.76976, 28.6239], [106.77386, 28.56583], [106.7235, 28.54022], [106.74501, 28.4891], [106.71344, 28.45412], [106.68313, 28.49557], [106.59051, 28.5136], [106.56698, 28.49102], [106.65326, 28.6628], [106.57683, 28.69145], [106.59074, 28.71996], [106.44905, 28.83824], [106.51833, 28.67536], [106.46474, 28.58628], [106.49598, 28.54098], [106.39926, 28.57607], [106.37403, 28.50524]]]}}, {"type": "Feature", "properties": {"SYS_ID": "1871", "NAME_PY": "Long'an Fu", "NAME_CH": "龙安府", "NAME_FT": "龍安府", "X_COORD": 104.60479, "Y_COORD": 32.39525}, "geometry": {"type": "Polygon", "coordinates": [[[104.15823, 31.7474], [104.11032, 31.77707], [104.09283, 31.85537], [103.90757, 32.12808], [103.94648, 32.39303], [103.92217, 32.4545], [104.07935, 32.56122], [104.29307, 32.64073], [104.29538, 32.69201], [104.19623, 32.7973], [104.15989, 33.01357], [104.192, 33.0537], [104.32161, 33.09574], [104.34977, 33.14942], [104.48848, 33.17906], [104.46536, 33.09953], [104.50844, 32.90878], [104.88266, 32.59853], [105.0396, 32.64703], [105.14159, 32.5989], [105.22889, 32.6675], [105.29405, 32.65715], [105.30543, 32.61551], [105.21194, 32.45626], [105.13901, 32.20082], [105.06108, 32.07104], [105.07346, 31.97157], [105.12389, 31.9267], [105.08579, 31.8659], [105.08771, 31.78546], [105.00479, 31.70629], [104.98015, 31.63546], [104.60965, 31.62342], [104.52295, 31.81362], [104.45689, 31.84854], [104.15823, 31.7474]]]}}, {"type": "Feature", "properties": {"SYS_ID": "1872", "NAME_PY": "Chengdu Fu", "NAME_CH": "成都府", "NAME_FT": "成都府", "X_COORD": 104.15946, "Y_COORD": 30.86888}, "geometry": {"type": "Polygon", "coordinates": [[[104.02269, 30.27739], [103.81855, 30.41334], [103.74658, 30.35151], [103.69678, 30.37426], [103.59637, 30.51306], [103.54227, 30.67097], [103.40632, 30.83222], [103.35076, 30.84947], [103.49995, 31.03766], [103.58666, 31.28653], [103.7491, 31.37178], [103.76338, 31.31399], [103.83501, 31.30104], [103.93841, 31.53045], [104.01022, 31.4957], [104.09748, 31.3211], [104.32183, 31.18994], [104.32581, 31.08628], [104.37041, 31.00552], [104.45851, 30.99462], [104.51447, 31.02269], [104.56286, 30.84532], [104.76723, 30.80932], [104.82167, 30.55469], [104.96817, 30.4157], [104.7664, 30.34429], [104.75007, 30.29847], [104.81827, 30.25993], [104.718, 30.20732], [104.38708, 30.29101], [104.26183, 30.26269], [104.1335, 30.29817], [104.02269, 30.27739]]]}}, {"type": "Feature", "properties": {"SYS_ID": "1873", "NAME_PY": "Mian Zhou", "NAME_CH": "绵州", "NAME_FT": "綿州", "X_COORD": 104.68194, "Y_COORD": 31.46006}, "geometry": {"type": "Polygon", "coordinates": [[[104.01022, 31.4957], [104.00615, 31.6367], [104.054, 31.71251], [104.32902, 31.79404], [104.42058, 31.85], [104.52295, 31.81362], [104.58948, 31.64397], [104.63633, 31.61626], [104.98015, 31.63546], [105.00479, 31.70629], [105.08771, 31.78546], [105.08579, 31.8659], [105.12389, 31.9267], [105.28877, 31.83185], [105.36229, 31.72729], [105.29869, 31.66725], [105.28624, 31.5291], [105.23037, 31.43133], [105.18566, 31.40797], [105.18475, 31.45312], [105.13562, 31.45382], [105.0847, 31.52046], [104.92563, 31.52132], [104.90232, 31.45189], [104.94469, 31.38425], [104.93543, 31.34535], [104.8215, 31.27563], [104.68392, 31.27957], [104.67286, 31.18991], [104.58008, 31.06915], [104.45851, 30.99462], [104.37041, 31.00552], [104.32581, 31.08628], [104.33581, 31.17186], [104.07923, 31.33794], [104.01022, 31.4957]]]}}, {"type": "Feature", "properties": {"SYS_ID": "1874", "NAME_PY": "Zi Zhou", "NAME_CH": "资州", "NAME_FT": "資州", "X_COORD": 104.68168, "Y_COORD": 29.85806}, "geometry": {"type": "Polygon", "coordinates": [[[104.81827, 30.25993], [105.00579, 30.17959], [105.08847, 30.04487], [105.22778, 30.02201], [105.34086, 29.92434], [105.39452, 29.78601], [105.47742, 29.71978], [105.46921, 29.67702], [105.41174, 29.68291], [105.33775, 29.59178], [105.31068, 29.60591], [105.28674, 29.54548], [105.3196, 29.44597], [104.95346, 29.43371], [104.71256, 29.64564], [104.69082, 29.71792], [104.57399, 29.75519], [104.47703, 29.73597], [104.41419, 29.64268], [104.20654, 29.63207], [104.09973, 29.55618], [103.97081, 29.57171], [103.91631, 29.62261], [103.88595, 29.67182], [103.9654, 29.85953], [103.91059, 30.05091], [104.00125, 30.14895], [104.02269, 30.27739], [104.1335, 30.29817], [104.26183, 30.26269], [104.38708, 30.29101], [104.718, 30.20732], [104.81827, 30.25993]]]}}, {"type": "Feature", "properties": {"SYS_ID": "1875", "NAME_PY": "Tongzhou Fu", "NAME_CH": "潼川府", "NAME_FT": "潼川府", "X_COORD": 105.24345, "Y_COORD": 30.61495}, "geometry": {"type": "Polygon", "coordinates": [[[105.51788, 29.7045], [105.39452, 29.78601], [105.34086, 29.92434], [105.22778, 30.02201], [105.08847, 30.04487], [105.00579, 30.17959], [104.75007, 30.29847], [104.78973, 30.35741], [104.96817, 30.4157], [104.82167, 30.55469], [104.76723, 30.80932], [104.55245, 30.85994], [104.51447, 31.02269], [104.67286, 31.18991], [104.68392, 31.27957], [104.8215, 31.27563], [104.93543, 31.34535], [104.94469, 31.38425], [104.90232, 31.45189], [104.92563, 31.52132], [105.0847, 31.52046], [105.13562, 31.45382], [105.18475, 31.45312], [105.18566, 31.40797], [105.4605, 31.49793], [105.52731, 31.2471], [105.64508, 31.18234], [105.62383, 31.08145], [105.53824, 31.0327], [105.5519, 30.9324], [105.64976, 30.94076], [105.73267, 30.90053], [105.81908, 30.76004], [105.82115, 30.63739], [105.95782, 30.38013], [105.97134, 30.15836], [105.90788, 30.05243], [105.93378, 29.97344], [105.89618, 29.86297], [105.80506, 29.81354], [105.73054, 29.85785], [105.61171, 29.83809], [105.56215, 29.73362], [105.51788, 29.7045]]]}}, {"type": "Feature", "properties": {"SYS_ID": "1876", "NAME_PY": "Shunqing Fu", "NAME_CH": "顺庆府", "NAME_FT": "順慶府", "X_COORD": 106.38366, "Y_COORD": 30.84269}, "geometry": {"type": "Polygon", "coordinates": [[[105.95782, 30.38013], [105.82115, 30.63739], [105.81908, 30.76004], [105.73267, 30.90053], [105.64976, 30.94076], [105.5519, 30.9324], [105.53824, 31.0327], [105.62383, 31.08145], [105.6368, 31.19458], [105.78518, 31.2432], [105.87194, 31.19074], [105.90766, 31.11488], [106.07449, 31.15492], [106.23066, 31.12977], [106.31261, 31.22446], [106.2631, 31.32465], [106.24699, 31.54772], [106.27047, 31.58164], [106.40684, 31.59086], [106.51229, 31.53992], [106.73874, 31.52774], [106.90078, 31.32908], [106.9539, 31.14524], [106.93464, 31.00207], [106.75386, 30.90741], [106.77794, 30.75453], [106.83233, 30.70723], [106.97692, 30.71011], [107.04103, 30.6507], [106.95223, 30.4255], [107.07246, 30.36592], [107.22184, 30.37841], [107.19207, 30.1975], [107.08604, 30.18402], [106.97879, 30.09466], [106.85206, 30.10388], [106.60738, 30.21069], [106.57664, 30.27023], [106.32086, 30.48618], [106.2309, 30.47449], [106.08546, 30.39335], [106.00585, 30.40663], [105.95782, 30.38013]]]}}, {"type": "Feature", "properties": {"SYS_ID": "1878", "NAME_PY": "Suiding Fu", "NAME_CH": "绥定府", "NAME_FT": "綏定府", "X_COORD": 107.52614, "Y_COORD": 31.1156}, "geometry": {"type": "Polygon", "coordinates": [[[107.97345, 30.83711], [107.80481, 30.80952], [107.6603, 30.844], [107.51662, 30.65701], [107.32441, 30.65692], [107.17736, 30.47555], [107.04161, 30.38227], [106.94943, 30.44523], [107.04103, 30.6507], [106.97692, 30.71011], [106.81655, 30.71246], [106.77794, 30.75453], [106.74991, 30.88881], [106.78451, 30.94221], [106.94203, 31.01961], [106.9539, 31.14524], [106.90078, 31.32908], [107.15027, 31.42651], [107.39501, 31.45043], [107.67717, 31.84893], [107.85084, 31.75572], [108.15119, 31.66492], [108.30294, 31.54525], [108.22233, 31.46594], [108.17837, 31.31814], [107.99924, 31.22496], [108.07276, 31.13401], [107.97345, 30.83711]]]}}, {"type": "Feature", "properties": {"SYS_ID": "1880", "NAME_PY": "Xuyong Ting", "NAME_CH": "叙永厅", "NAME_FT": "敘永廳", "X_COORD": 105.70095, "Y_COORD": 28.19432}, "geometry": {"type": "Polygon", "coordinates": [[[105.75358, 28.6582], [105.61785, 28.48804], [105.63988, 28.31338], [105.72348, 28.27183], [105.77477, 28.33571], [105.80406, 28.31787], [105.88352, 28.24818], [105.86066, 28.16832], [105.88007, 28.12764], [105.94902, 28.14388], [106.02585, 28.10961], [106.03799, 28.14417], [106.14597, 28.16762], [106.19955, 28.1376], [106.25861, 28.08098], [106.25443, 28.01817], [106.31728, 27.97634], [106.30099, 27.91044], [106.3319, 27.82591], [106.19101, 27.75819], [106.07395, 27.78361], [105.8441, 27.7136], [105.72649, 27.71089], [105.6309, 27.66108], [105.59472, 27.71958], [105.48232, 27.77684], [105.39586, 27.76667], [105.30025, 27.70911], [105.27982, 27.78686], [105.30887, 27.81743], [105.25169, 27.82932], [105.23354, 27.88832], [105.27882, 27.93158], [105.26446, 28.00001], [105.19387, 27.99301], [105.18146, 28.06548], [105.06644, 28.09609], [105.19184, 28.23874], [105.2694, 28.21536], [105.33987, 28.2665], [105.33769, 28.36386], [105.42524, 28.56187], [105.51523, 28.5884], [105.6899, 28.72756], [105.73928, 28.70343], [105.75358, 28.6582]]]}}, {"type": "Feature", "properties": {"SYS_ID": "1881", "NAME_PY": "Shizhu Ting", "NAME_CH": "石砫厅", "NAME_FT": "石砫廳", "X_COORD": 108.14366, "Y_COORD": 30.027}, "geometry": {"type": "Polygon", "coordinates": [[[108.23377, 30.43145], [108.4157, 30.43081], [108.40394, 30.37798], [108.56938, 30.25385], [108.5582, 30.14393], [108.49831, 30.05388], [108.52364, 30.05932], [108.53415, 29.99127], [108.51653, 29.87052], [108.38549, 29.86618], [108.38303, 29.81433], [108.08559, 29.64693], [107.81821, 29.62481], [107.75322, 29.69455], [107.7179, 29.81836], [107.93336, 29.98557], [107.99753, 30.14486], [108.13493, 30.26768], [108.23377, 30.43145]]]}}, {"type": "Feature", "properties": {"SYS_ID": "1882", "NAME_PY": "Kaihua Fu", "NAME_CH": "开化府", "NAME_FT": "開化府", "X_COORD": 104.25317, "Y_COORD": 23.17523}, "geometry": {"type": "Polygon", "coordinates": [[[104.39458, 23.82664], [104.50812, 23.84654], [104.59325, 23.82314], [104.67385, 23.71672], [104.87819, 23.58152], [104.92718, 23.50869], [105.13786, 23.41196], [105.18472, 23.35518], [105.18264, 23.28118], [105.06546, 23.26031], [104.99384, 23.19285], [104.95818, 23.19632], [104.94638, 23.15508], [104.88419, 23.17173], [104.86368, 22.94392], [104.79271, 23.00318], [104.67812, 22.99946], [104.51253, 23.05925], [104.38518, 22.96222], [104.29239, 22.81657], [104.24564, 22.84599], [104.11388, 22.80972], [104.02514, 22.69307], [104.00793, 22.52049], [103.96651, 22.50392], [103.69703, 22.74913], [103.62498, 22.76722], [103.56487, 22.71285], [103.543, 22.61142], [103.5073, 22.60331], [103.43031, 22.71486], [103.44259, 22.75762], [103.32628, 22.9761], [103.32245, 23.04989], [103.51031, 23.2187], [103.72522, 23.19265], [103.73291, 23.23272], [103.66397, 23.34312], [103.6265, 23.59875], [103.90919, 23.62052], [104.09802, 23.67015], [104.17257, 23.65002], [104.39458, 23.82664]]]}}, {"type": "Feature", "properties": {"SYS_ID": "1883", "NAME_PY": "Zhaotong Fu", "NAME_CH": "昭通府", "NAME_FT": "昭通府", "X_COORD": 104.223, "Y_COORD": 27.83282}, "geometry": {"type": "Polygon", "coordinates": [[[103.13662, 27.42554], [103.22305, 27.57335], [103.28725, 27.57121], [103.27442, 27.63294], [103.4754, 27.79354], [103.50408, 27.92004], [103.56084, 27.96897], [103.49473, 27.978], [103.48727, 28.03163], [103.4407, 28.0287], [103.44739, 28.12818], [103.63187, 28.26399], [103.70839, 28.20623], [103.86993, 28.31506], [103.78269, 28.52414], [103.85555, 28.67484], [103.87841, 28.62539], [103.94944, 28.60583], [104.17078, 28.62413], [104.18669, 28.55641], [104.26251, 28.50106], [104.25334, 28.39708], [104.29093, 28.32838], [104.37092, 28.33628], [104.39518, 28.27389], [104.45621, 28.25104], [104.39696, 28.19771], [104.45546, 28.18101], [104.43837, 28.1212], [104.38971, 28.10068], [104.38453, 28.062], [104.3067, 28.03991], [104.56503, 27.8496], [104.87572, 27.91234], [104.97366, 28.06315], [105.04927, 28.09995], [105.18146, 28.06548], [105.17632, 28.00894], [105.25212, 28.00913], [105.27973, 27.95562], [105.23245, 27.89725], [105.25169, 27.82932], [105.30887, 27.81743], [105.27982, 27.78686], [105.30539, 27.63306], [105.22639, 27.54957], [105.258, 27.51994], [105.23271, 27.43163], [105.1836, 27.37482], [105.16718, 27.40841], [105.0636, 27.4177], [104.8638, 27.29362], [104.85103, 27.34186], [104.81385, 27.35464], [104.76556, 27.31739], [104.75423, 27.34411], [104.61406, 27.312], [104.5402, 27.33516], [104.51082, 27.4052], [104.35805, 27.46918], [104.29992, 27.36661], [104.24295, 27.33527], [104.25315, 27.30515], [104.18024, 27.27136], [104.01202, 27.38009], [103.99865, 27.43469], [103.93152, 27.44433], [103.82901, 27.26719], [103.74713, 27.21514], [103.70277, 27.14001], [103.62711, 27.11937], [103.66026, 27.07795], [103.60406, 27.07593], [103.62215, 27.02993], [103.59962, 26.99296], [103.44079, 26.99219], [103.37345, 27.05164], [103.32395, 27.00187], [103.27595, 27.03569], [103.29343, 27.1133], [103.24963, 27.12905], [103.19296, 27.22157], [103.22062, 27.26306], [103.20341, 27.37901], [103.13662, 27.42554]]]}}, {"type": "Feature", "properties": {"SYS_ID": "1884", "NAME_PY": "Dongchuan Fu", "NAME_CH": "东川府", "NAME_FT": "東川府", "X_COORD": 103.18623, "Y_COORD": 26.68026}, "geometry": {"type": "Polygon", "coordinates": [[[102.59899, 26.25316], [102.74274, 26.42339], [102.68741, 26.56258], [102.69836, 26.61794], [102.91041, 26.72386], [102.86451, 26.95426], [102.623, 27.2284], [102.74475, 27.2714], [102.7265, 27.45037], [102.81055, 27.5263], [102.83743, 27.52999], [102.97746, 27.37381], [103.13662, 27.42554], [103.20341, 27.37901], [103.22062, 27.26306], [103.19296, 27.22157], [103.24963, 27.12905], [103.29343, 27.1133], [103.27595, 27.03569], [103.32395, 27.00187], [103.37345, 27.05164], [103.44079, 26.99219], [103.58701, 26.99071], [103.69801, 27.05164], [103.77435, 26.95436], [103.77254, 26.87526], [103.71879, 26.855], [103.69943, 26.80907], [103.73037, 26.73068], [103.7656, 26.7359], [103.74365, 26.63574], [103.76284, 26.58448], [103.71002, 26.53558], [103.73337, 26.46397], [103.64046, 26.39099], [103.66291, 26.21391], [103.6253, 26.11824], [103.56014, 26.05449], [103.35035, 25.97576], [103.24318, 25.84279], [103.11151, 25.83617], [102.97105, 25.92354], [102.82803, 25.87455], [102.73483, 25.88224], [102.72966, 26.0829], [102.76385, 26.20289], [102.80287, 26.237], [102.80489, 26.3101], [102.66696, 26.21139], [102.59899, 26.25316]]]}}, {"type": "Feature", "properties": {"SYS_ID": "1885", "NAME_PY": "Yongbei Ting", "NAME_CH": "永北厅", "NAME_FT": "永北廳", "X_COORD": 100.99717, "Y_COORD": 26.9513}, "geometry": {"type": "Polygon", "coordinates": [[[100.37762, 27.75942], [100.43143, 27.87112], [100.54778, 27.81506], [100.62289, 27.90619], [100.67756, 27.92638], [100.78732, 27.68639], [100.84197, 27.68034], [100.82931, 27.62082], [100.87922, 27.61139], [100.88105, 27.4751], [100.93671, 27.47431], [101.01042, 27.31689], [101.05702, 27.29021], [101.04671, 27.22286], [101.06754, 27.19692], [101.19792, 27.21235], [101.25871, 27.18755], [101.33055, 27.07771], [101.38934, 26.89778], [101.6113, 26.71673], [101.6161, 26.59319], [101.50785, 26.60086], [101.44772, 26.53278], [101.48326, 26.44587], [101.43644, 26.39793], [101.06902, 26.31761], [100.90491, 26.16134], [100.81753, 26.20509], [100.71129, 26.17631], [100.66564, 26.1092], [100.66221, 26.01505], [100.62109, 25.97789], [100.50536, 26.00149], [100.50644, 26.15096], [100.39919, 26.30474], [100.45379, 26.35842], [100.45648, 26.42052], [100.41451, 26.50243], [100.42963, 26.61229], [100.38003, 26.77635], [100.44497, 26.80583], [100.43858, 27.00145], [100.49173, 27.08905], [100.44912, 27.16041], [100.51994, 27.18794], [100.54295, 27.24702], [100.50964, 27.35586], [100.52607, 27.40355], [100.45522, 27.4356], [100.44669, 27.62638], [100.37762, 27.75942]]]}}, {"type": "Feature", "properties": {"SYS_ID": "1886", "NAME_PY": "Wuding Zhou", "NAME_CH": "武定州", "NAME_FT": "武定州", "X_COORD": 102.21163, "Y_COORD": 25.84684}, "geometry": {"type": "Polygon", "coordinates": [[[102.13265, 25.43271], [101.98771, 25.42426], [101.85102, 25.48667], [101.82786, 25.63881], [101.78353, 25.67516], [101.58329, 25.65293], [101.68133, 25.84983], [101.9085, 26.10845], [102.09521, 26.07205], [102.25108, 26.22262], [102.55206, 26.36738], [102.62669, 26.33923], [102.59899, 26.25316], [102.66696, 26.21139], [102.80489, 26.3101], [102.72362, 25.9947], [102.73483, 25.88224], [102.84726, 25.87944], [102.79414, 25.73334], [102.64387, 25.54061], [102.57448, 25.50173], [102.56498, 25.44741], [102.45954, 25.33213], [102.13265, 25.43271]]]}}, {"type": "Feature", "properties": {"SYS_ID": "1887", "NAME_PY": "Qujing Fu", "NAME_CH": "曲靖府", "NAME_FT": "曲靖府", "X_COORD": 103.71176, "Y_COORD": 25.66421}, "geometry": {"type": "Polygon", "coordinates": [[[102.84726, 25.87944], [102.97105, 25.92354], [103.11151, 25.83617], [103.24318, 25.84279], [103.35035, 25.97576], [103.56014, 26.05449], [103.6253, 26.11824], [103.66291, 26.21391], [103.64046, 26.39099], [103.73337, 26.46397], [103.72346, 26.56796], [103.76284, 26.58448], [103.836, 26.52944], [104.00768, 26.51919], [104.05943, 26.53722], [104.12743, 26.64673], [104.33845, 26.62386], [104.41782, 26.71155], [104.46972, 26.59067], [104.56265, 26.58628], [104.56802, 26.52823], [104.62711, 26.48861], [104.67794, 26.37671], [104.53815, 26.25267], [104.51601, 26.09458], [104.45092, 26.07146], [104.46485, 26.01362], [104.41578, 25.90723], [104.43499, 25.87511], [104.3727, 25.73672], [104.31966, 25.75425], [104.31015, 25.64756], [104.32489, 25.60693], [104.42409, 25.58369], [104.41933, 25.49609], [104.45418, 25.43542], [104.54052, 25.37796], [104.63605, 25.36707], [104.65016, 25.29889], [104.80906, 25.26559], [104.81619, 25.17489], [104.73997, 25.21783], [104.67063, 25.07722], [104.62046, 25.07082], [104.6765, 25.06029], [104.70898, 24.99824], [104.54479, 24.82694], [104.49571, 24.6683], [104.40003, 24.61632], [104.08854, 24.76558], [104.06632, 24.82046], [104.09941, 24.9231], [104.01271, 24.97787], [103.87211, 24.94428], [103.78965, 24.86135], [103.78982, 24.80476], [103.90034, 24.71957], [103.87309, 24.68252], [103.75911, 24.68992], [103.73926, 24.7649], [103.56158, 24.7445], [103.38255, 24.7885], [103.32873, 24.83237], [103.32166, 24.89103], [103.40036, 24.97028], [103.3999, 25.02184], [103.17217, 25.0366], [103.17083, 25.12255], [103.24046, 25.28291], [103.23464, 25.36185], [103.06412, 25.37905], [102.99431, 25.43605], [102.80974, 25.37908], [102.68511, 25.44111], [102.60417, 25.52303], [102.83486, 25.79295], [102.84726, 25.87944]]]}}, {"type": "Feature", "properties": {"SYS_ID": "1888", "NAME_PY": "Chuxiong Fu", "NAME_CH": "楚雄府", "NAME_FT": "楚雄府", "X_COORD": 101.45186, "Y_COORD": 25.419}, "geometry": {"type": "Polygon", "coordinates": [[[102.15681, 25.42482], [102.00718, 25.26319], [101.91625, 25.02026], [101.96976, 24.97098], [102.00575, 24.83219], [101.93307, 24.74919], [101.90337, 24.58153], [102.00243, 24.45843], [102.02656, 24.3743], [102.0, 24.3], [101.92522, 24.26304], [101.81488, 24.24789], [101.79749, 24.29676], [101.66779, 24.37946], [101.57726, 24.24828], [101.31863, 24.23161], [101.06247, 24.52977], [100.92339, 24.76754], [100.74974, 24.93019], [100.78602, 25.06698], [100.7604, 25.17207], [100.88519, 25.34199], [101.02108, 25.63047], [100.95422, 25.69536], [100.98895, 25.82629], [100.9058, 25.8591], [100.94989, 26.12076], [100.93043, 26.20497], [101.13492, 26.34676], [101.43644, 26.39793], [101.48326, 26.44587], [101.44772, 26.53278], [101.50785, 26.60086], [101.6633, 26.58878], [101.68817, 26.56098], [101.7146, 26.59482], [101.80402, 26.61125], [101.85143, 26.57559], [101.87106, 26.45843], [101.93729, 26.41406], [101.90834, 26.20212], [101.83958, 26.15594], [101.83126, 26.01393], [101.68133, 25.84983], [101.5744, 25.6668], [101.78353, 25.67516], [101.82786, 25.63881], [101.85102, 25.48667], [101.98771, 25.42426], [102.15681, 25.42482]]]}}, {"type": "Feature", "properties": {"SYS_ID": "1889", "NAME_PY": "Yunnan Fu", "NAME_CH": "云南府", "NAME_FT": "云南府", "X_COORD": 102.57597, "Y_COORD": 24.99073}, "geometry": {"type": "Polygon", "coordinates": [[[102.60417, 25.52303], [102.68511, 25.44111], [102.80974, 25.37908], [102.99431, 25.43605], [103.06412, 25.37905], [103.23464, 25.36185], [103.24046, 25.28291], [103.16386, 25.09428], [103.20727, 24.87016], [103.16459, 24.82002], [103.09735, 24.81441], [103.05743, 24.91664], [102.97708, 24.92663], [102.69941, 24.54599], [102.61399, 24.53894], [102.53533, 24.5798], [102.43922, 24.51146], [102.34468, 24.5174], [102.3029, 24.47023], [102.10004, 24.50491], [101.98199, 24.46266], [101.91436, 24.54382], [101.90318, 24.65009], [101.93307, 24.74919], [102.00575, 24.83219], [101.96976, 24.97098], [101.91625, 25.02026], [102.00718, 25.26319], [102.15681, 25.42482], [102.45954, 25.33213], [102.60417, 25.52303]]]}}, {"type": "Feature", "properties": {"SYS_ID": "1890", "NAME_PY": "Yuanjiang Zhou", "NAME_CH": "元江州", "NAME_FT": "元江州", "X_COORD": 101.82446, "Y_COORD": 23.44518}, "geometry": {"type": "Polygon", "coordinates": [[[102.00243, 24.45843], [102.10004, 24.50491], [102.21459, 24.5052], [102.28575, 24.46716], [102.20368, 24.2197], [102.18053, 24.02613], [102.25597, 23.97404], [102.28207, 23.90631], [102.13288, 23.83399], [102.22657, 23.67192], [102.28945, 23.63112], [102.34749, 23.48167], [102.13773, 23.28248], [102.05368, 23.25825], [102.10265, 23.17808], [102.0478, 23.08631], [102.03203, 22.87771], [102.09267, 22.71971], [102.27835, 22.61252], [102.34762, 22.50176], [102.26257, 22.4747], [102.26305, 22.41774], [102.1748, 22.4356], [102.14681, 22.401], [102.12614, 22.43967], [102.02811, 22.46037], [101.98308, 22.43244], [101.9067, 22.44034], [101.887, 22.38516], [101.77818, 22.50317], [101.61933, 22.50961], [101.54007, 22.5709], [101.53358, 22.63417], [101.58145, 22.75417], [101.82051, 23.07823], [101.80899, 23.36923], [101.65332, 23.53252], [101.62654, 23.66212], [101.55696, 23.74344], [101.55794, 23.83095], [101.48342, 23.93482], [101.43451, 24.09257], [101.29985, 24.15345], [101.31863, 24.23161], [101.57726, 24.24828], [101.65698, 24.37824], [101.79749, 24.29676], [101.82832, 24.24309], [101.97144, 24.28014], [102.02656, 24.3743], [102.00243, 24.45843]]]}}, {"type": "Feature", "properties": {"SYS_ID": "1891", "NAME_PY": "Chengjiang Fu", "NAME_CH": "澂江府", "NAME_FT": "澂江府", "X_COORD": 102.9727, "Y_COORD": 24.62948}, "geometry": {"type": "Polygon", "coordinates": [[[102.25469, 24.31588], [102.28575, 24.46716], [102.34468, 24.5174], [102.43922, 24.51146], [102.53533, 24.5798], [102.61399, 24.53894], [102.69941, 24.54599], [102.97708, 24.92663], [103.05743, 24.91664], [103.09735, 24.81441], [103.16459, 24.82002], [103.21277, 24.89173], [103.17217, 25.0366], [103.3999, 25.02184], [103.40036, 24.97028], [103.32166, 24.89103], [103.32873, 24.83237], [103.38255, 24.7885], [103.52614, 24.74685], [103.69072, 24.76639], [103.54314, 24.56381], [103.14896, 24.50362], [103.11381, 24.51021], [103.10925, 24.5662], [103.04254, 24.57126], [102.97119, 24.51524], [102.91195, 24.51198], [102.90624, 24.33227], [102.8323, 24.24509], [102.67004, 24.24909], [102.57335, 24.28636], [102.44748, 24.22055], [102.31409, 24.26358], [102.25469, 24.31588]]]}}, {"type": "Feature", "properties": {"SYS_ID": "1995", "NAME_PY": "Lin'an Fu", "NAME_CH": "临安府", "NAME_FT": "臨安府", "X_COORD": 103.06503, "Y_COORD": 23.30707}, "geometry": {"type": "Polygon", "coordinates": [[[103.543, 22.61142], [103.62608, 22.53113], [103.56076, 22.45594], [103.56382, 22.34112], [103.39053, 22.16027], [103.31841, 22.14668], [103.27376, 22.07526], [103.28779, 22.04337], [103.14082, 22.07387], [103.03931, 22.13752], [102.93814, 22.13953], [102.90624, 22.20748], [102.82176, 22.22662], [102.82586, 22.29122], [102.77626, 22.37477], [102.61294, 22.48146], [102.51225, 22.4201], [102.48051, 22.3454], [102.29258, 22.18074], [102.17266, 22.28008], [102.15923, 22.42779], [102.26305, 22.41774], [102.26257, 22.4747], [102.34762, 22.50176], [102.27835, 22.61252], [102.09267, 22.71971], [102.03203, 22.87771], [102.0478, 23.08631], [102.10265, 23.17808], [102.05368, 23.25825], [102.13773, 23.28248], [102.34749, 23.48167], [102.28945, 23.63112], [102.22657, 23.67192], [102.13288, 23.83399], [102.28207, 23.90631], [102.25597, 23.97404], [102.18053, 24.02613], [102.20368, 24.2197], [102.25469, 24.31588], [102.31409, 24.26358], [102.44748, 24.22055], [102.57335, 24.28636], [102.67004, 24.24909], [102.8323, 24.24509], [102.90624, 24.33227], [102.90786, 24.50745], [102.97119, 24.51524], [103.04254, 24.57126], [103.10595, 24.56769], [103.10059, 24.46747], [103.05963, 24.42666], [103.09756, 24.40117], [103.09738, 24.23995], [103.14943, 24.15045], [103.12772, 24.03137], [103.18047, 23.96835], [103.18814, 23.81518], [103.23921, 23.78776], [103.29572, 23.85537], [103.37207, 23.84148], [103.46284, 23.89263], [103.54288, 23.86287], [103.61343, 23.89722], [103.86916, 23.76556], [104.01876, 23.72994], [104.09802, 23.67015], [103.88905, 23.61752], [103.63734, 23.61276], [103.61996, 23.55536], [103.66397, 23.34312], [103.73291, 23.23272], [103.72522, 23.19265], [103.6815, 23.1801], [103.53986, 23.22819], [103.3262, 23.06939], [103.32628, 22.9761], [103.44259, 22.75762], [103.43504, 22.70486], [103.5073, 22.60331], [103.543, 22.61142]]]}}, {"type": "Feature", "properties": {"SYS_ID": "1893", "NAME_PY": "Lijiang Fu", "NAME_CH": "丽江府", "NAME_FT": "麗江府", "X_COORD": 99.33931, "Y_COORD": 27.6563}, "geometry": {"type": "Polygon", "coordinates": [[[98.13738, 28.14765], [98.17528, 28.17136], [98.17092, 28.21312], [98.26613, 28.24567], [98.20338, 28.35533], [98.29145, 28.39694], [98.35896, 28.29331], [98.40405, 28.10657], [98.54943, 28.18171], [98.62427, 28.16295], [98.70772, 28.23095], [98.71342, 28.3057], [98.7531, 28.33836], [98.68175, 28.47415], [98.62163, 28.50517], [98.59286, 28.67307], [98.68806, 28.73636], [98.63176, 28.97457], [98.77833, 29.00312], [98.84078, 28.81069], [98.96111, 28.82995], [98.97274, 28.87316], [98.91589, 28.90538], [98.92093, 28.97832], [99.01917, 29.05562], [98.96298, 29.18727], [99.11231, 29.25112], [99.1313, 28.94501], [99.1077, 28.80957], [99.18159, 28.58996], [99.17344, 28.41541], [99.28326, 28.3017], [99.31514, 28.21631], [99.41799, 28.14158], [99.52731, 28.22166], [99.64041, 28.1285], [99.77139, 28.2807], [99.81251, 28.46793], [99.97426, 28.5757], [100.07302, 28.52559], [99.99883, 28.47755], [100.01894, 28.14799], [100.18625, 27.95563], [100.17572, 27.9022], [100.30441, 27.86946], [100.29805, 27.79791], [100.41003, 27.73177], [100.45577, 27.57792], [100.44482, 27.46369], [100.46228, 27.42498], [100.52607, 27.40355], [100.53525, 27.21411], [100.44912, 27.16041], [100.49173, 27.08905], [100.43858, 27.00145], [100.44497, 26.80583], [100.38003, 26.77635], [100.42963, 26.61229], [100.41451, 26.50243], [100.45648, 26.42052], [100.45379, 26.35842], [100.39919, 26.30474], [100.46342, 26.19733], [100.28078, 26.1032], [100.02945, 26.21864], [99.8642, 26.23065], [99.78278, 26.08032], [99.72297, 26.06148], [99.6234, 26.08145], [99.49532, 26.15692], [99.44973, 26.31985], [99.33456, 26.30908], [99.19161, 26.18578], [98.99906, 26.23855], [98.88546, 26.46826], [98.75425, 26.47859], [98.78167, 26.61966], [98.7345, 26.85348], [98.74019, 27.00731], [98.76637, 27.03992], [98.71395, 27.07826], [98.69664, 27.19928], [98.74081, 27.31709], [98.69076, 27.43257], [98.70303, 27.56757], [98.66997, 27.59327], [98.58512, 27.57207], [98.55917, 27.64894], [98.52953, 27.62433], [98.43751, 27.66938], [98.42498, 27.55398], [98.37611, 27.51196], [98.3232, 27.52261], [98.29729, 27.63065], [98.22528, 27.71696], [98.2462, 27.73661], [98.22718, 27.81262], [98.17529, 27.83774], [98.20657, 27.89158], [98.18845, 27.94132], [98.1397, 27.9581], [98.16055, 28.10206], [98.13738, 28.14765]]]}}, {"type": "Feature", "properties": {"SYS_ID": "1894", "NAME_PY": "Tengyue Ting", "NAME_CH": "腾越厅", "NAME_FT": "騰越廳", "X_COORD": 98.11593, "Y_COORD": 25.09318}, "geometry": {"type": "Polygon", "coordinates": [[[98.29702, 26.36398], [98.75425, 26.47859], [98.74483, 26.39245], [98.67526, 26.24334], [98.71429, 26.22797], [98.73116, 26.17032], [98.66752, 26.08897], [98.65752, 26.13996], [98.58723, 26.13932], [98.58581, 26.07323], [98.6198, 25.97016], [98.68491, 25.93704], [98.73692, 25.83142], [98.7825, 25.65197], [98.87001, 25.55228], [98.74568, 25.35438], [98.76321, 25.04115], [98.64313, 24.80786], [98.66861, 24.68434], [98.59666, 24.62791], [98.44997, 24.67268], [98.41232, 24.5993], [98.29633, 24.58339], [98.23943, 24.43632], [98.06058, 24.27802], [98.06474, 24.24969], [98.14004, 24.23677], [98.1369, 24.21073], [98.09528, 24.14798], [97.99657, 24.10039], [97.98666, 23.9745], [97.87518, 23.81073], [97.37101, 23.71285], [97.53132, 24.41127], [97.47487, 24.52178], [97.59698, 25.02957], [97.49954, 25.18339], [97.50161, 25.2293], [97.67623, 25.37602], [97.80121, 25.58487], [98.12498, 25.89544], [98.29702, 26.36398]]]}}, {"type": "Feature", "properties": {"SYS_ID": "1895", "NAME_PY": "Dali Fu", "NAME_CH": "大理府", "NAME_FT": "大理府", "X_COORD": 99.84967, "Y_COORD": 25.81569}, "geometry": {"type": "Polygon", "coordinates": [[[100.75629, 25.1541], [100.53652, 25.19654], [100.28543, 25.48457], [100.1176, 25.6213], [100.06903, 25.71505], [100.00779, 25.74642], [99.67819, 25.65802], [99.4762, 25.64148], [99.34863, 25.5487], [99.2105, 25.54285], [99.13077, 25.49115], [99.09777, 25.50599], [99.02646, 25.62603], [98.88921, 25.65839], [98.82854, 25.92055], [98.85185, 26.1011], [98.67526, 26.24334], [98.75425, 26.47859], [98.88546, 26.46826], [98.97454, 26.2621], [99.10834, 26.19413], [99.20873, 26.19014], [99.33456, 26.30908], [99.44973, 26.31985], [99.49532, 26.15692], [99.68521, 26.06448], [99.78278, 26.08032], [99.8642, 26.23065], [100.02945, 26.21864], [100.28078, 26.1032], [100.47641, 26.19671], [100.50644, 26.15096], [100.50536, 26.00149], [100.62109, 25.97789], [100.66221, 26.01505], [100.68453, 26.1582], [100.81753, 26.20509], [100.90491, 26.16134], [100.93043, 26.20497], [100.94989, 26.12076], [100.9058, 25.8591], [100.98895, 25.82629], [100.95422, 25.69536], [101.02108, 25.63047], [100.88519, 25.34199], [100.75629, 25.1541]]]}}, {"type": "Feature", "properties": {"SYS_ID": "1896", "NAME_PY": "Yongchang Fu", "NAME_CH": "永昌府", "NAME_FT": "永昌府", "X_COORD": 99.01454, "Y_COORD": 24.56683}, "geometry": {"type": "Polygon", "coordinates": [[[97.98791, 24.01557], [97.99657, 24.10039], [98.09528, 24.14798], [98.14429, 24.23205], [98.06474, 24.24969], [98.06058, 24.27802], [98.23943, 24.43632], [98.29633, 24.58339], [98.41232, 24.5993], [98.44997, 24.67268], [98.59666, 24.62791], [98.66861, 24.68434], [98.64313, 24.80786], [98.76321, 25.04115], [98.74568, 25.35438], [98.87001, 25.55228], [98.7825, 25.65197], [98.77151, 25.74917], [98.68836, 25.93253], [98.6198, 25.97016], [98.58723, 26.13932], [98.65752, 26.13996], [98.66752, 26.08897], [98.74347, 26.18266], [98.85185, 26.1011], [98.82854, 25.92055], [98.88921, 25.65839], [99.02646, 25.62603], [99.11668, 25.49601], [99.23356, 25.54875], [99.34863, 25.5487], [99.4762, 25.64148], [99.67819, 25.65802], [99.92376, 25.73962], [99.95425, 25.66824], [100.05064, 25.59853], [99.97978, 25.44662], [100.01317, 25.41948], [100.01066, 25.30594], [99.93405, 25.21188], [99.75573, 25.11601], [99.63645, 25.09233], [99.57192, 24.8999], [99.28997, 24.73732], [99.31287, 24.67925], [99.69759, 24.66431], [99.73807, 24.60272], [99.67534, 24.41137], [99.51142, 24.35486], [99.48066, 24.30778], [99.65342, 23.9874], [99.65199, 23.84786], [99.56154, 23.74622], [99.33817, 23.61329], [99.27427, 23.48062], [99.16018, 23.35654], [99.08001, 23.32958], [98.88916, 23.34307], [98.84523, 23.28396], [98.80376, 23.09227], [98.52155, 22.95107], [98.49183, 23.02491], [98.56277, 23.08767], [98.44363, 23.19784], [98.7242, 23.24192], [98.72482, 23.36687], [98.66594, 23.41136], [98.60617, 23.40239], [98.5813, 23.48622], [98.65026, 23.60557], [98.57061, 23.74497], [98.45108, 23.81679], [98.41013, 23.9482], [98.50469, 24.05367], [98.70898, 24.11608], [98.69165, 24.28762], [98.52482, 24.22818], [98.41927, 24.08864], [97.98791, 24.01557]]]}}, {"type": "Feature", "properties": {"SYS_ID": "1897", "NAME_PY": "Menghua Ting", "NAME_CH": "蒙化厅", "NAME_FT": "蒙化廳", "X_COORD": 100.35284, "Y_COORD": 25.20301}, "geometry": {"type": "Polygon", "coordinates": [[[100.7762, 25.14046], [100.72522, 24.7869], [100.64022, 24.78348], [100.59242, 24.71478], [100.42384, 24.65921], [100.4115, 24.71233], [100.30821, 24.78207], [100.20364, 24.98102], [100.10741, 24.99325], [100.03231, 24.95543], [99.93233, 25.19285], [99.94427, 25.24643], [100.01066, 25.30594], [99.98664, 25.49589], [100.05311, 25.59232], [99.95425, 25.66824], [99.92376, 25.73962], [100.00779, 25.74642], [100.06903, 25.71505], [100.1176, 25.6213], [100.28543, 25.48457], [100.53652, 25.19654], [100.7762, 25.14046]]]}}, {"type": "Feature", "properties": {"SYS_ID": "1898", "NAME_PY": "Shunning Fu", "NAME_CH": "顺宁府", "NAME_FT": "順寧府", "X_COORD": 99.64038, "Y_COORD": 23.61822}, "geometry": {"type": "Polygon", "coordinates": [[[100.4115, 24.71233], [100.54884, 24.47602], [100.50665, 24.42499], [100.52078, 24.16071], [100.4881, 24.08434], [100.36552, 24.05377], [100.40288, 23.87585], [100.35435, 23.86078], [100.19411, 23.64969], [100.15499, 23.48796], [100.08044, 23.35145], [100.08992, 23.27095], [100.04187, 23.2137], [100.11849, 23.16014], [100.14562, 23.06513], [100.21395, 23.00862], [100.26355, 23.00719], [100.2765, 22.94991], [100.30913, 22.95696], [100.29794, 22.9173], [100.37361, 22.76894], [100.37144, 22.68331], [100.56048, 22.53918], [100.5769, 22.45776], [100.4569, 22.40231], [100.37722, 22.24712], [100.06387, 22.22122], [100.06563, 22.16291], [99.99627, 22.11568], [99.96878, 22.05288], [99.87207, 22.06594], [99.84073, 22.02456], [99.74982, 22.07077], [99.70195, 22.03842], [99.64794, 22.10359], [99.51565, 22.10246], [99.47926, 22.13094], [99.34795, 22.09521], [99.20981, 22.11541], [99.15585, 22.16518], [99.19874, 22.17088], [99.17782, 22.18456], [99.27942, 22.34761], [99.25385, 22.38989], [99.37949, 22.49408], [99.36119, 22.53255], [99.38597, 22.58419], [99.29571, 22.75479], [99.31634, 22.79842], [99.2958, 22.86877], [99.14884, 22.88538], [98.95305, 22.97492], [98.69921, 23.03976], [98.80376, 23.09227], [98.87291, 23.32948], [99.16018, 23.35654], [99.27427, 23.48062], [99.33817, 23.61329], [99.56154, 23.74622], [99.65199, 23.84786], [99.65342, 23.9874], [99.48066, 24.30778], [99.51142, 24.35486], [99.67534, 24.41137], [99.73207, 24.63964], [99.66615, 24.66896], [99.34528, 24.67086], [99.29819, 24.6889], [99.28997, 24.73732], [99.57192, 24.8999], [99.63645, 25.09233], [99.75573, 25.11601], [99.93405, 25.21188], [100.03231, 24.95543], [100.10741, 24.99325], [100.20364, 24.98102], [100.30821, 24.78207], [100.4115, 24.71233]]]}}, {"type": "Feature", "properties": {"SYS_ID": "1899", "NAME_PY": "Jingdong Ting", "NAME_CH": "景东厅", "NAME_FT": "景東廳", "X_COORD": 100.74543, "Y_COORD": 24.22021}, "geometry": {"type": "Polygon", "coordinates": [[[100.17223, 23.55083], [100.19411, 23.64969], [100.35435, 23.86078], [100.40288, 23.87585], [100.36552, 24.05377], [100.4881, 24.08434], [100.52078, 24.16071], [100.50665, 24.42499], [100.54884, 24.47602], [100.42384, 24.65921], [100.59242, 24.71478], [100.64022, 24.78348], [100.72522, 24.7869], [100.75988, 24.90945], [100.78076, 24.9008], [100.92339, 24.76754], [101.06247, 24.52977], [101.30743, 24.27023], [101.29891, 24.14967], [101.00197, 24.0598], [100.82027, 23.91732], [100.82713, 23.72193], [100.66171, 23.68544], [100.52798, 23.71621], [100.2705, 23.54082], [100.17223, 23.55083]]]}}, {"type": "Feature", "properties": {"SYS_ID": "1900", "NAME_PY": "Zhenyuan Zhou", "NAME_CH": "镇沅州", "NAME_FT": "鎮沅州", "X_COORD": 101.18482, "Y_COORD": 23.80242}, "geometry": {"type": "Polygon", "coordinates": [[[100.84114, 23.71922], [100.80691, 23.81841], [100.82027, 23.91732], [101.00197, 24.0598], [101.29985, 24.15345], [101.43451, 24.09257], [101.56273, 23.80276], [101.55696, 23.74344], [101.45208, 23.73444], [101.38482, 23.68617], [101.36669, 23.56274], [101.32777, 23.50748], [101.21129, 23.45554], [101.08764, 23.4531], [101.04122, 23.4805], [100.90785, 23.70459], [100.84114, 23.71922]]]}}, {"type": "Feature", "properties": {"SYS_ID": "1901", "NAME_PY": "Pu'er Fu", "NAME_CH": "普洱府", "NAME_FT": "普洱府", "X_COORD": 101.05896, "Y_COORD": 22.41949}, "geometry": {"type": "Polygon", "coordinates": [[[101.69221, 21.82651], [101.78333, 21.64038], [101.83192, 21.61786], [101.79732, 21.57442], [101.74435, 21.57869], [101.77409, 21.51268], [101.73553, 21.48751], [101.72664, 21.3412], [101.74545, 21.29922], [101.84169, 21.24802], [101.83305, 21.20763], [101.78439, 21.19224], [101.76063, 21.11316], [101.71614, 21.09336], [101.58863, 21.18501], [101.47411, 21.20273], [101.33825, 21.15244], [101.21979, 21.22962], [101.24868, 21.30045], [101.18106, 21.33346], [101.14129, 21.40746], [101.19558, 21.42977], [101.21228, 21.55359], [101.14204, 21.57767], [101.17243, 21.60565], [101.11469, 21.77137], [100.88325, 21.68769], [100.69209, 21.47532], [100.61972, 21.43782], [100.49816, 21.43852], [100.4266, 21.53939], [100.24908, 21.4745], [100.1968, 21.51317], [100.16961, 21.48808], [100.12487, 21.51122], [100.11242, 21.59932], [100.16814, 21.66547], [100.13801, 21.69969], [100.05097, 21.67649], [99.98515, 21.72042], [99.94526, 21.81485], [99.99505, 21.98184], [99.96278, 22.04611], [99.99627, 22.11568], [100.06563, 22.16291], [100.06387, 22.22122], [100.37722, 22.24712], [100.4569, 22.40231], [100.55955, 22.43849], [100.58154, 22.4915], [100.56048, 22.53918], [100.37144, 22.68331], [100.37361, 22.76894], [100.29794, 22.9173], [100.30913, 22.95696], [100.2765, 22.94991], [100.26355, 23.00719], [100.21395, 23.00862], [100.14562, 23.06513], [100.11849, 23.16014], [100.04187, 23.2137], [100.08992, 23.27095], [100.08044, 23.35145], [100.17223, 23.55083], [100.2705, 23.54082], [100.52798, 23.71621], [100.66171, 23.68544], [100.79657, 23.72656], [100.90785, 23.70459], [100.98544, 23.53572], [101.06842, 23.46219], [101.21129, 23.45554], [101.32777, 23.50748], [101.36669, 23.56274], [101.36699, 23.66218], [101.424, 23.72072], [101.55123, 23.74562], [101.59249, 23.70984], [101.65332, 23.53252], [101.80225, 23.39108], [101.82345, 23.10784], [101.79629, 23.02879], [101.58145, 22.75417], [101.53358, 22.63417], [101.54007, 22.5709], [101.61933, 22.50961], [101.77818, 22.50317], [101.87766, 22.38685], [101.90589, 22.39395], [101.9067, 22.44034], [101.98308, 22.43244], [102.02811, 22.46037], [102.12614, 22.43967], [102.17266, 22.28008], [102.11265, 22.19809], [102.11369, 22.10249], [101.99454, 21.9628], [101.69974, 21.88479], [101.69221, 21.82651]]]}}, {"type": "Feature", "properties": {"SYS_ID": "1902", "NAME_PY": "Guangxi Zhou", "NAME_CH": "广西州", "NAME_FT": "廣西州", "X_COORD": 103.81427, "Y_COORD": 24.31394}, "geometry": {"type": "Polygon", "coordinates": [[[104.48077, 24.65484], [104.56891, 24.453], [104.51177, 24.40449], [104.53283, 24.26195], [104.51042, 24.23122], [104.5536, 24.18949], [104.56037, 24.11486], [104.32765, 23.8595], [104.3785, 23.80532], [104.28705, 23.75152], [104.2284, 23.67244], [104.17257, 23.65002], [104.09802, 23.67015], [104.01876, 23.72994], [103.86916, 23.76556], [103.61343, 23.89722], [103.54288, 23.86287], [103.46284, 23.89263], [103.37207, 23.84148], [103.29572, 23.85537], [103.23921, 23.78776], [103.18814, 23.81518], [103.18047, 23.96835], [103.12772, 24.03137], [103.14943, 24.15045], [103.09738, 24.23995], [103.09756, 24.40117], [103.05963, 24.42666], [103.10776, 24.52701], [103.14896, 24.50362], [103.54314, 24.56381], [103.69072, 24.76639], [103.73926, 24.7649], [103.75911, 24.68992], [103.89766, 24.69333], [103.88743, 24.74196], [103.7804, 24.83922], [103.87211, 24.94428], [103.98159, 24.97727], [104.04812, 24.97031], [104.09941, 24.9231], [104.06632, 24.82046], [104.08854, 24.76558], [104.25581, 24.70653], [104.37674, 24.61468], [104.48077, 24.65484]]]}}, {"type": "Feature", "properties": {"SYS_ID": "1903", "NAME_PY": "Guangnan Fu", "NAME_CH": "广南府", "NAME_FT": "廣南府", "X_COORD": 105.26093, "Y_COORD": 23.82708}, "geometry": {"type": "Polygon", "coordinates": [[[104.56891, 24.453], [104.60533, 24.38432], [104.69955, 24.32396], [104.70319, 24.43971], [104.75195, 24.4612], [104.93269, 24.41145], [105.09047, 24.43216], [105.10867, 24.3752], [105.1932, 24.33991], [105.17896, 24.28622], [105.23087, 24.19322], [105.17879, 24.14301], [105.25756, 24.07329], [105.31842, 24.12121], [105.40965, 24.0416], [105.48278, 24.02558], [105.53104, 24.13166], [105.60423, 24.14191], [105.66042, 24.04547], [105.76927, 24.0761], [105.80108, 24.06009], [105.78908, 24.03739], [105.83813, 24.03101], [105.85414, 24.06241], [105.8962, 24.05463], [105.91624, 24.1252], [105.99865, 24.13204], [106.09341, 24.03184], [106.14929, 23.89923], [106.19421, 23.87377], [106.16928, 23.86423], [106.18877, 23.82739], [106.13326, 23.79795], [106.15459, 23.71202], [106.11619, 23.6028], [106.13786, 23.57216], [105.99643, 23.45061], [105.98288, 23.49229], [105.87759, 23.53198], [105.82286, 23.51827], [105.80286, 23.47016], [105.64732, 23.40144], [105.68914, 23.33178], [105.65764, 23.34409], [105.65816, 23.3086], [105.53908, 23.19252], [105.479, 23.24568], [105.52746, 23.34818], [105.51215, 23.36824], [105.35788, 23.36132], [105.31947, 23.38999], [105.25278, 23.34095], [105.23486, 23.26592], [105.18264, 23.28118], [105.18472, 23.35518], [105.13786, 23.41196], [104.92718, 23.50869], [104.87819, 23.58152], [104.67385, 23.71672], [104.59325, 23.82314], [104.44857, 23.84539], [104.38423, 23.81373], [104.3307, 23.85218], [104.56037, 24.11486], [104.5536, 24.18949], [104.51042, 24.23122], [104.53283, 24.26195], [104.51177, 24.40449], [104.56891, 24.453]]]}}, {"type": "Feature", "properties": {"SYS_ID": "1907", "NAME_PY": "Renhuai Ting", "NAME_CH": "仁怀厅", "NAME_FT": "仁懷廳", "X_COORD": 105.81989, "Y_COORD": 28.44096}, "geometry": {"type": "Polygon", "coordinates": [[[105.92107, 28.1418], [105.87797, 28.12946], [105.88352, 28.24818], [105.7818, 28.33395], [105.72348, 28.27183], [105.63988, 28.31338], [105.61719, 28.48046], [105.6902, 28.59515], [105.89015, 28.60219], [105.88711, 28.66046], [105.97195, 28.75489], [105.99604, 28.74499], [105.96699, 28.69362], [105.9699, 28.51492], [106.02341, 28.39954], [105.92107, 28.1418]]]}}, {"type": "Feature", "properties": {"SYS_ID": "1909", "NAME_PY": "Zunyi Fu", "NAME_CH": "遵义府", "NAME_FT": "遵義府", "X_COORD": 106.89395, "Y_COORD": 28.13636}, "geometry": {"type": "Polygon", "coordinates": [[[107.86793, 28.94924], [107.82949, 28.81248], [107.74356, 28.78157], [107.65618, 28.80169], [107.52893, 28.64549], [107.56126, 28.61279], [107.80464, 28.60059], [107.79963, 28.54985], [107.7403, 28.52058], [107.71226, 28.37963], [107.76937, 28.19021], [107.70442, 28.16544], [107.66409, 28.21493], [107.53438, 28.19813], [107.36043, 28.05698], [107.35148, 27.91699], [107.39627, 27.82905], [107.3371, 27.7879], [107.37551, 27.73746], [107.36418, 27.69158], [107.26662, 27.60219], [107.24441, 27.40687], [107.09428, 27.32471], [107.00169, 27.35858], [106.8962, 27.26687], [106.83761, 27.3258], [106.62927, 27.30592], [106.44268, 27.18996], [106.39733, 27.12531], [106.40653, 27.05355], [106.2705, 27.09106], [106.26935, 27.18175], [106.36873, 27.38379], [106.36427, 27.43263], [106.09357, 27.45061], [105.98528, 27.51038], [105.92121, 27.65957], [105.92657, 27.73487], [106.07395, 27.78361], [106.21997, 27.7667], [106.3319, 27.82591], [106.33547, 27.86615], [106.30149, 27.90609], [106.31728, 27.97634], [106.25443, 28.01817], [106.25861, 28.08098], [106.19955, 28.1376], [106.09247, 28.16494], [106.02075, 28.10888], [105.92107, 28.1418], [106.02341, 28.39954], [105.9699, 28.51492], [105.97909, 28.7349], [106.36719, 28.48087], [106.39356, 28.57352], [106.49598, 28.54098], [106.46474, 28.58628], [106.51833, 28.67536], [106.45011, 28.7853], [106.44156, 28.82673], [106.4693, 28.83756], [106.59074, 28.71996], [106.57683, 28.69145], [106.65326, 28.6628], [106.56488, 28.49422], [106.68313, 28.49557], [106.71023, 28.4537], [106.74425, 28.48404], [106.7235, 28.54022], [106.77386, 28.56583], [106.76976, 28.6239], [106.80838, 28.58956], [106.85926, 28.63167], [106.87708, 28.69275], [106.81599, 28.74314], [106.8888, 28.8103], [106.96812, 28.76863], [107.02118, 28.88], [107.11301, 28.89425], [107.20872, 28.83245], [107.24332, 28.77205], [107.38454, 28.85697], [107.43623, 28.95097], [107.36458, 29.01036], [107.38819, 29.04612], [107.36793, 29.09368], [107.4092, 29.09843], [107.40425, 29.17831], [107.4407, 29.20347], [107.48352, 29.17397], [107.56196, 29.21916], [107.58816, 29.1681], [107.64445, 29.175], [107.68064, 29.1427], [107.75261, 29.18919], [107.80016, 29.13912], [107.80901, 28.99276], [107.86793, 28.94924]]]}}, {"type": "Feature", "properties": {"SYS_ID": "1910", "NAME_PY": "Dading Fu", "NAME_CH": "大定府", "NAME_FT": "大定府", "X_COORD": 105.01988, "Y_COORD": 26.95452}, "geometry": {"type": "Polygon", "coordinates": [[[106.40653, 27.05355], [106.44004, 27.01371], [106.37955, 26.98024], [106.34852, 26.88235], [106.18673, 26.75045], [106.18402, 26.69124], [106.26678, 26.60077], [106.26349, 26.52466], [106.12341, 26.55136], [105.95539, 26.52009], [105.82668, 26.43504], [105.27049, 26.46538], [105.21156, 26.3943], [105.22831, 26.20436], [105.14567, 26.15524], [105.04913, 26.17588], [104.99018, 26.13203], [104.87044, 26.24395], [104.71883, 26.1978], [104.6601, 26.43637], [104.56802, 26.52823], [104.56265, 26.58628], [104.45309, 26.6066], [104.45848, 26.65554], [104.41782, 26.71155], [104.33845, 26.62386], [104.12743, 26.64673], [104.05943, 26.53722], [104.00768, 26.51919], [103.81133, 26.53919], [103.74448, 26.6267], [103.7656, 26.7359], [103.73037, 26.73068], [103.69943, 26.80907], [103.71879, 26.855], [103.77254, 26.87526], [103.77435, 26.95436], [103.69801, 27.05164], [103.61452, 27.00873], [103.59972, 27.06166], [103.65778, 27.07333], [103.62711, 27.11937], [103.70277, 27.14001], [103.74713, 27.21514], [103.86815, 27.30967], [103.93152, 27.44433], [103.99865, 27.43469], [104.01202, 27.38009], [104.18024, 27.27136], [104.25315, 27.30515], [104.24295, 27.33527], [104.29992, 27.36661], [104.35805, 27.46918], [104.51082, 27.4052], [104.53295, 27.33898], [104.61406, 27.312], [104.73466, 27.34487], [104.77198, 27.31813], [104.81385, 27.35464], [104.85103, 27.34186], [104.8638, 27.29362], [105.07233, 27.42027], [105.16718, 27.40841], [105.18977, 27.37645], [105.258, 27.51994], [105.22639, 27.54957], [105.30361, 27.62595], [105.30025, 27.70911], [105.46963, 27.77701], [105.59472, 27.71958], [105.6309, 27.66108], [105.91755, 27.74933], [105.92121, 27.65957], [105.98528, 27.51038], [106.15022, 27.43312], [106.35554, 27.44578], [106.37477, 27.40243], [106.31932, 27.32155], [106.26259, 27.12435], [106.29482, 27.07412], [106.40653, 27.05355]]]}}, {"type": "Feature", "properties": {"SYS_ID": "1911", "NAME_PY": "Pu'an Ting", "NAME_CH": "普安厅", "NAME_FT": "普安廳", "X_COORD": 104.5993, "Y_COORD": 25.83691}, "geometry": {"type": "Polygon", "coordinates": [[[104.71883, 26.1978], [104.8249, 26.04118], [104.78923, 25.96326], [104.81096, 25.71121], [104.89061, 25.54907], [104.6818, 25.29711], [104.65016, 25.29889], [104.63605, 25.36707], [104.54052, 25.37796], [104.44692, 25.44299], [104.42409, 25.58369], [104.32489, 25.60693], [104.31275, 25.70053], [104.32291, 25.75818], [104.3727, 25.73672], [104.43499, 25.87511], [104.41578, 25.90723], [104.46485, 26.01362], [104.45092, 26.07146], [104.51601, 26.09458], [104.53815, 26.25267], [104.67794, 26.37671], [104.71883, 26.1978]]]}}, {"type": "Feature", "properties": {"SYS_ID": "1912", "NAME_PY": "Anshun Fu", "NAME_CH": "安顺府", "NAME_FT": "安順府", "X_COORD": 105.85926, "Y_COORD": 26.13545}, "geometry": {"type": "Polygon", "coordinates": [[[105.18825, 26.17792], [105.23853, 26.22774], [105.2148, 26.41389], [105.27049, 26.46538], [105.82668, 26.43504], [105.95539, 26.52009], [106.12341, 26.55136], [106.26349, 26.52466], [106.26678, 26.60077], [106.18402, 26.69124], [106.18673, 26.75045], [106.28323, 26.80752], [106.35445, 26.89657], [106.41618, 26.89807], [106.44887, 26.80022], [106.53732, 26.70403], [106.51081, 26.44083], [106.53328, 26.36094], [106.44534, 26.29716], [106.27854, 26.29871], [106.10729, 26.01689], [106.19257, 26.00246], [106.22429, 25.92348], [106.16505, 25.75592], [106.22825, 25.75551], [106.28297, 25.64982], [106.43273, 25.68069], [106.51092, 25.61579], [106.3947, 25.51215], [106.23547, 25.45394], [106.15205, 25.37859], [106.08579, 25.38239], [106.07968, 25.44141], [105.97707, 25.48658], [105.92482, 25.47141], [105.87275, 25.38841], [105.79007, 25.40807], [105.77987, 25.50114], [105.67769, 25.66452], [105.57467, 25.71575], [105.52865, 25.69831], [105.37518, 25.82846], [105.37113, 25.89106], [105.25536, 25.94675], [105.25926, 25.98664], [105.18464, 26.07568], [105.18825, 26.17792]]]}}, {"type": "Feature", "properties": {"SYS_ID": "1913", "NAME_PY": "Xingyi Fu", "NAME_CH": "兴义府", "NAME_FT": "興義府", "X_COORD": 105.48576, "Y_COORD": 25.43377}, "geometry": {"type": "Polygon", "coordinates": [[[106.43804, 25.56391], [106.43076, 25.47211], [106.3463, 25.34945], [106.35061, 25.26295], [106.25394, 25.19986], [106.26231, 24.98385], [106.14272, 24.95803], [106.19943, 24.86822], [106.17254, 24.77075], [106.05222, 24.69681], [106.02058, 24.6416], [105.92921, 24.72982], [105.80756, 24.70618], [105.59496, 24.80963], [105.50668, 24.81012], [105.42365, 24.93633], [105.27001, 24.93526], [105.20811, 24.99855], [105.07211, 24.91948], [105.03294, 24.79779], [104.87315, 24.74512], [104.84279, 24.68211], [104.73013, 24.62358], [104.53002, 24.73437], [104.54479, 24.82694], [104.70898, 24.99824], [104.6765, 25.06029], [104.62046, 25.07082], [104.67063, 25.07722], [104.73997, 25.21783], [104.81693, 25.17765], [104.80906, 25.26559], [104.6818, 25.29711], [104.89061, 25.54907], [104.80771, 25.73305], [104.78923, 25.96326], [104.82327, 26.05275], [104.74709, 26.18551], [104.83786, 26.24349], [104.91196, 26.22321], [104.99018, 26.13203], [105.04913, 26.17588], [105.17503, 26.16622], [105.18464, 26.07568], [105.25926, 25.98664], [105.25536, 25.94675], [105.37113, 25.89106], [105.37518, 25.82846], [105.52865, 25.69831], [105.57467, 25.71575], [105.67769, 25.66452], [105.81618, 25.39101], [105.87275, 25.38841], [105.92482, 25.47141], [105.97707, 25.48658], [106.07968, 25.44141], [106.08579, 25.38239], [106.12363, 25.36839], [106.23547, 25.45394], [106.3947, 25.51215], [106.43804, 25.56391]]]}}, {"type": "Feature", "properties": {"SYS_ID": "1914", "NAME_PY": "Guiyang Fu", "NAME_CH": "贵阳府", "NAME_FT": "貴陽府", "X_COORD": 106.73836, "Y_COORD": 26.17069}, "geometry": {"type": "Polygon", "coordinates": [[[107.19652, 27.3591], [107.15307, 27.26224], [107.22396, 27.18102], [107.16276, 27.02916], [107.24505, 26.97132], [107.27644, 26.87405], [107.24224, 26.68808], [107.30939, 26.64373], [107.29163, 26.50538], [107.36942, 26.41281], [107.2529, 26.3615], [107.2356, 26.28062], [107.2683, 26.17889], [107.17519, 26.20281], [107.10805, 26.02433], [107.06543, 25.99297], [107.05746, 25.7512], [107.19172, 25.60081], [107.05874, 25.56195], [107.06641, 25.51881], [106.95947, 25.43697], [107.00922, 25.34984], [106.98545, 25.24413], [106.91945, 25.25324], [106.88869, 25.18989], [106.65481, 25.17407], [106.57819, 25.08898], [106.26231, 24.98385], [106.25394, 25.19986], [106.35061, 25.26295], [106.3463, 25.34945], [106.43076, 25.47211], [106.43804, 25.56391], [106.51092, 25.61579], [106.43273, 25.68069], [106.28297, 25.64982], [106.22825, 25.75551], [106.16505, 25.75592], [106.22429, 25.92348], [106.19257, 26.00246], [106.12889, 25.99761], [106.10804, 26.03258], [106.27854, 26.29871], [106.44534, 26.29716], [106.53826, 26.37739], [106.51082, 26.42215], [106.53732, 26.70403], [106.44887, 26.80022], [106.41618, 26.89807], [106.35445, 26.89657], [106.37955, 26.98024], [106.44004, 27.01371], [106.39733, 27.12531], [106.44268, 27.18996], [106.62927, 27.30592], [106.83761, 27.3258], [106.8962, 27.26687], [107.00169, 27.35858], [107.09428, 27.32471], [107.19652, 27.3591]]]}}, {"type": "Feature", "properties": {"SYS_ID": "1915", "NAME_PY": "Pingyue Zhou", "NAME_CH": "平越州", "NAME_FT": "平越州", "X_COORD": 107.66921, "Y_COORD": 27.3843}, "geometry": {"type": "Polygon", "coordinates": [[[107.30473, 26.57311], [107.30283, 26.65721], [107.23983, 26.70155], [107.27644, 26.87405], [107.22928, 27.00488], [107.16276, 27.02916], [107.22235, 27.19075], [107.15307, 27.26224], [107.26238, 27.44183], [107.27212, 27.61561], [107.37535, 27.71873], [107.33702, 27.77804], [107.39866, 27.84777], [107.35148, 27.91699], [107.36043, 28.05698], [107.53438, 28.19813], [107.66409, 28.21493], [107.68718, 28.13032], [107.59811, 27.91077], [107.65496, 27.82955], [107.73293, 27.39927], [107.84095, 27.37773], [107.99169, 27.40889], [108.18534, 27.39329], [108.03862, 27.30872], [107.99066, 27.22671], [107.87331, 27.18156], [107.69819, 27.21466], [107.69157, 26.99813], [107.6554, 26.93405], [107.7862, 26.80202], [107.62923, 26.65653], [107.56677, 26.66883], [107.51677, 26.60318], [107.45728, 26.60324], [107.38187, 26.55174], [107.30473, 26.57311]]]}}, {"type": "Feature", "properties": {"SYS_ID": "1916", "NAME_PY": "Duyun Fu", "NAME_CH": "都匀府", "NAME_FT": "都勻府", "X_COORD": 107.67882, "Y_COORD": 25.96225}, "geometry": {"type": "Polygon", "coordinates": [[[108.01811, 26.70623], [108.12187, 26.74607], [108.14648, 26.64619], [108.27724, 26.56771], [108.19253, 26.3288], [108.27483, 26.08166], [108.22272, 26.05503], [108.2206, 25.98825], [108.13721, 25.88989], [108.22276, 25.83092], [108.20665, 25.68439], [108.23504, 25.6419], [108.28949, 25.64915], [108.31289, 25.53177], [108.23621, 25.42723], [108.18844, 25.45707], [108.14579, 25.44131], [108.1823, 25.40661], [108.13238, 25.38032], [108.14781, 25.32051], [108.10954, 25.2053], [107.99783, 25.19944], [107.84644, 25.12364], [107.77772, 25.12248], [107.7538, 25.23945], [107.69325, 25.19827], [107.66093, 25.31832], [107.46483, 25.22155], [107.48418, 25.28758], [107.42834, 25.29185], [107.41978, 25.39279], [107.31406, 25.42136], [107.32745, 25.50213], [107.23354, 25.5546], [107.22451, 25.60785], [107.19172, 25.60081], [107.07012, 25.72903], [107.04504, 25.89472], [107.17519, 26.20281], [107.2683, 26.17889], [107.2356, 26.28062], [107.2529, 26.3615], [107.36934, 26.40246], [107.29163, 26.50538], [107.30473, 26.57311], [107.38187, 26.55174], [107.45728, 26.60324], [107.51677, 26.60318], [107.56677, 26.66883], [107.62923, 26.65653], [107.76345, 26.79967], [107.92716, 26.73225], [107.98133, 26.74493], [108.01811, 26.70623]]]}}, {"type": "Feature", "properties": {"SYS_ID": "1917", "NAME_PY": "Sinan Fu", "NAME_CH": "思南府", "NAME_FT": "思南府", "X_COORD": 108.14106, "Y_COORD": 28.36359}, "geometry": {"type": "Polygon", "coordinates": [[[108.51958, 27.69547], [108.34485, 27.70202], [108.23887, 27.76358], [108.09111, 27.75358], [108.00247, 27.87293], [107.90067, 27.92147], [107.90775, 28.08432], [107.80429, 28.1378], [107.72265, 28.28392], [107.72501, 28.47612], [107.81036, 28.56462], [107.80464, 28.60059], [107.56126, 28.61279], [107.52893, 28.64549], [107.65618, 28.80169], [107.74356, 28.78157], [107.82949, 28.81248], [107.86793, 28.94924], [107.98748, 28.92771], [108.13061, 29.01885], [108.28488, 29.02715], [108.34566, 28.93685], [108.3399, 28.85186], [108.38284, 28.79468], [108.32919, 28.68396], [108.57161, 28.59458], [108.66728, 28.58976], [108.64242, 28.50743], [108.72391, 28.28784], [108.69575, 28.18448], [108.73301, 28.11742], [108.62622, 28.00677], [108.75246, 27.94163], [108.72191, 27.90931], [108.59928, 27.91752], [108.53315, 27.89096], [108.49711, 27.81848], [108.51958, 27.69547]]]}}, {"type": "Feature", "properties": {"SYS_ID": "1918", "NAME_PY": "Shiqian Fu", "NAME_CH": "石阡府", "NAME_FT": "石阡府", "X_COORD": 107.85575, "Y_COORD": 27.78397}, "geometry": {"type": "Polygon", "coordinates": [[[108.55931, 27.49419], [108.47758, 27.41984], [108.30124, 27.39193], [107.99169, 27.40889], [107.84095, 27.37773], [107.73293, 27.39927], [107.65496, 27.82955], [107.59811, 27.91077], [107.68878, 28.17298], [107.76937, 28.19021], [107.80429, 28.1378], [107.90071, 28.09285], [107.90067, 27.92147], [108.00247, 27.87293], [108.09111, 27.75358], [108.23887, 27.76358], [108.34485, 27.70202], [108.51958, 27.69547], [108.57483, 27.60589], [108.55931, 27.49419]]]}}, {"type": "Feature", "properties": {"SYS_ID": "1922", "NAME_PY": "Liuzhou Fu", "NAME_CH": "柳州府", "NAME_FT": "柳州府", "X_COORD": 109.33713, "Y_COORD": 24.72769}, "geometry": {"type": "Polygon", "coordinates": [[[109.69698, 25.88582], [109.70393, 25.76255], [109.73968, 25.70644], [109.68554, 25.58575], [109.68666, 25.49024], [109.61321, 25.34619], [109.68883, 25.22801], [109.69674, 25.14528], [109.61956, 24.76896], [109.64624, 24.71976], [109.70703, 24.6985], [109.7801, 24.54285], [109.90053, 24.49213], [109.91582, 24.30158], [110.01061, 24.24309], [110.08183, 24.0517], [110.03241, 23.93689], [109.95026, 23.88006], [109.92898, 23.76925], [109.88577, 23.74831], [109.82683, 23.76484], [109.78427, 23.88903], [109.70937, 23.84052], [109.66721, 23.92481], [109.55317, 23.891], [109.51984, 23.8269], [109.5845, 23.75236], [109.53908, 23.70858], [109.54215, 23.60156], [109.47781, 23.40676], [109.28286, 23.45995], [109.15305, 23.45217], [109.04456, 23.67613], [109.0969, 23.75512], [109.21308, 23.80176], [109.21792, 23.83813], [109.14066, 23.92724], [109.13315, 24.06569], [109.04, 24.13568], [108.9592, 24.10376], [108.89043, 24.18165], [108.89007, 24.32666], [108.9827, 24.35711], [109.03172, 24.48819], [108.93305, 24.47799], [108.88486, 24.52441], [108.91779, 24.62674], [108.89534, 24.66495], [108.78406, 24.64128], [108.73896, 24.66799], [108.74603, 24.88501], [108.64807, 25.03319], [108.61201, 25.15318], [108.63984, 25.29701], [108.59467, 25.46698], [108.63405, 25.48461], [108.62894, 25.5162], [108.67902, 25.5221], [108.66473, 25.58612], [108.76435, 25.63415], [108.80496, 25.52839], [108.93418, 25.55853], [109.01478, 25.51689], [109.06001, 25.53704], [109.03017, 25.64789], [109.06863, 25.73682], [109.00061, 25.73279], [108.93765, 25.67369], [108.90127, 25.67642], [108.89307, 25.71233], [108.96304, 25.73092], [108.98753, 25.784], [109.1088, 25.80831], [109.1301, 25.75035], [109.17605, 25.76587], [109.16527, 25.80749], [109.23331, 25.72507], [109.32986, 25.73866], [109.30751, 25.77688], [109.33085, 25.83171], [109.4267, 25.92906], [109.40104, 25.96724], [109.47802, 26.03277], [109.52422, 25.99904], [109.63058, 26.0507], [109.64744, 26.01787], [109.70696, 26.00746], [109.65701, 25.88685], [109.69698, 25.88582]]]}}, {"type": "Feature", "properties": {"SYS_ID": "1924", "NAME_PY": "Pingle Fu", "NAME_CH": "平乐府", "NAME_FT": "平樂府", "X_COORD": 110.97708, "Y_COORD": 24.46685}, "geometry": {"type": "Polygon", "coordinates": [[[112.01591, 24.73996], [111.95286, 24.71642], [111.92091, 24.63127], [111.99618, 24.54917], [111.98059, 24.4686], [112.05511, 24.35709], [111.97395, 24.25966], [111.86974, 24.22627], [111.87071, 24.09035], [111.92618, 23.97667], [111.84798, 23.94993], [111.85728, 23.92023], [111.8068, 23.88875], [111.8078, 23.82084], [111.6449, 23.82739], [111.62183, 23.95455], [111.56195, 24.05486], [111.56455, 24.13982], [111.51897, 24.15477], [111.39172, 24.05066], [111.37366, 23.99208], [111.39673, 23.94069], [111.33248, 23.87158], [111.21973, 23.91096], [111.17451, 23.96103], [111.12803, 23.94057], [111.06999, 23.83594], [111.02514, 23.82698], [110.9628, 23.74493], [110.94611, 23.65223], [110.88511, 23.69955], [110.87383, 23.80722], [110.81242, 23.81465], [110.8334, 23.87959], [110.7776, 23.94239], [110.60494, 23.83941], [110.46332, 23.86219], [110.32677, 23.9548], [110.13875, 23.9731], [110.05362, 24.08855], [110.01061, 24.24309], [109.92947, 24.27906], [109.89844, 24.35802], [109.90914, 24.47796], [109.98746, 24.46579], [110.14125, 24.54134], [110.1354, 24.68037], [110.18415, 24.7389], [110.54413, 24.64282], [110.60426, 24.65563], [110.58211, 24.73311], [110.62751, 24.79802], [110.62376, 24.86458], [110.674, 24.90544], [110.61128, 25.07708], [110.65534, 25.13487], [110.75502, 25.13327], [110.74774, 25.20397], [110.81324, 25.19144], [110.89427, 25.2418], [111.09199, 25.28191], [111.09886, 25.21649], [110.99239, 25.16062], [110.94245, 25.05103], [110.99165, 24.92269], [111.09199, 24.94454], [111.09387, 25.03136], [111.26302, 25.1457], [111.33823, 25.09724], [111.38162, 25.13295], [111.43123, 25.10114], [111.41288, 25.04415], [111.46293, 25.02221], [111.42563, 24.97528], [111.46482, 24.93172], [111.44398, 24.8598], [111.47408, 24.80038], [111.43244, 24.67101], [111.55813, 24.63931], [111.58404, 24.69376], [111.63391, 24.68393], [111.63719, 24.73308], [111.70021, 24.78569], [111.95577, 24.77061], [112.01591, 24.73996]]]}}, {"type": "Feature", "properties": {"SYS_ID": "1925", "NAME_PY": "Zhen'an Fu", "NAME_CH": "镇安府", "NAME_FT": "鎮安府", "X_COORD": 106.41044, "Y_COORD": 23.27872}, "geometry": {"type": "Polygon", "coordinates": [[[105.53908, 23.19252], [105.65816, 23.3086], [105.65764, 23.34409], [105.68914, 23.33178], [105.64732, 23.40144], [105.80286, 23.47016], [105.84122, 23.5269], [105.98288, 23.49229], [105.99643, 23.45061], [106.10371, 23.53617], [106.20091, 23.50272], [106.29556, 23.59482], [106.73227, 23.68242], [106.85677, 23.74385], [106.90823, 23.7149], [106.93112, 23.74512], [106.91686, 23.70098], [107.05684, 23.59512], [107.24281, 23.56511], [107.20183, 23.4431], [107.28363, 23.41301], [107.11101, 23.26416], [107.1191, 23.20707], [107.20695, 23.13406], [107.18364, 23.02159], [107.09585, 22.98911], [106.84214, 22.99986], [106.82584, 22.96914], [106.90103, 22.88727], [106.83072, 22.81263], [106.76676, 22.81232], [106.70932, 22.88222], [106.64408, 22.87221], [106.60068, 22.93156], [106.5194, 22.95198], [106.48833, 22.90436], [106.28375, 22.86979], [106.20337, 22.98117], [106.14737, 22.99676], [106.00473, 22.9949], [106.00098, 22.94539], [105.90437, 22.94705], [105.8758, 22.92068], [105.70898, 23.06383], [105.562, 23.06812], [105.53908, 23.19252]]]}}, {"type": "Feature", "properties": {"SYS_ID": "1926", "NAME_PY": "Si'en Fu", "NAME_CH": "思恩府", "NAME_FT": "思恩府", "X_COORD": 107.68449, "Y_COORD": 23.6556}, "geometry": {"type": "Polygon", "coordinates": [[[106.10371, 23.53617], [106.13786, 23.57216], [106.11619, 23.6028], [106.15459, 23.71202], [106.13326, 23.79795], [106.18877, 23.82739], [106.16928, 23.86423], [106.19421, 23.87377], [106.12843, 23.95029], [106.30251, 24.02104], [106.54927, 23.97244], [106.74979, 23.97869], [106.80331, 24.10362], [106.80153, 24.20115], [106.8413, 24.29776], [106.88682, 24.32748], [107.0823, 24.30202], [107.19929, 24.20459], [107.43757, 24.09419], [107.62208, 24.19535], [107.99446, 24.18168], [108.1746, 24.28914], [108.24843, 24.29162], [108.39811, 24.20291], [108.44108, 24.0603], [108.49646, 23.99446], [108.59751, 23.97571], [108.70113, 23.84742], [108.74474, 23.8575], [108.76837, 23.82476], [108.80141, 23.81983], [108.86618, 23.94967], [108.99031, 23.88565], [109.06017, 24.04596], [109.1111, 24.08225], [109.13315, 24.06569], [109.14066, 23.92724], [109.21867, 23.81189], [109.0969, 23.75512], [109.04535, 23.64821], [109.15049, 23.48389], [109.10644, 23.39354], [109.11237, 23.30646], [109.25769, 23.27093], [109.26048, 23.14713], [109.15134, 23.08244], [109.00397, 23.11486], [108.85009, 22.97648], [108.76848, 22.99801], [108.70975, 23.0972], [108.55353, 23.1434], [108.29218, 22.97356], [108.16145, 23.03537], [108.00301, 23.04448], [107.93972, 23.08878], [107.88906, 23.21426], [107.80118, 23.22408], [107.68618, 23.29779], [107.70956, 23.3965], [107.68313, 23.4309], [107.56065, 23.44146], [107.50709, 23.35562], [107.40526, 23.43178], [107.34947, 23.3915], [107.23356, 23.42125], [107.20239, 23.46095], [107.24281, 23.56511], [107.11285, 23.57737], [106.95879, 23.65107], [106.91406, 23.70692], [106.93112, 23.74512], [106.90823, 23.7149], [106.85677, 23.74385], [106.73227, 23.68242], [106.29556, 23.59482], [106.20091, 23.50272], [106.10371, 23.53617]]]}}, {"type": "Feature", "properties": {"SYS_ID": "1928", "NAME_PY": "Qingyuan Fu", "NAME_CH": "庆远府", "NAME_FT": "慶遠府", "X_COORD": 108.01832, "Y_COORD": 24.71598}, "geometry": {"type": "Polygon", "coordinates": [[[108.61956, 25.33589], [108.63984, 25.29701], [108.61201, 25.15318], [108.64807, 25.03319], [108.74603, 24.88501], [108.73896, 24.66799], [108.78406, 24.64128], [108.89534, 24.66495], [108.91779, 24.62674], [108.88486, 24.52441], [108.93305, 24.47799], [109.03172, 24.48819], [108.9827, 24.35711], [108.90595, 24.34115], [108.87823, 24.27323], [108.89043, 24.18165], [108.94675, 24.1114], [109.04, 24.13568], [109.1111, 24.08225], [109.04207, 24.02144], [108.99031, 23.88565], [108.86618, 23.94967], [108.80141, 23.81983], [108.74474, 23.8575], [108.70618, 23.84312], [108.6424, 23.94666], [108.47037, 24.01927], [108.39811, 24.20291], [108.24843, 24.29162], [108.1746, 24.28914], [107.99446, 24.18168], [107.62208, 24.19535], [107.43757, 24.09419], [107.19929, 24.20459], [107.0823, 24.30202], [106.97069, 24.33381], [106.96979, 24.49759], [106.92554, 24.60031], [106.93034, 24.79822], [106.99433, 24.93588], [107.08533, 25.00802], [107.03723, 25.03107], [106.96584, 25.16621], [107.00922, 25.34984], [106.95947, 25.43697], [107.06641, 25.51881], [107.05874, 25.56195], [107.22451, 25.60785], [107.22827, 25.55946], [107.3359, 25.48898], [107.30655, 25.42899], [107.41653, 25.3958], [107.42834, 25.29185], [107.4773, 25.30301], [107.46483, 25.22155], [107.66093, 25.31832], [107.69325, 25.19827], [107.7538, 25.23945], [107.77772, 25.12248], [107.84644, 25.12364], [107.99783, 25.19944], [108.10954, 25.2053], [108.14781, 25.32051], [108.13238, 25.38032], [108.1823, 25.40661], [108.14579, 25.44131], [108.18844, 25.45707], [108.23621, 25.42723], [108.31615, 25.53323], [108.40767, 25.44302], [108.48189, 25.45505], [108.59271, 25.32565], [108.61956, 25.33589]]]}}, {"type": "Feature", "properties": {"SYS_ID": "1931", "NAME_PY": "Sicheng Fu", "NAME_CH": "泗城府", "NAME_FT": "泗城府", "X_COORD": 105.78305, "Y_COORD": 24.60239}, "geometry": {"type": "Polygon", "coordinates": [[[104.60533, 24.38432], [104.48077, 24.65484], [104.52091, 24.72916], [104.73013, 24.62358], [104.84279, 24.68211], [104.87315, 24.74512], [105.03294, 24.79779], [105.03973, 24.88136], [105.19984, 24.99864], [105.27001, 24.93526], [105.42365, 24.93633], [105.50668, 24.81012], [105.59496, 24.80963], [105.80756, 24.70618], [105.92921, 24.72982], [106.02058, 24.6416], [106.05222, 24.69681], [106.17254, 24.77075], [106.19943, 24.86822], [106.14785, 24.96489], [106.44021, 25.02784], [106.58404, 25.09269], [106.65481, 25.17407], [106.88869, 25.18989], [106.90669, 25.24148], [106.94675, 25.25184], [106.97681, 25.23152], [106.99223, 25.10527], [107.08533, 25.00802], [106.99433, 24.93588], [106.93034, 24.79822], [106.92554, 24.60031], [106.96979, 24.49759], [106.97069, 24.33381], [106.8413, 24.29776], [106.78048, 24.02221], [106.73281, 23.9726], [106.54927, 23.97244], [106.30251, 24.02104], [106.12843, 23.95029], [105.99865, 24.13204], [105.91624, 24.1252], [105.8962, 24.05463], [105.85414, 24.06241], [105.83813, 24.03101], [105.78908, 24.03739], [105.80108, 24.06009], [105.76927, 24.0761], [105.66042, 24.04547], [105.60423, 24.14191], [105.53104, 24.13166], [105.48278, 24.02558], [105.40965, 24.0416], [105.31842, 24.12121], [105.25756, 24.07329], [105.17879, 24.14301], [105.23087, 24.19322], [105.17896, 24.28622], [105.1932, 24.33991], [105.10867, 24.3752], [105.09047, 24.43216], [104.93269, 24.41145], [104.75195, 24.4612], [104.70319, 24.43971], [104.69955, 24.32396], [104.60533, 24.38432]]]}}, {"type": "Feature", "properties": {"SYS_ID": "1961", "NAME_PY": "Xu Zhou", "NAME_CH": "许州", "NAME_FT": "許州", "X_COORD": 113.81419, "Y_COORD": 33.86179}, "geometry": {"type": "Polygon", "coordinates": [[[113.77629, 33.45833], [113.83269, 33.50001], [113.82783, 33.60063], [113.70601, 33.70487], [113.52524, 33.75268], [113.40277, 33.7397], [113.34644, 33.87457], [113.40943, 33.9527], [113.40404, 34.00707], [113.51165, 34.01639], [113.598, 34.1869], [113.60695, 34.26847], [113.83168, 34.30299], [114.03035, 34.18948], [114.0319, 34.10883], [113.98803, 34.06179], [114.02501, 33.92125], [114.28195, 33.78181], [114.20634, 33.6987], [114.26356, 33.57703], [114.24478, 33.53812], [114.27908, 33.50989], [114.26684, 33.47549], [114.15614, 33.42058], [114.05208, 33.50425], [113.77629, 33.45833]]]}}, {"type": "Feature", "properties": {"SYS_ID": "1963", "NAME_PY": "Nanyang Fu", "NAME_CH": "南阳府", "NAME_FT": "南陽府", "X_COORD": 112.41037, "Y_COORD": 33.03666}, "geometry": {"type": "Polygon", "coordinates": [[[113.40277, 33.7397], [113.52524, 33.75268], [113.72439, 33.69672], [113.74582, 33.64596], [113.82783, 33.60063], [113.84373, 33.54261], [113.81529, 33.47917], [113.72539, 33.42659], [113.68702, 33.27518], [113.68658, 33.16004], [113.76332, 32.99597], [113.7831, 32.86632], [113.6241, 32.80186], [113.64524, 32.71303], [113.77529, 32.58162], [113.75128, 32.47644], [113.72042, 32.42263], [113.65659, 32.42462], [113.61984, 32.36053], [113.4172, 32.27515], [113.34839, 32.29738], [113.32617, 32.34691], [113.20633, 32.42967], [113.15649, 32.42107], [113.1342, 32.37989], [113.02005, 32.42696], [112.98212, 32.37455], [112.87335, 32.37705], [112.86468, 32.40018], [112.74976, 32.3451], [112.54073, 32.41143], [112.43757, 32.35497], [112.35387, 32.37062], [112.31789, 32.32831], [112.22392, 32.39379], [112.1424, 32.38795], [112.05276, 32.47434], [111.99984, 32.45837], [111.94659, 32.51932], [111.87544, 32.50864], [111.71526, 32.60651], [111.64061, 32.60848], [111.63503, 32.63705], [111.56673, 32.59644], [111.4165, 32.73183], [111.46304, 32.77569], [111.40971, 32.76244], [111.37395, 32.83069], [111.28464, 32.86409], [111.28008, 32.90296], [111.24419, 32.8862], [111.23744, 32.93902], [111.26782, 32.97379], [111.2324, 33.0427], [111.14237, 33.04416], [111.1851, 33.08853], [111.08814, 33.18215], [111.0343, 33.15864], [111.05072, 33.1944], [110.97766, 33.25967], [111.02425, 33.34104], [110.99113, 33.43764], [111.02161, 33.47111], [110.9977, 33.58366], [111.07505, 33.57562], [111.14873, 33.61433], [111.18198, 33.76008], [111.22768, 33.79817], [111.37975, 33.73766], [111.62361, 33.73475], [111.759, 33.67714], [111.77944, 33.62307], [111.83242, 33.6257], [111.91771, 33.57077], [112.06328, 33.60091], [112.14275, 33.72433], [112.25347, 33.70576], [112.30718, 33.65109], [112.44576, 33.64808], [112.51005, 33.60251], [112.73063, 33.61901], [113.03046, 33.58304], [113.32571, 33.67506], [113.40277, 33.7397]]]}}, {"type": "Feature", "properties": {"SYS_ID": "1964", "NAME_PY": "Chenzhou Fu", "NAME_CH": "陈州府", "NAME_FT": "陳州府", "X_COORD": 114.78224, "Y_COORD": 33.71961}, "geometry": {"type": "Polygon", "coordinates": [[[114.20634, 33.6987], [114.34253, 33.80668], [114.28867, 33.94194], [114.27296, 34.20479], [114.37044, 34.25148], [114.3782, 34.35564], [114.5954, 34.28466], [114.76652, 34.28254], [115.1027, 34.14912], [115.11742, 34.05496], [115.28006, 34.00799], [115.17166, 33.95023], [115.12235, 33.97012], [115.06291, 33.92465], [114.99236, 33.75299], [115.00431, 33.62567], [115.10701, 33.53245], [115.33826, 33.50197], [115.30858, 33.37951], [115.35792, 33.32878], [115.28703, 33.13761], [115.11204, 33.08366], [114.98978, 33.10352], [114.93611, 33.16022], [114.87805, 33.08361], [114.75897, 33.17163], [114.67541, 33.12783], [114.65634, 33.29478], [114.55117, 33.33083], [114.49848, 33.42724], [114.41509, 33.40593], [114.29992, 33.43729], [114.26684, 33.47549], [114.27908, 33.50989], [114.24478, 33.53812], [114.26356, 33.57703], [114.20634, 33.6987]]]}}, {"type": "Feature", "properties": {"SYS_ID": "1965", "NAME_PY": "Ru Zhou", "NAME_CH": "汝州", "NAME_FT": "汝州", "X_COORD": 112.78909, "Y_COORD": 34.00207}, "geometry": {"type": "Polygon", "coordinates": [[[113.40277, 33.7397], [113.32571, 33.67506], [113.03046, 33.58304], [112.73063, 33.61901], [112.51005, 33.60251], [112.43165, 33.65247], [112.30718, 33.65109], [112.27746, 33.69244], [112.17304, 33.72743], [112.16618, 33.78643], [112.21592, 33.88223], [112.21063, 33.95649], [112.25991, 34.01328], [112.32935, 34.02405], [112.30685, 34.08815], [112.40815, 34.2823], [112.3607, 34.35337], [112.45223, 34.4211], [112.54385, 34.34529], [112.82323, 34.33044], [112.85183, 34.28897], [112.92263, 34.30305], [113.06231, 34.27037], [113.15534, 34.09415], [113.29459, 34.08659], [113.32941, 34.00968], [113.40404, 34.00707], [113.40943, 33.9527], [113.34644, 33.87457], [113.40277, 33.7397]]]}}, {"type": "Feature", "properties": {"SYS_ID": "1968", "NAME_PY": "Henan Fu", "NAME_CH": "河南府", "NAME_FT": "河南府", "X_COORD": 112.20261, "Y_COORD": 34.32628}, "geometry": {"type": "Polygon", "coordinates": [[[113.09184, 34.2361], [113.04156, 34.28204], [112.85183, 34.28897], [112.82323, 34.33044], [112.54385, 34.34529], [112.45223, 34.4211], [112.3607, 34.35337], [112.40184, 34.26048], [112.30685, 34.08815], [112.32935, 34.02405], [112.25991, 34.01328], [112.21063, 33.95649], [112.17304, 33.72743], [112.12349, 33.70686], [112.06328, 33.60091], [111.91771, 33.57077], [111.83242, 33.6257], [111.77944, 33.62307], [111.74261, 33.68504], [111.76355, 33.74808], [111.88332, 33.77983], [111.59278, 33.83412], [111.45987, 34.01399], [111.09773, 34.19094], [111.07805, 34.32105], [111.25992, 34.47247], [111.44959, 34.54491], [111.70915, 34.52488], [111.71336, 34.65179], [111.60579, 34.66543], [111.57457, 34.74735], [111.60644, 34.79862], [111.5658, 34.84879], [111.66918, 34.94942], [111.66746, 34.98854], [111.79742, 35.03109], [111.8223, 35.07238], [111.94952, 35.08168], [112.02877, 35.03018], [112.1384, 35.01757], [112.2474, 34.94093], [112.27959, 34.96252], [112.30398, 34.93528], [112.45945, 34.92217], [112.78669, 34.80723], [112.90572, 34.8446], [113.11193, 34.84889], [113.16798, 34.88258], [113.17258, 34.74205], [113.12446, 34.70015], [113.11046, 34.61221], [113.26814, 34.48427], [113.32717, 34.40023], [113.32499, 34.34858], [113.09184, 34.2361]]]}}, {"type": "Feature", "properties": {"SYS_ID": "1971", "NAME_PY": "Huaiqing Fu", "NAME_CH": "怀庆府", "NAME_FT": "懷慶府", "X_COORD": 113.05763, "Y_COORD": 35.15964}, "geometry": {"type": "MultiPolygon", "coordinates": [[[[111.88658, 35.07644], [112.0562, 35.2819], [112.20283, 35.25675], [112.21088, 35.23162], [112.28093, 35.25444], [112.2795, 35.22216], [112.32793, 35.21691], [112.39263, 35.24766], [112.61323, 35.22187], [112.64692, 35.26751], [112.67141, 35.22384], [112.76125, 35.20546], [112.80983, 35.25726], [112.92178, 35.25], [112.93576, 35.28891], [112.9856, 35.29462], [113.00777, 35.36077], [113.11111, 35.33412], [113.20277, 35.44199], [113.29328, 35.42529], [113.29435, 35.47701], [113.4006, 35.51214], [113.39526, 35.44046], [113.51386, 35.26421], [113.52705, 35.14927], [113.60392, 35.05098], [113.64857, 35.04184], [113.54044, 34.97023], [113.37039, 34.97404], [113.11193, 34.84889], [112.90572, 34.8446], [112.78669, 34.80723], [112.45945, 34.92217], [112.30398, 34.93528], [112.27959, 34.96252], [112.2474, 34.94093], [112.13112, 35.02062], [111.88658, 35.07644]]], [[[114.13036, 34.96045], [114.03499, 34.9688], [113.91313, 34.88084], [113.64908, 34.92594], [113.67203, 35.0437], [113.76827, 35.08053], [113.89637, 35.19267], [114.22319, 35.09261], [114.2046, 35.02001], [114.13036, 34.96045]]]]}}, {"type": "Feature", "properties": {"SYS_ID": "1989", "NAME_PY": "Nankang Fu", "NAME_CH": "南康府", "NAME_FT": "南康府", "X_COORD": 115.67026, "Y_COORD": 29.16112}, "geometry": {"type": "Polygon", "coordinates": [[[115.3628, 29.29852], [115.38198, 29.33613], [115.46111, 29.32638], [115.65012, 29.28276], [115.69524, 29.22721], [115.86186, 29.19497], [115.86957, 29.23568], [115.80778, 29.32767], [115.87446, 29.34227], [115.90683, 29.47194], [115.99776, 29.57756], [116.07315, 29.61884], [116.17268, 29.62042], [116.13851, 29.53984], [116.29631, 29.51849], [116.34722, 29.56392], [116.416, 29.55947], [116.42152, 29.59159], [116.35826, 29.59496], [116.37297, 29.64904], [116.55274, 29.56076], [116.54738, 29.42056], [116.60804, 29.20166], [116.5874, 29.16574], [116.45891, 29.15656], [116.3256, 29.08041], [116.12581, 29.19901], [116.05785, 29.29218], [116.00203, 29.29371], [115.97415, 29.26082], [115.98938, 29.19295], [115.89233, 29.14126], [115.93685, 29.06357], [115.81574, 28.94227], [115.7808, 28.8485], [115.66739, 28.75941], [115.65488, 28.6887], [115.61081, 28.6732], [115.50089, 28.77515], [115.50491, 28.93843], [115.40858, 29.07273], [115.40341, 29.20312], [115.3628, 29.29852]]]}}, {"type": "Feature", "properties": {"SYS_ID": "1990", "NAME_PY": "Ji'an Fu", "NAME_CH": "吉安府", "NAME_FT": "吉安府", "X_COORD": 114.81027, "Y_COORD": 26.81452}, "geometry": {"type": "Polygon", "coordinates": [[[113.86172, 27.33489], [114.02689, 27.37629], [114.08255, 27.4517], [114.27718, 27.57636], [114.47374, 27.56607], [114.55389, 27.613], [114.64306, 27.57657], [114.82993, 27.6621], [114.85872, 27.62427], [114.91977, 27.6213], [115.04618, 27.50272], [115.30676, 27.54879], [115.34573, 27.41978], [115.52369, 27.48865], [115.63151, 27.48375], [115.6725, 27.37847], [115.64341, 27.25509], [115.66563, 27.1474], [115.78824, 27.06442], [115.85407, 26.97706], [115.83702, 26.93357], [115.76207, 26.89708], [115.77739, 26.69539], [115.69104, 26.52367], [115.55589, 26.48977], [115.51471, 26.56289], [115.45194, 26.59595], [115.44403, 26.65432], [115.40738, 26.66187], [115.31573, 26.65177], [115.25044, 26.55416], [115.11197, 26.52807], [115.02909, 26.47312], [115.02629, 26.43793], [115.089, 26.41285], [115.11025, 26.36178], [115.06184, 26.26962], [115.08169, 26.17566], [114.85556, 26.20747], [114.70853, 26.15766], [114.57069, 26.22875], [114.38184, 26.0991], [114.01425, 25.96808], [114.04001, 26.07636], [114.09336, 26.07141], [114.10256, 26.10359], [114.2279, 26.15405], [114.16769, 26.2122], [114.07861, 26.16602], [114.03513, 26.19143], [113.96815, 26.15454], [113.93629, 26.16881], [114.03117, 26.3129], [114.02854, 26.38409], [114.08189, 26.41495], [114.09473, 26.47963], [114.06958, 26.49642], [114.10191, 26.57403], [113.90648, 26.61896], [113.85916, 26.66237], [113.83474, 26.8074], [113.92303, 26.95468], [113.81551, 27.04121], [113.80223, 27.1011], [113.76647, 27.09976], [113.84777, 27.23821], [113.86172, 27.33489]]]}}, {"type": "Feature", "properties": {"SYS_ID": "1991", "NAME_PY": "Ningdu Zhou", "NAME_CH": "宁都州", "NAME_FT": "寧都州", "X_COORD": 116.15964, "Y_COORD": 26.33518}, "geometry": {"type": "Polygon", "coordinates": [[[116.01333, 25.49294], [115.79147, 25.65171], [115.80356, 25.75208], [115.68578, 25.99582], [115.75879, 26.03773], [115.71317, 26.13348], [115.79386, 26.23378], [115.78637, 26.26534], [115.71135, 26.29074], [115.79889, 26.37679], [115.77462, 26.43691], [115.79336, 26.51324], [115.72987, 26.57148], [115.77739, 26.69539], [115.76207, 26.89708], [115.83702, 26.93357], [115.84866, 26.99074], [115.90151, 27.00454], [115.95039, 27.09335], [116.09217, 27.17743], [116.12109, 27.10772], [116.20181, 27.10648], [116.09087, 26.97073], [116.163, 26.90222], [116.11993, 26.83912], [116.17194, 26.78908], [116.10769, 26.71469], [116.19915, 26.52118], [116.30723, 26.50615], [116.46571, 26.598], [116.63349, 26.47767], [116.59599, 26.37941], [116.51283, 26.40451], [116.39454, 26.2717], [116.39099, 26.18549], [116.46234, 26.17857], [116.48291, 26.11399], [116.38523, 26.04311], [116.36131, 25.96796], [116.12575, 25.86157], [116.1725, 25.76997], [116.12187, 25.76252], [116.10134, 25.70857], [116.05082, 25.69052], [116.05505, 25.57076], [116.01333, 25.49294]]]}}, {"type": "Feature", "properties": {"SYS_ID": "1993", "NAME_PY": "Ruizhou Fu", "NAME_CH": "瑞州府", "NAME_FT": "瑞州府", "X_COORD": 114.99504, "Y_COORD": 28.36906}, "geometry": {"type": "Polygon", "coordinates": [[[115.56829, 28.14404], [115.41328, 28.16813], [115.23432, 28.08859], [114.98135, 28.10036], [114.93001, 28.0503], [114.82529, 28.0429], [114.68366, 28.09552], [114.51067, 28.04667], [114.49085, 28.06025], [114.52978, 28.19799], [114.62068, 28.25449], [114.63388, 28.31578], [114.61522, 28.33516], [114.56219, 28.30797], [114.42179, 28.47149], [114.73277, 28.69284], [114.83694, 28.60741], [115.00015, 28.59201], [115.20353, 28.64023], [115.39379, 28.59656], [115.44765, 28.62041], [115.47775, 28.59701], [115.53214, 28.63343], [115.56758, 28.56731], [115.527, 28.51893], [115.519, 28.38089], [115.44524, 28.31262], [115.51964, 28.24894], [115.56829, 28.14404]]]}}, {"type": "Feature", "properties": {"SYS_ID": "1994", "NAME_PY": "Yuanzhou Fu", "NAME_CH": "袁州府", "NAME_FT": "袁州府", "X_COORD": 114.20135, "Y_COORD": 27.90259}, "geometry": {"type": "Polygon", "coordinates": [[[113.86172, 27.33489], [113.86738, 27.38831], [113.69427, 27.33539], [113.59756, 27.37476], [113.62553, 27.4132], [113.5863, 27.47109], [113.62184, 27.51357], [113.5734, 27.54861], [113.60612, 27.63657], [113.76172, 27.81148], [113.73804, 27.91783], [113.85302, 28.01178], [113.91254, 27.9966], [113.95348, 28.04334], [114.03038, 28.0534], [113.98775, 28.17726], [114.08573, 28.18615], [114.24763, 28.32743], [114.2541, 28.3928], [114.35119, 28.46173], [114.43214, 28.46716], [114.56219, 28.30797], [114.61522, 28.33516], [114.63388, 28.31578], [114.62068, 28.25449], [114.52978, 28.19799], [114.49625, 28.05109], [114.70973, 28.09525], [114.82529, 28.0429], [114.7646, 27.90101], [114.80187, 27.81324], [114.79257, 27.71171], [114.82993, 27.6621], [114.64306, 27.57657], [114.55389, 27.613], [114.47374, 27.56607], [114.27718, 27.57636], [114.08255, 27.4517], [114.02689, 27.37629], [113.86172, 27.33489]]]}}, {"type": "Feature", "properties": {"SYS_ID": "1892", "NAME_PY": "Linjiang Fu", "NAME_CH": "临江府", "NAME_FT": "臨安府", "X_COORD": 115.24331, "Y_COORD": 27.79395}, "geometry": {"type": "Polygon", "coordinates": [[[114.82529, 28.0429], [114.93001, 28.0503], [114.98135, 28.10036], [115.25382, 28.09161], [115.41328, 28.16813], [115.60057, 28.13377], [115.69778, 27.96608], [115.63941, 27.92647], [115.63935, 27.78364], [115.66389, 27.72245], [115.72201, 27.69528], [115.71442, 27.65647], [115.65498, 27.62862], [115.55242, 27.49474], [115.36111, 27.42047], [115.33222, 27.4316], [115.30676, 27.54879], [115.08972, 27.50131], [115.00244, 27.51782], [114.79257, 27.71171], [114.80187, 27.81324], [114.7646, 27.90101], [114.82529, 28.0429]]]}}, {"type": "Feature", "properties": {"SYS_ID": "1996", "NAME_PY": "Fuzhou Fu", "NAME_CH": "抚州府", "NAME_FT": "撫州府", "X_COORD": 116.30045, "Y_COORD": 27.70715}, "geometry": {"type": "Polygon", "coordinates": [[[115.55242, 27.49474], [115.72201, 27.69528], [115.85668, 27.73501], [115.89362, 27.85272], [116.00696, 27.89772], [116.01155, 27.97982], [116.08611, 28.03896], [116.08942, 28.15337], [116.05272, 28.19825], [116.06857, 28.26779], [116.03105, 28.34881], [116.0644, 28.38934], [116.11409, 28.37291], [116.21988, 28.22556], [116.26636, 28.21454], [116.39271, 28.23728], [116.50192, 28.42203], [116.73929, 28.35914], [116.77365, 28.24874], [116.66677, 28.25718], [116.66127, 28.19817], [116.81769, 28.12963], [116.84766, 28.06805], [116.909, 28.06607], [117.04391, 27.93237], [117.03272, 27.85226], [116.80947, 27.83993], [116.66501, 27.69556], [116.55716, 27.72798], [116.49614, 27.71432], [116.47648, 27.54495], [116.37895, 27.44665], [116.41093, 27.32787], [116.35803, 27.21696], [116.17648, 27.10114], [116.12109, 27.10772], [116.10286, 27.17326], [116.0755, 27.17207], [115.93578, 27.08083], [115.88491, 26.99379], [115.84866, 26.99074], [115.66563, 27.1474], [115.65917, 27.45586], [115.55242, 27.49474]]]}}, {"type": "Feature", "properties": {"SYS_ID": "1997", "NAME_PY": "Guangxin Fu", "NAME_CH": "广信府", "NAME_FT": "廣信府", "X_COORD": 117.69501, "Y_COORD": 28.36464}, "geometry": {"type": "Polygon", "coordinates": [[[118.08641, 29.01351], [118.18122, 28.98232], [118.21645, 28.94121], [118.19467, 28.90994], [118.27144, 28.9123], [118.29684, 28.83606], [118.36504, 28.80831], [118.43224, 28.67416], [118.41479, 28.50129], [118.46741, 28.47345], [118.43899, 28.40898], [118.48101, 28.33573], [118.3168, 28.23147], [118.36909, 28.19083], [118.34531, 28.1039], [118.1207, 28.05879], [118.08931, 27.96673], [118.02443, 27.99132], [117.85182, 27.95031], [117.78416, 27.89917], [117.73547, 27.80699], [117.59894, 27.87388], [117.51755, 27.99197], [117.34506, 27.86464], [117.32047, 27.90376], [117.28168, 27.87507], [117.29501, 27.77882], [117.2477, 27.72958], [117.104, 27.74679], [117.08549, 27.78307], [117.11575, 27.85435], [117.04139, 27.86052], [117.04391, 27.93237], [116.909, 28.06607], [116.98624, 28.19459], [116.96278, 28.44748], [117.0176, 28.50375], [117.03065, 28.58712], [117.24086, 28.59789], [117.21658, 28.68711], [117.37666, 28.76111], [117.4114, 28.74262], [117.43104, 28.65419], [117.53588, 28.66715], [117.62724, 28.74321], [117.69834, 28.70289], [117.74286, 28.74876], [117.72605, 28.82776], [117.86816, 28.85805], [117.84314, 28.92301], [117.95625, 28.92525], [118.08641, 29.01351]]]}}, {"type": "Feature", "properties": {"SYS_ID": "1998", "NAME_PY": "Nan'an Fu", "NAME_CH": "南安府", "NAME_FT": "南安府", "X_COORD": 114.41556, "Y_COORD": 25.74176}, "geometry": {"type": "Polygon", "coordinates": [[[114.02394, 25.25623], [114.03433, 25.3632], [113.93736, 25.48086], [113.98563, 25.56212], [113.90971, 25.71741], [114.01668, 25.89919], [114.01425, 25.96808], [114.38184, 26.0991], [114.54956, 26.2243], [114.70853, 26.15766], [114.77996, 26.04812], [114.76768, 25.95435], [114.92151, 25.71213], [114.82375, 25.60265], [114.81137, 25.51552], [114.67864, 25.50447], [114.64659, 25.42186], [114.44025, 25.38705], [114.38192, 25.31765], [114.29907, 25.33299], [114.30407, 25.30144], [114.23009, 25.29059], [114.11813, 25.31219], [114.02394, 25.25623]]]}}, {"type": "Feature", "properties": {"SYS_ID": "2018", "NAME_PY": "Jiaxing Fu", "NAME_CH": "嘉兴府", "NAME_FT": "嘉興府", "X_COORD": 120.78612, "Y_COORD": 30.68812}, "geometry": {"type": "MultiPolygon", "coordinates": [[[[120.38001, 30.66765], [120.46798, 30.70128], [120.58148, 30.85905], [120.64603, 30.8536], [120.70521, 30.90073], [120.70153, 30.97293], [120.9549, 31.02617], [120.995, 31.0015], [120.98146, 30.89531], [121.01181, 30.89077], [120.98472, 30.82651], [121.11455, 30.85277], [121.11851, 30.78399], [121.21835, 30.78276], [121.26791, 30.72426], [121.13969, 30.60259], [120.98272, 30.55241], [120.9358, 30.49109], [120.9594, 30.44014], [120.90544, 30.41702], [120.91386, 30.3818], [120.83536, 30.35007], [120.78392, 30.50454], [120.65572, 30.55292], [120.55228, 30.48674], [120.34523, 30.47961], [120.36228, 30.50412], [120.31216, 30.53414], [120.30631, 30.59318], [120.38001, 30.66765]]], [[[120.96559, 30.45401], [120.95812, 30.46587], [120.97165, 30.46298], [120.96559, 30.45401]]], [[[121.12641, 30.57599], [121.11543, 30.5837], [121.12912, 30.58351], [121.12641, 30.57599]]]]}}, {"type": "Feature", "properties": {"SYS_ID": "2020", "NAME_PY": "Huzhou Fu", "NAME_CH": "湖州府", "NAME_FT": "湖州府", "X_COORD": 119.86704, "Y_COORD": 30.80093}, "geometry": {"type": "Polygon", "coordinates": [[[120.33699, 30.64052], [120.30493, 30.55041], [120.36228, 30.50412], [120.35504, 30.47755], [120.31909, 30.47942], [120.30646, 30.5144], [120.19332, 30.5276], [120.17659, 30.47644], [120.05838, 30.49336], [120.06004, 30.43278], [119.87925, 30.45984], [119.78578, 30.54032], [119.71634, 30.55623], [119.67654, 30.40765], [119.63072, 30.40904], [119.64569, 30.45125], [119.60045, 30.42783], [119.55455, 30.44731], [119.5239, 30.40967], [119.4521, 30.4184], [119.41057, 30.38156], [119.34588, 30.42015], [119.32296, 30.53394], [119.26978, 30.51537], [119.2365, 30.54805], [119.2635, 30.58232], [119.24006, 30.61977], [119.31128, 30.6243], [119.38051, 30.68816], [119.43927, 30.6528], [119.48653, 30.71786], [119.48518, 30.78296], [119.52613, 30.78089], [119.57027, 30.83884], [119.55894, 30.9166], [119.62917, 31.0218], [119.63703, 31.15168], [119.77972, 31.18273], [119.91347, 31.17277], [119.99412, 31.22029], [119.99428, 31.1382], [120.06064, 31.05635], [120.36276, 30.96037], [120.35568, 30.88544], [120.42846, 30.91681], [120.48904, 30.72526], [120.33699, 30.64052]]]}}, {"type": "Feature", "properties": {"SYS_ID": "2025", "NAME_PY": "Zhenjiang Fu", "NAME_CH": "镇江府", "NAME_FT": "鎮江府", "X_COORD": 119.51848, "Y_COORD": 31.73698}, "geometry": {"type": "Polygon", "coordinates": [[[119.83537, 32.15232], [119.89977, 32.07902], [119.88449, 32.04275], [119.80751, 32.06111], [119.78064, 32.03857], [119.75539, 31.88255], [119.80975, 31.85109], [119.73495, 31.77406], [119.7358, 31.70344], [119.69285, 31.70428], [119.69702, 31.66243], [119.6315, 31.57691], [119.57507, 31.59829], [119.53838, 31.56482], [119.58485, 31.44657], [119.54398, 31.42965], [119.51933, 31.3618], [119.54562, 31.18195], [119.47682, 31.15839], [119.38563, 31.18178], [119.35246, 31.302], [119.3351, 31.26313], [119.19476, 31.27353], [119.20823, 31.35392], [119.16534, 31.38944], [119.1424, 31.48908], [119.18826, 31.51928], [119.17407, 31.54235], [119.22714, 31.6292], [119.31027, 31.67694], [119.30962, 31.8381], [119.34369, 31.9626], [119.37734, 31.97611], [119.35855, 32.06229], [119.24149, 32.13911], [119.26598, 32.19808], [119.22189, 32.22837], [119.49561, 32.23039], [119.60506, 32.19009], [119.76687, 32.31556], [119.85132, 32.27307], [119.83537, 32.15232]]]}}, {"type": "Feature", "properties": {"SYS_ID": "2026", "NAME_PY": "Changzhou Fu", "NAME_CH": "常州府", "NAME_FT": "常州府", "X_COORD": 120.05755, "Y_COORD": 31.6344}, "geometry": {"type": "Polygon", "coordinates": [[[120.56285, 31.985], [120.59271, 31.70701], [120.55679, 31.67178], [120.5928, 31.62439], [120.53805, 31.58425], [120.58474, 31.58422], [120.59879, 31.53504], [120.4966, 31.44582], [120.29766, 31.38536], [119.91347, 31.17277], [119.77972, 31.18273], [119.59361, 31.13455], [119.52897, 31.1652], [119.55092, 31.19418], [119.51933, 31.3618], [119.54398, 31.42965], [119.58485, 31.44657], [119.53838, 31.56482], [119.57507, 31.59829], [119.6315, 31.57691], [119.69702, 31.66243], [119.69285, 31.70428], [119.7358, 31.70344], [119.73495, 31.77406], [119.80975, 31.85109], [119.75539, 31.88255], [119.79395, 32.05822], [119.96785, 32.01522], [120.01643, 31.9682], [120.0905, 32.07566], [120.31757, 32.13362], [120.43615, 32.12729], [120.54807, 32.05212], [120.51553, 32.02454], [120.56285, 31.985]]]}}, {"type": "Feature", "properties": {"SYS_ID": "2028", "NAME_PY": "Taicang Zhou", "NAME_CH": "太仓州", "NAME_FT": "太倉州", "X_COORD": 121.3136, "Y_COORD": 31.46118}, "geometry": {"type": "GeometryCollection", "geometries": [{"type": "MultiPolygon", "coordinates": [[[[121.46589, 31.25066], [121.36894, 31.23087], [121.33727, 31.25841], [121.27196, 31.19401], [121.24322, 31.25743], [121.27679, 31.27176], [121.23205, 31.31201], [121.20607, 31.26569], [121.1581, 31.27874], [121.0818, 31.39501], [121.09714, 31.43074], [121.02564, 31.43844], [121.01083, 31.49169], [120.97627, 31.49411], [120.97906, 31.55799], [121.05541, 31.63704], [121.01635, 31.66314], [121.06228, 31.72836], [121.25304, 31.59808], [121.30417, 31.51636], [121.65093, 31.32831], [121.56888, 31.34853], [121.46589, 31.25066]]], [[[121.49578, 31.55738], [121.50225, 31.55809], [121.51744, 31.55403], [121.52471, 31.54265], [121.49578, 31.55738]]], [[[121.38863, 31.6064], [121.40383, 31.60235], [121.41113, 31.59176], [121.38123, 31.60552], [121.38863, 31.6064]]], [[[121.38076, 31.6053], [121.38123, 31.60608], [121.38123, 31.60552], [121.38076, 31.6053]]], [[[121.72651, 31.47172], [121.37992, 31.61506], [121.30184, 31.67346], [121.23215, 31.7906], [121.32692, 31.80654], [121.41407, 31.71529], [121.79236, 31.56992], [121.83005, 31.48756], [121.72651, 31.47172]]], [[[121.23237, 31.78942], [121.23147, 31.79177], [121.23215, 31.7906], [121.23237, 31.78942]]], [[[121.50689, 31.7996], [121.50686, 31.79952], [121.50599, 31.79856], [121.50689, 31.7996]]], [[[121.50692, 31.79972], [121.50833, 31.80126], [121.50689, 31.7996], [121.50692, 31.79972]]], [[[121.72722, 31.37971], [121.74116, 31.35146], [121.72131, 31.3482], [121.67562, 31.38033], [121.72722, 31.37971]]], [[[121.7252, 31.70564], [121.62016, 31.74196], [121.63035, 31.74263], [121.74037, 31.73547], [121.74398, 31.72802], [121.7252, 31.70564]]], [[[121.80215, 31.7191], [121.80861, 31.75372], [121.82132, 31.73484], [121.80215, 31.7191]]], [[[121.596, 31.77498], [121.61831, 31.78408], [121.62549, 31.76334], [121.596, 31.77498]]], [[[121.56525, 31.79948], [121.58636, 31.78249], [121.5617, 31.7699], [121.50686, 31.79952], [121.56525, 31.79948]]], [[[121.78699, 31.83586], [121.8165, 31.79104], [121.74456, 31.77518], [121.62702, 31.81829], [121.78699, 31.83586]]], [[[121.63054, 31.8432], [121.59259, 31.84557], [121.62003, 31.85618], [121.63054, 31.8432]]]]}, {"type": "LineString", "coordinates": [[121.38123, 31.60608], [121.3817, 31.60685]]}]}}, {"type": "Feature", "properties": {"SYS_ID": "2030", "NAME_PY": "Songjiang Fu", "NAME_CH": "松江府", "NAME_FT": "松江府", "X_COORD": 121.84449, "Y_COORD": 30.99803}, "geometry": {"type": "MultiPolygon", "coordinates": [[[[121.68112, 31.31315], [121.85272, 31.04942], [121.85425, 30.88161], [121.59196, 30.86194], [121.2676, 30.70163], [121.22186, 30.78124], [121.11851, 30.78399], [121.11455, 30.85277], [120.98472, 30.82651], [121.01236, 30.87881], [120.98146, 30.89531], [120.99384, 31.00423], [120.89512, 31.01198], [120.89562, 31.08569], [120.85816, 31.10949], [120.92412, 31.13878], [121.05111, 31.11153], [121.07517, 31.13795], [121.05761, 31.26987], [121.08772, 31.28266], [121.19699, 31.26316], [121.23205, 31.31201], [121.27679, 31.27176], [121.24322, 31.25743], [121.27196, 31.19401], [121.33727, 31.25841], [121.36894, 31.23087], [121.46589, 31.25066], [121.49952, 31.30922], [121.57656, 31.35025], [121.68112, 31.31315]]], [[[122.52905, 30.70106], [122.42931, 30.69517], [122.41998, 30.74766], [122.47708, 30.71473], [122.53199, 30.72782], [122.52905, 30.70106]]], [[[122.58285, 30.66353], [122.54185, 30.65631], [122.55516, 30.68276], [122.58285, 30.66353]]], [[[122.785, 30.69834], [122.75639, 30.70617], [122.75066, 30.71493], [122.78813, 30.73425], [122.785, 30.69834]]], [[[122.8251, 30.73434], [122.82404, 30.71558], [122.79811, 30.72477], [122.8251, 30.73434]]]]}}, {"type": "Feature", "properties": {"SYS_ID": "2036", "NAME_PY": "Qingzhou Fu", "NAME_CH": "青州府", "NAME_FT": "青州府", "X_COORD": 118.83971, "Y_COORD": 36.56923}, "geometry": {"type": "Polygon", "coordinates": [[[119.82995, 35.71193], [119.92112, 35.65264], [119.86892, 35.61529], [119.87047, 35.64555], [119.82614, 35.62391], [119.85075, 35.65794], [119.82718, 35.67555], [119.75362, 35.58904], [119.73578, 35.67025], [119.67593, 35.59778], [119.61819, 35.6102], [119.64411, 35.58931], [119.62749, 35.56799], [119.48906, 35.55637], [119.3627, 35.64019], [119.34405, 35.78741], [119.26766, 35.76165], [119.23408, 35.8736], [119.17292, 35.85164], [119.12425, 35.89301], [119.15924, 35.95825], [119.13235, 36.02176], [119.17228, 36.09415], [119.14541, 36.16549], [119.00684, 36.15419], [118.93059, 36.20993], [118.78071, 36.2056], [118.72821, 36.14618], [118.60829, 36.19718], [118.52532, 36.14158], [118.46086, 36.19248], [118.41906, 36.12903], [118.38679, 36.16949], [118.37284, 36.29819], [118.16892, 36.26756], [118.01418, 36.31796], [117.95328, 36.41916], [117.78533, 36.41657], [117.75829, 36.45556], [117.77848, 36.52042], [118.08869, 36.59799], [118.08163, 36.80567], [118.17149, 36.90985], [118.15734, 36.9625], [118.04141, 37.06184], [117.87194, 37.09131], [117.82341, 37.16619], [118.25034, 37.27194], [118.41177, 37.47111], [118.48681, 37.49756], [118.57089, 37.48247], [118.63152, 37.55193], [118.82948, 37.58691], [118.86196, 37.49715], [118.81863, 37.40068], [118.84801, 37.3461], [118.77965, 37.3279], [118.91759, 37.33818], [118.9237, 37.30803], [118.86906, 37.27238], [118.81219, 37.27786], [118.93871, 37.25233], [119.0129, 37.25857], [119.03947, 37.21345], [118.9884, 37.19275], [119.07133, 37.20794], [119.17818, 37.14771], [119.03462, 37.00592], [119.04125, 36.9484], [118.96807, 36.82641], [118.9485, 36.67788], [119.18935, 36.54926], [119.35799, 36.5924], [119.43899, 36.57436], [119.46921, 36.34721], [119.43286, 36.17317], [119.60864, 36.04646], [119.75101, 35.8846], [119.854, 35.87648], [119.82995, 35.71193]]]}}, {"type": "Feature", "properties": {"SYS_ID": "2037", "NAME_PY": "Tai'an Fu", "NAME_CH": "泰安府", "NAME_FT": "泰安府", "X_COORD": 117.02274, "Y_COORD": 36.14419}, "geometry": {"type": "Polygon", "coordinates": [[[116.43991, 36.51971], [116.60638, 36.47467], [116.68108, 36.31348], [116.78394, 36.31792], [116.9892, 36.25277], [117.08335, 36.28418], [117.11969, 36.34437], [117.2363, 36.34715], [117.30803, 36.49249], [117.43718, 36.45907], [117.52495, 36.5218], [117.70245, 36.57998], [117.77504, 36.53548], [117.75829, 36.45556], [117.78533, 36.41657], [117.92657, 36.42381], [117.99102, 36.38978], [118.02271, 36.31204], [117.91231, 36.18666], [117.91856, 36.10239], [117.87968, 36.02962], [117.98437, 36.00535], [117.99665, 35.97012], [117.63848, 35.72138], [117.47749, 35.71151], [117.277, 35.77058], [117.15733, 35.85107], [117.06745, 35.95862], [117.0203, 35.96944], [116.9173, 35.96947], [116.81046, 35.91438], [116.67952, 35.95271], [116.39642, 35.80735], [116.19835, 35.77094], [116.13397, 35.83879], [116.02846, 35.8736], [116.07819, 36.006], [116.04117, 36.0884], [116.07618, 36.16283], [116.05061, 36.21863], [116.06394, 36.30133], [116.19964, 36.34935], [116.22857, 36.42668], [116.30644, 36.41627], [116.43991, 36.51971]]]}}, {"type": "Feature", "properties": {"SYS_ID": "2038", "NAME_PY": "Laizhou Fu", "NAME_CH": "莱州府", "NAME_FT": "萊州府", "X_COORD": 119.95797, "Y_COORD": 36.55533}, "geometry": {"type": "MultiPolygon", "coordinates": [[[[119.90116, 35.66942], [119.83451, 35.68869], [119.854, 35.87648], [119.75101, 35.8846], [119.60864, 36.04646], [119.43286, 36.17317], [119.46921, 36.34721], [119.43899, 36.57436], [119.35799, 36.5924], [119.18935, 36.54926], [118.93967, 36.69787], [118.96807, 36.82641], [119.03516, 36.92766], [119.03462, 37.00592], [119.12582, 37.10382], [119.23183, 37.13426], [119.29942, 37.13023], [119.32778, 37.08322], [119.49262, 37.13455], [119.56175, 37.09446], [119.73255, 37.10794], [119.90586, 37.26528], [119.91136, 37.3037], [119.84624, 37.3607], [120.08117, 37.44463], [120.10256, 37.39864], [120.23775, 37.33853], [120.39167, 37.14443], [120.28787, 36.83634], [120.33476, 36.63419], [120.49979, 36.60111], [120.54814, 36.65185], [120.64274, 36.60827], [120.73132, 36.63261], [120.77397, 36.60519], [120.76635, 36.54525], [120.84577, 36.61074], [120.88581, 36.54914], [120.91446, 36.56901], [120.97627, 36.54312], [120.94278, 36.51492], [120.96416, 36.47967], [120.9399, 36.44846], [120.88986, 36.4565], [120.91175, 36.42357], [120.87944, 36.37156], [120.80855, 36.48785], [120.81519, 36.46861], [120.70213, 36.4506], [120.71737, 36.42182], [120.68681, 36.37208], [120.72804, 36.33209], [120.65765, 36.34642], [120.641, 36.32128], [120.65102, 36.27367], [120.67751, 36.27867], [120.70471, 36.13126], [120.59237, 36.10144], [120.53878, 36.11814], [120.54221, 36.09533], [120.36337, 36.04574], [120.29037, 36.05289], [120.37173, 36.17258], [120.327, 36.28677], [120.28736, 36.27124], [120.27615, 36.20132], [120.30489, 36.18541], [120.22041, 36.1922], [120.22212, 36.23781], [120.14015, 36.18027], [120.09496, 36.23345], [120.11401, 36.18157], [120.0767, 36.12918], [120.19068, 36.06793], [120.17097, 35.97922], [120.24185, 36.00985], [120.23777, 35.96887], [120.28652, 36.0166], [120.30653, 35.99722], [120.19202, 35.90299], [120.16003, 35.89374], [120.21238, 35.94446], [120.18042, 35.95817], [120.14553, 35.91418], [120.04307, 35.88663], [120.0114, 35.72656], [119.92489, 35.77033], [119.90954, 35.73658], [119.94569, 35.72916], [119.90116, 35.66942]]], [[[120.18478, 35.75667], [120.14922, 35.76419], [120.17612, 35.79096], [120.18478, 35.75667]]], [[[120.21941, 36.0383], [120.19798, 36.04318], [120.2327, 36.05837], [120.21941, 36.0383]]]]}}, {"type": "Feature", "properties": {"SYS_ID": "2039", "NAME_PY": "Dengzhou Fu", "NAME_CH": "登州府", "NAME_FT": "登州府", "X_COORD": 121.38931, "Y_COORD": 37.45333}, "geometry": {"type": "MultiPolygon", "coordinates": [[[[120.08117, 37.44463], [120.31707, 37.61089], [120.3177, 37.66358], [120.21877, 37.68492], [120.36468, 37.69462], [120.74041, 37.83316], [120.80786, 37.81044], [120.88419, 37.8307], [120.93202, 37.82122], [120.93718, 37.77255], [121.01755, 37.70604], [121.14569, 37.70499], [121.12281, 37.6608], [121.17103, 37.58826], [121.29057, 37.57797], [121.28492, 37.54489], [121.36388, 37.59878], [121.3404, 37.63178], [121.42738, 37.59945], [121.37486, 37.59852], [121.36491, 37.56285], [121.55573, 37.42763], [121.68159, 37.44017], [121.66581, 37.46099], [121.76736, 37.41925], [121.76083, 37.45213], [121.93993, 37.47248], [121.93169, 37.42498], [121.99087, 37.43307], [121.96157, 37.48513], [122.0001, 37.47554], [122.03833, 37.51082], [122.0124, 37.524], [122.07159, 37.53595], [122.06213, 37.56308], [122.09579, 37.53715], [122.11711, 37.56404], [122.15807, 37.53902], [122.12259, 37.50748], [122.15696, 37.42386], [122.23878, 37.45681], [122.32438, 37.39985], [122.37743, 37.41447], [122.40079, 37.3918], [122.47689, 37.42773], [122.44798, 37.39406], [122.47614, 37.37622], [122.52707, 37.37779], [122.49216, 37.40565], [122.63592, 37.42441], [122.6999, 37.39257], [122.56075, 37.35425], [122.5927, 37.32932], [122.57421, 37.31224], [122.54348, 37.33168], [122.55821, 37.2574], [122.62012, 37.19744], [122.55518, 37.17841], [122.57072, 37.15083], [122.49431, 37.15731], [122.45746, 37.10319], [122.4724, 37.14384], [122.45059, 37.14342], [122.46078, 37.07026], [122.38026, 37.02947], [122.41295, 37.02726], [122.39105, 36.98947], [122.453, 37.03174], [122.51468, 37.00273], [122.52237, 37.02844], [122.55081, 37.04492], [122.57095, 37.03913], [122.53735, 37.02215], [122.51915, 36.94463], [122.41679, 36.91856], [122.4231, 36.93739], [122.39016, 36.94006], [122.43453, 36.87775], [122.34145, 36.86955], [122.37117, 36.85107], [122.34399, 36.83364], [122.18168, 36.8507], [122.18792, 36.90297], [122.2768, 36.90736], [122.14343, 36.94389], [122.21906, 37.04042], [122.18248, 37.05147], [122.19054, 37.01653], [122.14219, 37.01301], [122.13723, 36.95435], [122.10218, 36.97706], [122.09093, 36.91993], [122.03471, 36.89795], [122.03986, 36.95753], [121.97006, 37.02086], [121.98406, 36.98521], [121.94334, 36.98835], [121.94347, 37.02383], [121.89614, 36.95864], [121.94579, 36.93893], [121.85833, 36.93094], [121.72279, 36.83252], [121.63358, 36.81122], [121.63238, 36.83684], [121.63209, 36.7329], [121.59996, 36.77359], [121.52093, 36.74939], [121.47844, 36.77426], [121.61286, 36.85141], [121.56671, 36.85661], [121.49406, 36.80456], [121.49986, 36.84404], [121.46997, 36.8291], [121.45203, 36.86862], [121.43574, 36.84773], [121.47252, 36.76619], [121.4004, 36.76171], [121.37213, 36.73143], [121.39242, 36.71005], [121.35258, 36.73657], [121.17767, 36.67896], [121.20119, 36.70255], [121.17259, 36.71412], [121.1346, 36.67901], [121.16803, 36.67694], [121.08766, 36.6215], [121.05199, 36.61389], [121.08599, 36.64688], [121.03455, 36.65954], [121.02416, 36.58491], [120.93324, 36.59462], [120.96067, 36.6433], [120.89812, 36.63802], [120.90214, 36.66238], [120.86369, 36.66907], [120.80775, 36.61422], [120.78343, 36.63266], [120.7813, 36.59666], [120.73132, 36.63261], [120.61862, 36.61275], [120.56474, 36.65263], [120.49979, 36.60111], [120.33476, 36.63419], [120.28787, 36.83634], [120.39167, 37.14443], [120.23775, 37.33853], [120.10256, 37.39864], [120.08117, 37.44463]]], [[[120.74921, 37.89068], [120.71706, 37.91482], [120.72394, 37.95597], [120.75662, 37.92742], [120.74921, 37.89068]]], [[[120.80243, 38.28728], [120.80898, 38.31559], [120.84396, 38.31591], [120.8401, 38.30163], [120.80243, 38.28728]]], [[[120.71454, 37.98986], [120.69363, 37.96693], [120.68026, 37.99043], [120.71454, 37.98986]]], [[[120.61865, 37.94704], [120.59305, 37.96359], [120.61016, 37.98622], [120.62259, 37.98011], [120.61865, 37.94704]]]]}}, {"type": "Feature", "properties": {"SYS_ID": "2060", "NAME_PY": "Qiongzhou Fu", "NAME_CH": "琼州府", "NAME_FT": "瓊州府", "X_COORD": 109.82751, "Y_COORD": 19.16308}, "geometry": {"type": "Polygon", "coordinates": [[[110.85626, 19.983], [110.9279, 20.01682], [110.95776, 19.97073], [111.00143, 19.67259], [111.02351, 19.68405], [111.03543, 19.633], [110.98168, 19.63591], [110.86615, 19.5196], [110.82529, 19.5895], [110.8839, 19.59914], [110.90259, 19.64364], [110.76697, 19.627], [110.83361, 19.53808], [110.80704, 19.48571], [110.67296, 19.38657], [110.67815, 19.32261], [110.57921, 19.21726], [110.61552, 19.23081], [110.58274, 19.15356], [110.50999, 19.14202], [110.55561, 19.1387], [110.55451, 19.08447], [110.57628, 19.14452], [110.5644, 19.04789], [110.51168, 18.98495], [110.51646, 18.88573], [110.4647, 18.88045], [110.43459, 18.82167], [110.51263, 18.80314], [110.50455, 18.88182], [110.53799, 18.78569], [110.46447, 18.77124], [110.41, 18.66181], [110.32992, 18.6714], [110.41672, 18.6846], [110.41703, 18.71321], [110.20145, 18.61945], [110.07266, 18.4898], [110.08392, 18.48665], [110.06422, 18.40613], [110.05356, 18.44338], [110.03112, 18.40885], [110.05695, 18.38953], [109.96594, 18.38722], [109.95907, 18.4077], [110.02016, 18.40565], [110.03281, 18.42721], [110.01308, 18.4559], [110.01752, 18.43385], [109.82162, 18.37716], [109.75307, 18.39459], [109.73398, 18.26594], [109.70415, 18.28168], [109.67495, 18.27474], [109.74073, 18.25142], [109.71149, 18.19595], [109.68301, 18.23594], [109.62883, 18.23024], [109.61687, 18.16972], [109.56369, 18.16098], [109.57414, 18.20644], [109.54193, 18.22334], [109.57111, 18.24541], [109.5713, 18.25891], [109.53329, 18.22413], [109.5347, 18.20557], [109.51788, 18.22249], [109.4746, 18.18891], [109.49541, 18.24956], [109.43156, 18.29247], [109.17869, 18.28571], [109.13385, 18.35625], [108.98949, 18.35633], [108.95543, 18.40954], [108.85504, 18.42993], [108.89882, 18.42702], [108.81998, 18.47778], [108.68147, 18.50969], [108.7018, 18.66134], [108.68922, 18.75577], [108.6217, 18.83528], [108.65719, 18.91352], [108.61629, 19.0837], [108.67788, 19.18255], [108.62445, 19.20723], [108.62728, 19.27771], [108.68056, 19.28438], [108.65934, 19.342], [108.68285, 19.37202], [108.74194, 19.37543], [108.9312, 19.50832], [108.9394, 19.48353], [109.00055, 19.57861], [109.19643, 19.66426], [109.21216, 19.7197], [109.27237, 19.72591], [109.31159, 19.68474], [109.27016, 19.74218], [109.31244, 19.76665], [109.28009, 19.79653], [109.2123, 19.73114], [109.17075, 19.72449], [109.16154, 19.76417], [109.26418, 19.89807], [109.30228, 19.91572], [109.32391, 19.88116], [109.45699, 19.86977], [109.46777, 19.82525], [109.53551, 19.86171], [109.53002, 19.83478], [109.56896, 19.85901], [109.52229, 19.87034], [109.5258, 19.91194], [109.56967, 19.90705], [109.53147, 19.91759], [109.53571, 19.94248], [109.58662, 19.98554], [109.71209, 20.01152], [109.72841, 19.96791], [109.80239, 19.96279], [109.80878, 19.93708], [109.83515, 19.9763], [109.83469, 19.90331], [109.88898, 19.98629], [109.9449, 19.98961], [109.98885, 19.93245], [109.95628, 19.91645], [109.99718, 19.89458], [110.00053, 19.91993], [110.00807, 19.89282], [110.01645, 19.91397], [109.99294, 19.93033], [110.05821, 19.98382], [110.12524, 19.97044], [110.15262, 20.0144], [110.11404, 19.9816], [110.07835, 19.9826], [110.15342, 20.06104], [110.26347, 20.02339], [110.34682, 20.05704], [110.38335, 19.99245], [110.38536, 20.07798], [110.43159, 20.03243], [110.42418, 20.05789], [110.54583, 20.01955], [110.54523, 19.9633], [110.58777, 19.98909], [110.56209, 19.94447], [110.59097, 19.94373], [110.60412, 19.88697], [110.64343, 19.90984], [110.60172, 20.01079], [110.62785, 20.02784], [110.57087, 20.01759], [110.57086, 20.09413], [110.64883, 20.1084], [110.68696, 20.16526], [110.77659, 20.01232], [110.85626, 19.983]]]}}, {"type": "Feature", "properties": {"SYS_ID": "2079", "NAME_PY": "Fengtian Fu", "NAME_CH": "奉天府", "NAME_FT": "奉天府", "X_COORD": 123.38161, "Y_COORD": 40.84202}, "geometry": {"type": "MultiPolygon", "coordinates": [[[[125.67454, 40.84446], [125.61743, 40.79951], [125.67748, 40.76786], [125.55875, 40.77839], [125.52603, 40.72326], [125.43873, 40.7159], [125.44078, 40.6776], [125.39875, 40.66953], [125.4099, 40.63274], [125.27833, 40.65822], [125.22887, 40.61233], [125.16956, 40.61255], [124.99766, 40.52866], [124.98104, 40.49348], [125.01768, 40.48912], [125.0228, 40.4609], [124.91669, 40.45462], [124.89531, 40.48315], [124.73024, 40.3727], [124.71253, 40.32097], [124.61829, 40.2942], [124.44038, 40.17236], [124.33329, 40.07868], [124.34717, 40.00001], [124.28452, 39.95634], [124.32051, 39.8158], [124.24155, 39.81919], [124.22939, 39.79147], [124.21687, 39.81808], [124.08399, 39.83711], [124.0135, 39.80543], [123.86203, 39.85701], [123.72198, 39.82421], [123.6273, 39.92576], [123.55286, 39.81099], [123.55702, 39.76108], [123.53416, 39.797], [123.46841, 39.78558], [123.47287, 39.7499], [123.40897, 39.72861], [123.41544, 39.81117], [123.30006, 39.77813], [123.23687, 39.81758], [123.27361, 39.76916], [123.20153, 39.72328], [123.26007, 39.72546], [123.26766, 39.69198], [123.20847, 39.6963], [123.13055, 39.65036], [123.10032, 39.69739], [123.08234, 39.67034], [122.99679, 39.67414], [122.99235, 39.7153], [122.9903, 39.66657], [122.96714, 39.66693], [122.99427, 39.65103], [122.96269, 39.62437], [122.84522, 39.61718], [122.70811, 39.56262], [122.68723, 39.51902], [122.65334, 39.54381], [122.62421, 39.48588], [122.56881, 39.4857], [122.45452, 39.41913], [122.38517, 39.42538], [122.26377, 39.3224], [122.22672, 39.34536], [122.25768, 39.31547], [122.23753, 39.28438], [122.12851, 39.23698], [122.10832, 39.18092], [122.05811, 39.19864], [122.15222, 39.15167], [122.05893, 39.11193], [122.01957, 39.13456], [122.06134, 39.06413], [121.98933, 39.07149], [121.96634, 39.02956], [121.9008, 39.07814], [121.87891, 39.05587], [121.91499, 39.03507], [121.91462, 39.01513], [121.88297, 39.0454], [121.82714, 39.04007], [121.89452, 38.96134], [121.82982, 38.95129], [121.7902, 39.02056], [121.70314, 39.05362], [121.73736, 39.00217], [121.65839, 39.0296], [121.63326, 38.99901], [121.65969, 38.97767], [121.58434, 38.94492], [121.71046, 38.91046], [121.69481, 38.86538], [121.57487, 38.88], [121.49348, 38.81549], [121.23807, 38.80615], [121.21998, 38.7836], [121.24924, 38.78622], [121.18478, 38.72084], [121.13758, 38.72707], [121.10486, 38.77724], [121.14273, 38.79493], [121.1048, 38.85095], [121.13657, 38.8953], [121.09091, 38.89828], [121.09824, 38.93459], [121.18021, 38.95543], [121.21336, 38.9302], [121.32854, 38.97262], [121.34184, 39.00101], [121.31044, 39.00754], [121.37331, 39.06245], [121.40601, 39.02091], [121.45651, 39.01537], [121.66635, 39.08785], [121.68504, 39.13001], [121.58176, 39.18998], [121.61489, 39.20972], [121.59204, 39.22561], [121.63815, 39.23502], [121.59052, 39.27249], [121.67516, 39.27815], [121.92521, 39.39605], [121.92483, 39.41389], [121.87346, 39.43472], [121.91819, 39.40626], [121.75069, 39.38131], [121.69227, 39.41088], [121.70853, 39.37543], [121.6562, 39.36252], [121.50233, 39.36724], [121.44193, 39.51352], [121.55607, 39.54947], [121.59018, 39.60197], [121.5432, 39.68267], [121.45865, 39.74144], [121.49113, 39.77104], [121.47038, 39.81118], [121.69576, 39.92749], [121.75818, 39.91032], [121.78452, 39.95598], [121.88401, 40.0], [121.82047, 40.0234], [121.99133, 40.11763], [122.01393, 40.14601], [121.98792, 40.18405], [122.09243, 40.22458], [122.10425, 40.3035], [122.19836, 40.35714], [122.2243, 40.40753], [122.29696, 40.42936], [122.32621, 40.48452], [122.31697, 40.54368], [122.20016, 40.60973], [122.17946, 40.6534], [122.27109, 40.69638], [122.1231, 40.80545], [122.19665, 40.83803], [122.36054, 40.76984], [122.37335, 40.95074], [122.43866, 41.07254], [122.51302, 41.09753], [122.50028, 41.26138], [122.65186, 41.34565], [122.62262, 41.52191], [122.69646, 41.56594], [122.67162, 41.65727], [122.73983, 41.70813], [122.71194, 41.80747], [122.51349, 41.91455], [122.41382, 42.13981], [122.86406, 42.33833], [123.25689, 42.43836], [123.6372, 42.60351], [123.64838, 42.63202], [123.61343, 42.67329], [123.57868, 42.66642], [123.56917, 42.7083], [123.61087, 42.73541], [123.63519, 42.81643], [123.81019, 42.94796], [124.02602, 42.94049], [124.17734, 42.86242], [124.14804, 42.75143], [124.33393, 42.6491], [124.92146, 42.60837], [125.1204, 42.51665], [125.19804, 42.34574], [125.26679, 42.29317], [125.22931, 42.14129], [125.28452, 41.95599], [125.33199, 41.92822], [125.28601, 41.87674], [125.27969, 41.57112], [125.20971, 41.48737], [124.94142, 41.48226], [124.86408, 41.44545], [124.85722, 41.40751], [124.88753, 41.38913], [125.11589, 41.35997], [125.1253, 41.30458], [124.90562, 41.15373], [124.77445, 41.12665], [124.77003, 40.93029], [124.86451, 40.79657], [124.95248, 40.77049], [125.15644, 40.77746], [125.52622, 40.85782], [125.67454, 40.84446]]], [[[121.30247, 39.48888], [121.2218, 39.53819], [121.29465, 39.60017], [121.44525, 39.61608], [121.44927, 39.65252], [121.51904, 39.63172], [121.5351, 39.58668], [121.47673, 39.54111], [121.41415, 39.51053], [121.34167, 39.52574], [121.30247, 39.48888]]], [[[121.36849, 39.48068], [121.28517, 39.38537], [121.24123, 39.39028], [121.32735, 39.4891], [121.36849, 39.48068]]], [[[121.37849, 39.43235], [121.43585, 39.42464], [121.41994, 39.37037], [121.32514, 39.37465], [121.37849, 39.43235]]], [[[122.68284, 39.27375], [122.57729, 39.25813], [122.48898, 39.30205], [122.68284, 39.27375]]], [[[122.99206, 39.49548], [122.94448, 39.5193], [122.97414, 39.55808], [123.02942, 39.53863], [122.99206, 39.49548]]], [[[122.3334, 39.14439], [122.30888, 39.18351], [122.40338, 39.21643], [122.3892, 39.16218], [122.3334, 39.14439]]], [[[123.14856, 39.02794], [123.13467, 39.06184], [123.16464, 39.0614], [123.12747, 39.09312], [123.16558, 39.10059], [123.19396, 39.05868], [123.14856, 39.02794]]], [[[122.69423, 39.20404], [122.68565, 39.23305], [122.61981, 39.2335], [122.74616, 39.23366], [122.69423, 39.20404]]], [[[122.75958, 39.0089], [122.7209, 39.01345], [122.70557, 39.04342], [122.74419, 39.03428], [122.75958, 39.0089]]], [[[123.70891, 39.73961], [123.7295, 39.76244], [123.75027, 39.75211], [123.72649, 39.75124], [123.70891, 39.73961]]]]}}, {"type": "Feature", "properties": {"SYS_ID": "2080", "NAME_PY": "Yangxi Muchang", "NAME_CH": "养息牧场", "NAME_FT": "養息牧場", "X_COORD": 122.27106, "Y_COORD": 42.44976}, "geometry": {"type": "Polygon", "coordinates": [[[122.42677, 42.13942], [122.37225, 42.19505], [122.3939, 42.2575], [122.31808, 42.29672], [122.08659, 42.22663], [121.8729, 42.21745], [121.73621, 42.36846], [121.7617, 42.47099], [121.89798, 42.57213], [121.89534, 42.63025], [121.95726, 42.69639], [122.28736, 42.76011], [122.4864, 42.71964], [122.77257, 42.4061], [122.80591, 42.30791], [122.42677, 42.13942]]]}}, {"type": "Feature", "properties": {"SYS_ID": "2081", "NAME_PY": "Dalinghe Muchang", "NAME_CH": "大凌河牧场", "NAME_FT": "大淩河牧場", "X_COORD": 121.6458, "Y_COORD": 41.23602}, "geometry": {"type": "Polygon", "coordinates": [[[121.02195, 41.0444], [121.17062, 41.0922], [121.32179, 41.18658], [121.56042, 41.25139], [121.86626, 41.41889], [122.0183, 41.54237], [122.07258, 41.53594], [122.26476, 41.40389], [122.23245, 41.24902], [122.16737, 41.20476], [122.11855, 41.21993], [122.01183, 41.18878], [122.00067, 41.15936], [121.94664, 41.23652], [121.69706, 41.23303], [121.6855, 41.18023], [121.75284, 40.9964], [121.70302, 40.96468], [121.36613, 40.95798], [121.23293, 40.99809], [121.17987, 40.96281], [121.18074, 40.92955], [121.02195, 41.0444]]]}}, {"type": "Feature", "properties": {"SYS_ID": "2083", "NAME_PY": "Sanxing Fudutong Xiaqu", "NAME_CH": "三姓副都统辖区", "NAME_FT": "三姓副都統轄區", "X_COORD": 136.38115, "Y_COORD": 49.92098}, "geometry": {"type": "MultiPolygon", "coordinates": [[[[135.72922, 54.56024], [135.97431, 54.55995], [136.22992, 54.60665], [136.50494, 54.58288], [136.61154, 54.61218], [136.67477, 54.67689], [136.65121, 54.6161], [136.70573, 54.59537], [136.83879, 54.64154], [136.81057, 54.59325], [136.88735, 54.55852], [136.81993, 54.51985], [136.85636, 54.48312], [136.80835, 54.45849], [136.82632, 54.41706], [136.74978, 54.40604], [136.75753, 54.34525], [136.81894, 54.31351], [136.75503, 54.28796], [136.80786, 54.23476], [136.74839, 54.2141], [136.81594, 54.14286], [136.77179, 54.12245], [136.80351, 54.10665], [136.77617, 54.07774], [136.79454, 54.06074], [136.7018, 54.01499], [136.6783, 53.91805], [136.71504, 53.7917], [136.78796, 53.75937], [136.94534, 53.85132], [137.06895, 53.84171], [137.11454, 53.80388], [137.19537, 53.84194], [137.30845, 54.02798], [137.27599, 54.05378], [137.1608, 54.03518], [137.11877, 54.08844], [137.13154, 54.11295], [137.09187, 54.12566], [137.19758, 54.2105], [137.27616, 54.2127], [137.3006, 54.23543], [137.27891, 54.24507], [137.40622, 54.30456], [137.55866, 54.28939], [137.73758, 54.31788], [137.47521, 54.08742], [137.42073, 54.07537], [137.4635, 54.09469], [137.46747, 54.14167], [137.37604, 54.13454], [137.32761, 54.11287], [137.30268, 54.05654], [137.38205, 54.03417], [137.38128, 54.06164], [137.59313, 53.95352], [137.8612, 53.9655], [137.81029, 53.90383], [137.61464, 53.82875], [137.60727, 53.7725], [137.51174, 53.6945], [137.50315, 53.65134], [137.38349, 53.66768], [137.22099, 53.58583], [137.31887, 53.52875], [137.9555, 53.57483], [138.00668, 53.61972], [138.30193, 53.72986], [138.37009, 53.90051], [138.57518, 53.99006], [138.57147, 53.8075], [138.25782, 53.53023], [138.35833, 53.50032], [138.46026, 53.52064], [138.66043, 53.70802], [138.70318, 53.88999], [138.76674, 53.98466], [138.76027, 54.08938], [138.68271, 54.05877], [138.71499, 54.0438], [138.6578, 54.05577], [138.72241, 54.13941], [138.73311, 54.23304], [138.6586, 54.28514], [138.74472, 54.30349], [139.24625, 54.1735], [139.44293, 54.19158], [139.73059, 54.29348], [139.7838, 54.28812], [139.79538, 54.19695], [139.87918, 54.19309], [139.8804, 54.16368], [139.97062, 54.11493], [140.18786, 54.05293], [140.20588, 53.99454], [140.31379, 53.95571], [140.24793, 53.87052], [140.33277, 53.78136], [140.51309, 53.71047], [140.50421, 53.67658], [140.54648, 53.64372], [140.76559, 53.54822], [141.08533, 53.46501], [141.12219, 53.44604], [140.93918, 53.4954], [140.89513, 53.46238], [140.90767, 53.42505], [140.98894, 53.4428], [140.98155, 53.40835], [141.10264, 53.39379], [141.0728, 53.36932], [141.18748, 53.3105], [141.4074, 53.2968], [141.32406, 53.22293], [141.41173, 53.22086], [141.44149, 53.16202], [141.35348, 53.13127], [141.36309, 53.08095], [141.21646, 53.06813], [141.24804, 53.03887], [141.18659, 52.99703], [141.12369, 52.99043], [140.86749, 53.08096], [140.81729, 53.13172], [140.74139, 53.13217], [140.73425, 53.10644], [140.82446, 53.04879], [140.92089, 53.03385], [140.97102, 52.9265], [141.16767, 52.85647], [141.23238, 52.86567], [141.16512, 52.80308], [141.28427, 52.6582], [141.25351, 52.63892], [141.26409, 52.58968], [141.22399, 52.517], [141.12741, 52.49733], [141.104, 52.42166], [141.39663, 52.21645], [141.52499, 52.23016], [141.54619, 52.15204], [141.43648, 52.15109], [141.33322, 52.09553], [141.34298, 51.98813], [141.41812, 51.95134], [141.18116, 51.84367], [141.1708, 51.78574], [141.10017, 51.71953], [141.11054, 51.68825], [140.87395, 51.62581], [140.88263, 51.4956], [140.7479, 51.46475], [140.78611, 51.42087], [140.88109, 51.42628], [140.84905, 51.41072], [140.85232, 51.36936], [140.67607, 51.32675], [140.69325, 51.24704], [140.62616, 51.23073], [140.66823, 51.17308], [140.62933, 51.11863], [140.66498, 51.10022], [140.67162, 51.0343], [140.61009, 51.03004], [140.65183, 50.96253], [140.50216, 50.8661], [140.51147, 50.80876], [140.43502, 50.71283], [140.49095, 50.62586], [140.42136, 50.53708], [140.52649, 50.33804], [140.49327, 50.26648], [140.51108, 50.14818], [140.54442, 50.11598], [140.68711, 50.0922], [140.4915, 49.99444], [140.40378, 49.87891], [140.45567, 49.80848], [140.52991, 49.78432], [140.49803, 49.69847], [140.54344, 49.56642], [140.41306, 49.4026], [140.42047, 49.29744], [140.34007, 49.26001], [140.3101, 49.20779], [140.34353, 49.20653], [140.34383, 49.10209], [140.26683, 49.08484], [140.33089, 49.04878], [140.20659, 48.97514], [140.26017, 48.96526], [140.34392, 49.02406], [140.33116, 49.00195], [140.38754, 48.9737], [140.34404, 48.90473], [140.23551, 48.84136], [140.19309, 48.76082], [140.18869, 48.57257], [140.15799, 48.55492], [140.17293, 48.44791], [140.0826, 48.4067], [140.03122, 48.33362], [139.92086, 48.30388], [139.72042, 48.16543], [139.53793, 47.96485], [139.41576, 47.92215], [139.28842, 47.81313], [139.06388, 47.4736], [139.05749, 47.40324], [138.99839, 47.35459], [138.9924, 47.31118], [138.87768, 47.29213], [138.59714, 47.05815], [138.50685, 46.93141], [138.49913, 46.86829], [138.36507, 46.85029], [138.15228, 46.88525], [138.08793, 46.91724], [138.08031, 47.01035], [138.04188, 47.04179], [137.81334, 46.93355], [137.75566, 46.98505], [137.68407, 46.98439], [137.6453, 46.9088], [137.65218, 46.79623], [137.85076, 46.67575], [137.87418, 46.64156], [137.83097, 46.56737], [137.70676, 46.52274], [137.48106, 46.31072], [137.34586, 46.23304], [136.96301, 46.20781], [136.72021, 46.11585], [136.65162, 46.03835], [136.58517, 45.84502], [136.42208, 45.5628], [136.28727, 45.38054], [136.09997, 45.32293], [135.77298, 45.15422], [135.71615, 44.93394], [135.76474, 44.83598], [135.72236, 44.77285], [135.23554, 44.65819], [135.07035, 44.64717], [135.04321, 44.67077], [135.07555, 44.74028], [135.22887, 44.81182], [135.28766, 44.92936], [135.24407, 45.00581], [135.11491, 45.05414], [134.91105, 45.01044], [134.6975, 45.03675], [134.57468, 45.0078], [134.37627, 45.05779], [133.82765, 45.05797], [133.79756, 45.08183], [133.80976, 45.16376], [134.05707, 45.42354], [134.05865, 45.47463], [133.97289, 45.60903], [133.84378, 45.66581], [133.24582, 45.67241], [132.83765, 45.60906], [132.64444, 45.65889], [132.39738, 45.62984], [132.07824, 45.78671], [131.81387, 45.81492], [131.63097, 45.89346], [131.49147, 45.8473], [131.43894, 45.65605], [131.32988, 45.64655], [131.18634, 45.56785], [130.7064, 45.45098], [130.48734, 45.32081], [129.91749, 45.27915], [129.73618, 45.30385], [129.70157, 45.35432], [129.64109, 45.37184], [129.55692, 45.35263], [129.51889, 45.39705], [129.47509, 45.36564], [129.37642, 45.44392], [129.26779, 45.46733], [129.2412, 45.51164], [129.08143, 45.59522], [128.96305, 45.73275], [128.73563, 45.81437], [128.76572, 45.90651], [128.74234, 45.95782], [128.62396, 45.90365], [128.33817, 45.97139], [128.12927, 45.90522], [128.01343, 45.93938], [128.0205, 46.05151], [128.11695, 46.16855], [128.40292, 46.24474], [128.77359, 46.25051], [129.05176, 46.40152], [129.33003, 46.61302], [129.70212, 46.97625], [129.82019, 47.15498], [129.86036, 47.28514], [129.83858, 47.41737], [129.92314, 47.57288], [129.70194, 47.91205], [129.70754, 47.96079], [129.84257, 47.95477], [130.53835, 48.06373], [130.60969, 47.98289], [130.53561, 47.81667], [130.66944, 47.58569], [130.77849, 47.51715], [130.94159, 47.47684], [131.61219, 47.4608], [131.92126, 47.52101], [132.16071, 47.63329], [132.18656, 47.68469], [132.15716, 47.70838], [131.94745, 47.77671], [131.79429, 47.87633], [131.77651, 48.17418], [131.64681, 48.33643], [131.50595, 48.36811], [131.08214, 48.36311], [130.8893, 48.53354], [130.83164, 48.68258], [131.17793, 48.91405], [131.2627, 49.0895], [131.24769, 49.14023], [131.17932, 49.17745], [131.20168, 49.23956], [131.91765, 49.21843], [131.96646, 49.28028], [131.98571, 49.38797], [132.13905, 49.44875], [132.26954, 49.34634], [132.48948, 49.25263], [132.56454, 49.24518], [132.7014, 49.29783], [132.7753, 49.40436], [132.83884, 49.65107], [132.98754, 49.77833], [133.01202, 49.8472], [133.1741, 49.91364], [133.17009, 50.03282], [133.29387, 50.13071], [133.37981, 50.26561], [133.49691, 50.34956], [133.39478, 50.44527], [133.19739, 50.48113], [133.26818, 50.54504], [133.38472, 50.74483], [133.51708, 50.81845], [133.65819, 50.96471], [133.98544, 51.16061], [134.2782, 51.27389], [134.33178, 51.40969], [134.36775, 51.43229], [134.64442, 51.46125], [134.92526, 51.68864], [134.9504, 51.8074], [135.04081, 51.93176], [135.06576, 52.0421], [134.86334, 52.09618], [134.63165, 52.03921], [134.51206, 52.09426], [134.58204, 52.51641], [134.64802, 52.5859], [134.76277, 52.61426], [134.76302, 52.64817], [134.6209, 52.74782], [134.59122, 52.81976], [134.60326, 52.91029], [134.82199, 53.11422], [134.86447, 53.27417], [134.93659, 53.38766], [134.83908, 53.44557], [134.63156, 53.47906], [134.45654, 53.557], [134.61995, 53.71479], [135.02321, 53.8658], [135.38854, 54.10288], [135.5551, 54.26691], [135.72922, 54.56024]]], [[[142.0765, 51.47154], [141.92331, 51.57747], [141.96275, 51.60165], [141.93387, 51.64114], [141.89104, 51.60155], [141.67122, 51.74815], [141.81299, 51.72411], [141.81743, 51.79329], [141.62596, 51.88745], [141.68057, 51.96931], [141.62924, 52.10121], [141.68553, 52.15719], [141.63668, 52.2247], [141.65924, 52.26034], [141.62326, 52.31931], [141.64805, 52.39001], [141.76131, 52.46212], [141.82126, 52.55464], [141.82638, 52.58648], [141.79596, 52.59307], [141.83784, 52.70601], [141.81318, 52.72115], [141.91971, 53.05191], [141.83007, 53.15392], [141.78339, 53.25805], [141.79769, 53.32213], [141.75312, 53.36649], [141.8838, 53.4388], [142.22448, 53.52998], [142.2629, 53.52326], [142.21359, 53.51883], [142.23858, 53.49436], [142.23079, 53.3754], [142.27946, 53.35514], [142.4577, 53.37229], [142.58208, 53.51418], [142.66526, 53.48692], [142.65165, 53.54815], [142.56156, 53.59059], [142.49942, 53.54626], [142.47802, 53.64609], [142.63111, 53.68165], [142.65238, 53.61311], [142.69293, 53.60526], [142.68149, 53.62474], [142.73135, 53.63316], [142.78944, 53.70284], [142.75327, 53.80583], [142.68966, 53.84393], [142.6642, 53.71932], [142.58053, 53.69479], [142.67285, 53.83222], [142.68328, 53.94821], [142.42536, 54.1381], [142.37432, 54.23057], [142.25662, 54.29377], [142.49973, 54.27734], [142.54102, 54.22537], [142.55877, 54.2788], [142.58419, 54.26141], [142.56724, 54.20965], [142.61161, 54.27383], [142.70476, 54.2492], [142.59938, 54.31235], [142.6691, 54.36024], [142.65665, 54.40198], [142.70444, 54.41364], [142.78336, 54.29807], [142.98492, 54.1085], [142.97512, 54.03704], [142.9015, 53.98398], [142.87903, 53.88337], [142.84404, 53.90593], [142.80909, 53.86843], [142.88533, 53.86216], [143.0466, 53.5655], [143.01547, 53.58374], [142.95879, 53.54946], [143.02116, 53.52498], [143.05438, 53.55243], [143.1058, 53.46855], [143.06173, 53.47146], [143.04684, 53.43462], [143.12031, 53.44141], [143.13726, 53.42409], [143.06439, 53.39503], [143.06085, 53.36351], [143.15832, 53.3838], [143.20025, 53.31217], [143.25607, 53.16504], [143.31889, 52.85203], [143.2673, 53.02221], [143.23738, 53.05366], [143.26775, 53.07423], [143.23458, 53.08271], [143.25337, 53.13243], [143.13367, 53.19289], [143.11615, 53.26953], [143.16354, 53.27694], [143.17738, 53.32428], [143.14698, 53.36329], [143.07896, 53.33983], [143.02318, 53.25132], [143.07474, 53.20336], [143.08058, 53.10894], [143.11541, 53.06149], [143.09055, 53.03825], [143.16129, 52.9899], [143.15692, 52.9413], [143.22066, 52.89685], [143.23543, 52.84281], [143.28041, 52.9469], [143.30659, 52.77798], [143.32608, 52.83891], [143.31673, 52.60044], [143.26594, 52.42233], [143.17453, 52.32943], [143.19295, 52.39645], [143.26675, 52.45483], [143.21954, 52.47088], [143.29374, 52.58264], [143.26328, 52.59289], [143.28516, 52.64559], [143.22498, 52.59388], [143.25136, 52.58108], [143.21595, 52.5459], [143.23087, 52.50981], [143.16662, 52.4785], [143.17299, 52.41609], [143.11617, 52.3583], [143.1171, 52.32084], [143.16423, 52.35845], [143.17949, 52.31388], [143.14631, 52.26315], [143.13832, 52.09393], [143.08993, 52.15287], [143.08275, 52.0914], [143.12118, 52.10661], [143.14255, 51.97706], [143.1019, 51.9838], [143.12439, 51.95721], [143.10123, 51.9299], [143.18794, 51.83666], [143.09435, 51.80906], [143.02601, 51.72667], [143.08453, 51.79505], [143.19391, 51.83222], [143.20825, 51.89806], [143.31659, 51.69687], [143.27705, 51.71616], [143.24492, 51.68736], [143.20278, 51.51152], [143.33519, 51.50433], [143.32555, 51.61484], [143.35772, 51.64776], [143.37074, 51.62513], [143.3542, 51.61141], [143.42862, 51.44939], [143.39436, 51.56522], [143.42377, 51.51236], [143.46939, 51.34204], [143.43406, 51.36945], [143.37185, 51.33253], [143.41825, 51.32495], [143.40801, 51.29576], [143.46024, 51.29705], [143.49213, 51.23859], [143.46198, 51.21687], [143.51041, 51.23194], [143.48314, 51.30957], [143.52555, 51.2244], [143.78726, 50.31895], [143.99535, 50.01232], [143.99397, 49.96857], [144.12125, 49.75342], [144.13621, 49.62222], [144.23884, 49.50847], [144.21906, 49.42643], [144.39148, 49.04469], [144.69006, 48.86334], [144.68146, 48.71784], [144.7515, 48.65249], [144.67591, 48.65099], [144.64593, 48.78856], [144.51743, 48.93266], [144.27842, 49.08229], [144.14755, 49.217], [144.0327, 49.26003], [143.71838, 49.31322], [143.37247, 49.30526], [143.12164, 49.22724], [142.969, 49.11129], [142.9477, 49.01659], [142.974, 48.89197], [142.81384, 48.66799], [142.56733, 48.11418], [142.55376, 48.02551], [142.52058, 48.00523], [142.5443, 48.00008], [142.53613, 47.78769], [142.58746, 47.64657], [142.68967, 47.5089], [142.9435, 47.35351], [143.02355, 47.25415], [143.04745, 47.15134], [143.02313, 47.08671], [143.09939, 46.90913], [143.16547, 46.84508], [143.29596, 46.79887], [143.41482, 46.79848], [143.42983, 46.84623], [143.48398, 46.81424], [143.50953, 46.58847], [143.57179, 46.42422], [143.53403, 46.38992], [143.57514, 46.40371], [143.61759, 46.36796], [143.56741, 46.34354], [143.56797, 46.29634], [143.5232, 46.28109], [143.46704, 46.19044], [143.46819, 46.09854], [143.41734, 46.02232], [143.39878, 46.10272], [143.42461, 46.20003], [143.30749, 46.50428], [143.1427, 46.6037], [142.8854, 46.62096], [142.78079, 46.59934], [142.73181, 46.73474], [142.69028, 46.75066], [142.5262, 46.69423], [142.40914, 46.57975], [142.25615, 46.28236], [142.19038, 46.03898], [142.1064, 45.98488], [142.08852, 45.89446], [141.92199, 46.04309], [141.93336, 46.09957], [141.813, 46.58411], [142.05897, 47.08043], [142.04604, 47.20857], [141.9724, 47.30732], [142.00194, 47.35826], [141.96861, 47.44775], [141.96747, 47.61347], [142.09385, 47.86353], [142.2061, 47.98311], [142.17485, 48.03033], [142.14, 48.32834], [141.89608, 48.63407], [141.84228, 48.76967], [141.97243, 48.87586], [142.031, 49.14612], [142.08718, 49.21789], [142.0702, 49.35455], [142.1262, 49.45552], [142.15552, 49.67303], [142.12597, 49.88847], [142.16683, 50.14147], [142.12076, 50.29462], [142.15084, 50.31239], [142.14559, 50.36316], [142.04006, 50.5516], [142.09139, 50.72225], [142.08703, 50.82267], [142.11587, 50.89058], [142.21436, 50.97622], [142.25179, 51.09867], [142.16223, 51.27217], [142.1723, 51.30958], [142.06232, 51.42896], [142.0765, 51.47154]]], [[[137.31028, 54.89754], [137.50725, 55.06889], [137.55249, 55.177], [137.63742, 55.19481], [137.76266, 55.13958], [137.92922, 55.14185], [138.05498, 55.05473], [138.22342, 55.02223], [138.18541, 54.99083], [138.11204, 54.99214], [137.99949, 54.91627], [138.00312, 54.77986], [137.88891, 54.74901], [137.71603, 54.60865], [137.4762, 54.86155], [137.24093, 54.75951], [137.31028, 54.89754]]], [[[137.1966, 55.10756], [137.06107, 54.96632], [137.09209, 54.94159], [137.05755, 54.90726], [136.94727, 54.91063], [136.90318, 54.95376], [136.76654, 54.92419], [136.7832, 54.88785], [136.7536, 54.87522], [136.67654, 54.89111], [136.69384, 54.9459], [136.79954, 55.00729], [137.03118, 55.10179], [137.1966, 55.10756]]], [[[137.6563, 54.37735], [137.54613, 54.40257], [137.59721, 54.45632], [137.56238, 54.50604], [137.62257, 54.55533], [137.66493, 54.50281], [137.61757, 54.42609], [137.6563, 54.37735]]], [[[137.72487, 54.35243], [137.71997, 54.37594], [137.82818, 54.4268], [137.84893, 54.48319], [137.92533, 54.49218], [137.9573, 54.45892], [137.72487, 54.35243]]], [[[142.29446, 53.5103], [142.2878, 53.55728], [142.40492, 53.5906], [142.46263, 53.57043], [142.30724, 53.54114], [142.29446, 53.5103]]], [[[136.4583, 54.61977], [136.29724, 54.64449], [136.26599, 54.67451], [136.33371, 54.68947], [136.35696, 54.64297], [136.46228, 54.64547], [136.4583, 54.61977]]], [[[141.47299, 53.29482], [141.31159, 53.34217], [141.39019, 53.34314], [141.47299, 53.29482]]], [[[141.70092, 53.37664], [141.70029, 53.40268], [141.81969, 53.41097], [141.72545, 53.39376], [141.70092, 53.37664]]], [[[141.32027, 53.37193], [141.15887, 53.4319], [141.10064, 53.44479], [141.17294, 53.43511], [141.32027, 53.37193]]]]}}, {"type": "Feature", "properties": {"SYS_ID": "2084", "NAME_PY": "Ningguta Fudutong Xiaqu", "NAME_CH": "宁古塔副都统辖区", "NAME_FT": "寧古塔副都統轄區", "X_COORD": 133.06016, "Y_COORD": 44.58217}, "geometry": {"type": "MultiPolygon", "coordinates": [[[[129.08143, 45.59522], [129.47509, 45.36564], [129.51889, 45.39705], [129.55692, 45.35263], [129.61557, 45.3742], [129.70157, 45.35432], [129.73618, 45.30385], [130.02584, 45.27954], [130.48734, 45.32081], [130.7064, 45.45098], [131.18634, 45.56785], [131.32988, 45.64655], [131.43894, 45.65605], [131.49147, 45.8473], [131.63097, 45.89346], [131.81387, 45.81492], [132.07824, 45.78671], [132.39738, 45.62984], [132.64444, 45.65889], [132.83765, 45.60906], [133.24582, 45.67241], [133.84378, 45.66581], [133.97289, 45.60903], [134.05865, 45.47463], [134.05707, 45.42354], [133.80976, 45.16376], [133.79756, 45.08183], [133.82765, 45.05797], [134.37627, 45.05779], [134.57468, 45.0078], [134.6975, 45.03675], [134.91105, 45.01044], [135.11491, 45.05414], [135.24407, 45.00581], [135.28766, 44.92936], [135.22887, 44.81182], [135.07555, 44.74028], [135.04321, 44.67077], [135.07035, 44.64717], [135.23554, 44.65819], [135.72236, 44.77285], [135.76474, 44.83598], [135.71615, 44.93394], [135.77298, 45.15422], [136.09997, 45.32293], [136.28727, 45.38054], [136.42208, 45.5628], [136.58517, 45.84502], [136.65162, 46.03835], [136.72021, 46.11585], [136.96301, 46.20781], [137.34586, 46.23304], [137.48106, 46.31072], [137.70676, 46.52274], [137.83097, 46.56737], [137.87418, 46.64156], [137.85076, 46.67575], [137.65218, 46.79623], [137.6453, 46.9088], [137.68407, 46.98439], [137.75566, 46.98505], [137.81334, 46.93355], [138.04188, 47.04179], [138.08031, 47.01035], [138.08793, 46.91724], [138.15228, 46.88525], [138.36507, 46.85029], [138.49913, 46.86829], [138.35623, 46.68561], [138.35378, 46.53492], [138.19027, 46.4479], [138.11376, 46.3179], [138.11184, 46.23509], [137.77412, 45.93529], [137.69053, 45.7996], [137.36451, 45.60481], [137.14499, 45.3671], [136.80342, 45.18937], [136.76031, 45.08482], [136.63464, 45.03192], [136.54783, 44.9046], [136.43924, 44.82024], [136.45064, 44.76644], [136.35472, 44.79175], [136.34518, 44.74778], [136.30372, 44.73489], [136.33711, 44.71415], [136.2343, 44.66314], [136.21451, 44.61479], [136.2361, 44.58554], [136.15339, 44.49599], [135.8856, 44.40353], [135.80188, 44.26579], [135.65341, 44.16618], [135.63513, 44.03089], [135.53213, 43.99662], [135.52858, 43.91744], [135.46248, 43.94725], [135.49649, 43.90316], [135.46757, 43.87865], [135.5332, 43.8981], [135.43358, 43.76092], [135.28022, 43.68284], [135.25386, 43.70535], [135.2933, 43.73072], [135.17114, 43.74933], [135.23625, 43.6894], [135.13636, 43.49942], [134.97786, 43.46153], [134.8543, 43.38917], [134.7779, 43.30217], [134.7032, 43.29428], [134.34693, 43.1094], [134.18825, 43.06804], [134.1272, 42.99268], [134.03307, 42.961], [133.92551, 42.86782], [133.8747, 42.90817], [133.73165, 42.8081], [133.65647, 42.85867], [133.6632, 42.89502], [133.60967, 42.83163], [133.51029, 42.83526], [133.47962, 42.79266], [133.30763, 42.77434], [133.16921, 42.69004], [133.05005, 42.67224], [133.00699, 42.71446], [133.08571, 42.74255], [132.99098, 42.80611], [133.00374, 42.84996], [132.91022, 42.82835], [132.87318, 42.78522], [132.9138, 42.80834], [132.9137, 42.7879], [132.85826, 42.73319], [132.81244, 42.76417], [132.76805, 42.84091], [132.78422, 42.88637], [132.74679, 42.90724], [132.69795, 42.84937], [132.57767, 42.83399], [132.57493, 42.85657], [132.51519, 42.85816], [132.52218, 42.90037], [132.41211, 42.94192], [132.4198, 42.91182], [132.35238, 42.9115], [132.38322, 42.88393], [132.37106, 42.84714], [132.32243, 42.84125], [132.29472, 42.91057], [132.32801, 43.00423], [132.28712, 43.0622], [132.32464, 43.07088], [132.34677, 43.12251], [132.31977, 43.16501], [132.40948, 43.17608], [132.38035, 43.21525], [132.32112, 43.20897], [132.35208, 43.28042], [132.30274, 43.31126], [132.3058, 43.33993], [132.28706, 43.30251], [132.30876, 43.2829], [132.1213, 43.18653], [131.96418, 43.05541], [131.88268, 43.08242], [131.92448, 43.10255], [131.9009, 43.10841], [131.83964, 43.07301], [131.91581, 43.19692], [132.00819, 43.23605], [132.07246, 43.31267], [132.0194, 43.3227], [131.96971, 43.25617], [131.97752, 43.30511], [131.81771, 43.3023], [131.84545, 43.33986], [131.8063, 43.33553], [131.79224, 43.36454], [131.79782, 43.32335], [131.76093, 43.32578], [131.7552, 43.22823], [131.70031, 43.20403], [131.77046, 43.19893], [131.77552, 43.17133], [131.73452, 43.16317], [131.6843, 43.20419], [131.63316, 43.17609], [131.69892, 43.18068], [131.55732, 43.03234], [131.57909, 43.01146], [131.41499, 42.97782], [131.49708, 42.98238], [131.49093, 42.94112], [131.37434, 42.94151], [131.40766, 42.90699], [131.38761, 42.87332], [131.4734, 42.88207], [131.36205, 42.82729], [131.35807, 42.76479], [131.32577, 42.79627], [131.25831, 42.77159], [131.25021, 42.69023], [131.20736, 42.65398], [131.22009, 42.56149], [131.15185, 42.5871], [131.18282, 42.60305], [131.12591, 42.62027], [131.12202, 42.67397], [131.0853, 42.64634], [131.102, 42.62418], [131.01998, 42.65358], [130.9147, 42.59445], [130.8102, 42.63438], [130.85427, 42.65142], [130.9233, 42.61494], [130.95336, 42.65671], [130.78312, 42.65628], [130.83591, 42.69888], [130.66685, 42.67227], [130.65394, 42.64391], [130.73627, 42.62808], [130.68706, 42.57449], [130.79499, 42.63462], [130.77233, 42.57962], [130.87191, 42.52686], [130.83004, 42.53108], [130.83952, 42.47439], [130.77364, 42.46959], [130.75561, 42.51724], [130.78468, 42.50858], [130.78254, 42.53118], [130.71236, 42.55362], [130.70321, 42.50674], [130.73228, 42.51301], [130.67101, 42.48131], [130.74711, 42.48984], [130.76865, 42.46178], [130.6861, 42.41612], [130.78809, 42.45332], [130.72141, 42.40467], [130.76484, 42.39399], [130.71282, 42.36832], [130.74764, 42.35872], [130.69181, 42.29172], [130.56336, 42.43448], [130.51478, 42.60482], [130.47884, 42.61355], [130.47907, 42.5565], [130.43114, 42.54605], [130.4257, 42.60436], [130.37986, 42.59653], [130.23864, 42.71503], [130.22091, 42.79047], [130.26676, 42.90234], [130.10061, 42.9138], [130.13801, 42.98235], [130.02196, 42.96825], [129.92482, 43.01241], [129.88035, 42.9942], [129.9115, 42.97125], [129.85384, 42.95622], [129.8653, 42.92225], [129.8397, 42.92107], [129.76066, 42.72516], [129.79636, 42.68189], [129.74233, 42.64668], [129.77288, 42.60486], [129.73607, 42.58115], [129.74274, 42.46834], [129.7146, 42.43485], [129.58509, 42.45355], [129.59757, 42.41735], [129.54682, 42.3615], [129.44529, 42.43848], [129.33738, 42.44909], [129.35607, 42.41211], [129.31374, 42.42975], [129.31305, 42.38466], [129.23792, 42.37697], [129.22441, 42.35378], [129.25446, 42.32875], [129.19554, 42.31641], [129.23391, 42.30786], [129.19924, 42.29008], [129.22126, 42.27113], [129.1704, 42.25482], [129.21535, 42.20955], [129.01331, 42.12257], [128.93132, 42.17886], [128.81743, 42.33984], [128.67286, 42.4114], [128.65289, 42.45375], [128.80641, 42.6464], [128.73653, 42.87897], [128.66042, 42.96613], [128.31821, 43.16622], [128.10076, 43.06755], [127.87091, 43.03077], [127.77178, 43.06037], [127.70584, 43.12633], [127.62121, 43.58227], [127.66236, 43.69124], [127.85373, 43.80928], [128.03497, 44.01904], [128.12013, 44.18541], [128.256, 44.34702], [128.26296, 44.41265], [128.21307, 44.5105], [128.26037, 44.57008], [128.4351, 44.67032], [128.64661, 44.65905], [129.00847, 44.84679], [129.06159, 45.02142], [129.20512, 45.21907], [129.13381, 45.26399], [129.04149, 45.21628], [128.97256, 45.24002], [129.01595, 45.49904], [129.08143, 45.59522]]], [[[131.82614, 42.92711], [131.8242, 42.95893], [131.75164, 42.99791], [131.79849, 42.99083], [131.77307, 43.00964], [131.80546, 43.05771], [131.89991, 42.97963], [131.8462, 43.05228], [131.90086, 43.056], [131.93563, 42.99225], [131.90856, 42.95146], [131.87353, 42.93842], [131.86738, 42.96124], [131.82614, 42.92711]]], [[[132.47355, 42.79072], [132.39724, 42.82458], [132.4274, 42.89941], [132.46635, 42.8599], [132.44642, 42.83667], [132.47355, 42.79072]]], [[[132.36871, 42.73007], [132.30653, 42.74886], [132.35602, 42.77733], [132.36871, 42.73007]]], [[[131.73028, 42.92388], [131.70861, 42.9735], [131.73293, 42.98957], [131.76019, 42.95571], [131.73028, 42.92388]]], [[[131.7441, 42.89996], [131.70887, 42.91995], [131.75015, 42.91713], [131.7441, 42.89996]]], [[[131.6807, 42.86661], [131.6363, 42.86207], [131.68118, 42.88319], [131.6807, 42.86661]]]]}}, {"type": "Feature", "properties": {"SYS_ID": "2085", "NAME_PY": "Alechuka Fudutong Xiaqu", "NAME_CH": "阿勒楚喀副都统辖区", "NAME_FT": "阿勒楚喀副都統轄區", "X_COORD": 127.44201, "Y_COORD": 44.98663}, "geometry": {"type": "Polygon", "coordinates": [[[127.93983, 43.93621], [127.77421, 44.02436], [127.61751, 44.04574], [127.24548, 44.37919], [127.14533, 44.60566], [127.1963, 44.76878], [127.08411, 44.86961], [127.08666, 44.9425], [126.96326, 45.0723], [126.95562, 45.13148], [126.78912, 45.13406], [126.74979, 45.1858], [126.68315, 45.18133], [126.55597, 45.24678], [126.28512, 45.1853], [126.23776, 45.1375], [125.96064, 45.1666], [125.7812, 45.26683], [125.7121, 45.27518], [125.68391, 45.50383], [125.83977, 45.50128], [125.9135, 45.57352], [125.9242, 45.6273], [125.97693, 45.62662], [125.94797, 45.67225], [126.01312, 45.70406], [126.12773, 45.66828], [126.34161, 45.68992], [126.51094, 45.78407], [126.57069, 45.75274], [126.6965, 45.81763], [126.70089, 45.88593], [126.93419, 46.01949], [127.03413, 46.02897], [127.1641, 45.9798], [127.27101, 45.98122], [127.34939, 45.95495], [127.37377, 45.90753], [127.5319, 45.94115], [127.56262, 45.98165], [127.54446, 46.03705], [127.68006, 46.01216], [127.71214, 45.95371], [127.77102, 45.9604], [127.78735, 45.9264], [127.96875, 45.91525], [128.02252, 45.93977], [128.12927, 45.90522], [128.33817, 45.97139], [128.62396, 45.90365], [128.74814, 45.95524], [128.76184, 45.85095], [128.73563, 45.81437], [128.96305, 45.73275], [129.08143, 45.59522], [129.00551, 45.46244], [128.98064, 45.22462], [129.04149, 45.21628], [129.13381, 45.26399], [129.20512, 45.21907], [129.20095, 45.18227], [129.06159, 45.02142], [129.00847, 44.84679], [128.64661, 44.65905], [128.4351, 44.67032], [128.26037, 44.57008], [128.21307, 44.5105], [128.26296, 44.41265], [128.256, 44.34702], [128.12013, 44.18541], [128.03497, 44.01904], [127.93983, 43.93621]]]}}, {"type": "Feature", "properties": {"SYS_ID": "2086", "NAME_PY": "Baidune Fudutong Xiaqu", "NAME_CH": "白都纳副都统辖区", "NAME_FT": "白都納副都統轄區", "X_COORD": 125.92586, "Y_COORD": 44.98786}, "geometry": {"type": "Polygon", "coordinates": [[[124.71692, 45.34661], [124.65675, 45.43775], [124.75961, 45.46191], [124.77886, 45.43362], [124.86832, 45.43911], [124.90972, 45.53473], [124.94436, 45.49097], [125.03513, 45.49391], [125.03272, 45.43321], [125.08548, 45.38067], [125.2504, 45.4179], [125.28593, 45.39196], [125.29729, 45.42287], [125.35536, 45.39077], [125.45756, 45.45281], [125.43943, 45.48277], [125.68741, 45.50726], [125.7121, 45.27518], [125.7812, 45.26683], [125.96064, 45.1666], [126.23776, 45.1375], [126.28512, 45.1853], [126.55597, 45.24678], [126.68315, 45.18133], [126.74979, 45.1858], [126.78912, 45.13406], [126.95562, 45.13148], [126.96326, 45.0723], [127.08666, 44.9425], [127.08411, 44.86961], [127.1963, 44.76878], [127.17735, 44.67983], [126.93687, 44.51919], [126.63373, 44.53412], [126.4372, 44.44099], [126.43845, 44.50186], [126.33636, 44.5729], [126.35327, 44.59136], [126.27437, 44.69674], [126.16688, 44.72018], [126.14008, 44.76828], [125.91841, 44.75983], [125.85766, 44.82926], [125.79574, 44.82692], [125.71307, 44.93074], [125.53315, 44.87931], [125.45194, 44.90313], [125.28942, 44.84589], [125.18998, 44.86333], [125.07213, 45.00563], [124.937, 45.07123], [124.88097, 45.13642], [124.72143, 45.19451], [124.71692, 45.34661]]]}}, {"type": "Feature", "properties": {"SYS_ID": "2087", "NAME_PY": "Jilin Fudutong Xiaqu", "NAME_CH": "吉林副都统辖区", "NAME_FT": "吉林副都統轄區", "X_COORD": 126.5898, "Y_COORD": 42.81318}, "geometry": {"type": "Polygon", "coordinates": [[[125.74238, 44.85428], [125.86723, 44.82392], [125.92508, 44.75732], [126.14008, 44.76828], [126.16688, 44.72018], [126.27437, 44.69674], [126.35327, 44.59136], [126.33636, 44.5729], [126.43845, 44.50186], [126.4372, 44.44099], [126.63373, 44.53412], [126.93687, 44.51919], [127.17431, 44.67677], [127.14533, 44.60566], [127.26388, 44.36074], [127.61751, 44.04574], [127.77421, 44.02436], [127.93983, 43.93621], [127.85373, 43.80928], [127.66236, 43.69124], [127.62121, 43.58227], [127.73258, 43.08652], [127.80828, 43.04017], [127.92723, 43.03708], [128.10076, 43.06755], [128.31821, 43.16622], [128.66042, 42.96613], [128.73653, 42.87897], [128.80641, 42.6464], [128.65289, 42.45375], [128.67286, 42.4114], [128.81743, 42.33984], [128.93132, 42.17886], [129.03637, 42.113], [128.95028, 42.08641], [128.94669, 42.02329], [128.91431, 42.01066], [128.73516, 42.04967], [128.67748, 42.01376], [128.60599, 42.0312], [128.56856, 41.99595], [128.27152, 42.02509], [128.03102, 41.99716], [128.095, 41.9464], [128.09062, 41.82962], [128.15731, 41.71177], [128.25667, 41.66909], [128.30985, 41.60526], [128.2081, 41.418], [128.10744, 41.36293], [128.08545, 41.37265], [128.10433, 41.39599], [128.03548, 41.38904], [128.00025, 41.44454], [127.97644, 41.41665], [127.93523, 41.45633], [127.90446, 41.42764], [127.87337, 41.44404], [127.86468, 41.40492], [127.64879, 41.42627], [127.65003, 41.40373], [127.54982, 41.43385], [127.5373, 41.4766], [127.46227, 41.48128], [127.43666, 41.45476], [127.24852, 41.47825], [127.2802, 41.50465], [127.09825, 41.54088], [127.17733, 41.59362], [127.03264, 41.66641], [127.07418, 41.69902], [127.04312, 41.74245], [126.93306, 41.77192], [126.94238, 41.80511], [126.92023, 41.80708], [126.83583, 41.72178], [126.79819, 41.74307], [126.79231, 41.69563], [126.701, 41.74064], [126.72963, 41.70495], [126.68813, 41.66167], [126.60987, 41.65865], [126.59622, 41.61129], [126.56374, 41.60581], [126.58992, 41.56356], [126.55632, 41.48181], [126.5061, 41.43501], [126.531, 41.35941], [126.43347, 41.35025], [126.27511, 41.15496], [126.10941, 41.08484], [126.12758, 41.04761], [126.08331, 41.03544], [126.0984, 41.00116], [126.05776, 40.99958], [126.07369, 40.96983], [125.96588, 40.91714], [126.01475, 40.89869], [125.93622, 40.87888], [125.87652, 40.91135], [125.80921, 40.86571], [125.77283, 40.90148], [125.67454, 40.84446], [125.49456, 40.85398], [125.10216, 40.77244], [124.86451, 40.79657], [124.77003, 40.93029], [124.77445, 41.12665], [124.90562, 41.15373], [125.06927, 41.24658], [125.13009, 41.33509], [125.09333, 41.36931], [124.88753, 41.38913], [124.85272, 41.42698], [124.94142, 41.48226], [125.20971, 41.48737], [125.27969, 41.57112], [125.28601, 41.87674], [125.33199, 41.92822], [125.28452, 41.95599], [125.22931, 42.14129], [125.26679, 42.29317], [125.19804, 42.34574], [125.1204, 42.51665], [124.95836, 42.59367], [124.63613, 42.64304], [124.36302, 42.64207], [124.14339, 42.77747], [124.19319, 42.86308], [124.43647, 43.06501], [124.62479, 43.30019], [125.03001, 43.57947], [125.21486, 43.63427], [124.88823, 43.92108], [124.69957, 44.01643], [124.5403, 44.05092], [124.55787, 44.12121], [124.72324, 44.28067], [125.17304, 44.30438], [125.21721, 44.34593], [125.1925, 44.41944], [125.26919, 44.50121], [125.38439, 44.54381], [125.46307, 44.63942], [125.58994, 44.67125], [125.63085, 44.70617], [125.63126, 44.75449], [125.72834, 44.8071], [125.70458, 44.81606], [125.74238, 44.85428]]]}}, {"type": "Feature", "properties": {"SYS_ID": "2088", "NAME_PY": "Hulunbei'er Fudutong Xiaqu", "NAME_CH": "呼伦贝尔副都统辖区", "NAME_FT": "呼倫貝爾副都統轄區", "X_COORD": 119.32377, "Y_COORD": 49.71575}, "geometry": {"type": "Polygon", "coordinates": [[[119.91279, 46.90316], [119.8539, 46.91503], [119.85713, 46.96239], [119.78333, 47.02242], [119.79934, 47.05782], [119.70572, 47.19156], [119.62473, 47.25032], [119.54883, 47.25246], [119.55435, 47.2985], [119.32201, 47.42778], [119.35764, 47.4796], [119.14281, 47.53985], [119.12168, 47.66404], [118.75482, 47.77208], [118.55493, 47.99346], [118.27121, 48.00831], [118.16822, 48.04574], [117.97583, 48.00957], [117.83608, 47.90984], [117.51548, 47.77879], [117.37518, 47.64004], [117.05879, 47.58381], [116.38477, 47.60056], [115.93058, 47.68015], [115.57346, 47.92113], [115.52713, 48.11494], [115.53011, 48.14301], [115.81341, 48.25887], [115.7942, 48.52242], [116.07137, 48.81938], [116.04747, 48.98069], [116.06093, 49.38818], [116.4786, 49.65903], [116.71928, 49.84715], [116.7453, 49.9196], [117.30387, 49.77125], [117.58354, 49.80049], [117.72765, 49.77878], [117.81748, 49.71951], [117.84357, 49.6222], [117.90106, 49.59565], [118.06701, 49.61344], [118.10788, 49.66743], [118.15481, 49.65761], [118.22942, 49.73533], [118.37275, 49.77586], [118.38185, 49.82341], [118.47318, 49.8232], [118.47886, 49.87212], [118.5496, 49.89705], [118.55876, 49.93041], [118.92657, 49.99038], [119.04547, 49.97974], [119.15149, 50.02266], [119.17992, 50.08477], [119.24509, 50.07737], [119.34908, 50.19401], [119.30619, 50.2223], [119.3362, 50.25167], [119.31371, 50.28138], [119.37484, 50.31721], [119.34796, 50.35251], [119.1729, 50.34535], [119.11559, 50.3848], [119.23703, 50.44521], [119.24974, 50.48635], [119.22692, 50.4973], [119.28579, 50.57117], [119.27526, 50.60658], [119.49293, 50.74762], [119.48291, 50.87189], [119.58701, 50.98157], [119.68905, 51.01613], [119.73466, 51.06514], [119.77081, 51.15052], [119.74955, 51.16061], [119.77711, 51.17095], [119.75243, 51.2097], [119.80593, 51.21394], [119.78306, 51.24008], [119.80532, 51.2766], [119.9211, 51.35247], [119.89581, 51.38689], [119.95889, 51.40025], [119.96871, 51.50266], [120.02187, 51.52568], [120.03813, 51.60675], [120.09807, 51.64967], [120.08344, 51.67738], [120.18829, 51.68588], [120.40426, 51.83609], [120.47082, 51.84808], [120.47937, 51.88257], [120.64793, 51.92212], [120.70782, 51.99097], [120.68174, 52.0454], [120.74571, 52.07985], [120.77788, 52.15912], [120.7391, 52.21079], [120.75061, 52.25546], [120.65269, 52.29774], [120.60925, 52.35154], [120.67665, 52.42105], [120.68347, 52.5178], [121.384, 52.52794], [121.51154, 52.4554], [121.64092, 52.44128], [121.70687, 52.31681], [121.89382, 52.27948], [122.15891, 52.51341], [122.2007, 52.46785], [122.30334, 52.47386], [122.33619, 52.41146], [122.40048, 52.37619], [122.4399, 52.39245], [122.47098, 52.2948], [122.75593, 52.26546], [122.78288, 52.24379], [122.7309, 52.15212], [122.75313, 52.03665], [122.6992, 51.88877], [122.76495, 51.77807], [122.74274, 51.74235], [122.84937, 51.60535], [122.82501, 51.58365], [122.87664, 51.54777], [122.85215, 51.52333], [122.87622, 51.50772], [122.8477, 51.47627], [122.86404, 51.45372], [122.95542, 51.39291], [122.9942, 51.31145], [123.06189, 51.31931], [123.11605, 51.28081], [123.04578, 51.20125], [122.86949, 51.15045], [122.78969, 51.02596], [122.48091, 50.87198], [122.40437, 50.80415], [122.13521, 50.39166], [121.91473, 50.2259], [121.85638, 50.05915], [121.88756, 50.01997], [122.1864, 50.01702], [122.35326, 49.97949], [122.46441, 49.90661], [122.46565, 49.78962], [122.22153, 49.56362], [121.91013, 49.43222], [121.79308, 49.04996], [121.81288, 48.95964], [121.7669, 48.83814], [121.05635, 48.37588], [120.77805, 48.0511], [120.77587, 47.93848], [120.64904, 47.81172], [120.3396, 47.26393], [119.91279, 46.90316]]]}}, {"type": "Feature", "properties": {"SYS_ID": "2089", "NAME_PY": "Heilongjiang Fudutong Xiaqu", "NAME_CH": "黑龙江副都统辖区", "NAME_FT": "黑龍江副都統轄區", "X_COORD": 127.04915, "Y_COORD": 51.68421}, "geometry": {"type": "Polygon", "coordinates": [[[121.47736, 53.33749], [121.35337, 53.3486], [121.36037, 53.40047], [121.31211, 53.4457], [121.1881, 53.49358], [121.18393, 53.44345], [121.14401, 53.42054], [120.89001, 53.484], [120.75324, 53.45269], [120.60382, 53.46747], [120.38362, 53.40774], [120.09184, 53.4482], [119.68949, 53.35316], [119.65131, 53.27474], [119.55086, 53.20691], [119.3597, 53.15657], [119.2277, 53.0803], [119.12226, 53.14547], [119.03252, 53.34326], [119.3329, 53.70787], [119.31316, 53.97556], [119.39465, 54.04759], [119.85976, 53.99246], [120.38394, 54.14612], [120.94267, 54.39514], [121.15988, 54.42192], [121.37666, 54.35182], [121.63485, 54.364], [122.11664, 54.48746], [122.56462, 54.64828], [123.14282, 54.72807], [123.24195, 54.76109], [123.36814, 54.92226], [123.64243, 55.09495], [123.95896, 55.16946], [124.17155, 55.27069], [124.26335, 55.34098], [124.42833, 55.64039], [124.58293, 55.71568], [124.66746, 55.79718], [125.03522, 55.92381], [125.32659, 55.85078], [125.5164, 55.72774], [125.68748, 55.77517], [126.00862, 55.68559], [126.04038, 55.66549], [125.88484, 55.52059], [125.89845, 55.47409], [125.96212, 55.45048], [126.3008, 55.55402], [126.43566, 55.47814], [126.47148, 55.501], [126.45706, 55.59068], [126.49633, 55.62509], [126.72942, 55.5943], [127.08409, 55.66251], [127.43093, 55.57404], [127.60429, 55.68038], [127.89218, 55.72779], [128.08217, 55.79503], [128.44907, 55.74662], [128.50249, 55.71708], [128.52259, 55.60542], [128.76337, 55.5111], [128.93931, 55.54767], [129.0019, 55.59068], [129.00045, 55.66873], [129.16976, 55.6886], [129.27173, 55.73858], [129.4047, 55.71614], [130.37597, 55.72138], [130.51744, 55.74565], [130.89769, 55.72646], [130.99908, 55.69378], [131.33063, 55.48918], [131.51505, 55.25741], [131.84946, 55.03257], [131.85964, 54.98706], [131.84004, 54.9364], [131.55265, 54.7392], [131.09066, 54.58621], [130.93073, 54.38016], [130.35827, 54.17968], [130.2433, 54.001], [130.24566, 53.94924], [130.32325, 53.88943], [130.41931, 53.86714], [130.80001, 53.84411], [130.8758, 53.77733], [131.06317, 53.80878], [131.4927, 53.73795], [131.52932, 53.62257], [131.54167, 53.20767], [131.8641, 53.23581], [131.87558, 53.1885], [131.93075, 53.16713], [131.99876, 53.17512], [132.03314, 53.2351], [132.14283, 53.25912], [132.31396, 53.23106], [132.83274, 53.23209], [132.91451, 53.30069], [133.14927, 53.301], [133.18883, 53.39557], [133.43195, 53.49699], [133.71439, 53.43287], [134.07467, 53.42457], [134.28819, 53.46624], [134.45654, 53.557], [134.63156, 53.47906], [134.83908, 53.44557], [134.93659, 53.38766], [134.86447, 53.27417], [134.82199, 53.11422], [134.60326, 52.91029], [134.59122, 52.81976], [134.6209, 52.74782], [134.76302, 52.64817], [134.76277, 52.61426], [134.64802, 52.5859], [134.58204, 52.51641], [134.51206, 52.09426], [134.63165, 52.03921], [134.9476, 52.09168], [135.06576, 52.0421], [135.06253, 52.00741], [134.9504, 51.8074], [134.92526, 51.68864], [134.70235, 51.48988], [134.53056, 51.43322], [134.36775, 51.43229], [134.33178, 51.40969], [134.2782, 51.27389], [133.98544, 51.16061], [133.65819, 50.96471], [133.51708, 50.81845], [133.38472, 50.74483], [133.26818, 50.54504], [133.19739, 50.48113], [133.39478, 50.44527], [133.49691, 50.34956], [133.37981, 50.26561], [133.29387, 50.13071], [133.17009, 50.03282], [133.1741, 49.91364], [133.01202, 49.8472], [132.98754, 49.77833], [132.83884, 49.65107], [132.7753, 49.40436], [132.7014, 49.29783], [132.56454, 49.24518], [132.48948, 49.25263], [132.26954, 49.34634], [132.13905, 49.44875], [131.98571, 49.38797], [131.96646, 49.28028], [131.91765, 49.21843], [131.34625, 49.24852], [131.20168, 49.23956], [131.17077, 49.20721], [131.2627, 49.0895], [131.20354, 48.9531], [131.11459, 48.85812], [130.85435, 48.72086], [130.84428, 48.60044], [130.92319, 48.49132], [131.08214, 48.36311], [131.50595, 48.36811], [131.64681, 48.33643], [131.77651, 48.17418], [131.79429, 47.87633], [131.94745, 47.77671], [132.15716, 47.70838], [132.18508, 47.66122], [132.10667, 47.59548], [131.92126, 47.52101], [131.61219, 47.4608], [130.98595, 47.47114], [130.77849, 47.51715], [130.66944, 47.58569], [130.53561, 47.81667], [130.60969, 47.98289], [130.53835, 48.06373], [129.84257, 47.95477], [129.70754, 47.96079], [129.68974, 47.99707], [129.7945, 48.1809], [129.81143, 48.30973], [129.72962, 48.42257], [129.51678, 48.52814], [129.25761, 48.56407], [129.08902, 48.54695], [128.96522, 48.44948], [128.90033, 48.30064], [128.85096, 48.25913], [128.75635, 48.25912], [128.6174, 48.31589], [128.37981, 48.286], [128.15501, 48.16131], [128.02623, 48.01068], [127.92572, 47.97934], [127.80121, 48.00856], [127.7534, 48.05743], [127.67647, 48.25169], [127.34889, 49.23297], [127.18154, 49.3253], [126.67771, 49.45316], [126.44438, 49.77594], [126.47276, 49.92785], [126.43873, 50.06355], [126.73002, 50.19369], [126.83618, 50.27676], [126.83556, 50.3229], [126.73666, 50.44268], [126.50233, 50.94828], [126.23525, 51.24302], [125.68964, 51.41276], [125.34354, 51.62218], [125.1273, 51.63241], [125.10104, 51.65959], [125.05273, 51.59869], [125.0648, 51.55169], [124.92064, 51.49633], [124.93506, 51.44604], [124.87782, 51.38657], [124.76481, 51.38854], [124.72216, 51.34474], [124.62483, 51.32537], [124.56775, 51.3689], [124.48261, 51.37877], [124.42932, 51.35197], [124.39867, 51.27031], [124.34022, 51.27023], [124.21714, 51.34832], [123.91882, 51.29927], [123.83513, 51.36614], [123.71086, 51.39768], [123.65453, 51.31773], [123.28283, 51.24945], [123.06189, 51.31931], [122.99815, 51.31022], [122.95542, 51.39291], [122.8477, 51.47627], [122.87664, 51.54777], [122.82501, 51.58365], [122.84937, 51.60535], [122.74274, 51.74235], [122.76495, 51.77807], [122.6992, 51.88877], [122.75313, 52.03665], [122.7309, 52.15212], [122.7801, 52.2513], [122.47098, 52.2948], [122.4399, 52.39245], [122.40919, 52.37264], [122.33619, 52.41146], [122.30334, 52.47386], [122.2007, 52.46785], [122.13802, 52.51127], [121.94073, 52.29719], [121.83414, 52.28142], [121.70687, 52.31681], [121.64092, 52.44128], [121.51154, 52.4554], [121.384, 52.52794], [120.75141, 52.51866], [120.45766, 52.64274], [120.38914, 52.61414], [120.28561, 52.62331], [120.19726, 52.57951], [120.03983, 52.60157], [120.06131, 52.7074], [120.0242, 52.7768], [120.28072, 52.8633], [120.54033, 53.07575], [120.6345, 53.10323], [120.68665, 53.17838], [120.83176, 53.239], [120.81694, 53.2705], [121.08624, 53.30825], [121.12542, 53.27511], [121.23039, 53.28049], [121.47736, 53.33749]]]}}, {"type": "Feature", "properties": {"SYS_ID": "2090", "NAME_PY": "Mo'ergen Fudutong Xiaqu", "NAME_CH": "墨尔根副都统辖区", "NAME_FT": "墨爾根副都統轄區", "X_COORD": 124.70338, "Y_COORD": 49.88254}, "geometry": {"type": "Polygon", "coordinates": [[[123.1204, 51.2962], [123.28283, 51.24945], [123.56039, 51.28894], [123.65453, 51.31773], [123.71086, 51.39768], [123.83513, 51.36614], [123.91882, 51.29927], [124.21714, 51.34832], [124.34022, 51.27023], [124.39867, 51.27031], [124.42932, 51.35197], [124.48261, 51.37877], [124.56775, 51.3689], [124.62483, 51.32537], [124.72216, 51.34474], [124.76481, 51.38854], [124.87782, 51.38657], [124.93506, 51.44604], [124.92064, 51.49633], [125.0648, 51.55169], [125.05273, 51.59869], [125.10104, 51.65959], [125.1273, 51.63241], [125.34354, 51.62218], [125.68964, 51.41276], [126.23525, 51.24302], [126.50233, 50.94828], [126.73666, 50.44268], [126.83556, 50.3229], [126.83618, 50.27676], [126.73002, 50.19369], [126.43873, 50.06355], [126.47276, 49.92785], [126.44438, 49.77594], [126.67771, 49.45316], [127.18154, 49.3253], [127.34889, 49.23297], [127.53991, 48.69511], [126.88508, 48.51966], [126.49888, 48.61697], [126.23504, 48.5207], [126.02393, 48.56145], [125.71313, 48.56367], [125.67932, 48.53366], [125.59256, 48.54822], [125.5442, 48.51884], [125.45969, 48.54447], [125.04854, 48.49371], [124.90269, 48.44399], [124.8269, 48.45526], [124.57617, 48.36184], [124.544, 48.31418], [124.56088, 48.23388], [124.50014, 48.16547], [124.50232, 48.12405], [124.43605, 48.10917], [124.46836, 48.16137], [124.40775, 48.1891], [124.4218, 48.22392], [124.30042, 48.36647], [124.3283, 48.40533], [124.29449, 48.46286], [124.30878, 48.5007], [124.10834, 48.61492], [124.06252, 48.69906], [124.01183, 48.68866], [123.91645, 48.75027], [123.88267, 48.83396], [123.81177, 48.87743], [123.83345, 48.91059], [123.78769, 48.94051], [123.80117, 48.9867], [123.71588, 49.04105], [123.69763, 49.09191], [123.7233, 49.09944], [123.68115, 49.15249], [123.76735, 49.24015], [123.72002, 49.28586], [123.76506, 49.28981], [123.72234, 49.31961], [123.74837, 49.5961], [123.54862, 49.84437], [123.54181, 49.95274], [123.12109, 50.14357], [122.99452, 50.15696], [122.88222, 50.10907], [122.75719, 50.10564], [122.64869, 50.15509], [122.51942, 50.11094], [122.10053, 50.23938], [122.0301, 50.23168], [121.99414, 50.11371], [121.86684, 50.08254], [121.91473, 50.2259], [122.13521, 50.39166], [122.40437, 50.80415], [122.48091, 50.87198], [122.78969, 51.02596], [122.86949, 51.15045], [123.04578, 51.20125], [123.1204, 51.2962]]]}}, {"type": "Feature", "properties": {"SYS_ID": "2091", "NAME_PY": "Qiqiha'er Fudutong Xiaqu", "NAME_CH": "齐齐哈尔副都统辖区", "NAME_FT": "齊齊哈爾副都統轄區", "X_COORD": 125.05273, "Y_COORD": 47.96396}, "geometry": {"type": "Polygon", "coordinates": [[[121.53024, 47.1905], [121.25716, 47.11205], [121.05338, 47.14257], [120.96892, 47.09443], [120.69392, 47.1489], [120.18233, 47.12907], [120.3396, 47.26393], [120.64904, 47.81172], [120.77587, 47.93848], [120.77805, 48.0511], [121.05635, 48.37588], [121.7669, 48.83814], [121.81288, 48.95964], [121.79308, 49.04996], [121.91013, 49.43222], [122.22153, 49.56362], [122.46565, 49.78962], [122.46441, 49.90661], [122.35326, 49.97949], [121.85985, 50.04231], [121.86684, 50.08254], [121.99414, 50.11371], [122.05608, 50.23926], [122.20643, 50.22503], [122.51942, 50.11094], [122.64869, 50.15509], [122.75719, 50.10564], [122.88222, 50.10907], [122.99452, 50.15696], [123.12109, 50.14357], [123.54181, 49.95274], [123.54862, 49.84437], [123.74837, 49.5961], [123.72234, 49.31961], [123.76506, 49.28981], [123.72002, 49.28586], [123.76735, 49.24015], [123.68115, 49.15249], [123.7233, 49.09944], [123.69763, 49.09191], [123.71588, 49.04105], [123.80117, 48.9867], [123.78769, 48.94051], [123.83345, 48.91059], [123.81177, 48.87743], [123.88267, 48.83396], [123.91645, 48.75027], [124.01183, 48.68866], [124.06252, 48.69906], [124.10834, 48.61492], [124.30878, 48.5007], [124.29449, 48.46286], [124.3283, 48.40533], [124.30042, 48.36647], [124.4218, 48.22392], [124.40775, 48.1891], [124.46836, 48.16137], [124.43605, 48.10917], [124.50232, 48.12405], [124.50014, 48.16547], [124.56088, 48.23388], [124.544, 48.31418], [124.57617, 48.36184], [124.8269, 48.45526], [124.90269, 48.44399], [125.04854, 48.49371], [125.45969, 48.54447], [125.5442, 48.51884], [125.59256, 48.54822], [125.67932, 48.53366], [125.71313, 48.56367], [126.02393, 48.56145], [126.23504, 48.5207], [126.49888, 48.61697], [126.88508, 48.51966], [127.53991, 48.69511], [127.7534, 48.05743], [127.80121, 48.00856], [127.92572, 47.97934], [128.02623, 48.01068], [128.15501, 48.16131], [128.37981, 48.286], [128.6174, 48.31589], [128.75635, 48.25912], [128.85096, 48.25913], [128.90033, 48.30064], [128.96522, 48.44948], [129.04268, 48.51927], [129.25761, 48.56407], [129.56206, 48.51559], [129.77525, 48.36674], [129.81015, 48.2481], [129.68974, 47.99707], [129.69347, 47.93877], [129.92314, 47.57288], [129.83858, 47.41737], [129.86036, 47.28514], [129.82019, 47.15498], [129.70212, 46.97625], [129.33003, 46.61302], [129.05176, 46.40152], [128.83337, 46.27961], [128.77359, 46.25051], [128.59407, 46.2666], [128.18409, 46.19782], [128.0447, 46.0921], [128.01343, 45.93938], [127.96875, 45.91525], [127.77304, 45.92974], [127.77974, 45.95607], [127.71214, 45.95371], [127.68006, 46.01216], [127.54446, 46.03705], [127.56262, 45.98165], [127.5319, 45.94115], [127.37377, 45.90753], [127.34939, 45.95495], [127.27101, 45.98122], [127.1641, 45.9798], [127.03413, 46.02897], [126.93419, 46.01949], [126.70089, 45.88593], [126.70364, 45.82981], [126.66625, 45.79704], [126.57069, 45.75274], [126.51094, 45.78407], [126.34161, 45.68992], [126.18738, 45.68855], [126.11382, 45.77389], [126.10325, 45.89535], [126.21094, 45.98497], [126.21517, 46.07097], [126.10517, 46.29331], [125.91174, 46.50852], [125.72024, 46.65729], [125.6391, 46.76992], [125.59505, 47.01454], [125.61738, 47.18356], [125.55981, 47.27605], [125.44315, 47.36256], [125.31891, 47.39207], [124.80498, 47.40873], [124.41662, 47.3374], [124.39781, 47.27538], [124.30727, 47.22816], [124.24001, 47.13697], [124.12746, 47.10843], [124.11585, 47.02072], [124.03569, 46.96017], [124.07784, 46.92722], [124.05197, 46.91242], [124.07341, 46.85371], [124.03506, 46.80742], [123.98253, 46.79014], [123.95928, 46.73125], [123.86021, 46.71201], [123.77506, 46.72116], [123.63871, 46.8198], [123.58, 46.81463], [123.61091, 46.83901], [123.58619, 46.8897], [123.55283, 46.82091], [123.48867, 46.82602], [123.47207, 46.85473], [123.51711, 46.95449], [123.40434, 46.94566], [123.2337, 47.06145], [123.17669, 47.06858], [123.11444, 47.12544], [123.10732, 47.23343], [122.97707, 47.36519], [122.35236, 47.31337], [122.14795, 47.24656], [121.53024, 47.1905]]]}}, {"type": "Feature", "properties": {"SYS_ID": "2092", "NAME_PY": "Zhelimu Meng", "NAME_CH": "哲里木盟", "NAME_FT": "哲里木盟", "X_COORD": 122.91627, "Y_COORD": 44.85842}, "geometry": {"type": "Polygon", "coordinates": [[[126.18738, 45.68855], [126.11328, 45.66805], [126.01312, 45.70406], [125.94797, 45.67225], [125.97693, 45.62662], [125.9242, 45.6273], [125.9135, 45.57352], [125.83977, 45.50128], [125.73564, 45.51911], [125.60411, 45.5118], [125.4964, 45.46832], [125.44449, 45.48434], [125.45756, 45.45281], [125.35536, 45.39077], [125.29729, 45.42287], [125.28593, 45.39196], [125.2504, 45.4179], [125.08548, 45.38067], [125.03272, 45.43321], [125.03513, 45.49391], [124.94436, 45.49097], [124.90972, 45.53473], [124.86832, 45.43911], [124.77886, 45.43362], [124.75961, 45.46191], [124.65675, 45.43775], [124.71983, 45.33932], [124.72143, 45.19451], [124.88097, 45.13642], [124.937, 45.07123], [125.07213, 45.00563], [125.18998, 44.86333], [125.28942, 44.84589], [125.45194, 44.90313], [125.53315, 44.87931], [125.67765, 44.93237], [125.77299, 44.86666], [125.63126, 44.75449], [125.63085, 44.70617], [125.58994, 44.67125], [125.46307, 44.63942], [125.38439, 44.54381], [125.26919, 44.50121], [125.1925, 44.41944], [125.21721, 44.34593], [125.17304, 44.30438], [124.72324, 44.28067], [124.66707, 44.25274], [124.53492, 44.08044], [124.57449, 44.03435], [124.69957, 44.01643], [124.88823, 43.92108], [125.21486, 43.63427], [125.07761, 43.60502], [124.8124, 43.44434], [124.62479, 43.30019], [124.43647, 43.06501], [124.192, 42.85196], [124.02602, 42.94049], [123.81019, 42.94796], [123.63519, 42.81643], [123.61087, 42.73541], [123.56917, 42.7083], [123.57868, 42.66642], [123.61343, 42.67329], [123.64838, 42.63202], [123.6372, 42.60351], [123.25689, 42.43836], [122.80591, 42.30791], [122.77257, 42.4061], [122.4864, 42.71964], [122.28736, 42.76011], [122.03764, 42.71043], [121.95202, 42.75755], [121.94563, 42.82312], [121.84509, 42.96285], [121.79057, 43.16126], [121.68572, 43.23887], [121.47234, 43.48576], [121.34695, 43.52878], [121.41342, 43.56366], [121.70635, 43.51083], [121.82083, 43.61287], [121.8268, 43.6901], [121.77081, 43.80808], [121.49936, 43.95845], [121.34742, 44.22476], [121.15908, 44.33143], [121.14548, 44.52013], [121.09208, 44.57654], [120.95126, 44.6561], [120.87724, 44.74845], [120.51445, 44.92155], [120.48307, 44.9731], [120.47936, 45.09989], [120.69002, 45.50356], [120.71032, 45.55519], [120.6874, 45.61576], [120.59226, 45.69763], [120.39322, 45.74506], [120.25673, 45.81329], [119.89964, 45.83483], [119.79914, 45.87502], [119.65776, 46.03098], [119.6559, 46.09121], [119.70142, 46.10794], [119.67635, 46.17618], [119.70284, 46.25616], [119.61622, 46.393], [119.76861, 46.55106], [119.75396, 46.66658], [119.8781, 46.69023], [119.8525, 46.81142], [119.90533, 46.85201], [119.91279, 46.90316], [120.18233, 47.12907], [120.80039, 47.14385], [120.91495, 47.09282], [121.09555, 47.1446], [121.25716, 47.11205], [121.50669, 47.19273], [122.02244, 47.22928], [122.35236, 47.31337], [122.97267, 47.36581], [123.07484, 47.28091], [123.12223, 47.20225], [123.11444, 47.12544], [123.17669, 47.06858], [123.2337, 47.06145], [123.40434, 46.94566], [123.51711, 46.95449], [123.47207, 46.85473], [123.48867, 46.82602], [123.55283, 46.82091], [123.58619, 46.8897], [123.61091, 46.83901], [123.58, 46.81463], [123.63871, 46.8198], [123.77506, 46.72116], [123.86021, 46.71201], [123.95928, 46.73125], [123.98253, 46.79014], [124.03506, 46.80742], [124.07341, 46.85371], [124.05197, 46.91242], [124.07784, 46.92722], [124.03569, 46.96017], [124.11585, 47.02072], [124.12746, 47.10843], [124.24001, 47.13697], [124.30727, 47.22816], [124.39781, 47.27538], [124.41662, 47.3374], [124.80498, 47.40873], [125.31891, 47.39207], [125.44315, 47.36256], [125.59313, 47.22979], [125.63032, 47.13737], [125.59505, 47.01454], [125.6391, 46.76992], [125.72024, 46.65729], [125.91174, 46.50852], [126.10517, 46.29331], [126.21517, 46.07097], [126.21094, 45.98497], [126.10325, 45.89535], [126.09783, 45.84777], [126.11382, 45.77389], [126.18738, 45.68855]]]}}, {"type": "Feature", "properties": {"SYS_ID": "2093", "NAME_PY": "Daligang'ai Muchang", "NAME_CH": "达里冈爱牧场", "NAME_FT": "達里岡愛牧場", "X_COORD": 113.27012, "Y_COORD": 45.64045}, "geometry": {"type": "Polygon", "coordinates": [[[111.81261, 45.81362], [112.00328, 46.03259], [112.05045, 46.19306], [112.22973, 46.37698], [112.37549, 46.44207], [112.68595, 46.51371], [112.88827, 46.49395], [113.90453, 46.2554], [114.222, 45.98165], [114.33591, 45.93873], [114.53494, 45.9254], [114.64748, 45.85592], [114.93169, 45.48171], [115.01649, 45.42444], [115.12337, 45.41335], [114.96906, 45.35537], [114.74598, 45.42316], [114.55297, 45.37615], [114.44625, 45.20056], [114.19074, 45.04321], [114.10712, 44.9581], [113.73643, 44.81188], [113.43891, 44.76719], [113.10509, 44.7971], [112.65402, 44.89677], [112.44726, 45.06283], [111.96673, 45.07587], [111.77977, 44.98751], [111.57497, 45.11369], [111.43359, 45.29907], [111.41686, 45.38495], [111.47365, 45.61893], [111.58336, 45.73709], [111.81261, 45.81362]]]}}, {"type": "Feature", "properties": {"SYS_ID": "2094", "NAME_PY": "Ejinatu'erhute Qi", "NAME_CH": "额济纳土尔扈特旗", "NAME_FT": "額濟納土爾扈特旗", "X_COORD": 99.60021, "Y_COORD": 41.22735}, "geometry": {"type": "Polygon", "coordinates": [[[96.39413, 42.71105], [96.34633, 43.0785], [96.27079, 43.31176], [96.46118, 43.20308], [96.6242, 43.17416], [97.01973, 43.24424], [97.43266, 42.97588], [97.71028, 43.02197], [98.51412, 42.83319], [98.86155, 42.83497], [99.37296, 42.93569], [100.21949, 42.90919], [100.60437, 42.996], [100.68442, 42.9893], [101.56542, 42.6172], [101.65805, 42.5675], [101.69218, 42.51267], [101.79661, 42.50153], [102.07555, 42.22493], [102.44348, 42.14421], [102.7078, 42.15107], [102.92963, 42.05862], [102.76343, 41.96915], [102.2247, 41.57321], [102.08311, 41.40435], [101.94068, 41.31002], [101.50531, 41.15526], [101.02007, 40.89221], [101.00347, 40.80126], [101.05598, 40.57949], [101.26829, 40.51544], [101.72664, 40.52656], [101.88837, 40.3724], [101.93183, 40.18603], [101.89043, 40.00183], [101.78847, 39.82905], [101.50799, 39.56986], [101.11863, 39.31119], [100.97601, 39.14294], [100.80319, 39.20233], [100.65396, 39.32769], [100.32085, 39.48254], [100.25123, 39.62888], [100.11715, 39.72196], [100.10943, 39.84696], [100.07852, 39.88657], [99.82231, 39.90487], [99.7118, 39.95283], [99.70869, 40.02002], [99.75123, 40.08863], [100.03255, 40.3552], [100.05342, 40.38314], [100.03102, 40.42478], [99.29189, 40.4681], [98.93069, 40.52934], [98.65084, 40.51034], [98.45867, 40.54009], [98.23102, 40.51171], [97.03136, 40.9416], [97.01282, 41.01511], [97.05196, 41.0922], [97.38249, 41.39066], [97.41735, 41.58131], [97.52168, 41.81068], [97.54045, 41.95984], [97.49965, 42.02312], [97.34043, 42.12403], [96.84804, 42.26765], [96.63298, 42.37203], [96.49079, 42.5087], [96.39413, 42.71105]]]}}, {"type": "Feature", "properties": {"SYS_ID": "2096", "NAME_PY": "Xilinguole Meng", "NAME_CH": "锡林郭勒盟", "NAME_FT": "錫林郭勒盟", "X_COORD": 115.62226, "Y_COORD": 44.442}, "geometry": {"type": "Polygon", "coordinates": [[[119.23235, 44.81299], [119.04476, 44.63939], [118.80225, 44.50133], [118.15992, 44.26024], [117.88472, 44.11532], [117.55434, 44.04518], [117.51454, 43.9995], [117.53358, 43.88984], [117.4324, 43.84895], [117.30506, 43.73951], [117.01364, 43.61988], [116.57353, 43.27213], [116.27991, 43.24568], [115.97183, 43.29658], [115.76332, 43.1377], [115.43465, 43.08963], [115.26607, 42.94529], [115.18692, 42.95141], [115.11057, 43.02068], [115.00205, 43.02867], [114.45528, 42.65918], [114.37263, 42.63443], [114.12079, 42.43706], [114.01615, 42.41529], [113.8293, 42.43418], [113.39169, 42.3338], [113.28527, 42.2899], [113.07234, 42.07257], [113.07091, 42.20266], [113.03622, 42.28003], [112.77695, 42.33608], [112.52093, 42.33237], [112.38774, 42.48345], [112.17648, 42.61809], [111.82118, 42.71686], [111.73089, 42.92136], [111.64664, 43.01633], [111.55018, 43.27119], [111.34489, 43.43072], [111.42039, 43.48193], [111.57291, 43.49077], [111.78768, 43.66642], [111.9474, 43.69167], [111.96782, 43.74395], [111.95898, 43.8191], [111.87393, 43.93224], [111.65427, 44.06204], [111.53923, 44.19176], [111.5026, 44.29124], [111.40929, 44.34464], [111.46365, 44.47142], [111.56107, 44.57127], [111.55335, 44.64544], [111.60492, 44.75575], [111.77977, 44.98751], [111.96673, 45.07587], [112.39847, 45.07206], [112.49189, 45.0332], [112.65402, 44.89677], [113.10509, 44.7971], [113.49637, 44.77047], [113.73643, 44.81188], [113.88822, 44.89279], [114.06318, 44.93304], [114.44625, 45.20056], [114.55297, 45.37615], [114.68765, 45.41935], [114.96906, 45.35537], [115.12337, 45.41335], [115.37582, 45.40677], [115.47986, 45.54078], [115.54979, 45.54144], [115.70507, 45.46209], [115.92543, 45.62661], [116.03092, 45.67968], [116.1816, 45.69249], [116.28577, 45.77681], [116.23741, 45.87856], [116.26182, 45.94017], [116.1883, 46.14279], [116.28349, 46.39865], [116.23985, 46.52716], [116.25033, 46.62406], [116.28617, 46.68366], [116.35857, 46.69691], [116.90078, 46.62275], [117.07025, 46.55412], [117.28405, 46.41456], [117.37303, 46.40852], [117.44181, 46.52434], [117.41399, 46.58024], [117.59171, 46.60076], [117.6867, 46.51503], [117.82236, 46.52683], [117.92244, 46.61153], [118.04384, 46.62773], [118.31123, 46.73789], [118.45089, 46.70128], [118.65041, 46.71398], [118.79079, 46.68605], [118.82615, 46.76564], [118.89636, 46.77945], [118.91517, 46.72366], [119.00059, 46.74183], [119.10021, 46.64408], [119.22734, 46.6498], [119.32769, 46.60476], [119.43257, 46.63745], [119.66996, 46.6101], [119.74731, 46.78169], [119.8525, 46.81142], [119.8781, 46.69023], [119.75396, 46.66658], [119.76861, 46.55106], [119.61622, 46.393], [119.70284, 46.25616], [119.67635, 46.17618], [119.70142, 46.10794], [119.6559, 46.09121], [119.65776, 46.03098], [119.79914, 45.87502], [119.89964, 45.83483], [119.87891, 45.76625], [119.82439, 45.67709], [119.77416, 45.65553], [119.45626, 45.66304], [119.32935, 45.63261], [119.22508, 45.41007], [119.23235, 44.81299]]]}}, {"type": "Feature", "properties": {"SYS_ID": "2099", "NAME_PY": "Alashan'elute Qi", "NAME_CH": "阿拉善厄鲁特旗", "NAME_FT": "阿拉善厄魯特旗", "X_COORD": 104.07029, "Y_COORD": 39.73602}, "geometry": {"type": "Polygon", "coordinates": [[[107.15054, 40.4713], [107.15744, 40.38722], [107.0898, 40.36334], [106.99683, 40.25285], [106.71333, 40.05107], [106.73218, 39.97541], [106.71027, 39.90705], [106.74905, 39.72361], [106.78618, 39.68664], [106.76028, 39.66485], [106.77902, 39.5891], [106.74323, 39.5062], [106.7438, 39.38529], [106.60561, 39.38372], [106.48191, 39.30699], [106.25481, 39.29954], [106.02387, 39.11663], [105.98442, 38.95266], [105.87419, 38.87069], [105.78817, 38.74344], [105.77204, 38.66825], [105.84813, 38.61305], [105.68222, 38.46046], [105.57597, 38.15251], [105.599, 37.88444], [105.57641, 37.71631], [105.54131, 37.68894], [105.2335, 37.68018], [105.134, 37.6238], [105.03453, 37.61385], [105.03339, 37.55747], [104.99312, 37.5364], [104.69818, 37.50488], [104.47048, 37.51787], [104.20382, 37.41465], [104.06524, 37.53398], [103.92072, 37.57227], [103.91787, 37.64435], [103.87366, 37.69068], [103.43004, 37.78602], [103.35991, 37.84925], [103.36096, 37.93218], [103.33018, 37.96222], [103.1138, 38.01666], [103.15733, 38.1165], [103.22736, 38.17842], [103.29261, 38.21348], [103.53945, 38.24205], [103.70936, 38.40742], [103.74081, 38.75684], [103.80465, 38.82688], [103.91461, 38.8459], [103.94174, 38.87905], [103.92869, 38.97301], [103.98497, 39.13265], [103.93158, 39.17907], [103.5545, 39.20699], [103.22901, 39.13982], [103.00433, 39.04048], [102.72952, 39.07439], [102.6239, 39.0541], [102.53623, 38.94827], [102.40385, 38.91226], [102.37648, 38.872], [102.38241, 38.81318], [102.49807, 38.68447], [102.48655, 38.63755], [102.41892, 38.62189], [102.19602, 38.68334], [101.9771, 38.64724], [101.5363, 38.76035], [101.28747, 38.8742], [101.27077, 38.966], [101.08745, 39.04741], [100.97601, 39.14294], [101.11863, 39.31119], [101.50799, 39.56986], [101.78847, 39.82905], [101.89043, 40.00183], [101.93183, 40.18603], [101.88837, 40.3724], [101.72664, 40.52656], [101.26829, 40.51544], [101.05598, 40.57949], [101.00347, 40.80126], [101.02007, 40.89221], [101.50531, 41.15526], [101.94068, 41.31002], [102.08311, 41.40435], [102.2247, 41.57321], [102.76343, 41.96915], [102.92963, 42.05862], [103.3857, 41.88799], [103.84377, 41.80061], [104.06874, 41.80054], [104.52493, 41.87338], [104.5116, 41.70823], [104.62266, 41.65716], [104.81502, 41.49526], [104.9148, 41.34108], [105.32053, 40.99223], [105.51082, 40.91336], [105.90131, 40.8859], [106.12333, 40.82904], [107.026, 40.54112], [107.15054, 40.4713]]]}}, {"type": "Feature", "properties": {"SYS_ID": "2100", "NAME_PY": "Wulanchabu Meng", "NAME_CH": "乌兰察布盟", "NAME_FT": "烏蘭察布盟", "X_COORD": 108.79456, "Y_COORD": 41.94999}, "geometry": {"type": "Polygon", "coordinates": [[[109.95213, 40.75891], [110.00642, 40.50772], [109.8981, 40.52567], [109.70464, 40.47756], [109.62496, 40.54341], [109.558, 40.5465], [109.4248, 40.51427], [109.46218, 40.48867], [109.38632, 40.46936], [109.21529, 40.48458], [109.21124, 40.512], [109.10376, 40.54722], [108.91463, 40.52832], [108.87154, 40.56469], [108.7734, 40.55909], [108.77238, 40.61813], [108.71212, 40.64013], [108.66465, 40.71972], [108.69937, 40.78133], [108.94704, 40.9468], [108.95959, 41.00724], [108.91789, 41.04442], [108.87466, 41.02765], [108.88988, 40.99713], [108.86848, 41.02039], [108.82835, 40.99014], [108.54637, 41.16131], [108.26722, 41.17666], [108.0545, 41.25369], [107.79189, 41.20536], [107.62344, 41.27858], [107.53156, 41.21335], [107.20872, 41.14149], [107.16092, 41.06894], [107.08706, 41.02976], [106.94002, 41.00567], [106.93211, 40.96583], [106.96758, 40.92226], [106.94411, 40.82811], [107.13284, 40.57343], [107.15054, 40.4713], [107.026, 40.54112], [106.12333, 40.82904], [105.90131, 40.8859], [105.51082, 40.91336], [105.32053, 40.99223], [104.9148, 41.34108], [104.81502, 41.49526], [104.62266, 41.65716], [104.5116, 41.70823], [104.52493, 41.87338], [104.78959, 41.60296], [104.93931, 41.55157], [105.22873, 41.74703], [105.2838, 41.74485], [105.69694, 41.93091], [106.786, 42.29143], [107.19812, 42.33941], [107.29281, 42.40811], [107.45318, 42.45666], [107.56593, 42.41158], [107.91879, 42.40227], [108.24079, 42.46064], [108.83853, 42.39561], [109.02441, 42.45419], [109.27721, 42.4323], [109.46922, 42.45348], [109.85748, 42.61861], [110.10083, 42.63911], [110.42986, 42.77556], [110.47131, 42.83523], [110.62811, 42.93267], [110.7093, 43.06371], [111.00607, 43.32201], [111.34489, 43.43072], [111.55018, 43.27119], [111.64664, 43.01633], [111.73089, 42.92136], [111.82118, 42.71686], [112.17648, 42.61809], [112.38774, 42.48345], [112.52093, 42.33237], [112.91726, 42.31556], [113.06126, 42.24882], [113.07234, 42.07257], [112.86259, 41.84978], [112.77608, 41.83499], [112.4373, 41.64905], [112.35383, 41.42167], [112.17554, 41.28172], [112.18359, 41.20826], [111.77949, 41.29626], [111.71521, 41.40616], [111.58944, 41.41044], [111.4817, 41.51485], [111.34961, 41.55933], [110.89669, 41.22665], [110.63565, 41.20454], [110.62214, 41.17892], [110.67757, 41.12481], [110.59256, 41.07396], [110.56014, 40.87033], [110.3432, 40.78637], [110.05504, 40.80426], [109.95213, 40.75891]]]}}, {"type": "Feature", "properties": {"SYS_ID": "2102", "NAME_PY": "", "NAME_CH": "中俄尼布楚条约待议地区", "NAME_FT": "中俄尼布楚條約待議地區", "X_COORD": 133.02625, "Y_COORD": 53.94088}, "geometry": {"type": "Polygon", "coordinates": [[[130.32325, 53.88943], [130.84098, 54.16399], [130.95269, 54.11051], [131.0115, 54.14648], [131.25431, 54.05587], [131.78291, 54.07583], [131.86415, 54.11048], [132.03219, 54.0573], [132.21806, 54.05563], [132.58411, 54.15326], [132.89118, 54.10494], [133.0861, 54.1287], [133.3075, 54.21808], [133.40717, 54.21745], [133.59151, 54.30914], [133.83493, 54.32856], [133.99158, 54.39265], [134.03156, 54.37867], [134.10469, 54.41533], [134.10892, 54.4468], [134.22696, 54.48554], [134.21576, 54.50732], [134.36873, 54.50934], [134.5573, 54.46055], [134.83153, 54.55072], [134.84054, 54.58028], [134.96821, 54.5892], [135.30467, 54.71465], [135.7019, 54.64118], [135.72922, 54.56024], [135.5551, 54.26691], [135.38854, 54.10288], [135.02321, 53.8658], [134.61995, 53.71479], [134.3674, 53.49567], [134.07467, 53.42457], [133.71439, 53.43287], [133.43195, 53.49699], [133.18883, 53.39557], [133.14927, 53.301], [132.91451, 53.30069], [132.83274, 53.23209], [132.31396, 53.23106], [132.14283, 53.25912], [132.03314, 53.2351], [131.99876, 53.17512], [131.93075, 53.16713], [131.87558, 53.1885], [131.8641, 53.23581], [131.54167, 53.20767], [131.52932, 53.62257], [131.4927, 53.73795], [131.06317, 53.80878], [130.8758, 53.77733], [130.80001, 53.84411], [130.32325, 53.88943]]]}}, {"type": "Feature", "properties": {"SYS_ID": "2103", "NAME_PY": "Wanlichangsha", "NAME_CH": "万里长沙", "NAME_FT": "萬里長沙", "X_COORD": 111.59792, "Y_COORD": 16.23403}, "geometry": {"type": "MultiPolygon", "coordinates": [[[[111.2008, 15.79537], [111.2073, 15.79246], [111.1922, 15.78388], [111.2008, 15.79537]]], [[[111.69059, 16.21913], [111.68716, 16.20498], [111.64956, 16.1863], [111.67296, 16.21882], [111.69059, 16.21913]]], [[[111.56193, 16.18632], [111.6559, 16.20245], [111.55151, 16.16842], [111.553, 16.21219], [111.63951, 16.26728], [111.56193, 16.18632]]], [[[111.4888, 16.45502], [111.50995, 16.46192], [111.53964, 16.45672], [111.48348, 16.44291], [111.4888, 16.45502]], [[111.50372, 16.45749], [111.50303, 16.45268], [111.50858, 16.4551], [111.50372, 16.45749]]], [[[111.68959, 16.46432], [111.71327, 16.45738], [111.70723, 16.44421], [111.68434, 16.45411], [111.68959, 16.46432]], [[111.69271, 16.45367], [111.69658, 16.45697], [111.6918, 16.4583], [111.69271, 16.45367]], [[111.7049, 16.45642], [111.70973, 16.45374], [111.70741, 16.45739], [111.7049, 16.45642]]], [[[111.57681, 16.48983], [111.5993, 16.46831], [111.60381, 16.44712], [111.59985, 16.44146], [111.56998, 16.44897], [111.56455, 16.47157], [111.57681, 16.48983]], [[111.58974, 16.46737], [111.57546, 16.45895], [111.59013, 16.4536], [111.58974, 16.46737]], [[111.59664, 16.45332], [111.60016, 16.4532], [111.59763, 16.45575], [111.59664, 16.45332]]], [[[111.58366, 16.51353], [111.58478, 16.51035], [111.57843, 16.51154], [111.58366, 16.51353]]], [[[111.61882, 16.54726], [111.60767, 16.5296], [111.59051, 16.53335], [111.59367, 16.54343], [111.61882, 16.54726]], [[111.59826, 16.53815], [111.605, 16.53874], [111.60086, 16.54082], [111.59826, 16.53815]]], [[[111.68549, 16.56781], [111.68248, 16.56776], [111.6834, 16.56959], [111.68549, 16.56781]]], [[[111.67065, 16.57941], [111.66501, 16.56301], [111.65049, 16.57456], [111.67065, 16.57941]], [[111.66551, 16.57734], [111.6646, 16.57564], [111.6673, 16.57672], [111.66551, 16.57734]]], [[[111.72019, 16.56549], [111.6981, 16.56964], [111.68436, 16.59356], [111.70135, 16.59549], [111.72019, 16.56549]], [[111.70505, 16.57998], [111.70808, 16.58052], [111.70583, 16.58153], [111.70505, 16.57998]], [[111.69947, 16.58592], [111.70183, 16.5863], [111.70044, 16.58704], [111.69947, 16.58592]]], [[[111.45491, 17.07065], [111.47192, 17.07122], [111.4705, 17.06139], [111.45491, 17.07065]]], [[[111.47711, 17.07869], [111.53185, 17.10646], [111.44708, 17.09467], [111.51495, 17.12104], [111.55853, 17.10132], [111.48889, 17.06032], [111.47711, 17.07869]]], [[[112.61333, 16.06946], [112.53252, 16.00986], [112.4497, 16.0175], [112.45598, 16.04601], [112.47359, 16.05473], [112.59187, 16.07917], [112.61333, 16.06946]], [[112.45974, 16.02756], [112.52248, 16.01677], [112.60408, 16.06509], [112.4817, 16.04695], [112.45974, 16.02756]]], [[[111.82825, 16.06543], [111.78152, 16.03322], [111.74168, 16.04469], [111.759, 16.075], [111.82825, 16.06543]], [[111.75497, 16.05278], [111.76508, 16.0487], [111.76802, 16.0536], [111.75497, 16.05278]]], [[[111.77699, 16.20715], [111.76678, 16.25668], [111.65202, 16.26972], [111.7796, 16.27452], [111.80579, 16.21568], [111.73371, 16.19021], [111.69645, 16.2151], [111.77699, 16.20715]]], [[[112.07725, 16.34041], [112.06245, 16.32127], [111.96118, 16.32202], [111.98708, 16.37441], [112.07725, 16.34041]]], [[[111.75775, 16.5204], [111.73353, 16.55487], [111.74021, 16.5545], [111.76878, 16.53255], [111.77627, 16.51679], [111.73592, 16.45666], [111.73241, 16.46958], [111.75775, 16.5204]], [[111.74413, 16.5456], [111.7491, 16.54592], [111.7457, 16.54845], [111.74413, 16.5456]], [[111.737, 16.46959], [111.73975, 16.47021], [111.73737, 16.47073], [111.737, 16.46959]]], [[[111.71709, 16.54626], [111.71877, 16.54598], [111.71579, 16.54487], [111.71709, 16.54626]]], [[[111.71021, 16.54787], [111.7078, 16.54984], [111.70988, 16.55036], [111.71021, 16.54787]]], [[[112.64043, 16.57108], [112.63232, 16.56725], [112.63188, 16.57214], [112.64043, 16.57108]]], [[[112.71839, 16.6917], [112.72239, 16.69688], [112.73387, 16.69817], [112.74651, 16.68934], [112.7441, 16.67288], [112.73193, 16.67344], [112.72093, 16.68085], [112.71839, 16.6917]], [[112.72882, 16.67733], [112.73225, 16.69534], [112.72147, 16.69504], [112.72882, 16.67733]]], [[[112.32314, 16.84551], [112.34077, 16.85218], [112.35283, 16.84753], [112.34675, 16.82657], [112.32395, 16.82768], [112.32314, 16.84551]], [[112.32672, 16.83464], [112.34389, 16.83429], [112.32749, 16.84083], [112.32672, 16.83464]], [[112.34125, 16.84558], [112.34667, 16.84737], [112.343, 16.84873], [112.34125, 16.84558]]], [[[112.30003, 16.97193], [112.31107, 16.97107], [112.32734, 16.96263], [112.34932, 16.93593], [112.35147, 16.91867], [112.3378, 16.91741], [112.30003, 16.97193]], [[112.32927, 16.94871], [112.3338, 16.95263], [112.32944, 16.95353], [112.32927, 16.94871]], [[112.30367, 16.96837], [112.30917, 16.96681], [112.30648, 16.97088], [112.30367, 16.96837]], [[112.32108, 16.95712], [112.32467, 16.96015], [112.32052, 16.96091], [112.32108, 16.95712]], [[112.34108, 16.93024], [112.34592, 16.92795], [112.3446, 16.93153], [112.34108, 16.93024]], [[112.34104, 16.93488], [112.34377, 16.93894], [112.33987, 16.93787], [112.34104, 16.93488]], [[112.33543, 16.94265], [112.33978, 16.94175], [112.33702, 16.94505], [112.33543, 16.94265]]], [[[112.19697, 16.97088], [112.20564, 16.99062], [112.24635, 16.99818], [112.2886, 16.97162], [112.19697, 16.97088]], [[112.20104, 16.97963], [112.20733, 16.97773], [112.20547, 16.98282], [112.20104, 16.97963]], [[112.2674, 16.9817], [112.26995, 16.98275], [112.26711, 16.98401], [112.2674, 16.9817]]]]}}, {"type": "Feature", "properties": {"SYS_ID": "2104", "NAME_PY": "Qianlishitang", "NAME_CH": "千里石塘", "NAME_FT": "千里石塘", "X_COORD": 113.34569, "Y_COORD": 8.21353}, "geometry": {"type": "MultiPolygon", "coordinates": [[[[113.2353, 6.32], [113.2297, 6.32073], [113.2364, 6.32344], [113.2353, 6.32]]], [[[113.2446, 6.33487], [113.2508, 6.33989], [113.2501, 6.33622], [113.2446, 6.33487]]], [[[113.5958, 6.9345], [113.581, 6.93832], [113.60229, 6.95335], [113.6017, 6.93891], [113.5958, 6.9345]], [[113.5954, 6.94372], [113.5929, 6.94328], [113.5929, 6.94052], [113.5954, 6.94372]]], [[[113.8329, 7.39267], [113.8035, 7.37617], [113.7811, 7.37994], [113.8329, 7.39267]]], [[[113.8269, 7.39772], [113.8311, 7.39976], [113.8317, 7.39722], [113.8269, 7.39772]]], [[[113.7863, 7.39239], [113.8095, 7.40472], [113.8346, 7.40901], [113.7863, 7.39239]]], [[[113.8084, 7.62799], [113.7853, 7.62187], [113.7517, 7.62236], [113.8084, 7.62799]]], [[[113.7894, 7.63041], [113.7581, 7.62768], [113.8049, 7.63487], [113.7894, 7.63041]]], [[[113.7625, 7.63323], [113.7857, 7.64855], [113.8336, 7.6424], [113.8222, 7.62992], [113.8237, 7.64188], [113.7625, 7.63323]]], [[[113.7544, 7.63548], [113.7602, 7.63927], [113.7792, 7.64483], [113.7544, 7.63548]]], [[[112.90075, 7.85711], [112.90059454270788, 7.857744265751874], [112.90758864884148, 7.861107460328079], [112.90742, 7.85907], [112.90075, 7.85711]]], [[[112.8926, 7.8539], [112.8939, 7.8677], [112.9135, 7.86395], [112.90758864884148, 7.861107460328079], [112.90779, 7.86354], [112.90132, 7.86406], [112.9, 7.86017], [112.90059454270788, 7.857744265751874], [112.8926, 7.8539]]], [[[113.2828, 8.11181], [113.2196, 8.07018], [113.2228, 8.08621], [113.2488, 8.1125], [113.2828, 8.11181]], [[113.27023, 8.1111], [113.27438, 8.10992], [113.27392, 8.11153], [113.27023, 8.1111]], [[113.22601, 8.08108], [113.22986, 8.07869], [113.23154, 8.08058], [113.22601, 8.08108]]], [[[113.25189, 8.11466], [113.2599, 8.12268], [113.2728, 8.12228], [113.25189, 8.11466]]], [[[113.2616, 8.12794], [113.3448, 8.23269], [113.3495, 8.30566], [113.3681, 8.31207], [113.3813, 8.28249], [113.37, 8.2165], [113.2949, 8.119], [113.2846, 8.12098], [113.337, 8.19812], [113.2616, 8.12794]], [[113.36387, 8.3078], [113.35913, 8.30653], [113.35994, 8.30379], [113.36387, 8.3078]], [[113.37371, 8.29785], [113.36933, 8.29834], [113.36816, 8.29559], [113.37371, 8.29785]], [[113.3618, 8.24623], [113.36021, 8.24946], [113.35766, 8.24787], [113.3618, 8.24623]], [[113.34011, 8.1816], [113.33921, 8.18459], [113.33642, 8.18093], [113.34011, 8.1816]], [[113.33197, 8.17109], [113.33107, 8.17385], [113.32829, 8.17134], [113.33197, 8.17109]], [[113.2964, 8.12884], [113.2941, 8.12954], [113.29294, 8.12771], [113.2964, 8.12884]], [[113.30566, 8.13543], [113.30476, 8.13751], [113.30244, 8.1366], [113.30566, 8.13543]]], [[[111.9133, 8.62603], [111.90512, 8.63192], [111.90518, 8.63694], [111.9133, 8.62603]]], [[[111.92902, 8.64462], [111.9317, 8.63281], [111.92835, 8.62902], [111.92902, 8.64462]]], [[[111.91483, 8.64015], [111.92339, 8.63932], [111.92174, 8.63599], [111.91483, 8.64015]]], [[[111.91009, 8.6423], [111.9152, 8.64674], [111.92241, 8.64969], [111.91009, 8.6423]]], [[[111.6522, 8.66858], [111.6859, 8.67243], [111.6716, 8.64706], [111.63853, 8.64632], [111.6522, 8.66858]]], [[[112.5665, 8.81764], [112.5423, 8.82916], [112.53555, 8.85256], [112.594, 8.86097], [112.6314, 8.84056], [112.6386, 8.82234], [112.5665, 8.81764]], [[112.63384, 8.82869], [112.62994, 8.83469], [112.62877, 8.83125], [112.63384, 8.82869]], [[112.56387, 8.83019], [112.55972, 8.83044], [112.56155, 8.82675], [112.56387, 8.83019]], [[112.57587, 8.82737], [112.5731, 8.82785], [112.57148, 8.82671], [112.57587, 8.82737]], [[112.54592, 8.84246], [112.54817, 8.84561], [112.54293, 8.84523], [112.54592, 8.84246]]], [[[112.2302, 8.85636], [112.2364, 8.85469], [112.2164, 8.84111], [112.2302, 8.85636]]], [[[113.9029, 8.85747], [113.909, 8.87943], [113.93202, 8.87844], [113.9238, 8.84773], [113.9029, 8.85747]]], [[[112.1952, 8.88726], [112.2072, 8.89081], [112.1941, 8.85167], [112.1952, 8.88726]]], [[[112.2608, 8.88567], [112.2606, 8.86615], [112.24168, 8.87034], [112.2508, 8.88463], [112.2608, 8.88567]], [[112.25642, 8.86924], [112.25415, 8.87821], [112.25089, 8.87133], [112.25642, 8.86924]]], [[[112.2503, 8.90094], [112.2514, 8.89381], [112.238, 8.89348], [112.2503, 8.90094]]], [[[112.8669, 8.91728], [112.8776, 8.9013], [112.8373, 8.89605], [112.82056, 8.92079], [112.8669, 8.91728]], [[112.86179, 8.90812], [112.86756, 8.90855], [112.86137, 8.91075], [112.86179, 8.90812]], [[112.83826, 8.91446], [112.84405, 8.91603], [112.83804, 8.91607], [112.83826, 8.91446]]], [[[112.3733, 8.93228], [112.3583, 8.92807], [112.357, 8.93957], [112.3733, 8.93228]]], [[[113.7148, 9.02177], [113.7265, 9.00437], [113.6373, 8.97304], [113.7148, 9.02177]], [[113.71501, 9.00827], [113.71619, 9.01171], [113.70856, 9.01039], [113.71501, 9.00827]]], [[[112.8795, 9.54837], [112.8494, 9.53265], [112.8787, 9.56171], [112.8795, 9.54837]], [[112.86836, 9.54796], [112.87417, 9.55046], [112.86839, 9.55141], [112.86836, 9.54796]]], [[[112.8742, 9.57072], [112.8707, 9.57111], [112.87974, 9.57723], [112.8742, 9.57072]]], [[[112.8699, 9.57789], [112.87872, 9.57939], [112.86894, 9.57349], [112.8699, 9.57789]]], [[[112.8874, 9.59032], [112.9021, 9.57521], [112.8893, 9.57123], [112.8874, 9.59032]]], [[[112.9265, 9.62178], [112.92331, 9.62409], [112.93372, 9.62473], [112.9265, 9.62178]]], [[[112.93, 9.62839], [112.9342, 9.62605], [112.923, 9.62572], [112.93, 9.62839]]], [[[112.9424, 9.63789], [112.9412, 9.63446], [112.9322, 9.63204], [112.9424, 9.63789]]], [[[112.9534, 9.64327], [112.9643, 9.64452], [112.9616, 9.63513], [112.9534, 9.64327]]], [[[113.0207, 9.65324], [113.0164, 9.64548], [113.0116, 9.64692], [113.0207, 9.65324]]], [[[113.0066, 9.65985], [113.0058, 9.64929], [112.9966, 9.65216], [113.0066, 9.65985]]], [[[112.9881, 9.66398], [112.9734, 9.65268], [112.9698, 9.6603], [112.9881, 9.66398]]], [[[113.0317, 9.67975], [113.0374, 9.65947], [113.0245, 9.66054], [113.0317, 9.67975]]], [[[113.8764, 10.10449], [113.875, 10.00893], [113.8625, 9.97879], [113.854, 10.09425], [113.8764, 10.10449]]], [[[113.6187, 10.25457], [113.6197, 10.2456], [113.6071, 10.24554], [113.6187, 10.25457]]], [[[113.9199, 7.64084], [113.9541, 7.63208], [113.9463, 7.61869], [113.9199, 7.64084]]], [[[113.9506, 7.94478], [113.89731, 7.99808], [113.9409, 8.00001], [113.9602, 7.96369], [113.9506, 7.94478]], [[113.9302, 7.9859], [113.9209, 7.98528], [113.9248, 7.98158], [113.9302, 7.9859]]], [[[113.9026, 8.02162], [113.94067, 8.00292], [113.89578, 8.0], [113.9026, 8.02162]]], [[[114.11573, 8.09812], [114.12896, 8.12037], [114.13493, 8.11208], [114.11573, 8.09812]]], [[[114.22239, 8.70275], [114.19894, 8.7394], [114.20905, 8.7812], [114.25158, 8.72499], [114.21703, 8.7552], [114.22239, 8.70275]]], [[[114.00167, 8.8201], [114.00661, 8.80871], [114.0, 8.81239], [114.00167, 8.8201]]], [[[113.99139, 8.81816], [113.9928, 8.83002], [113.99593, 8.82527], [113.99139, 8.81816]]], [[[114.03899, 8.80374], [114.00426, 8.87332], [114.03106, 8.85317], [114.06435, 8.7869], [114.01374, 8.78933], [114.03899, 8.80374]]], [[[113.98675, 8.84403], [113.98355, 8.82848], [113.98096, 8.83374], [113.98675, 8.84403]]], [[[113.98017, 8.84902], [113.97521, 8.83886], [113.97263, 8.84459], [113.98017, 8.84902]]], [[[113.96959, 8.85214], [113.96316, 8.84137], [113.95889, 8.84951], [113.96959, 8.85214]]], [[[113.99815, 8.85127], [113.97829, 8.87724], [114.0, 8.87676], [113.99815, 8.85127]]], [[[114.28078, 9.70121], [114.28948, 9.6736], [114.26515, 9.67598], [114.28078, 9.70121]]], [[[114.24242, 9.7319], [114.255, 9.74358], [114.25748, 9.72841], [114.24242, 9.7319]]], [[[114.26852, 9.81939], [114.25529, 9.81805], [114.25162, 9.82634], [114.26852, 9.81939]]], [[[114.27606, 9.84832], [114.26608, 9.84514], [114.26308, 9.8525], [114.27606, 9.84832]]], [[[114.28518, 9.86714], [114.29556, 9.85493], [114.28188, 9.85566], [114.28518, 9.86714]]], [[[114.32751, 9.86657], [114.32501053977455, 9.867177976811595], [114.32324293011625, 9.87133496836983], [114.32733, 9.87276], [114.33087, 9.87117], [114.32751, 9.86657]]], [[[114.32714, 9.86217], [114.31622, 9.85738], [114.3063, 9.87236], [114.32117, 9.87621], [114.32324293011625, 9.87133496836983], [114.3232, 9.87132], [114.32418, 9.86738], [114.32501053977455, 9.867177976811595], [114.32714, 9.86217]]], [[[114.04704, 10.01816], [114.02986, 10.01499], [114.02755, 10.01775], [114.04704, 10.01816]]], [[[114.02618, 10.02557], [114.03386, 10.03015], [114.0473, 10.02758], [114.02618, 10.02557]]], [[[114.25324, 10.17156], [114.25832, 10.16396], [114.25553, 10.16259], [114.25324, 10.17156]]], [[[114.21579, 10.21052], [114.21833, 10.20637], [114.21809, 10.20614], [114.21579, 10.21052]]], [[[114.22348, 10.21785], [114.22533, 10.21531], [114.2253, 10.20819], [114.22348, 10.21785]]], [[[114.33215, 10.70863], [114.31817, 10.70018], [114.32124, 10.71327], [114.33215, 10.70863]]], [[[114.117, 10.88097], [114.10768, 10.87893], [114.10583, 10.88008], [114.117, 10.88097]]], [[[114.10691, 10.92328], [114.12661, 10.90186], [114.10843883735934, 10.887223228334502], [114.10585, 10.88675], [114.10833909147, 10.887142883568691], [114.09931, 10.87987], [114.09931, 10.87964], [114.07514, 10.88683], [114.10691, 10.92328]], [[114.0991, 10.88654], [114.10851, 10.91271], [114.09543, 10.89964], [114.0991, 10.88654]], [[114.11315, 10.91178], [114.11848, 10.9067], [114.11571, 10.9097], [114.11315, 10.91178]], [[114.11754, 10.90234], [114.11683, 10.89959], [114.11588, 10.89453], [114.11754, 10.90234]]], [[[114.10957, 10.88743], [114.11586, 10.88833], [114.10833909147, 10.887142883568691], [114.10843883735934, 10.887223228334502], [114.10957, 10.88743]]], [[[114.12334, 10.89704], [114.12401, 10.88968], [114.1226, 10.88509], [114.12334, 10.89704]]], [[[114.19318, 11.03035], [114.18548, 11.02325], [114.18295, 11.03107], [114.19318, 11.03035]]], [[[114.28049, 11.03536], [114.27793, 11.03583], [114.2789, 11.04456], [114.28049, 11.03536]]], [[[114.2859, 11.04844], [114.29379, 11.04428], [114.28889, 11.03924], [114.2859, 11.04844]]], [[[114.28181, 11.04352], [114.28433, 11.04513], [114.28625, 11.04262], [114.28181, 11.04352]]], [[[114.22141, 11.04612], [114.21488, 11.0443], [114.21163, 11.04477], [114.22141, 11.04612]]], [[[114.23236, 11.04815], [114.22792, 11.04518], [114.22443, 11.04542], [114.23236, 11.04815]]], [[[114.3234, 11.05475], [114.32357, 11.04004], [114.31171, 11.04399], [114.3234, 11.05475]]], [[[114.21584, 11.04912], [114.21607, 11.04935], [114.22119, 11.05002], [114.21584, 11.04912]]], [[[114.22609, 11.05185], [114.23005, 11.05252], [114.2347, 11.05067], [114.22609, 11.05185]]], [[[114.25846, 11.05588], [114.25637, 11.05658], [114.2536, 11.06417], [114.25846, 11.05588]]], [[[114.25943, 11.06507], [114.26268, 11.06299], [114.26312, 11.05839], [114.25943, 11.06507]]], [[[114.28681, 11.38115], [114.29084, 11.39745], [114.29805, 11.39375], [114.28681, 11.38115]]], [[[114.32428, 11.42376], [114.32175, 11.43365], [114.32796, 11.43951], [114.33362, 11.42924], [114.32428, 11.42376]], [[114.33046, 11.42972], [114.3289, 11.4327], [114.32645, 11.43177], [114.33046, 11.42972]]], [[[114.49436, 8.11568], [114.5216, 8.11902], [114.51397, 8.11537], [114.49436, 8.11568]]], [[[114.53062, 8.12266], [114.55927, 8.13334], [114.57567, 8.13625], [114.53062, 8.12266]]], [[[114.5136, 8.13375], [114.5055, 8.12873], [114.49648, 8.12532], [114.5136, 8.13375]]], [[[114.53116, 8.14011], [114.55035, 8.14762], [114.55494538565287, 8.147595115240147], [114.53116, 8.14011]]], [[[114.55566, 8.14782], [114.55589, 8.14759], [114.55494538565287, 8.147595115240147], [114.55566, 8.14782]]], [[[114.59585, 8.15685], [114.5762, 8.15096], [114.57321, 8.15166], [114.59585, 8.15685]]], [[[114.35519, 9.75474], [114.34586, 9.74144], [114.34033, 9.74882], [114.35519, 9.75474]]], [[[114.39563, 9.77505], [114.37988, 9.77741], [114.38872, 9.7845], [114.39563, 9.77505]]], [[[114.4612, 9.81572], [114.45998, 9.80032], [114.44814, 9.79945], [114.4612, 9.81572]]], [[[114.48352, 9.82621], [114.47836, 9.81519], [114.46819, 9.82167], [114.48352, 9.82621]]], [[[114.50726, 9.8445], [114.5065, 9.83117], [114.49374, 9.82961], [114.50726, 9.8445]]], [[[114.52201, 9.87386], [114.53703, 9.86277], [114.52611, 9.85776], [114.52201, 9.87386]]], [[[114.38495, 9.87622], [114.3814, 9.86106], [114.36777, 9.8726], [114.38495, 9.87622]]], [[[114.45528, 9.88883], [114.46403, 9.87317], [114.44199, 9.8721], [114.45528, 9.88883]]], [[[114.33879, 9.87592], [114.32819, 9.89021], [114.34138, 9.88419], [114.33879, 9.87592]]], [[[114.55042, 9.89489], [114.56236, 9.87163], [114.54288, 9.87355], [114.55042, 9.89489]], [[114.55595, 9.88167], [114.55262, 9.88431], [114.55011, 9.8806], [114.55595, 9.88167]]], [[[114.48984, 9.88709], [114.47589, 9.88071], [114.47506, 9.90209], [114.48984, 9.88709]]], [[[114.51505, 9.91986], [114.51449, 9.90078], [114.50568, 9.90128], [114.51505, 9.91986]]], [[[114.57152, 9.94077], [114.54897, 9.93144], [114.54624, 9.94272], [114.57152, 9.94077]]], [[[114.58759, 9.95404], [114.58361, 9.94739], [114.57412, 9.95111], [114.58759, 9.95404]]], [[[114.36147, 10.18108], [114.36147, 10.18062], [114.34894, 10.18342], [114.36147, 10.18108]]], [[[114.36631, 10.1867], [114.36095, 10.18471], [114.36275, 10.18917], [114.36631, 10.1867]]], [[[114.35386, 10.19282], [114.35362, 10.19282], [114.36268, 10.19394], [114.35386, 10.19282]]], [[[114.3691, 10.38675], [114.36278, 10.3739], [114.34698, 10.37534], [114.3554, 10.38818], [114.3691, 10.38675]], [[114.35999, 10.37868], [114.36044, 10.38231], [114.35424, 10.37981], [114.35999, 10.37868]]], [[[114.47575, 10.39118], [114.48198, 10.38197], [114.47427, 10.37349], [114.46759, 10.38501], [114.47575, 10.39118]], [[114.47151, 10.38206], [114.47709, 10.38413], [114.47486, 10.38628], [114.47151, 10.38206]]], [[[114.41138, 10.38568], [114.40534, 10.38662], [114.40234, 10.38985], [114.41138, 10.38568]]], [[[114.40445, 10.39467], [114.40863, 10.39534], [114.41628, 10.39164], [114.40445, 10.39467]]], [[[114.57944, 10.40869], [114.5723, 10.42021], [114.5846, 10.41787], [114.57944, 10.40869]]], [[[114.41307, 10.68085], [114.41353896224014, 10.68108773780229], [114.4164339804401, 10.677720063569682], [114.41589, 10.67757], [114.41307, 10.68085]]], [[[114.41064, 10.68446], [114.42133, 10.68442], [114.41897, 10.67477], [114.4164339804401, 10.677720063569682], [114.4185, 10.67829], [114.41933, 10.68063], [114.41711, 10.68211], [114.41451, 10.68158], [114.41353896224014, 10.68108773780229], [114.41064, 10.68446]]], [[[114.45296, 10.6866], [114.45319, 10.68614], [114.44623, 10.68823], [114.45296, 10.6866]]], [[[114.44881, 10.69397], [114.45323, 10.69395], [114.45602, 10.69233], [114.44881, 10.69397]]], [[[114.52545, 10.72262], [114.52545, 10.72239], [114.51893, 10.72081], [114.52545, 10.72262]]], [[[114.52641, 10.72814], [114.51688, 10.72909], [114.52177, 10.72976], [114.52641, 10.72814]]], [[[114.35622, 10.73429], [114.35527, 10.73108], [114.34618, 10.72559], [114.35622, 10.73429]]], [[[114.33992, 10.7309], [114.34134, 10.73549], [114.35113, 10.74051], [114.33992, 10.7309]]], [[[114.56372, 10.74867], [114.5593, 10.7496], [114.55676, 10.75352], [114.56372, 10.74867]]], [[[114.56097, 10.75764], [114.56469, 10.75671], [114.56654, 10.75417], [114.56097, 10.75764]]], [[[114.57223, 10.77575], [114.57223, 10.77529], [114.56804, 10.77577], [114.57223, 10.77575]]], [[[114.56575, 10.78221], [114.56598, 10.78221], [114.56993, 10.7815], [114.56575, 10.78221]]], [[[114.3756, 11.06789], [114.36303, 11.06863], [114.36936, 11.07918], [114.3756, 11.06789]]], [[[114.36288, 11.46015], [114.35515, 11.44938], [114.34092, 11.4469], [114.3461, 11.4586], [114.36288, 11.46015]], [[114.35303, 11.45382], [114.35149, 11.4553], [114.34911, 11.45503], [114.35303, 11.45382]]], [[[114.38274, 11.46973], [114.39088, 11.46419], [114.38618, 11.458], [114.38274, 11.46973]]], [[[114.81041, 8.11543], [114.77583, 8.11858], [114.78924, 8.16539], [114.80871, 8.13979], [114.81041, 8.11543]]], [[[114.61612, 8.15033], [114.58698, 8.13621], [114.5872, 8.13644], [114.61612, 8.15033]]], [[[114.72598, 8.20107], [114.72644, 8.20061], [114.69851, 8.19867], [114.72598, 8.20107]]], [[[114.72556, 8.20681], [114.72532, 8.20682], [114.69217, 8.22075], [114.71432, 8.22019], [114.72556, 8.20681]]], [[[115.23464, 8.3433], [115.15025, 8.38006], [115.18739, 8.38655], [115.28051, 8.3653], [115.2832, 8.35471], [115.23464, 8.3433]], [[115.27261, 8.35845], [115.20337, 8.36118], [115.25777, 8.34982], [115.27261, 8.35845]], [[115.19691, 8.36168], [115.18517, 8.36589], [115.18999, 8.36379], [115.19691, 8.36168]]], [[[114.66401, 8.87692], [114.65488, 8.85421], [114.60498, 8.83371], [114.63142, 8.8796], [114.66401, 8.87692]], [[114.64634, 8.85885], [114.65427, 8.87168], [114.6198, 8.85409], [114.64634, 8.85885]]], [[[115.45336, 9.34868], [115.42039, 9.36821], [115.42431, 9.40994], [115.44464, 9.38919], [115.45336, 9.34868]], [[115.42788, 9.37804], [115.44278, 9.35841], [115.44515, 9.36506], [115.42788, 9.37804]]], [[[115.5261, 9.8497], [115.52006, 9.84767], [115.50455, 9.85123], [115.5261, 9.8497]]], [[[115.51991, 9.85802], [115.51782, 9.85849], [115.51782, 9.85872], [115.51991, 9.85802]]], [[[115.49763, 9.85611], [115.49763, 9.85588], [115.48889, 9.86605], [115.49763, 9.85611]]], [[[115.50169, 9.87194], [115.50972, 9.86016], [115.51085, 9.85624], [115.50169, 9.87194]]], [[[115.48969249287757, 9.87757558932294], [115.48968, 9.87731], [115.48968, 9.87754], [115.48969249287757, 9.87757558932294]]], [[[114.58587, 9.88831], [114.59673, 9.87999], [114.58577, 9.86923], [114.58587, 9.88831]]], [[[115.50294, 9.88227], [115.50391, 9.88801], [115.50288, 9.87607], [115.50294, 9.88227]]], [[[115.48995, 9.88305], [115.49162, 9.8881], [115.49821, 9.90184], [115.48969249287757, 9.87757558932294], [115.48995, 9.88305]]], [[[115.52486, 9.89729], [115.51463, 9.89437], [115.50673, 9.89259], [115.52486, 9.89729]]], [[[115.51076, 9.90382], [115.50566, 9.90432], [115.50566, 9.90455], [115.51076, 9.90382]]], [[[115.53072, 9.90506], [115.53769, 9.90639], [115.55366, 9.90214], [115.53072, 9.90506]]], [[[114.62767, 9.94306], [114.64812, 9.9501], [114.63107, 9.92719], [114.62767, 9.94306]]], [[[114.61455, 9.96289], [114.60897, 9.96038], [114.60549, 9.96109], [114.61455, 9.96289]]], [[[114.6336, 9.96786], [114.63406, 9.96717], [114.63033, 9.96535], [114.6336, 9.96786]]], [[[114.59646, 9.96365], [114.60463, 9.97442], [114.63667, 9.9798], [114.60155, 9.96202], [114.59646, 9.96365]]], [[[114.65553, 9.99052], [114.6599, 9.98475], [114.65163, 9.95698], [114.64156, 9.98185], [114.65553, 9.99052]]], [[[115.31877, 10.16805], [115.30132, 10.16242], [115.28825, 10.18525], [115.31877, 10.16828], [115.31877, 10.16805]]], [[[115.31301, 10.17429], [115.31277, 10.1743], [115.31582, 10.17726], [115.31301, 10.17429]]], [[[115.30745, 10.17571], [115.30009, 10.18495], [115.30492, 10.18009], [115.30745, 10.17571]]], [[[115.31178, 10.19637], [115.33656, 10.1877], [115.32343, 10.17124], [115.31178, 10.19637]]], [[[115.30915, 10.18558], [115.30639, 10.18905], [115.3133, 10.18279], [115.3133, 10.18234], [115.30915, 10.18558]]], [[[115.28877, 10.19352], [115.2916, 10.19902], [115.30415, 10.20009], [115.28877, 10.19352]]], [[[115.36648, 10.24681], [115.3793, 10.25339], [115.38549, 10.24232], [115.36648, 10.24681]]], [[[114.70723, 10.32654], [114.70747, 10.32608], [114.7009, 10.31462], [114.70723, 10.32654]]], [[[114.70776, 10.33849], [114.70982, 10.33274], [114.71027, 10.3309], [114.70776, 10.33849]]], [[[114.69525, 10.3443], [114.70036, 10.34312], [114.69935, 10.32934], [114.69525, 10.3443]]], [[[114.70993, 10.35273], [114.71131, 10.3502], [114.70964, 10.34262], [114.70993, 10.35273]]], [[[114.71369, 10.3603], [114.72069, 10.36624], [114.71275, 10.35778], [114.71369, 10.3603]]], [[[114.72514, 10.37197], [114.69621, 10.35073], [114.72543, 10.38323], [114.72514, 10.37197]]], [[[114.89041, 10.85678], [114.89062, 10.85287], [114.88338, 10.84808], [114.89041, 10.85678]]], [[[114.88015, 10.85292], [114.87786, 10.85891], [114.88345, 10.86095], [114.88015, 10.85292]]], [[[114.91929, 10.86169], [114.93093, 10.86415], [114.93093, 10.86369], [114.91929, 10.86169]]], [[[114.93847, 10.87905], [114.93916, 10.87698], [114.93585, 10.86987], [114.93847, 10.87905]]], [[[114.92219, 10.87937], [114.94355, 10.91051], [114.94607, 10.90314], [114.92219, 10.87937]]], [[[115.01547, 11.05995], [115.01025, 11.07997], [115.03006, 11.08423], [115.02454, 11.05783], [115.01547, 11.05995]], [[115.0275, 11.07955], [115.0196, 11.07943], [115.0218, 11.07442], [115.0275, 11.07955]]], [[[115.03725, 11.08143], [115.03726, 11.08166], [115.03883, 11.07292], [115.03725, 11.08143]]], [[[114.7925, 11.14681], [114.81367, 11.14303], [114.81339, 11.13522], [114.7925, 11.14681]]], [[[116.27898, 8.88051], [116.27268, 8.87506], [116.26678, 8.88568], [116.27898, 8.88051]]], [[[116.265, 8.89236], [116.26672, 8.90292], [116.26621, 8.89833], [116.265, 8.89236]]], [[[116.3006, 8.91364], [116.29553, 8.89323], [116.27592, 8.89824], [116.3006, 8.91364]]], [[[116.28746, 8.9179], [116.28048, 8.91428], [116.26933, 8.9091], [116.28746, 8.9179]]], [[[116.70747, 9.04103], [116.69109, 9.04534], [116.69473, 9.05932], [116.70747, 9.04103]]], [[[116.70859, 9.05734], [116.71201, 9.05386], [116.71362, 9.052], [116.70859, 9.05734]]], [[[116.44804, 9.16297], [116.45609, 9.17921], [116.46883, 9.18069], [116.47514, 9.16454], [116.44804, 9.16297]], [[116.46266, 9.16696], [116.4694, 9.16896], [116.46944, 9.17241], [116.46266, 9.16696]]], [[[115.92483, 9.3233], [115.93087, 9.32554], [115.93114444132695, 9.325622627496289], [115.92483, 9.3233]]], [[[115.95621, 9.3366], [115.96582, 9.32387], [115.9574, 9.31452], [115.92038, 9.31759], [115.91948, 9.32058], [115.91971, 9.32058], [115.93131860086349, 9.325675062625569], [115.93459, 9.32666], [115.93459, 9.32689], [115.93148216609661, 9.32574685207857], [115.95621, 9.3366]], [[115.95475, 9.32856], [115.94473, 9.32083], [115.95795, 9.32371], [115.95475, 9.32856]], [[115.93034, 9.3175], [115.93359, 9.31932], [115.93011, 9.31751], [115.93034, 9.3175]], [[115.9383, 9.32801], [115.94201, 9.32798], [115.9492, 9.32976], [115.9383, 9.32801]]], [[[115.93114444132695, 9.325622627496289], [115.93148216609661, 9.32574685207857], [115.93131860086349, 9.325675062625569], [115.93114444132695, 9.325622627496289]]], [[[115.92095, 9.32999], [115.92863, 9.33315], [115.91882, 9.32426], [115.92095, 9.32999]]], [[[115.9479, 9.33873], [115.94997, 9.33711], [115.93465, 9.3331], [115.9479, 9.33873]]], [[[116.92999, 9.45393], [116.93832, 9.43545], [116.91161, 9.42862], [116.92999, 9.45393]]], [[[116.16433, 9.58901], [116.16325, 9.59752], [116.17551, 9.59396], [116.16433, 9.58901]]], [[[115.90366, 9.79787], [115.88776, 9.73158], [115.8739615189148, 9.72797489646208], [115.87479, 9.73214], [115.87599, 9.73742], [115.87649, 9.74132], [115.87909, 9.74728], [115.8801, 9.75669], [115.88554, 9.76883], [115.88074, 9.77531], [115.864, 9.77061], [115.86263, 9.74741], [115.86276, 9.73569], [115.86288238373739, 9.72508027138135], [115.84849, 9.72132], [115.85809, 9.78353], [115.90366, 9.79787]]], [[[115.87333, 9.7248], [115.87346691105498, 9.721982514605516], [115.8626481913735, 9.719462923156518], [115.86289, 9.72442], [115.86288238373739, 9.72508027138135], [115.8739615189148, 9.72797489646208], [115.87333, 9.7248]]], [[[115.88608, 9.72492], [115.87395, 9.66526], [115.8614, 9.66237], [115.84984, 9.71648], [115.8626481913735, 9.719462923156518], [115.86261, 9.71868], [115.86237, 9.71868], [115.86961, 9.69863], [115.87377, 9.69652], [115.87501, 9.70594], [115.87352, 9.72089], [115.87346691105498, 9.721982514605516], [115.88608, 9.72492]]], [[[116.59776, 9.72023], [116.59294, 9.72418], [116.59207, 9.72925], [116.59776, 9.72023]]], [[[116.60252, 9.73029], [116.60408, 9.72499], [116.59908, 9.73469], [116.60252, 9.73029]]], [[[116.55766, 9.74086], [116.55186, 9.74115], [116.55362, 9.75355], [116.55766, 9.74086]]], [[[116.52559, 9.75544], [116.53596, 9.75005], [116.52786, 9.75128], [116.52559, 9.75544]]], [[[116.53469, 9.76063], [116.53835, 9.75646], [116.53007, 9.76206], [116.53469, 9.76063]]], [[[116.42935, 9.77616], [116.42256, 9.76979], [116.41472, 9.79561], [116.42935, 9.77616]]], [[[116.47247, 9.79619], [116.46173, 9.81101], [116.46873, 9.81576], [116.47247, 9.79619]]], [[[115.56164, 9.85611], [115.5621, 9.85542], [115.53977, 9.84777], [115.56164, 9.85611]]], [[[115.53939, 9.85811], [115.53684, 9.85882], [115.55402, 9.86146], [115.53939, 9.85811]]], [[[115.56607, 9.85976], [115.57135, 9.88156], [115.57053, 9.8657], [115.56607, 9.85976]]], [[[115.56066, 9.87888], [115.55684, 9.86511], [115.55661, 9.86557], [115.56066, 9.87888]]], [[[115.54198, 9.89303], [115.54615, 9.89185], [115.54777, 9.89092], [115.54198, 9.89303]]], [[[115.57211, 9.88822], [115.56086268278725, 9.898644109314635], [115.56197, 9.89794], [115.56614, 9.89654], [115.56937, 9.89398], [115.57211, 9.88822]]], [[[115.56013, 9.89911], [115.56036, 9.89911], [115.56086268278725, 9.898644109314635], [115.56013, 9.89911]]], [[[116.1176, 10.1213], [116.11243, 10.13812], [116.12936, 10.13705], [116.1176, 10.1213]]], [[[115.76711, 10.47057], [115.78688, 10.47202], [115.77463, 10.45281], [115.76711, 10.47057]]], [[[115.73009, 10.46189], [115.72671, 10.47364], [115.73919, 10.4655], [115.73009, 10.46189]]], [[[115.7168, 10.51094], [115.70446, 10.4807], [115.69808, 10.49569], [115.7168, 10.51094]]], [[[115.71723, 10.53369], [115.738, 10.54296], [115.73415, 10.52828], [115.71723, 10.53369]]], [[[115.79528, 10.52873], [115.78948, 10.53084], [115.77895, 10.54816], [115.80188, 10.53925], [115.79528, 10.52873]]], [[[115.82045, 10.72089], [115.8027, 10.71276], [115.78996, 10.73545], [115.80811, 10.74535], [115.82045, 10.72089]], [[115.80918, 10.73083], [115.8048, 10.73637], [115.80009, 10.73388], [115.80918, 10.73083]]], [[[115.8447, 10.80596], [115.81432, 10.81746], [115.81476, 10.84021], [115.8368, 10.83291], [115.8447, 10.80596]], [[115.83147, 10.82775], [115.82264, 10.82785], [115.8231, 10.82411], [115.83147, 10.82775]]], [[[115.86137, 10.84972], [115.86356, 10.83362], [115.84037, 10.84231], [115.86137, 10.84972]]]]}}, {"type": "Feature", "properties": {"SYS_ID": "2106", "NAME_PY": "", "NAME_CH": "", "NAME_FT": "", "X_COORD": 112.27887, "Y_COORD": 3.97088}, "geometry": {"type": "MultiPolygon", "coordinates": [[[[112.27042, 3.98179], [112.28717, 3.96106], [112.27728, 3.95827], [112.27042, 3.98179]]], [[[112.0508, 3.87016], [112.05588, 3.85475], [112.04348, 3.85789], [112.0508, 3.87016]]], [[[112.28072, 3.89077], [112.27892, 3.87515], [112.27113, 3.88026], [112.28072, 3.89077]]], [[[112.63883, 5.38311], [112.65016, 5.37589], [112.64266, 5.36959], [112.63883, 5.38311]]]]}}, {"type": "Feature", "properties": {"SYS_ID": "2107", "NAME_PY": "Dongsha", "NAME_CH": "东沙", "NAME_FT": "東沙", "X_COORD": 116.90872, "Y_COORD": 20.67474}, "geometry": {"type": "MultiPolygon", "coordinates": [[[[116.76559, 20.58689], [116.74654, 20.61285], [116.8391, 20.60871], [116.8896, 20.65345], [116.89701, 20.76499], [116.92033, 20.69719], [116.89928, 20.63235], [116.84349, 20.59299], [116.76559, 20.58689]]], [[[116.73142, 20.70485], [116.7136, 20.70093], [116.71725, 20.7115], [116.73142, 20.70485]]], [[[116.71764, 20.73333], [116.7107, 20.72238], [116.7075, 20.72696], [116.71764, 20.73333]]], [[[116.69906, 20.70776], [116.72249, 20.69621], [116.70092, 20.69975], [116.69906, 20.70776]]], [[[116.79984, 20.72801], [116.80038, 20.71794], [116.79531, 20.7222], [116.79984, 20.72801]]], [[[116.79871, 20.71008], [116.80705, 20.70769], [116.80271, 20.7044], [116.79871, 20.71008]]], [[[116.79649, 20.77825], [116.85765, 20.77578], [116.86427, 20.77438], [116.79649, 20.77825]]], [[[116.70312, 20.71288], [116.70805, 20.71021], [116.70782, 20.70997], [116.70312, 20.71288]]], [[[116.77444, 20.71382], [116.76854, 20.71625], [116.76759, 20.72035], [116.77444, 20.71382]]], [[[116.77011, 20.72363], [116.776, 20.72234], [116.779, 20.71895], [116.77011, 20.72363]]], [[[116.86427, 20.77438], [116.86575, 20.7743], [116.86575, 20.77407], [116.86427, 20.77438]]]]}}, {"type": "Feature", "properties": {"SYS_ID": "2108", "NAME_PY": "Taiwan Fu", "NAME_CH": "台湾府", "NAME_FT": "臺灣府", "X_COORD": 121.02669, "Y_COORD": 23.6021}, "geometry": {"type": "MultiPolygon", "coordinates": [[[[121.81393, 24.84751], [121.83913, 24.63551], [121.87938, 24.60594], [121.85374, 24.60869], [121.86938, 24.54749], [121.83222, 24.51999], [121.85387, 24.48332], [121.78791, 24.42624], [121.76501, 24.31365], [121.61592, 24.09912], [121.63947, 24.01475], [121.6031, 23.96725], [121.46158, 23.32587], [121.3898, 23.20371], [121.4054, 23.1286], [121.36034, 23.09945], [121.24583, 22.88547], [121.19083, 22.86093], [121.17087, 22.76392], [121.02898, 22.67191], [120.97012, 22.56044], [120.87989, 22.29156], [120.89112, 22.0407], [120.83213, 21.96472], [120.85616, 21.9093], [120.75346, 21.9629], [120.7165, 21.92641], [120.67719, 22.03715], [120.70351, 22.11039], [120.63216, 22.3085], [120.43608, 22.46085], [120.45097, 22.48691], [120.40989, 22.47264], [120.2677, 22.60012], [120.24383, 22.66094], [120.26454, 22.71454], [120.25086, 22.69646], [120.14632, 22.98786], [120.17435, 22.96396], [120.18757, 22.99167], [120.1327, 23.00417], [120.17594, 23.03167], [120.13172, 23.01265], [120.05451, 23.05405], [120.09933, 23.08407], [120.0605, 23.07307], [120.05856, 23.10287], [120.10704, 23.13188], [120.06909, 23.17621], [120.11742, 23.23137], [120.08808, 23.23394], [120.13601, 23.31797], [120.12967, 23.39179], [120.1326, 23.35855], [120.16563, 23.34623], [120.13648, 23.43807], [120.17141, 23.4568], [120.12582, 23.46743], [120.15173, 23.4968], [120.1236, 23.61709], [120.15243, 23.69014], [120.23715, 23.82583], [120.2939, 23.8219], [120.30827, 23.836], [120.25571, 23.85098], [120.3625, 24.04084], [120.38194, 24.00896], [120.39623, 24.00659], [120.36946, 24.04412], [120.4252, 24.08754], [120.43964, 24.15208], [120.48621, 24.19447], [120.52294, 24.16113], [120.4846, 24.20225], [120.51605, 24.29422], [120.6721, 24.49453], [120.71189, 24.60303], [120.76898, 24.61397], [120.77345, 24.656], [120.86174, 24.66988], [120.82829, 24.6823], [120.89852, 24.76048], [120.96156, 24.925], [121.09432, 25.07178], [121.38157, 25.14793], [121.50332, 25.29316], [121.59789, 25.29107], [121.7461, 25.14386], [121.91631, 25.13036], [121.92732, 25.02391], [121.99886, 25.01591], [121.88288, 24.94149], [121.81393, 24.84751]]], [[[119.57674, 23.50769], [119.54162, 23.53772], [119.579, 23.52172], [119.60899, 23.54648], [119.56017, 23.56048], [119.6106, 23.5846], [119.58069, 23.66039], [119.55576, 23.65981], [119.58197, 23.67326], [119.61961, 23.64326], [119.62893, 23.57636], [119.65687, 23.60544], [119.69704, 23.55456], [119.64739, 23.55917], [119.57674, 23.50769]]], [[[121.56728, 22.00444], [121.49898, 22.05103], [121.49401, 22.09191], [121.56087, 22.08755], [121.56158, 22.04442], [121.59789, 22.02591], [121.56728, 22.00444]]], [[[119.47306, 23.55509], [119.51395, 23.64108], [119.5454, 23.63855], [119.51625, 23.56444], [119.47306, 23.55509]]], [[[121.48364, 22.63609], [121.4632, 22.64776], [121.45716, 22.68383], [121.50277, 22.68338], [121.48364, 22.63609]]], [[[122.07113, 25.64838], [122.05845, 25.64543], [122.06506, 25.65484], [122.07113, 25.64838]]], [[[121.93577, 25.44307], [121.92526, 25.44612], [121.93562, 25.45271], [121.93577, 25.44307]]], [[[123.48421, 25.74264], [123.46989, 25.74573], [123.4856, 25.74682], [123.48421, 25.74264]]], [[[124.57455, 25.9155], [124.56859, 25.90896], [124.57082, 25.91721], [124.57455, 25.9155]]], [[[123.70538, 25.9462], [123.69682, 25.94325], [123.69645, 25.94813], [123.70538, 25.9462]]], [[[122.09341, 25.50334], [122.0864, 25.49851], [122.08635, 25.50081], [122.09341, 25.50334]]], [[[123.55088, 25.78684], [123.54574, 25.78901], [123.54858, 25.79411], [123.55088, 25.78684]]], [[[123.562, 25.78849], [123.55785, 25.78333], [123.55703, 25.7877], [123.562, 25.78849]]], [[[123.57121, 25.72916], [123.56195, 25.73308], [123.57137, 25.73216], [123.57121, 25.72916]]], [[[123.58292, 25.76118], [123.57711, 25.76012], [123.58, 25.76502], [123.58292, 25.76118]]], [[[123.55987, 25.74291], [123.55493, 25.74647], [123.55743, 25.74791], [123.55987, 25.74291]]]]}}, {"type": "Feature", "properties": {"SYS_ID": "2097", "NAME_PY": "Zhaowuda Meng", "NAME_CH": "昭乌达盟", "NAME_FT": "昭烏達盟", "X_COORD": 120.52314, "Y_COORD": 44.59607}, "geometry": {"type": "MultiPolygon", "coordinates": [[[[121.34695, 43.52878], [121.03804, 43.53333], [120.80933, 43.47273], [120.68025, 43.37076], [120.62803, 43.36273], [120.06874, 43.38973], [120.01099, 43.57022], [119.95831, 43.59024], [119.93342, 43.65541], [119.86243, 43.68635], [119.86798, 43.71775], [119.69126, 43.8711], [119.64434, 44.11408], [119.58236, 44.20242], [119.55537, 44.33072], [119.55221, 44.40482], [119.61268, 44.52977], [119.59751, 44.62638], [119.39046, 44.70036], [119.27773, 44.80803], [119.23061, 44.81179], [119.22508, 45.41007], [119.32935, 45.63261], [119.45626, 45.66304], [119.77416, 45.65553], [119.86534, 45.72254], [119.89964, 45.83483], [119.9599, 45.8418], [120.25673, 45.81329], [120.6451, 45.66595], [120.71032, 45.55519], [120.47936, 45.09989], [120.48307, 44.9731], [120.51445, 44.92155], [120.87724, 44.74845], [120.95126, 44.6561], [121.09208, 44.57654], [121.14548, 44.52013], [121.15908, 44.33143], [121.34742, 44.22476], [121.49936, 43.95845], [121.77081, 43.80808], [121.8268, 43.6901], [121.82083, 43.61287], [121.70635, 43.51083], [121.41342, 43.56366], [121.34695, 43.52878]]], [[[117.53358, 43.88984], [117.81705, 43.69462], [118.00124, 43.44803], [118.04893, 43.24405], [118.04875, 43.01401], [117.75076, 42.60877], [117.63639, 42.58038], [117.51872, 42.60611], [117.39614, 42.4645], [117.08651, 42.48178], [116.88191, 42.38693], [116.86006, 42.46117], [116.654, 42.64792], [116.69994, 42.86813], [116.36617, 43.09477], [116.34191, 43.18536], [116.4172, 43.26463], [116.57353, 43.27213], [117.01364, 43.61988], [117.30506, 43.73951], [117.4324, 43.84895], [117.53358, 43.88984]]]]}}, {"type": "Feature", "properties": {"SYS_ID": "1814", "NAME_PY": "Shuoping Fu", "NAME_CH": "朔平府", "NAME_FT": "朔平府", "X_COORD": 112.4514, "Y_COORD": 40.24141}, "geometry": {"type": "Polygon", "coordinates": [[[112.87145, 40.62294], [112.98776, 40.33751], [112.9786, 40.25731], [113.03667, 40.13375], [113.00347, 39.97548], [112.80064, 39.84564], [112.69975, 39.73779], [112.49043, 39.68787], [112.44708, 39.64946], [112.45352, 39.60139], [112.55711, 39.59353], [112.65822, 39.45505], [112.71449, 39.43692], [112.7411, 39.2685], [112.6918, 39.15281], [112.55244, 39.0527], [112.39792, 39.05589], [112.25999, 39.12286], [112.15075, 39.27201], [112.02867, 39.31388], [111.91465, 39.4284], [111.90331, 39.47478], [111.97534, 39.54905], [111.86612, 39.62269], [111.92682, 39.67167], [112.26779, 40.20712], [112.24631, 40.29752], [112.27735, 40.41018], [112.17314, 40.39956], [112.00981, 40.5017], [112.08766, 40.58765], [112.13916, 40.72524], [112.18083, 40.96131], [112.07603, 41.01942], [112.05139, 41.07574], [112.20822, 41.16756], [112.17554, 41.28172], [112.31447, 41.41089], [112.36305, 41.4385], [112.45399, 41.3823], [112.81405, 41.01639], [112.91988, 40.78974], [112.87145, 40.62294]]]}}, {"type": "Feature", "properties": {"SYS_ID": "2105", "NAME_PY": "", "NAME_CH": "", "NAME_FT": "", "X_COORD": 117.79446, "Y_COORD": 15.1731}, "geometry": {"type": "Polygon", "coordinates": [[[117.8376, 15.12713], [117.7277, 15.22031], [117.7201, 15.13116], [117.753, 15.12055], [117.7144, 15.11246], [117.7147, 15.23047], [117.83647, 15.16344], [117.8376, 15.12713]]]}}, {"type": "Feature", "properties": {"SYS_ID": "2076", "NAME_PY": "Daming Fu", "NAME_CH": "大名府", "NAME_FT": "大名府", "X_COORD": 114.97983, "Y_COORD": 35.73514}, "geometry": {"type": "Polygon", "coordinates": [[[115.43163, 36.00342], [115.3485, 35.96639], [115.36087, 35.90925], [115.32782, 35.82721], [115.37462, 35.69445], [115.35716, 35.65655], [115.42436, 35.64317], [115.37341, 35.57967], [115.32114, 35.57885], [115.34522, 35.49235], [115.24199, 35.35787], [115.26303, 35.18688], [115.41648, 35.18497], [115.43535, 35.11269], [115.38397, 35.11387], [115.33551, 35.04924], [115.19644, 35.05718], [115.1307, 35.00093], [114.91355, 34.97489], [114.85845, 35.02102], [114.75704, 34.97806], [114.61465, 35.12816], [114.48699, 35.1872], [114.48582, 35.21977], [114.56327, 35.2885], [114.87469, 35.27602], [114.91885, 35.34441], [114.96894, 35.3585], [114.94521, 35.3916], [114.97884, 35.42678], [114.95749, 35.57253], [114.87421, 35.6152], [114.91475, 35.681], [114.74064, 35.75375], [114.67549, 35.82508], [114.88062, 35.80176], [114.96875, 35.90728], [114.97809, 35.97827], [114.89459, 36.0602], [114.90008, 36.13111], [114.74599, 36.14395], [114.76461, 36.17918], [114.73828, 36.27237], [114.82008, 36.35728], [114.90487, 36.36388], [114.91563, 36.41936], [115.02538, 36.43714], [115.09203, 36.49475], [115.22223, 36.45247], [115.28519, 36.4758], [115.35517, 36.31052], [115.41598, 36.32359], [115.47128, 36.24113], [115.48006, 36.11134], [115.43163, 36.00342]]]}}, {"type": "Feature", "properties": {"SYS_ID": "2075", "NAME_PY": "Guangping Fu", "NAME_CH": "广平府", "NAME_FT": "廣平府", "X_COORD": 114.87391, "Y_COORD": 36.76737}, "geometry": {"type": "Polygon", "coordinates": [[[115.54384, 36.93792], [115.32042, 36.86914], [115.31432, 36.75873], [115.18013, 36.81218], [115.12567, 36.88867], [115.07431, 36.88602], [115.07865, 36.77392], [115.1164, 36.75443], [115.12108, 36.70065], [115.16664, 36.69675], [115.2131, 36.63972], [115.1816, 36.55108], [115.02538, 36.43714], [114.91563, 36.41936], [114.90487, 36.36388], [114.85517, 36.37382], [114.76006, 36.29705], [114.70794, 36.34262], [114.58228, 36.3545], [114.53945, 36.3946], [114.44921, 36.36593], [114.34244, 36.23754], [114.27784, 36.2392], [114.24789, 36.26489], [114.06178, 36.27267], [114.01745, 36.35121], [113.89822, 36.38563], [113.97872, 36.49135], [114.05639, 36.50413], [114.09137, 36.5633], [114.28587, 36.54183], [114.37128, 36.75592], [114.37515, 36.84898], [114.51153, 36.82889], [114.5742, 36.8841], [114.89677, 36.96439], [115.10685, 36.95863], [115.13519, 36.90855], [115.23965, 36.91163], [115.22392, 37.00911], [115.26235, 37.03446], [115.27147, 37.09106], [115.23859, 37.08703], [115.21856, 37.14768], [115.16905, 37.17081], [115.27485, 37.20579], [115.2509, 37.29719], [115.40407, 37.28384], [115.46624, 37.21118], [115.48476, 37.14436], [115.42105, 37.11568], [115.38167, 37.01205], [115.41908, 36.95474], [115.50913, 37.0093], [115.55758, 37.08586], [115.64024, 37.09295], [115.75543, 37.1837], [115.8496, 37.05636], [115.77536, 36.99245], [115.7626, 36.92496], [115.54384, 36.93792]]]}}, {"type": "Feature", "properties": {"SYS_ID": "2070", "NAME_PY": "Shunde Fu", "NAME_CH": "顺德府", "NAME_FT": "順德府", "X_COORD": 114.51427, "Y_COORD": 37.1347}, "geometry": {"type": "Polygon", "coordinates": [[[115.10685, 36.95863], [114.85514, 36.95878], [114.56909, 36.88221], [114.50186, 36.82763], [114.25832, 36.85774], [114.1278, 36.83937], [114.02187, 36.88081], [113.87774, 37.01062], [113.78857, 36.99459], [113.76547, 37.01639], [113.78184, 37.05936], [113.75171, 37.07517], [113.76093, 37.14409], [113.82565, 37.16708], [113.8981, 37.3151], [114.01636, 37.43475], [114.09294, 37.42749], [114.17733, 37.36245], [114.23917, 37.35775], [114.25679, 37.39691], [114.37983, 37.34365], [114.42532, 37.38654], [114.56221, 37.37653], [114.61319, 37.42649], [114.74123, 37.43702], [114.74178, 37.26891], [114.78647, 37.28625], [114.86972, 37.25414], [115.03379, 37.41048], [115.12105, 37.42333], [115.20522, 37.29527], [115.27391, 37.27197], [115.26887, 37.19844], [115.16905, 37.17081], [115.2733, 37.07137], [115.22392, 37.00911], [115.23965, 36.91163], [115.13519, 36.90855], [115.10685, 36.95863]]]}}, {"type": "Feature", "properties": {"SYS_ID": "2069", "NAME_PY": "Zhao Zhou", "NAME_CH": "赵州", "NAME_FT": "趙州", "X_COORD": 114.63731, "Y_COORD": 37.57078}, "geometry": {"type": "Polygon", "coordinates": [[[115.14619, 37.79431], [115.24562, 37.70418], [115.2562, 37.64061], [115.19685, 37.63636], [115.18245, 37.55164], [114.87889, 37.25466], [114.78647, 37.28625], [114.74178, 37.26891], [114.74123, 37.43702], [114.61319, 37.42649], [114.56221, 37.37653], [114.42532, 37.38654], [114.37983, 37.34365], [114.25679, 37.39691], [114.23917, 37.35775], [114.17733, 37.36245], [114.09294, 37.42749], [114.01636, 37.43475], [114.09987, 37.57421], [114.13752, 37.53244], [114.25879, 37.49449], [114.49515, 37.57751], [114.54988, 37.67571], [114.63968, 37.67762], [114.61266, 37.80236], [114.74251, 37.83458], [114.79684, 37.88742], [114.9874, 37.8631], [115.05729, 37.79144], [115.14619, 37.79431]]]}}, {"type": "Feature", "properties": {"SYS_ID": "2074", "NAME_PY": "Ji Zhou", "NAME_CH": "冀州", "NAME_FT": "冀州", "X_COORD": 115.58027, "Y_COORD": 37.53742}, "geometry": {"type": "Polygon", "coordinates": [[[115.97818, 37.63642], [115.90279, 37.57827], [115.90859, 37.49968], [115.86878, 37.39637], [115.77882, 37.32912], [115.75543, 37.1837], [115.64024, 37.09295], [115.48284, 37.07704], [115.56839, 37.12434], [115.5288, 37.16481], [115.49109, 37.13223], [115.41354, 37.27998], [115.20522, 37.29527], [115.15174, 37.35044], [115.13805, 37.41724], [115.04933, 37.40829], [115.10462, 37.50248], [115.18245, 37.55164], [115.2046, 37.64144], [115.27609, 37.63953], [115.36636, 37.72998], [115.47254, 37.71085], [115.43375, 37.75289], [115.44695, 37.77697], [115.54688, 37.76136], [115.59242, 37.82233], [115.74497, 37.82309], [115.79121, 37.921], [115.91842, 37.94199], [116.02867, 38.00175], [116.10069, 37.93863], [116.04771, 37.86774], [116.08151, 37.86421], [116.11121, 37.80091], [116.00869, 37.73938], [115.97818, 37.63642]]]}}, {"type": "Feature", "properties": {"SYS_ID": "2063", "NAME_PY": "Shen Zhou", "NAME_CH": "深州", "NAME_FT": "深州", "X_COORD": 115.68817, "Y_COORD": 38.03701}, "geometry": {"type": "Polygon", "coordinates": [[[115.79121, 37.921], [115.74497, 37.82309], [115.59242, 37.82233], [115.54688, 37.76136], [115.44695, 37.77697], [115.43375, 37.75289], [115.47254, 37.71085], [115.36636, 37.72998], [115.34269, 37.81801], [115.36616, 37.90376], [115.45129, 37.94461], [115.4361, 38.02723], [115.46946, 38.08139], [115.37774, 38.09823], [115.31381, 38.24658], [115.3831, 38.32381], [115.45649, 38.31985], [115.46301, 38.34311], [115.5341, 38.31768], [115.73796, 38.36316], [115.83459, 38.33551], [115.88097, 38.16743], [116.05302, 38.14116], [116.03198, 38.08761], [116.06006, 37.99024], [116.0194, 38.002], [115.91842, 37.94199], [115.79121, 37.921]]]}}, {"type": "Feature", "properties": {"SYS_ID": "2073", "NAME_PY": "Hejian Fu", "NAME_CH": "河间府", "NAME_FT": "河間府", "X_COORD": 116.35322, "Y_COORD": 38.12951}, "geometry": {"type": "Polygon", "coordinates": [[[116.68492, 37.783], [116.94051, 37.83876], [117.00935, 37.66051], [116.99428, 37.60686], [116.94222, 37.57856], [116.86991, 37.61319], [116.76376, 37.54548], [116.69201, 37.58251], [116.45107, 37.46463], [116.37474, 37.52276], [116.41452, 37.64163], [116.38263, 37.68411], [116.37077, 37.6188], [116.28316, 37.54535], [116.29557, 37.48945], [116.22568, 37.47226], [116.22657, 37.42531], [116.28, 37.39931], [116.2393, 37.35998], [116.15883, 37.37847], [115.95567, 37.32185], [115.77551, 37.31781], [115.87608, 37.40892], [115.90279, 37.57827], [115.97818, 37.63642], [116.00869, 37.73938], [116.11121, 37.80091], [116.08151, 37.86421], [116.04771, 37.86774], [116.10069, 37.93863], [116.03873, 38.02302], [116.06254, 38.03764], [116.03198, 38.08761], [116.05302, 38.14116], [115.88097, 38.16743], [115.83459, 38.33551], [115.69635, 38.35831], [115.72513, 38.3865], [115.71252, 38.44855], [115.79148, 38.51685], [115.93032, 38.52279], [116.05711, 38.57851], [116.03545, 38.72992], [115.99491, 38.7876], [116.05686, 38.85143], [116.03188, 38.94492], [116.16132, 38.94233], [116.30129, 38.81551], [116.53783, 38.75517], [116.49805, 38.71133], [116.49975, 38.66219], [116.56799, 38.57336], [116.58794, 38.47785], [116.62706, 38.45456], [116.59131, 38.2803], [116.76388, 38.20613], [116.72122, 38.15939], [116.58619, 38.10786], [116.55302, 38.01837], [116.64854, 38.02757], [116.70898, 37.97716], [116.81637, 37.95837], [116.69992, 37.84154], [116.68492, 37.783]]]}}, {"type": "Feature", "properties": {"SYS_ID": "2078", "NAME_PY": "Baoding Fu", "NAME_CH": "保定府", "NAME_FT": "保定府", "X_COORD": 115.40715, "Y_COORD": 38.50961}, "geometry": {"type": "MultiPolygon", "coordinates": [[[[116.27075, 39.00458], [116.35025, 38.92187], [116.33226, 38.806], [116.24554, 38.84753], [116.16132, 38.94233], [116.03188, 38.94492], [116.05686, 38.85143], [115.99491, 38.7876], [116.03545, 38.72992], [116.05711, 38.57851], [116.03685, 38.55415], [115.79148, 38.51685], [115.71252, 38.44855], [115.72513, 38.3865], [115.66672, 38.33147], [115.52712, 38.31789], [115.46301, 38.34311], [115.45649, 38.31985], [115.3831, 38.32381], [115.35352, 38.26163], [115.29692, 38.25039], [115.18018, 38.37596], [115.25768, 38.51049], [115.22583, 38.60107], [115.16264, 38.64651], [115.11214, 38.6114], [114.98843, 38.62705], [114.95818, 38.66529], [114.8095, 38.63752], [114.70531, 38.75122], [114.67075, 38.91124], [114.52396, 38.95728], [114.52016, 39.00555], [114.45872, 39.02523], [114.63648, 39.14897], [114.6882, 39.15314], [114.84618, 39.09987], [114.92905, 39.11633], [114.98166, 39.01669], [115.16633, 38.99065], [115.23191, 39.04985], [115.32535, 39.04983], [115.32179, 39.09835], [115.37441, 39.14894], [115.5191, 39.165], [115.52742, 39.21836], [115.63091, 39.30836], [115.70282, 39.29905], [115.83109, 39.35453], [115.83281, 39.38087], [116.18633, 39.35567], [116.20532, 39.15625], [116.32095, 39.06399], [116.27075, 39.00458]]], [[[115.2562, 37.64061], [115.25175, 37.69529], [115.16064, 37.7557], [115.13612, 37.83376], [115.19939, 38.0113], [115.20212, 38.12834], [115.4642, 38.09191], [115.43555, 38.02174], [115.45129, 37.94461], [115.37017, 37.90996], [115.34464, 37.8297], [115.36668, 37.71941], [115.2562, 37.64061]]]]}}, {"type": "Feature", "properties": {"SYS_ID": "2062", "NAME_PY": "Ding Zhou", "NAME_CH": "定州", "NAME_FT": "定州", "X_COORD": 114.8846, "Y_COORD": 38.53849}, "geometry": {"type": "Polygon", "coordinates": [[[115.12334, 38.25883], [115.05847, 38.29253], [114.86998, 38.25462], [114.92001, 38.36892], [114.82647, 38.44097], [114.81037, 38.48869], [114.65837, 38.4758], [114.50243, 38.66968], [114.41267, 38.70137], [114.42926, 38.75172], [114.51985, 38.77544], [114.48838, 38.91246], [114.51885, 38.91487], [114.52396, 38.95728], [114.67075, 38.91124], [114.70531, 38.75122], [114.8095, 38.63752], [114.95818, 38.66529], [114.98843, 38.62705], [115.11214, 38.6114], [115.16264, 38.64651], [115.22583, 38.60107], [115.25768, 38.51049], [115.1814, 38.37001], [115.26222, 38.26717], [115.31842, 38.25141], [115.36194, 38.12107], [115.08723, 38.12409], [115.12334, 38.25883]]]}}, {"type": "Feature", "properties": {"SYS_ID": "2068", "NAME_PY": "Zhengding Fu", "NAME_CH": "正定府", "NAME_FT": "正定府", "X_COORD": 114.36081, "Y_COORD": 38.3154}, "geometry": {"type": "Polygon", "coordinates": [[[115.20212, 38.12834], [115.19939, 38.0113], [115.13591, 37.86078], [115.14619, 37.79431], [115.05729, 37.79144], [114.9874, 37.8631], [114.79684, 37.88742], [114.74251, 37.83458], [114.61266, 37.80236], [114.63968, 37.67762], [114.54988, 37.67571], [114.49515, 37.57751], [114.25879, 37.49449], [114.13752, 37.53244], [114.09987, 37.57421], [114.20258, 37.81781], [114.03457, 37.83562], [114.0, 37.9], [113.93033, 37.92267], [113.87419, 37.99459], [113.87309, 38.06342], [113.80882, 38.11691], [113.82755, 38.15828], [113.56876, 38.23277], [113.51879, 38.38246], [113.57661, 38.45932], [113.54897, 38.52055], [113.60639, 38.64555], [113.70319, 38.65468], [113.70691, 38.70866], [113.75643, 38.70071], [113.79636, 38.76263], [113.83312, 38.75779], [113.84913, 38.82835], [113.76956, 38.88489], [113.77009, 38.98614], [114.03681, 39.13631], [114.12003, 39.04986], [114.19057, 39.04949], [114.28452, 39.12312], [114.52534, 38.99554], [114.51885, 38.91487], [114.48838, 38.91246], [114.51985, 38.77544], [114.42926, 38.75172], [114.41267, 38.70137], [114.50243, 38.66968], [114.65837, 38.4758], [114.81037, 38.48869], [114.82647, 38.44097], [114.92001, 38.36892], [114.86998, 38.25462], [115.06749, 38.29237], [115.12334, 38.25883], [115.08723, 38.12409], [115.20212, 38.12834]]]}}, {"type": "Feature", "properties": {"SYS_ID": "2077", "NAME_PY": "Tianjin Fu", "NAME_CH": "天津府", "NAME_FT": "天津府", "X_COORD": 117.17709, "Y_COORD": 38.50311}, "geometry": {"type": "Polygon", "coordinates": [[[117.56628, 38.05987], [117.53372, 38.01075], [117.5639, 37.95049], [117.52293, 37.93161], [117.60058, 37.83955], [117.52382, 37.77035], [117.53767, 37.70831], [117.46911, 37.64881], [117.35754, 37.64869], [117.36221, 37.69238], [117.29937, 37.75086], [117.34113, 37.8364], [117.31605, 37.85541], [116.88144, 37.84293], [116.68492, 37.783], [116.69992, 37.84154], [116.81637, 37.95837], [116.70898, 37.97716], [116.64854, 38.02757], [116.55302, 38.01837], [116.58619, 38.10786], [116.72122, 38.15939], [116.76388, 38.20613], [116.59131, 38.2803], [116.62706, 38.45456], [116.58794, 38.47785], [116.68382, 38.61434], [116.76536, 38.64425], [116.73838, 38.69953], [116.75896, 38.9747], [116.85963, 39.0747], [116.86456, 39.16485], [116.95084, 39.14852], [117.00425, 39.28332], [117.15708, 39.30624], [117.23359, 39.35781], [117.30946, 39.33355], [117.29994, 39.28768], [117.35205, 39.25046], [117.46772, 39.018], [117.58752, 38.98653], [117.63049, 39.02121], [117.71782, 38.97322], [117.59956, 38.83548], [117.53073, 38.69287], [117.55357, 38.68255], [117.54525, 38.61194], [117.70388, 38.3806], [117.80528, 38.29405], [117.76752, 38.26092], [117.73533, 38.2885], [117.75042, 38.2485], [117.7019, 38.23781], [117.72085, 38.2052], [117.67046, 38.14184], [117.54229, 38.16121], [117.56628, 38.05987]]]}}, {"type": "Feature", "properties": {"SYS_ID": "2061", "NAME_PY": "Shuntian Fu", "NAME_CH": "顺天府", "NAME_FT": "順天府", "X_COORD": 116.64128, "Y_COORD": 39.60267}, "geometry": {"type": "Polygon", "coordinates": [[[117.729, 39.5436], [117.8658, 39.59861], [117.93295, 39.57618], [117.86926, 39.44842], [117.87521, 39.32809], [117.95204, 39.30144], [117.93836, 39.21614], [117.72476, 39.1056], [117.7328, 39.02043], [117.77051, 38.98563], [117.6214, 39.02249], [117.58752, 38.98653], [117.46772, 39.018], [117.35205, 39.25046], [117.29994, 39.28768], [117.30946, 39.33355], [117.23359, 39.35781], [117.15708, 39.30624], [117.00425, 39.28332], [116.95084, 39.14852], [116.86456, 39.16485], [116.85963, 39.0747], [116.75896, 38.9747], [116.73838, 38.69953], [116.76536, 38.64425], [116.68382, 38.61434], [116.58794, 38.47785], [116.56799, 38.57336], [116.49975, 38.66219], [116.49805, 38.71133], [116.53783, 38.75517], [116.33226, 38.806], [116.35025, 38.92187], [116.26549, 39.01154], [116.32095, 39.06399], [116.20532, 39.15625], [116.18005, 39.22133], [116.19221, 39.35017], [115.83281, 39.38087], [115.76169, 39.4417], [115.75011, 39.51173], [115.65942, 39.63008], [115.48547, 39.66179], [115.48054, 39.74736], [115.33078, 39.82713], [115.4001, 39.91046], [115.44082, 40.02623], [115.61946, 40.11689], [115.62981, 40.18295], [115.75298, 40.16584], [115.79928, 40.25686], [116.12439, 40.24567], [116.14455, 40.35977], [116.40776, 40.45281], [116.6227, 40.42186], [116.72387, 40.45827], [116.79715, 40.53012], [116.82466, 40.64436], [116.91704, 40.72748], [117.00026, 40.676], [117.07713, 40.66903], [117.14066, 40.7018], [117.30599, 40.6539], [117.48824, 40.67079], [117.49522, 40.63677], [117.43861, 40.65189], [117.42076, 40.6269], [117.43774, 40.57807], [117.29976, 40.57733], [117.23534, 40.54647], [117.24664, 40.51439], [117.1994, 40.50579], [117.23851, 40.3476], [117.20104, 40.32801], [117.20296, 40.26987], [117.2562, 40.24194], [117.31976, 40.26359], [117.36391, 40.22696], [117.45609, 40.24173], [117.64208, 40.13205], [117.62436, 40.01929], [117.60307, 39.9879], [117.54587, 39.98642], [117.51424, 39.88343], [117.55526, 39.82198], [117.54871, 39.77264], [117.59592, 39.74182], [117.57867, 39.72524], [117.66631, 39.66584], [117.61936, 39.59631], [117.74114, 39.57706], [117.729, 39.5436]]]}}, {"type": "Feature", "properties": {"SYS_ID": "2067", "NAME_PY": "Yi Zhou", "NAME_CH": "易州", "NAME_FT": "易州", "X_COORD": 115.08774, "Y_COORD": 39.40385}, "geometry": {"type": "Polygon", "coordinates": [[[115.63091, 39.30836], [115.52742, 39.21836], [115.5191, 39.165], [115.37441, 39.14894], [115.32179, 39.09835], [115.32535, 39.04983], [115.23191, 39.04985], [115.16633, 38.99065], [114.98166, 39.01669], [114.92905, 39.11633], [114.84618, 39.09987], [114.69793, 39.15232], [114.63648, 39.14897], [114.46176, 39.03533], [114.33937, 39.08406], [114.37335, 39.16775], [114.45319, 39.2106], [114.40784, 39.24097], [114.41177, 39.2971], [114.53638, 39.50409], [114.53865, 39.55951], [114.63123, 39.56163], [114.64899, 39.5982], [114.69886, 39.59022], [114.71766, 39.61901], [114.83432, 39.59922], [115.04366, 39.70792], [115.13667, 39.68723], [115.27255, 39.75157], [115.32966, 39.81705], [115.48054, 39.74736], [115.48547, 39.66179], [115.65942, 39.63008], [115.75011, 39.51173], [115.76169, 39.4417], [115.83281, 39.38087], [115.83109, 39.35453], [115.70282, 39.29905], [115.63091, 39.30836]]]}}, {"type": "Feature", "properties": {"SYS_ID": "2066", "NAME_PY": "Xuanhua Fu", "NAME_CH": "宣化府", "NAME_FT": "宣化府", "X_COORD": 115.28405, "Y_COORD": 40.46165}, "geometry": {"type": "Polygon", "coordinates": [[[116.12439, 40.24567], [115.79928, 40.25686], [115.75298, 40.16584], [115.62981, 40.18295], [115.61946, 40.11689], [115.44082, 40.02623], [115.4001, 39.91046], [115.27255, 39.75157], [115.13667, 39.68723], [115.03509, 39.7058], [114.83432, 39.59922], [114.71058, 39.61757], [114.63123, 39.56163], [114.53865, 39.55951], [114.48954, 39.60702], [114.42576, 39.61315], [114.40118, 39.73438], [114.4318, 39.79242], [114.39154, 39.86174], [114.22418, 39.86371], [114.1036, 39.91031], [114.0667, 40.02074], [114.06175, 40.17897], [114.21792, 40.19186], [114.24316, 40.23328], [114.35602, 40.24875], [114.27329, 40.42889], [114.27647, 40.58946], [114.19527, 40.6251], [114.12786, 40.73576], [114.19638, 40.75961], [114.35311, 40.73212], [114.38244, 40.78906], [114.36705, 40.85789], [114.43678, 40.9365], [114.67426, 41.01343], [114.7897, 40.98479], [114.824, 40.85166], [115.03272, 40.80395], [115.09767, 40.82276], [115.21884, 40.78325], [115.40782, 40.7799], [115.44569, 40.86527], [115.50285, 40.90872], [115.47469, 40.97937], [115.52091, 41.1422], [115.48788, 41.21944], [115.70506, 41.36377], [115.78471, 41.31753], [115.92213, 41.14352], [115.91925, 41.08233], [115.97251, 41.05432], [116.0324, 40.93086], [116.10572, 40.86583], [116.09863, 40.81428], [116.16979, 40.70991], [116.36689, 40.70613], [116.42334, 40.67133], [116.48472, 40.59691], [116.45702, 40.51771], [116.5108, 40.48487], [116.50067, 40.45784], [116.14455, 40.35977], [116.12439, 40.24567]]]}}, {"type": "Feature", "properties": {"SYS_ID": "2071", "NAME_PY": "Zunhua Zhou", "NAME_CH": "遵化州", "NAME_FT": "遵化州", "X_COORD": 118.00886, "Y_COORD": 39.86503}, "geometry": {"type": "Polygon", "coordinates": [[[117.93836, 39.21614], [117.95204, 39.30144], [117.87521, 39.32809], [117.86926, 39.44842], [117.93295, 39.57618], [117.8292, 39.59235], [117.7548, 39.53724], [117.729, 39.5436], [117.74114, 39.57706], [117.61936, 39.59631], [117.66631, 39.66584], [117.57867, 39.72524], [117.59592, 39.74182], [117.54871, 39.77264], [117.55526, 39.82198], [117.51328, 39.89282], [117.54587, 39.98642], [117.60307, 39.9879], [117.62436, 40.01929], [117.64729, 40.12286], [117.49548, 40.21378], [117.57767, 40.29324], [117.6301, 40.48141], [117.8791, 40.56911], [117.90826, 40.48972], [118.14411, 40.32408], [118.16799, 40.17165], [118.22851, 40.11575], [118.20538, 40.05905], [118.27641, 40.06018], [118.29586, 40.01504], [118.44973, 39.97634], [118.45961, 39.8974], [118.28759, 39.88519], [118.19236, 39.75317], [118.19753, 39.73065], [118.2716, 39.73595], [118.26557, 39.68892], [118.13401, 39.67853], [118.14671, 39.65186], [118.24835, 39.64062], [118.16393, 39.57647], [118.15446, 39.53327], [118.38013, 39.49948], [118.52225, 39.4094], [118.40942, 39.35973], [118.38013, 39.16168], [118.06935, 39.23182], [117.93836, 39.21614]]]}}, {"type": "Feature", "properties": {"SYS_ID": "2072", "NAME_PY": "Yongping Fu", "NAME_CH": "永平府", "NAME_FT": "永平府", "X_COORD": 119.05536, "Y_COORD": 39.93219}, "geometry": {"type": "Polygon", "coordinates": [[[119.40151, 39.78723], [119.29343, 39.58752], [119.25137, 39.59076], [119.21665, 39.56546], [119.28137, 39.57832], [119.24703, 39.46685], [119.30298, 39.41383], [119.18859, 39.39159], [119.02089, 39.20589], [118.90379, 39.17489], [118.88042, 39.18431], [118.89735, 39.21874], [118.86055, 39.17295], [118.77525, 39.14779], [118.7083, 39.15863], [118.69266, 39.19896], [118.38013, 39.16168], [118.40942, 39.35973], [118.52225, 39.4094], [118.38013, 39.49948], [118.15446, 39.53327], [118.16393, 39.57647], [118.24835, 39.64062], [118.13206, 39.66707], [118.16376, 39.69971], [118.26557, 39.68892], [118.2716, 39.73595], [118.19753, 39.73065], [118.19236, 39.75317], [118.28759, 39.88519], [118.45961, 39.8974], [118.44973, 39.97634], [118.29586, 40.01504], [118.27641, 40.06018], [118.20538, 40.05905], [118.22851, 40.11575], [118.16799, 40.17165], [118.14411, 40.32408], [117.92862, 40.47519], [118.06339, 40.55449], [118.09743, 40.67797], [118.17907, 40.66291], [118.16531, 40.62765], [118.26887, 40.59152], [118.45708, 40.56347], [118.68247, 40.656], [118.82457, 40.66163], [118.95499, 40.71658], [119.04976, 40.66073], [119.16987, 40.68856], [119.14357, 40.60046], [119.22457, 40.6024], [119.21436, 40.56766], [119.27029, 40.53359], [119.53701, 40.54929], [119.56709, 40.53726], [119.54495, 40.50813], [119.56587, 40.48698], [119.8463, 40.46335], [119.9196, 40.51935], [120.07719, 40.55965], [120.05935, 40.60393], [120.12621, 40.62899], [120.12843, 40.69407], [120.18211, 40.7001], [120.11759, 40.55979], [120.0476, 40.49605], [119.92702, 40.45342], [119.90401, 40.39278], [119.79, 40.32901], [119.84461, 40.11282], [119.83832, 39.99118], [119.55515, 39.90213], [119.50993, 39.83873], [119.53291, 39.81182], [119.40151, 39.78723]]]}}, {"type": "Feature", "properties": {"SYS_ID": "2082", "NAME_PY": "Jinzhou Fu", "NAME_CH": "锦州府", "NAME_FT": "錦州府", "X_COORD": 120.83924, "Y_COORD": 41.06531}, "geometry": {"type": "MultiPolygon", "coordinates": [[[[119.83832, 39.99118], [119.84461, 40.11282], [119.79, 40.32901], [119.90401, 40.39278], [119.92702, 40.45342], [120.0476, 40.49605], [120.11759, 40.55979], [120.18211, 40.7001], [120.30927, 40.74049], [120.58617, 40.96392], [120.71613, 41.2933], [120.94195, 41.56656], [121.17999, 41.65894], [121.28617, 41.75988], [121.82855, 41.78031], [122.15664, 42.04467], [122.41382, 42.13981], [122.51349, 41.91455], [122.57367, 41.90443], [122.72622, 41.79019], [122.73738, 41.70058], [122.67162, 41.65727], [122.69646, 41.56594], [122.62262, 41.52191], [122.65186, 41.34565], [122.50028, 41.26138], [122.52166, 41.12704], [122.50813, 41.0892], [122.43866, 41.07254], [122.37335, 40.95074], [122.36054, 40.76984], [122.19665, 40.83803], [122.11155, 40.82839], [122.12495, 40.89174], [122.04198, 40.92204], [121.98395, 40.99437], [122.01183, 41.18878], [122.13092, 41.22198], [122.16737, 41.20476], [122.23245, 41.24902], [122.26965, 41.35121], [122.25573, 41.42121], [122.0183, 41.54237], [121.86626, 41.41889], [121.56042, 41.25139], [121.32179, 41.18658], [121.17062, 41.0922], [121.03996, 41.06048], [121.02195, 41.0444], [121.06084, 40.99691], [121.18074, 40.92955], [121.09457, 40.87335], [121.08994, 40.82467], [121.02007, 40.82577], [121.00404, 40.86583], [121.00122, 40.8291], [120.96178, 40.81377], [120.98809, 40.78417], [120.92889, 40.76431], [120.93104, 40.72515], [121.02527, 40.71354], [120.8341, 40.68069], [120.79671, 40.59928], [120.68287, 40.54657], [120.65869, 40.48165], [120.58984, 40.46461], [120.58515, 40.41225], [120.54231, 40.41682], [120.53117, 40.37738], [120.5945, 40.36201], [120.5017, 40.32308], [120.50056, 40.27423], [120.45453, 40.23912], [120.31859, 40.21045], [120.22982, 40.146], [119.83832, 39.99118]]], [[[120.78719, 40.4705], [120.80766, 40.52431], [120.84224, 40.49747], [120.83813, 40.48547], [120.78719, 40.4705]]]]}}, {"type": "Feature", "properties": {"SYS_ID": "2064", "NAME_PY": "Chengde Fu", "NAME_CH": "承德府", "NAME_FT": "承德府", "X_COORD": 119.22047, "Y_COORD": 42.51338}, "geometry": {"type": "Polygon", "coordinates": [[[121.83393, 43.07857], [121.84509, 42.96285], [121.94563, 42.82312], [121.95202, 42.75755], [122.03764, 42.71043], [121.93098, 42.68454], [121.89798, 42.57213], [121.77657, 42.49607], [121.73621, 42.36846], [121.75761, 42.33155], [121.8729, 42.21745], [122.08659, 42.22663], [122.31808, 42.29672], [122.3939, 42.2575], [122.37225, 42.19505], [122.42677, 42.13942], [122.15664, 42.04467], [121.82855, 41.78031], [121.28617, 41.75988], [121.17999, 41.65894], [120.94195, 41.56656], [120.71613, 41.2933], [120.58617, 40.96392], [120.30927, 40.74049], [120.12843, 40.69407], [120.12621, 40.62899], [120.05935, 40.60393], [120.07719, 40.55965], [119.9196, 40.51935], [119.86603, 40.46657], [119.56587, 40.48698], [119.54495, 40.50813], [119.56709, 40.53726], [119.53701, 40.54929], [119.27029, 40.53359], [119.21436, 40.56766], [119.22457, 40.6024], [119.14357, 40.60046], [119.16987, 40.68856], [119.04976, 40.66073], [118.95499, 40.71658], [118.82457, 40.66163], [118.68247, 40.656], [118.45708, 40.56347], [118.26887, 40.59152], [118.16531, 40.62765], [118.17907, 40.66291], [118.09743, 40.67797], [118.07899, 40.57362], [117.98279, 40.4918], [117.90826, 40.48972], [117.8791, 40.56911], [117.6301, 40.48141], [117.57767, 40.29324], [117.49548, 40.21378], [117.44477, 40.24478], [117.35019, 40.2291], [117.31678, 40.26429], [117.20882, 40.25634], [117.20104, 40.32801], [117.23851, 40.3476], [117.19509, 40.4969], [117.29976, 40.57733], [117.43774, 40.57807], [117.42416, 40.63282], [117.49522, 40.63677], [117.496, 40.66534], [117.30599, 40.6539], [117.14066, 40.7018], [117.07713, 40.66903], [117.00026, 40.676], [116.91704, 40.72748], [116.82466, 40.64436], [116.79715, 40.53012], [116.72387, 40.45827], [116.56726, 40.42866], [116.50217, 40.45556], [116.50568, 40.49722], [116.4567, 40.53038], [116.48684, 40.57871], [116.45815, 40.63452], [116.56837, 40.70902], [116.50059, 40.8515], [116.56025, 40.95136], [116.49963, 41.0077], [116.34648, 41.06595], [116.15607, 41.35478], [116.1807, 41.5045], [116.01776, 41.67585], [116.06391, 41.81263], [116.1898, 41.86246], [116.21167, 41.92972], [116.36278, 42.00184], [116.45908, 41.9948], [116.54701, 41.92567], [116.853, 41.87667], [116.99601, 41.82095], [116.93045, 41.96352], [116.98669, 42.0387], [116.95327, 42.13402], [117.02177, 42.22991], [116.88802, 42.32429], [116.88191, 42.38693], [117.08651, 42.48178], [117.39614, 42.4645], [117.51872, 42.60611], [117.63639, 42.58038], [117.75076, 42.60877], [118.02265, 42.96665], [118.05955, 43.07378], [118.00124, 43.44803], [117.81705, 43.69462], [117.54978, 43.86862], [117.51211, 43.96768], [117.52883, 44.0247], [117.62714, 44.07096], [117.88472, 44.11532], [118.15992, 44.26024], [118.84876, 44.52284], [119.04476, 44.63939], [119.20424, 44.79857], [119.23235, 44.81299], [119.27773, 44.80803], [119.39046, 44.70036], [119.59751, 44.62638], [119.61268, 44.52977], [119.55221, 44.40482], [119.55537, 44.33072], [119.58236, 44.20242], [119.64434, 44.11408], [119.69126, 43.8711], [119.86798, 43.71775], [119.86243, 43.68635], [119.93342, 43.65541], [119.95831, 43.59024], [120.01099, 43.57022], [120.06874, 43.38973], [120.62803, 43.36273], [120.68025, 43.37076], [120.80933, 43.47273], [120.93945, 43.50943], [121.33314, 43.53969], [121.47234, 43.48576], [121.68572, 43.23887], [121.77833, 43.17685], [121.83393, 43.07857]]]}}, {"type": "Feature", "properties": {"SYS_ID": "2065", "NAME_PY": "Koubeisanting", "NAME_CH": "口北三厅", "NAME_FT": "口北三廳", "X_COORD": 114.94066, "Y_COORD": 41.9668}, "geometry": {"type": "Polygon", "coordinates": [[[116.86006, 42.46117], [116.88802, 42.32429], [117.02177, 42.22991], [116.95327, 42.13402], [116.98669, 42.0387], [116.93045, 41.96352], [116.99601, 41.82095], [116.853, 41.87667], [116.54701, 41.92567], [116.45908, 41.9948], [116.36278, 42.00184], [116.21167, 41.92972], [116.1898, 41.86246], [116.06391, 41.81263], [116.01565, 41.72171], [116.02891, 41.65633], [116.1807, 41.5045], [116.15607, 41.35478], [116.22146, 41.2367], [116.36608, 41.04865], [116.49963, 41.0077], [116.56025, 40.95136], [116.50059, 40.8515], [116.56837, 40.70902], [116.45815, 40.63452], [116.36689, 40.70613], [116.16979, 40.70991], [116.09863, 40.81428], [116.10572, 40.86583], [116.0324, 40.93086], [115.97251, 41.05432], [115.91925, 41.08233], [115.92213, 41.14352], [115.72207, 41.36438], [115.48788, 41.21944], [115.52091, 41.1422], [115.47469, 40.97937], [115.50285, 40.90872], [115.44569, 40.86527], [115.40782, 40.7799], [115.21884, 40.78325], [115.09767, 40.82276], [115.03272, 40.80395], [114.824, 40.85166], [114.7897, 40.98479], [114.67426, 41.01343], [114.43678, 40.9365], [114.36705, 40.85789], [114.38244, 40.78906], [114.35311, 40.73212], [114.19638, 40.75961], [114.12786, 40.73576], [114.03608, 40.8248], [114.06666, 40.85564], [113.96631, 40.98146], [113.85381, 41.07297], [113.80101, 41.10419], [113.54326, 41.12443], [113.46545, 41.22494], [113.44597, 41.39074], [113.34077, 41.47446], [113.17951, 41.69962], [112.99558, 41.81253], [112.85955, 41.83275], [113.28527, 42.2899], [113.8293, 42.43418], [114.07392, 42.41937], [114.95306, 43.00748], [115.11057, 43.02068], [115.18692, 42.95141], [115.26607, 42.94529], [115.43465, 43.08963], [115.76332, 43.1377], [115.97183, 43.29658], [116.27991, 43.24568], [116.4172, 43.26463], [116.33599, 43.13988], [116.69994, 42.86813], [116.654, 42.64792], [116.86006, 42.46117]]]}}, {"type": "Feature", "properties": {"SYS_ID": "1815", "NAME_PY": "Datong Fu", "NAME_CH": "大同府", "NAME_FT": "大同府", "X_COORD": 113.45421, "Y_COORD": 40.44855}, "geometry": {"type": "Polygon", "coordinates": [[[114.03608, 40.8248], [114.19527, 40.6251], [114.27647, 40.58946], [114.27328, 40.42889], [114.35602, 40.24875], [114.24316, 40.23328], [114.21792, 40.19186], [114.06175, 40.17897], [114.0667, 40.02074], [114.1036, 39.91031], [114.22418, 39.86371], [114.38638, 39.86717], [114.4318, 39.79242], [114.40413, 39.76509], [114.40163, 39.65063], [114.54438, 39.55316], [114.41177, 39.2971], [114.40784, 39.24097], [114.45451, 39.21909], [114.434, 39.18245], [114.37335, 39.16775], [114.34138, 39.08146], [114.27396, 39.12183], [114.18327, 39.04733], [114.10207, 39.0512], [114.04421, 39.13483], [113.95959, 39.09848], [113.93266, 39.13993], [113.94998, 39.24734], [113.91002, 39.31486], [113.82113, 39.35907], [113.73755, 39.46687], [113.54875, 39.50391], [113.39366, 39.47762], [113.21835, 39.35314], [112.93025, 39.27749], [112.6918, 39.15281], [112.74672, 39.29563], [112.73564, 39.4002], [112.55711, 39.59353], [112.45352, 39.60139], [112.44708, 39.64946], [112.49043, 39.68787], [112.69975, 39.73779], [112.80064, 39.84564], [112.97054, 39.93716], [113.02154, 40.01288], [113.03667, 40.13375], [112.9786, 40.25731], [112.98267, 40.36465], [112.87145, 40.62294], [112.91988, 40.78974], [112.81405, 41.01639], [112.51453, 41.3286], [112.36305, 41.4385], [112.4373, 41.64905], [112.81496, 41.84716], [113.08427, 41.77358], [113.44597, 41.39074], [113.46545, 41.22494], [113.54326, 41.12443], [113.80101, 41.10419], [113.85381, 41.07297], [113.96631, 40.98146], [114.06666, 40.85564], [114.03608, 40.8248]]]}}, {"type": "Feature", "properties": {"SYS_ID": "1816", "NAME_PY": "Dai Zhou", "NAME_CH": "代州", "NAME_FT": "代州", "X_COORD": 113.12992, "Y_COORD": 38.98009}, "geometry": {"type": "Polygon", "coordinates": [[[112.56598, 39.06308], [112.93025, 39.27749], [113.21835, 39.35314], [113.32591, 39.44497], [113.48822, 39.50259], [113.73755, 39.46687], [113.94998, 39.24734], [113.93266, 39.13993], [113.95539, 39.10007], [113.76231, 38.96933], [113.76956, 38.88489], [113.84913, 38.82835], [113.83312, 38.75779], [113.79636, 38.76263], [113.75643, 38.70071], [113.70691, 38.70866], [113.70319, 38.65468], [113.60639, 38.64555], [113.59993, 38.5923], [113.5555, 38.55783], [113.55484, 38.48529], [113.44924, 38.51439], [113.20227, 38.45791], [113.14621, 38.48196], [113.10829, 38.57251], [112.98072, 38.65891], [112.56456, 38.65578], [112.4328, 38.67994], [112.39541, 38.73691], [112.32938, 38.73472], [112.31412, 38.83971], [112.5164, 38.96465], [112.56598, 39.06308]]]}}, {"type": "Feature", "properties": {"SYS_ID": "1817", "NAME_PY": "Pingding Zhou", "NAME_CH": "平定州", "NAME_FT": "平定州", "X_COORD": 113.51497, "Y_COORD": 37.93832}, "geometry": {"type": "Polygon", "coordinates": [[[113.44924, 38.51439], [113.57661, 38.45932], [113.51879, 38.38246], [113.56385, 38.23696], [113.82755, 38.15828], [113.80961, 38.11452], [113.87309, 38.06342], [113.87419, 37.99459], [113.93033, 37.92267], [114.0, 37.9], [114.05162, 37.82487], [114.20258, 37.81781], [114.20491, 37.77707], [114.14312, 37.72556], [114.1119, 37.58974], [113.9609, 37.38405], [113.78367, 37.3694], [113.68415, 37.4629], [113.60469, 37.43213], [113.39982, 37.48115], [113.36125, 37.50625], [113.37391, 37.55827], [113.17675, 37.60467], [113.0593, 37.58049], [112.97246, 37.68054], [112.94496, 37.81622], [112.83112, 37.89754], [112.83163, 38.03437], [113.01474, 38.22533], [113.0418, 38.33861], [113.13969, 38.42108], [113.14621, 38.48196], [113.24141, 38.45626], [113.44924, 38.51439]]]}}, {"type": "Feature", "properties": {"SYS_ID": "1966", "NAME_PY": "Zhangde Fu", "NAME_CH": "彰德府", "NAME_FT": "彰德府", "X_COORD": 113.87022, "Y_COORD": 36.34439}, "geometry": {"type": "Polygon", "coordinates": [[[113.78857, 36.99459], [113.87774, 37.01062], [114.02187, 36.88081], [114.1106, 36.84324], [114.36171, 36.85041], [114.38412, 36.82019], [114.28587, 36.54183], [114.09137, 36.5633], [114.05639, 36.50413], [113.97872, 36.49135], [113.90278, 36.37771], [114.01745, 36.35121], [114.06178, 36.27267], [114.24789, 36.26489], [114.29314, 36.2378], [114.34244, 36.23754], [114.44921, 36.36593], [114.53945, 36.3946], [114.58228, 36.3545], [114.71335, 36.34015], [114.74792, 36.2942], [114.74599, 36.14395], [114.89552, 36.13473], [114.89459, 36.0602], [114.97718, 35.98078], [114.9622, 35.88631], [114.91035, 35.81539], [114.85534, 35.80082], [114.64145, 35.84848], [114.20428, 35.74042], [114.06749, 35.80236], [113.98903, 35.70054], [113.89887, 35.67401], [113.79092, 35.67591], [113.75885, 35.78891], [113.63505, 35.82276], [113.63164, 35.98867], [113.69307, 36.0], [113.6542, 36.03483], [113.67841, 36.06402], [113.64716, 36.12342], [113.69953, 36.13724], [113.65091, 36.16582], [113.69077, 36.18162], [113.66568, 36.20015], [113.69588, 36.20885], [113.72526, 36.37258], [113.70201, 36.42331], [113.5486, 36.49606], [113.58189, 36.56276], [113.53337, 36.59403], [113.53793, 36.6234], [113.4725, 36.64039], [113.50053, 36.70464], [113.4587, 36.70745], [113.57607, 36.75785], [113.62339, 36.67588], [113.77079, 36.73542], [113.78764, 36.88178], [113.75525, 36.95567], [113.78857, 36.99459]]]}}, {"type": "Feature", "properties": {"SYS_ID": "2040", "NAME_PY": "Linqing Zhou", "NAME_CH": "临清州", "NAME_FT": "臨清州", "X_COORD": 115.99087, "Y_COORD": 36.99622}, "geometry": {"type": "Polygon", "coordinates": [[[115.54384, 36.93792], [115.7626, 36.92496], [115.77536, 36.99245], [115.8496, 37.05636], [115.76406, 37.14098], [115.77551, 37.31781], [115.99388, 37.33818], [116.00746, 37.14348], [116.20531, 36.97906], [116.11711, 36.91396], [115.89523, 36.90364], [115.79221, 36.85276], [115.77046, 36.73125], [115.69839, 36.69423], [115.62304, 36.70139], [115.59848, 36.77612], [115.39173, 36.76381], [115.20429, 36.65425], [115.12108, 36.70065], [115.1164, 36.75443], [115.07431, 36.78214], [115.07431, 36.88602], [115.12567, 36.88867], [115.18013, 36.81218], [115.31432, 36.75873], [115.32042, 36.86914], [115.54384, 36.93792]]]}}, {"type": "Feature", "properties": {"SYS_ID": "2042", "NAME_PY": "Dongchang Fu", "NAME_CH": "东昌府", "NAME_FT": "東昌府", "X_COORD": 115.81486, "Y_COORD": 36.75013}, "geometry": {"type": "Polygon", "coordinates": [[[115.11302, 36.49296], [115.1816, 36.55108], [115.20516, 36.65869], [115.39173, 36.76381], [115.59848, 36.77612], [115.62304, 36.70139], [115.72753, 36.69931], [115.77046, 36.73125], [115.79221, 36.85276], [115.89523, 36.90364], [116.11711, 36.91396], [116.19661, 36.9612], [116.20291, 36.99968], [116.10226, 37.04795], [116.00746, 37.14348], [115.99388, 37.33818], [116.15883, 37.37847], [116.23389, 37.35826], [116.28, 37.39931], [116.26089, 37.30534], [116.36022, 37.209], [116.36579, 37.13535], [116.2655, 37.03032], [116.43627, 36.9654], [116.45436, 36.90225], [116.40177, 36.83939], [116.40133, 36.74714], [116.43968, 36.60386], [116.5167, 36.51876], [116.43991, 36.51971], [116.30644, 36.41627], [116.22857, 36.42668], [116.19964, 36.34935], [116.06394, 36.30133], [115.93493, 36.32688], [115.91524, 36.3754], [115.8724, 36.36847], [115.61352, 36.10095], [115.52735, 36.27682], [115.46841, 36.24982], [115.41598, 36.32359], [115.35504, 36.31123], [115.33995, 36.38991], [115.29388, 36.41213], [115.30178, 36.46502], [115.22223, 36.45247], [115.11302, 36.49296]]]}}, {"type": "Feature", "properties": {"SYS_ID": "2035", "NAME_PY": "Wuding Fu", "NAME_CH": "武定府", "NAME_FT": "武定府", "X_COORD": 117.88362, "Y_COORD": 37.67332}, "geometry": {"type": "Polygon", "coordinates": [[[116.94051, 37.83876], [117.31605, 37.85541], [117.34113, 37.8364], [117.29937, 37.75086], [117.36221, 37.69238], [117.35754, 37.64869], [117.47726, 37.65259], [117.53767, 37.70831], [117.51933, 37.76377], [117.60058, 37.83955], [117.52293, 37.93161], [117.56463, 37.95666], [117.53372, 38.01075], [117.56634, 38.05985], [117.53567, 38.15272], [117.58533, 38.171], [117.65656, 38.13561], [117.76984, 38.23031], [117.9039, 38.06408], [118.03399, 37.96823], [118.03523, 37.92995], [118.0021, 37.91704], [118.00209, 37.84126], [118.06373, 37.96039], [118.13075, 37.94271], [118.25488, 37.99098], [118.33698, 37.97564], [118.48756, 37.86941], [118.41288, 37.7253], [118.56147, 37.88024], [118.70358, 37.78333], [118.82948, 37.58691], [118.63152, 37.55193], [118.57089, 37.48247], [118.48681, 37.49756], [118.41177, 37.47111], [118.27027, 37.28238], [117.87202, 37.19722], [117.76496, 37.12388], [117.52494, 37.15004], [117.43255, 37.23828], [117.26765, 37.18637], [117.2038, 37.12419], [117.11695, 37.16156], [117.0075, 37.14788], [116.97828, 37.19185], [117.16123, 37.50502], [116.99428, 37.60686], [117.00935, 37.66051], [116.94051, 37.83876]]]}}, {"type": "Feature", "properties": {"SYS_ID": "2041", "NAME_PY": "Jinan Fu", "NAME_CH": "济南府", "NAME_FT": "濟南府", "X_COORD": 117.19789, "Y_COORD": 36.96831}, "geometry": {"type": "Polygon", "coordinates": [[[116.241, 37.48481], [116.29557, 37.48945], [116.28316, 37.54535], [116.37077, 37.6188], [116.38263, 37.68411], [116.41452, 37.64163], [116.37474, 37.52276], [116.45107, 37.46463], [116.69201, 37.58251], [116.76376, 37.54548], [116.81409, 37.56128], [116.82305, 37.6015], [116.88723, 37.61508], [116.91576, 37.57017], [116.99428, 37.60686], [117.16123, 37.50502], [117.01379, 37.26936], [116.98793, 37.15483], [117.11695, 37.16156], [117.2038, 37.12419], [117.26765, 37.18637], [117.43255, 37.23828], [117.52494, 37.15004], [117.70972, 37.11632], [117.82341, 37.16619], [117.87194, 37.09131], [118.02042, 37.07532], [118.17138, 36.937], [118.15281, 36.86665], [118.08163, 36.80567], [118.10145, 36.61882], [118.04529, 36.56984], [117.77848, 36.52042], [117.75198, 36.55967], [117.67871, 36.57833], [117.43718, 36.45907], [117.30803, 36.49249], [117.2363, 36.34715], [117.11969, 36.34437], [117.08335, 36.28418], [116.9892, 36.25277], [116.78394, 36.31792], [116.68108, 36.31348], [116.60638, 36.47467], [116.50001, 36.52883], [116.42909, 36.62509], [116.39761, 36.82235], [116.45436, 36.90225], [116.43627, 36.9654], [116.2655, 37.03032], [116.27643, 37.06887], [116.36153, 37.122], [116.36612, 37.19435], [116.30967, 37.2391], [116.30563, 37.2877], [116.26089, 37.30534], [116.2838, 37.38022], [116.2243, 37.43058], [116.241, 37.48481]]]}}, {"type": "Feature", "properties": {"SYS_ID": "1972", "NAME_PY": "Weihui Fu", "NAME_CH": "卫辉府", "NAME_FT": "衛輝府", "X_COORD": 114.42505, "Y_COORD": 35.2396}, "geometry": {"type": "MultiPolygon", "coordinates": [[[[113.56908, 35.81784], [113.75885, 35.78891], [113.79092, 35.67591], [113.89887, 35.67401], [113.98903, 35.70054], [114.06749, 35.80236], [114.20428, 35.74042], [114.3896, 35.80215], [114.6806, 35.84057], [114.68009, 35.79802], [114.74064, 35.75375], [114.91709, 35.67714], [114.87387, 35.61726], [114.95749, 35.57253], [114.97884, 35.42678], [114.94521, 35.3916], [114.96894, 35.3585], [114.91885, 35.34441], [114.87469, 35.27602], [114.62019, 35.30403], [114.47851, 35.20974], [114.62543, 35.11959], [114.75704, 34.97806], [114.47549, 34.98387], [114.29763, 35.05186], [114.24449, 34.99044], [114.30954, 34.93366], [114.20278, 34.90457], [114.13052, 34.97793], [114.2046, 35.02001], [114.22319, 35.09261], [113.92212, 35.19448], [113.83016, 35.15685], [113.76827, 35.08053], [113.60392, 35.05098], [113.52705, 35.14927], [113.51386, 35.26421], [113.38967, 35.46435], [113.4006, 35.51214], [113.49055, 35.53055], [113.54446, 35.64771], [113.6186, 35.63657], [113.56908, 35.81784]]], [[[114.90791, 34.97755], [115.10863, 35.011], [115.15821, 34.9547], [115.2118, 34.9583], [115.19188, 34.92186], [115.24947, 34.91028], [115.24113, 34.85489], [115.29288, 34.86913], [115.42667, 34.79427], [115.45944, 34.6405], [115.07145, 34.70783], [114.92354, 34.88031], [114.90791, 34.97755]]]]}}, {"type": "Feature", "properties": {"SYS_ID": "1969", "NAME_PY": "Kaifeng Fu", "NAME_CH": "开封府", "NAME_FT": "開封府", "X_COORD": 114.06059, "Y_COORD": 34.41684}, "geometry": {"type": "Polygon", "coordinates": [[[113.64857, 35.04184], [113.68176, 35.0115], [113.65461, 34.91214], [113.8808, 34.87996], [113.94358, 34.88513], [114.06158, 34.9757], [114.20278, 34.90457], [114.30954, 34.93366], [114.24449, 34.99044], [114.27078, 35.04829], [114.47549, 34.98387], [114.75704, 34.97806], [114.86268, 35.02023], [114.90791, 34.97755], [114.92354, 34.88031], [115.02935, 34.75419], [114.96718, 34.73159], [114.94116, 34.64363], [114.87248, 34.59909], [114.89819, 34.48003], [114.85182, 34.43252], [114.88633, 34.24702], [114.5954, 34.28466], [114.3782, 34.35564], [114.37044, 34.25148], [114.27296, 34.20479], [114.28867, 33.94194], [114.34253, 33.80668], [114.30107, 33.7833], [114.22357, 33.79834], [114.02501, 33.92125], [113.98803, 34.06179], [114.0319, 34.10883], [114.03035, 34.18948], [113.8611, 34.29935], [113.62444, 34.28299], [113.51165, 34.01639], [113.34571, 34.00611], [113.29459, 34.08659], [113.15534, 34.09415], [113.09184, 34.2361], [113.19421, 34.26651], [113.32717, 34.36852], [113.26814, 34.48427], [113.11046, 34.61221], [113.12446, 34.70015], [113.17258, 34.74205], [113.16798, 34.88258], [113.37039, 34.97404], [113.54044, 34.97023], [113.64857, 35.04184]]]}}, {"type": "Feature", "properties": {"SYS_ID": "1952", "NAME_PY": "Yunyang Fu", "NAME_CH": "郧阳府", "NAME_FT": "鄖陽府", "X_COORD": 110.48631, "Y_COORD": 32.35011}, "geometry": {"type": "Polygon", "coordinates": [[[110.91858, 31.66669], [110.7849, 31.62022], [110.70502, 31.65086], [110.49892, 31.61896], [110.28296, 31.45317], [110.16166, 31.49808], [110.03306, 31.43652], [109.94312, 31.48144], [109.97262, 31.5189], [109.81313, 31.56955], [109.72054, 31.55884], [109.7482, 31.61515], [109.72798, 31.70164], [109.57661, 31.73317], [109.58707, 31.79119], [109.63342, 31.81333], [109.5802, 31.90279], [109.62588, 31.94624], [109.57956, 32.03959], [109.61752, 32.10502], [109.58413, 32.1522], [109.599, 32.20805], [109.49222, 32.29805], [109.49773, 32.391], [109.57344, 32.51273], [109.63193, 32.54344], [109.62696, 32.60242], [109.90569, 32.59506], [110.01254, 32.54913], [110.07896, 32.58279], [110.08482, 32.61912], [110.15993, 32.5959], [110.2013, 32.6351], [110.14925, 32.6921], [110.13561, 32.81071], [110.02139, 32.87491], [109.86194, 32.91434], [109.7912, 32.88105], [109.75892, 32.90971], [109.78632, 33.07177], [109.68304, 33.11855], [109.57133, 33.1123], [109.43367, 33.15378], [109.5092, 33.23957], [109.59581, 33.23441], [109.63133, 33.27755], [109.7128, 33.23528], [109.84707, 33.24976], [110.02588, 33.19368], [110.15976, 33.21101], [110.2272, 33.16098], [110.42049, 33.17361], [110.55887, 33.2568], [110.59605, 33.15649], [110.65231, 33.15619], [110.70572, 33.09762], [110.74016, 33.14888], [110.81271, 33.15268], [110.81988, 33.20504], [110.90807, 33.20814], [110.97766, 33.25967], [111.05072, 33.1944], [111.0343, 33.15864], [111.08814, 33.18215], [111.1851, 33.08853], [111.14237, 33.04416], [111.2324, 33.0427], [111.26782, 32.97379], [111.12396, 32.87557], [111.08076, 32.80804], [111.09386, 32.76839], [110.95265, 32.73662], [110.89326, 32.62754], [110.93748, 32.60537], [110.92024, 32.51829], [110.80051, 32.41501], [110.81561, 32.31772], [110.8706, 32.30333], [110.866, 32.28104], [110.96663, 32.29074], [111.01635, 32.24368], [111.12351, 32.3145], [111.2122, 32.28923], [111.24867, 32.20709], [111.20374, 32.14371], [111.11983, 32.11591], [111.15398, 32.02987], [111.29059, 32.01969], [111.33675, 31.9288], [111.46435, 31.89132], [111.43045, 31.83226], [111.53895, 31.73265], [111.49949, 31.72321], [111.47257, 31.67005], [111.34206, 31.64339], [111.24757, 31.53518], [111.26124, 31.45386], [111.2168, 31.47008], [111.09446, 31.42268], [111.05125, 31.448], [111.04189, 31.56571], [110.94731, 31.57398], [110.97261, 31.65366], [110.91858, 31.66669]]]}}, {"type": "Feature", "properties": {"SYS_ID": "1951", "NAME_PY": "Xiangyang Fu", "NAME_CH": "襄阳府", "NAME_FT": "襄陽府", "X_COORD": 111.95802, "Y_COORD": 32.10373}, "geometry": {"type": "Polygon", "coordinates": [[[112.66798, 31.68805], [112.58773, 31.56409], [112.50632, 31.56298], [112.4129, 31.50463], [112.27426, 31.54923], [112.21993, 31.52748], [112.15226, 31.57722], [112.08431, 31.54791], [112.05447, 31.56433], [111.94255, 31.45674], [111.91366, 31.33494], [111.9379, 31.28197], [111.8787, 31.23977], [111.74918, 31.28562], [111.73519, 31.37264], [111.61931, 31.37489], [111.51322, 31.30444], [111.43236, 31.3149], [111.41892, 31.37311], [111.32439, 31.36102], [111.26545, 31.41139], [111.25374, 31.54841], [111.34206, 31.64339], [111.47257, 31.67005], [111.53796, 31.73634], [111.43045, 31.83226], [111.46435, 31.89132], [111.33675, 31.9288], [111.29059, 32.01969], [111.15398, 32.02987], [111.11983, 32.11591], [111.20374, 32.14371], [111.24867, 32.20709], [111.2122, 32.28923], [111.12351, 32.3145], [111.01635, 32.24368], [110.96663, 32.29074], [110.91347, 32.27451], [110.82165, 32.30317], [110.80051, 32.41501], [110.92024, 32.51829], [110.93748, 32.60537], [110.89326, 32.62754], [110.95265, 32.73662], [111.09386, 32.76839], [111.08076, 32.80804], [111.12396, 32.87557], [111.23994, 32.97183], [111.24419, 32.8862], [111.28008, 32.90296], [111.28464, 32.86409], [111.37395, 32.83069], [111.40971, 32.76244], [111.46304, 32.77569], [111.4165, 32.73183], [111.50515, 32.6784], [111.55333, 32.60339], [111.63503, 32.63705], [111.64061, 32.60848], [111.71526, 32.60651], [111.87544, 32.50864], [111.94659, 32.51932], [111.99984, 32.45837], [112.05276, 32.47434], [112.1424, 32.38795], [112.22392, 32.39379], [112.30492, 32.33214], [112.35387, 32.37062], [112.43757, 32.35497], [112.54073, 32.41143], [112.74976, 32.3451], [112.86468, 32.40018], [112.87335, 32.37705], [112.98212, 32.37455], [113.02005, 32.42696], [113.09554, 32.40055], [113.11554, 32.37858], [113.05164, 32.35371], [113.08295, 32.30742], [113.01883, 32.26856], [113.01522, 32.16508], [113.04352, 32.11744], [112.98412, 32.05223], [112.9849, 32.0], [113.02903, 31.96071], [112.95496, 31.89142], [112.97063, 31.84332], [112.85217, 31.80657], [112.77952, 31.7399], [112.74326, 31.74885], [112.72398, 31.63768], [112.66798, 31.68805]]]}}, {"type": "Feature", "properties": {"SYS_ID": "1950", "NAME_PY": "De'an Fu", "NAME_CH": "德安府", "NAME_FT": "德安府", "X_COORD": 113.42321, "Y_COORD": 31.57435}, "geometry": {"type": "Polygon", "coordinates": [[[114.04907, 31.43403], [113.86009, 31.36491], [113.81464, 31.19508], [113.88067, 30.82004], [113.78754, 30.76347], [113.80399, 30.78551], [113.73494, 30.85368], [113.61497, 30.78406], [113.62248, 30.75335], [113.5101, 30.71878], [113.32792, 30.9112], [113.4561, 31.05228], [113.48132, 31.22836], [113.30961, 31.34643], [113.2345, 31.35689], [113.14897, 31.43595], [112.98648, 31.43543], [112.90104, 31.47351], [112.87282, 31.55864], [112.72575, 31.62709], [112.74326, 31.74885], [112.82298, 31.75896], [112.92624, 31.84405], [112.96083, 31.83327], [112.95641, 31.89414], [113.02808, 31.95707], [112.98584, 31.98], [112.98412, 32.05223], [113.04352, 32.11744], [113.01389, 32.1763], [113.02154, 32.27451], [113.08295, 32.30742], [113.0549, 32.36332], [113.2112, 32.42852], [113.32617, 32.34691], [113.34839, 32.29738], [113.4172, 32.27515], [113.61984, 32.36053], [113.66132, 32.42769], [113.72552, 32.41802], [113.73773, 32.3623], [113.76616, 32.36439], [113.73481, 32.25034], [113.77811, 32.20082], [113.71941, 32.09909], [113.77737, 32.03986], [113.74596, 32.00001], [113.80637, 31.97017], [113.83293, 31.85853], [113.92446, 31.87998], [113.97587, 31.75689], [114.11442, 31.81029], [114.09108, 31.70974], [114.12236, 31.66634], [114.08199, 31.55405], [114.10321, 31.53413], [114.04907, 31.43403]]]}}, {"type": "Feature", "properties": {"SYS_ID": "1949", "NAME_PY": "Hanyang Fu", "NAME_CH": "汉阳府", "NAME_FT": "漢陽府", "X_COORD": 113.7803, "Y_COORD": 30.76647}, "geometry": {"type": "Polygon", "coordinates": [[[114.35055, 30.6878], [114.27227, 30.52459], [114.10021, 30.33687], [114.05765, 30.22651], [113.94157, 30.29933], [113.8628, 30.21323], [113.93279, 30.15621], [113.96966, 30.16196], [113.9397, 30.20432], [113.97285, 30.20165], [114.0809, 30.12615], [114.08018, 30.09654], [113.8886, 30.02165], [113.84345, 29.96105], [113.75345, 29.9506], [113.71519, 29.99373], [113.66586, 29.98129], [113.60365, 29.8698], [113.2667, 29.68186], [113.18498, 29.72012], [113.16101, 29.78175], [113.18217, 29.9606], [113.28252, 29.98632], [113.18303, 30.02234], [113.12482, 30.15146], [112.99926, 30.20836], [112.98681, 30.26714], [112.94962, 30.27348], [112.95302, 30.38673], [112.99953, 30.42914], [113.13483, 30.39027], [113.30169, 30.38943], [113.44653, 30.52285], [113.42429, 30.7876], [113.37962, 30.85297], [113.40981, 30.85208], [113.5101, 30.71878], [113.62248, 30.75335], [113.61497, 30.78406], [113.73494, 30.85368], [113.80399, 30.78551], [113.78754, 30.76347], [113.84975, 30.78107], [113.88168, 30.82343], [113.828, 31.01941], [113.82087, 31.26699], [113.86825, 31.3764], [114.05751, 31.44169], [114.12236, 31.66634], [114.09142, 31.70562], [114.1033, 31.7871], [114.12109, 31.8401], [114.16563, 31.85446], [114.23412, 31.83478], [114.33365, 31.72465], [114.35028, 31.65382], [114.2273, 31.50327], [114.30545, 31.49664], [114.38028, 31.43704], [114.44179, 31.32807], [114.40145, 31.24078], [114.52144, 31.13113], [114.49666, 31.03013], [114.61099, 30.93856], [114.58173, 30.82653], [114.48826, 30.78539], [114.52748, 30.67891], [114.35055, 30.6878]]]}}, {"type": "Feature", "properties": {"SYS_ID": "1959", "NAME_PY": "Huangzhou Fu", "NAME_CH": "黄州府", "NAME_FT": "黃州府", "X_COORD": 115.21754, "Y_COORD": 30.67021}, "geometry": {"type": "Polygon", "coordinates": [[[115.72379, 29.86349], [115.53024, 29.84035], [115.45496, 29.8618], [115.27, 30.15231], [115.20416, 30.216], [115.07662, 30.23663], [115.0506, 30.39106], [114.84615, 30.44163], [114.83429, 30.55827], [114.78389, 30.6171], [114.61723, 30.55609], [114.5825, 30.57759], [114.4875, 30.78149], [114.58173, 30.82653], [114.61099, 30.93856], [114.49666, 31.03013], [114.52144, 31.13113], [114.40145, 31.24078], [114.44137, 31.33149], [114.37584, 31.44272], [114.30545, 31.49664], [114.34772, 31.53513], [114.43385, 31.58028], [114.51608, 31.5878], [114.56465, 31.55619], [114.62276, 31.59123], [114.69068, 31.53256], [114.76828, 31.52434], [114.83003, 31.46221], [114.96772, 31.50009], [114.99559, 31.47191], [115.01292, 31.52451], [115.08923, 31.51378], [115.11942, 31.59712], [115.15669, 31.60569], [115.22987, 31.55583], [115.20113, 31.44505], [115.25012, 31.39385], [115.37959, 31.39878], [115.3774, 31.35311], [115.43354, 31.34763], [115.45683, 31.27554], [115.52168, 31.25558], [115.5765, 31.14755], [115.65006, 31.21323], [115.75052, 31.14469], [115.76714, 31.0835], [115.70602, 31.06451], [115.71185, 31.00835], [115.59856, 30.92973], [115.53553, 30.81072], [115.61043, 30.81447], [115.61776, 30.74682], [115.55314, 30.59258], [115.61379, 30.58177], [115.6329, 30.51919], [115.68678, 30.54601], [115.76096, 30.67428], [115.80057, 30.64765], [115.80682, 30.59803], [115.86845, 30.58884], [115.90865, 30.52047], [115.88981, 30.4554], [115.93915, 30.42734], [115.87911, 30.38501], [115.89776, 30.3164], [115.97588, 30.29834], [116.06018, 30.20699], [116.08636, 30.03853], [116.06876, 29.96571], [116.12719, 29.89122], [116.12962, 29.82485], [115.99871, 29.74735], [115.99132, 29.85218], [115.89779, 29.88489], [115.90627, 29.73317], [115.72379, 29.86349]]]}}, {"type": "Feature", "properties": {"SYS_ID": "1958", "NAME_PY": "Wuchang Fu", "NAME_CH": "武昌府", "NAME_FT": "武昌府", "X_COORD": 114.46493, "Y_COORD": 29.86632}, "geometry": {"type": "Polygon", "coordinates": [[[115.20416, 30.216], [115.4032, 29.91927], [115.50517, 29.84183], [115.46518, 29.74222], [115.40324, 29.68768], [115.18005, 29.57052], [114.9959, 29.5753], [114.93301, 29.54582], [114.83005, 29.56409], [114.90392, 29.42983], [114.88127, 29.39605], [114.74802, 29.36635], [114.72764, 29.39693], [114.66821, 29.39899], [114.50638, 29.32594], [114.34916, 29.32672], [114.26799, 29.35792], [114.24341, 29.23846], [114.06111, 29.21164], [113.9502, 29.10117], [113.94013, 29.04828], [113.87159, 29.03805], [113.87257, 29.07084], [113.84361, 29.06152], [113.81135, 29.10646], [113.73423, 29.06318], [113.71954, 29.10957], [113.68112, 29.0879], [113.64915, 29.16493], [113.69114, 29.23124], [113.59664, 29.25959], [113.65736, 29.3813], [113.72591, 29.39876], [113.74504, 29.45044], [113.62511, 29.523], [113.73244, 29.59514], [113.66371, 29.63967], [113.65958, 29.68182], [113.55019, 29.67418], [113.48092, 29.73168], [113.48914, 29.75651], [113.42469, 29.75251], [113.60365, 29.8698], [113.66586, 29.98129], [113.71519, 29.99373], [113.75345, 29.9506], [113.84345, 29.96105], [113.8886, 30.02165], [114.08347, 30.09964], [113.97285, 30.20165], [113.9397, 30.20432], [113.96966, 30.16196], [113.93279, 30.15621], [113.8628, 30.21323], [113.94157, 30.29933], [114.05765, 30.22651], [114.1044, 30.34335], [114.27227, 30.52459], [114.36144, 30.69595], [114.5341, 30.67534], [114.61324, 30.55674], [114.78389, 30.6171], [114.83429, 30.55827], [114.85262, 30.43459], [115.03996, 30.39902], [115.08736, 30.2237], [115.20416, 30.216]]]}}, {"type": "Feature", "properties": {"SYS_ID": "1957", "NAME_PY": "Anlu Fu", "NAME_CH": "安陆府", "NAME_FT": "安陸府", "X_COORD": 112.68232, "Y_COORD": 30.90321}, "geometry": {"type": "MultiPolygon", "coordinates": [[[[113.33219, 30.89845], [113.42429, 30.7876], [113.44653, 30.52285], [113.30169, 30.38943], [112.9718, 30.42747], [112.94962, 30.27348], [112.98681, 30.26714], [112.99203, 30.23234], [112.94702, 30.24816], [112.92575, 30.22037], [113.00291, 30.13313], [113.06127, 30.12458], [113.00835, 30.11987], [112.90992, 30.18445], [112.87925, 30.15879], [112.88254, 30.24351], [112.81745, 30.29388], [112.5164, 30.3442], [112.52228, 30.39707], [112.61434, 30.39563], [112.59786, 30.55329], [112.62811, 30.62204], [112.71362, 30.64192], [112.69025, 30.66382], [112.61512, 30.64354], [112.58781, 30.67235], [112.64555, 30.77743], [112.62139, 30.81895], [112.67242, 30.83615], [112.5624, 30.88156], [112.55399, 30.93305], [112.49886, 30.93529], [112.44778, 30.88213], [112.36871, 30.9101], [112.30929, 30.9885], [112.28333, 31.10695], [112.33436, 31.18355], [112.25561, 31.2745], [112.29986, 31.38157], [112.27723, 31.39634], [112.25061, 31.35429], [112.18971, 31.34378], [112.19171, 31.25827], [112.1744, 31.35742], [112.19104, 31.40344], [112.1551, 31.35401], [112.10885, 31.35259], [112.07507, 31.45428], [112.15226, 31.57722], [112.21993, 31.52748], [112.27426, 31.54923], [112.4129, 31.50463], [112.50632, 31.56298], [112.58773, 31.56409], [112.66798, 31.68805], [112.73191, 31.61914], [112.87282, 31.55864], [112.90104, 31.47351], [112.98648, 31.43543], [113.14897, 31.43595], [113.2345, 31.35689], [113.30961, 31.34643], [113.48132, 31.22836], [113.4561, 31.05228], [113.33569, 30.9378], [113.33219, 30.89845]]], [[[111.8787, 31.23977], [111.93617, 31.27718], [111.91366, 31.33494], [111.94432, 31.40794], [111.98588, 31.33877], [112.07574, 31.3217], [112.12765, 31.26651], [112.10402, 31.19125], [112.05803, 31.17012], [111.95404, 31.18896], [111.8787, 31.23977]]]]}}, {"type": "Feature", "properties": {"SYS_ID": "1956", "NAME_PY": "Jingmen Zhou", "NAME_CH": "荆门州", "NAME_FT": "荊門州", "X_COORD": 111.98608, "Y_COORD": 30.97759}, "geometry": {"type": "MultiPolygon", "coordinates": [[[[112.70356, 30.93518], [112.7035606479956, 30.93518165598877], [112.70639, 30.92694], [112.70356, 30.93518]]], [[[112.70306, 30.93664], [112.70419, 30.93679], [112.7035606479956, 30.93518165598877], [112.70306, 30.93664]]], [[[111.412, 31.37482], [111.43236, 31.3149], [111.51322, 31.30444], [111.61931, 31.37489], [111.73519, 31.37264], [111.73431, 31.30453], [111.77065, 31.27115], [111.9967, 31.17411], [112.07136, 31.17183], [112.10901, 31.19937], [112.12166, 31.28131], [111.98588, 31.33877], [111.94255, 31.45674], [112.05447, 31.56433], [112.13239, 31.55837], [112.07707, 31.41104], [112.10885, 31.35259], [112.1551, 31.35401], [112.19104, 31.40344], [112.1744, 31.35742], [112.19171, 31.25827], [112.18971, 31.34378], [112.25061, 31.35429], [112.27723, 31.39634], [112.29986, 31.38157], [112.25561, 31.2745], [112.33436, 31.18355], [112.28333, 31.10695], [112.34341, 30.93682], [112.44083, 30.88161], [112.49886, 30.93529], [112.55875, 30.93179], [112.5624, 30.88156], [112.67242, 30.83615], [112.62139, 30.81895], [112.64555, 30.77743], [112.58781, 30.67235], [112.61902, 30.64263], [112.69025, 30.66382], [112.71402, 30.64322], [112.64777, 30.63715], [112.59937, 30.55852], [112.61434, 30.39563], [112.53531, 30.39314], [112.44331, 30.44069], [112.33976, 30.40477], [112.29258, 30.48359], [112.21595, 30.51303], [112.20767, 30.47605], [112.17561, 30.47811], [112.17402, 30.53182], [112.13029, 30.53527], [112.07594, 30.66829], [111.9601, 30.64963], [111.95047, 30.62704], [112.0056, 30.5953], [111.90958, 30.56394], [111.78309, 30.59065], [111.77304, 30.62341], [111.70514, 30.58634], [111.72256, 30.6663], [111.60198, 30.64685], [111.55826, 30.76891], [111.58202, 30.86208], [111.51312, 30.93546], [111.52923, 31.03196], [111.35427, 31.16084], [111.25772, 31.19551], [111.28216, 31.26508], [111.26585, 31.3435], [111.412, 31.37482]]]]}}, {"type": "Feature", "properties": {"SYS_ID": "1953", "NAME_PY": "Yichang Fu", "NAME_CH": "宜昌府", "NAME_FT": "宜昌府", "X_COORD": 110.71124, "Y_COORD": 30.6555}, "geometry": {"type": "Polygon", "coordinates": [[[111.23829, 30.56949], [111.2923, 30.48736], [111.34187, 30.48083], [111.2921, 30.40983], [111.3152, 30.3747], [111.16185, 30.30926], [111.09915, 30.1478], [111.31577, 30.148], [111.35639, 30.1009], [111.3075, 30.05095], [110.9279, 30.06667], [110.91814, 30.11449], [110.85042, 30.12812], [110.74876, 30.11962], [110.75308, 30.05696], [110.71319, 30.03903], [110.64614, 30.0803], [110.52276, 30.06243], [110.49293, 30.02325], [110.54929, 29.99132], [110.50106, 29.91492], [110.54202, 29.85928], [110.60893, 29.83595], [110.63486, 29.76804], [110.51563, 29.69461], [110.45757, 29.71258], [110.4369, 29.66769], [110.3681, 29.63759], [110.10845, 29.79211], [109.77021, 29.78213], [109.76715, 29.89866], [109.82174, 29.9377], [109.8633, 30.03938], [110.20257, 30.22845], [110.1756, 30.31509], [110.10323, 30.28089], [110.13203, 30.48772], [110.08851, 30.65627], [110.22194, 30.81473], [110.10555, 30.85047], [110.16423, 30.98145], [110.11566, 31.09465], [110.19107, 31.16137], [110.13822, 31.39558], [110.03306, 31.43652], [110.0951, 31.4708], [110.18188, 31.49682], [110.28296, 31.45317], [110.49892, 31.61896], [110.70502, 31.65086], [110.7849, 31.62022], [110.93939, 31.67423], [110.97283, 31.65091], [110.94731, 31.57398], [111.04189, 31.56571], [111.06306, 31.43432], [111.19937, 31.44327], [111.2168, 31.47008], [111.26124, 31.45386], [111.27242, 31.39869], [111.33331, 31.34274], [111.2618, 31.34103], [111.28223, 31.26829], [111.25871, 31.19114], [111.35427, 31.16084], [111.52923, 31.03196], [111.51312, 30.93546], [111.58202, 30.86208], [111.55807, 30.77235], [111.57982, 30.67934], [111.66185, 30.6224], [111.55414, 30.5928], [111.50298, 30.54502], [111.42922, 30.62631], [111.34903, 30.5679], [111.29209, 30.60038], [111.23829, 30.56949]]]}}, {"type": "Feature", "properties": {"SYS_ID": "1955", "NAME_PY": "Jingzhou Fu", "NAME_CH": "荆州府", "NAME_FT": "荊州府", "X_COORD": 112.26192, "Y_COORD": 30.05136}, "geometry": {"type": "Polygon", "coordinates": [[[113.17637, 30.02819], [113.28252, 29.98632], [113.18009, 29.95474], [113.16101, 29.78175], [113.20407, 29.69886], [113.2667, 29.68186], [113.38267, 29.76432], [113.42469, 29.75251], [113.14346, 29.44866], [113.0872, 29.47187], [113.07227, 29.43456], [113.04899, 29.5054], [112.94545, 29.47042], [112.92923, 29.53884], [112.87826, 29.54081], [112.92629, 29.55519], [112.90663, 29.63496], [113.00435, 29.70001], [113.01952, 29.77466], [112.92352, 29.76], [112.87791, 29.79837], [112.67817, 29.59691], [112.42852, 29.63079], [112.3535, 29.52233], [112.28069, 29.49812], [112.29735, 29.58506], [112.23811, 29.61316], [112.23888, 29.66441], [112.19135, 29.62904], [112.17498, 29.66266], [112.06093, 29.68373], [112.0716, 29.73667], [112.0598, 29.77309], [112.05413, 29.74573], [111.96767, 29.79245], [111.95446, 29.83928], [111.74043, 29.92135], [111.67443, 29.89133], [111.54385, 29.89405], [111.51961, 29.92977], [111.43674, 29.93793], [111.38594, 29.91892], [111.24471, 30.04339], [111.3075, 30.05095], [111.35639, 30.1009], [111.32861, 30.13828], [111.09915, 30.1478], [111.16185, 30.30926], [111.3152, 30.3747], [111.2921, 30.40983], [111.34187, 30.48083], [111.2923, 30.48736], [111.23829, 30.56949], [111.28146, 30.59654], [111.34425, 30.56656], [111.42922, 30.62631], [111.50298, 30.54502], [111.55414, 30.5928], [111.65777, 30.61418], [111.63405, 30.64584], [111.6622, 30.66645], [111.68953, 30.64258], [111.72044, 30.66656], [111.70514, 30.58634], [111.77304, 30.62341], [111.78309, 30.59065], [111.90958, 30.56394], [112.0056, 30.5953], [111.95047, 30.62704], [111.9601, 30.64963], [112.07594, 30.66829], [112.13029, 30.53527], [112.17402, 30.53182], [112.17561, 30.47811], [112.20767, 30.47605], [112.20926, 30.51134], [112.26109, 30.50424], [112.33976, 30.40477], [112.45783, 30.43829], [112.52228, 30.39707], [112.50366, 30.37151], [112.53416, 30.33315], [112.78318, 30.31032], [112.88254, 30.24351], [112.87925, 30.15879], [112.94009, 30.17803], [113.00835, 30.11987], [113.05094, 30.11838], [112.92575, 30.22037], [112.94702, 30.24816], [112.99203, 30.23234], [113.08376, 30.14977], [113.12482, 30.15146], [113.17637, 30.02819]]]}}, {"type": "Feature", "properties": {"SYS_ID": "1954", "NAME_PY": "Shinan Fu", "NAME_CH": "施南府", "NAME_FT": "施南府", "X_COORD": 109.30944, "Y_COORD": 30.0088}, "geometry": {"type": "Polygon", "coordinates": [[[110.20257, 30.22845], [109.8633, 30.03938], [109.82174, 29.9377], [109.76715, 29.89866], [109.78709, 29.76606], [109.75983, 29.69207], [109.69286, 29.66818], [109.71495, 29.61079], [109.65677, 29.59924], [109.60221, 29.63697], [109.49847, 29.6087], [109.46088, 29.5173], [109.42908, 29.53308], [109.43727, 29.49132], [109.4063, 29.49846], [109.41317, 29.45452], [109.36789, 29.42806], [109.33872, 29.27027], [109.25378, 29.2269], [109.27064, 29.1385], [109.24145, 29.11566], [109.10783, 29.20302], [109.13082, 29.26636], [109.10501, 29.36424], [109.06481, 29.39558], [108.97127, 29.3309], [108.90912, 29.32565], [108.93351, 29.41495], [108.86168, 29.45874], [108.90385, 29.57609], [108.86486, 29.59545], [108.87631, 29.62989], [108.84123, 29.65338], [108.78658, 29.63481], [108.78351, 29.67356], [108.75415, 29.64774], [108.67496, 29.69368], [108.67348, 29.77051], [108.51701, 29.87786], [108.53415, 29.99127], [108.52364, 30.05932], [108.49831, 30.05388], [108.5582, 30.14393], [108.56938, 30.25385], [108.40179, 30.38095], [108.41351, 30.47185], [108.50137, 30.50363], [108.5687, 30.47653], [108.65162, 30.59028], [108.72858, 30.50077], [108.81962, 30.49819], [109.14655, 30.53648], [109.29876, 30.63546], [109.34492, 30.56622], [109.34431, 30.49628], [109.45847, 30.6274], [109.53515, 30.67593], [109.57523, 30.6573], [109.58202, 30.69741], [109.64247, 30.71885], [109.73133, 30.828], [109.84671, 30.88196], [109.96014, 30.87323], [109.99979, 30.90171], [110.04615, 30.80426], [110.10555, 30.85047], [110.22194, 30.81473], [110.08851, 30.65627], [110.13203, 30.48772], [110.10323, 30.28089], [110.1756, 30.31509], [110.20257, 30.22845]]]}}, {"type": "Feature", "properties": {"SYS_ID": "1979", "NAME_PY": "Huizhou Fu", "NAME_CH": "徽州府", "NAME_FT": "徽州府", "X_COORD": 118.05935, "Y_COORD": 29.68403}, "geometry": {"type": "Polygon", "coordinates": [[[118.48331, 29.52061], [118.39726, 29.48007], [118.31184, 29.49655], [118.30557, 29.42707], [118.23518, 29.43323], [118.18945, 29.39522], [118.20699, 29.35426], [118.16585, 29.29907], [118.03303, 29.28185], [117.91208, 29.1512], [117.56264, 29.02812], [117.46871, 29.1257], [117.48902, 29.16188], [117.4221, 29.13872], [117.3658, 29.19795], [117.44717, 29.27919], [117.42629, 29.31318], [117.48492, 29.34907], [117.48303, 29.40184], [117.70238, 29.55159], [117.65623, 29.61449], [117.58448, 29.58705], [117.50963, 29.62374], [117.52528, 29.65667], [117.44692, 29.69397], [117.4496, 29.75154], [117.40421, 29.79763], [117.41324, 29.85274], [117.35365, 29.81498], [117.33125, 29.85257], [117.24764, 29.8372], [117.25193, 29.90351], [117.20088, 29.92997], [117.1989, 29.97308], [117.52562, 30.0499], [117.94742, 30.05052], [118.10888, 30.09087], [118.14902, 30.14674], [118.38425, 30.12572], [118.43454, 30.21251], [118.55107, 30.22536], [118.64064, 30.3346], [118.66714, 30.33492], [118.66558, 30.25789], [118.72798, 30.24042], [118.87911, 30.31693], [118.88984, 30.23463], [118.92103, 30.21465], [118.84689, 30.16269], [118.8921, 30.15577], [118.86559, 30.10835], [118.8915, 29.9513], [118.83502, 29.94149], [118.83102, 29.89175], [118.74978, 29.8425], [118.72238, 29.71664], [118.6432, 29.64875], [118.57245, 29.6379], [118.48331, 29.52061]]]}}, {"type": "Feature", "properties": {"SYS_ID": "1977", "NAME_PY": "Anqing Fu", "NAME_CH": "安庆府", "NAME_FT": "安慶府", "X_COORD": 116.74529, "Y_COORD": 30.52642}, "geometry": {"type": "MultiPolygon", "coordinates": [[[[116.89436, 30.41756], [116.92646, 30.27808], [116.83503, 30.13723], [116.73391, 30.05628], [116.60034, 30.06985], [116.54044, 29.90549], [116.46514, 29.90049], [116.2486, 29.78565], [116.19949, 29.83383], [116.12962, 29.82485], [116.12719, 29.89122], [116.06876, 29.96571], [116.08636, 30.03853], [116.06018, 30.20699], [115.97588, 30.29834], [115.89945, 30.31276], [115.87911, 30.38501], [115.93915, 30.42734], [115.88981, 30.4554], [115.90865, 30.52047], [115.86573, 30.59107], [115.80682, 30.59803], [115.7577, 30.71203], [115.78307, 30.76235], [115.86193, 30.77739], [115.83704, 30.83668], [115.86249, 30.86841], [115.99351, 30.94707], [116.1325, 30.94979], [116.2729, 30.99429], [116.44907, 30.97511], [116.61134, 31.07732], [116.68952, 31.05061], [116.78529, 31.07069], [116.939, 31.16741], [117.00534, 31.26785], [117.10777, 31.18023], [117.11485, 31.08274], [117.17387, 31.08621], [117.26493, 30.99392], [117.43592, 30.96997], [117.51145, 31.00333], [117.65913, 30.94939], [117.73109, 30.97465], [117.72925, 30.86327], [117.69553, 30.79691], [117.28455, 30.67186], [117.20921, 30.62802], [117.24722, 30.57373], [117.20321, 30.47509], [117.01215, 30.49605], [116.89436, 30.41756]]], [[[115.76098, 30.66931], [115.76086, 30.66904], [115.76096, 30.67428], [115.76098, 30.66931]]]]}}, {"type": "Feature", "properties": {"SYS_ID": "1978", "NAME_PY": "Chizhou Fu", "NAME_CH": "池州府", "NAME_FT": "池州府", "X_COORD": 117.40279, "Y_COORD": 30.34133}, "geometry": {"type": "Polygon", "coordinates": [[[117.94778, 30.40617], [117.98059, 30.37052], [117.98893, 30.22821], [117.87283, 30.16278], [117.87115, 30.11144], [117.84142, 30.12959], [117.83942, 30.19383], [117.68681, 30.14405], [117.73273, 30.0523], [117.3954, 30.03402], [117.20427, 29.97852], [117.20088, 29.92997], [117.12923, 29.90619], [117.12486, 29.86647], [117.06792, 29.83458], [117.13016, 29.78332], [117.11118, 29.71843], [116.9909, 29.68593], [116.8359, 29.57348], [116.75542, 29.60163], [116.71639, 29.56756], [116.64706, 29.63984], [116.68215, 29.73738], [116.75325, 29.80451], [116.80372, 29.811], [116.88607, 29.91811], [116.88538, 29.96946], [116.82485, 29.97409], [116.81907, 30.0139], [116.73391, 30.05628], [116.83503, 30.13723], [116.92481, 30.27259], [116.89436, 30.41756], [117.01215, 30.49605], [117.19864, 30.47212], [117.24686, 30.5664], [117.21222, 30.63078], [117.42477, 30.72513], [117.69553, 30.79691], [117.72925, 30.86327], [117.72998, 31.03385], [117.85666, 31.11531], [117.91538, 31.07069], [118.00047, 31.08034], [118.0216, 31.0233], [118.15435, 30.96212], [118.15636, 30.90523], [117.97514, 30.84615], [117.96124, 30.79948], [118.12167, 30.70281], [118.06371, 30.60475], [117.97987, 30.56383], [117.94778, 30.40617]]]}}, {"type": "Feature", "properties": {"SYS_ID": "1981", "NAME_PY": "Ningguo Fu", "NAME_CH": "宁国府", "NAME_FT": "寧國府", "X_COORD": 118.54793, "Y_COORD": 30.68011}, "geometry": {"type": "Polygon", "coordinates": [[[118.74982, 30.24254], [118.66558, 30.25789], [118.65163, 30.33871], [118.5473, 30.22315], [118.43454, 30.21251], [118.38425, 30.12572], [118.14902, 30.14674], [118.10888, 30.09087], [117.94742, 30.05052], [117.7344, 30.05052], [117.68627, 30.12852], [117.83942, 30.19383], [117.86794, 30.10989], [117.87283, 30.16278], [117.98893, 30.22821], [117.94316, 30.481], [117.98317, 30.56858], [118.06371, 30.60475], [118.12167, 30.70281], [117.96124, 30.79948], [117.97514, 30.84615], [118.15636, 30.90523], [118.15365, 30.96604], [118.19782, 30.9944], [118.2013, 31.03606], [118.30206, 30.99351], [118.35331, 31.00509], [118.3541, 31.14878], [118.40826, 31.17846], [118.44793, 31.07316], [118.50263, 31.09566], [118.50436, 31.04505], [118.55251, 31.10089], [118.56895, 31.29133], [118.67799, 31.31055], [118.75489, 31.27957], [118.78364, 31.23244], [119.03207, 31.2403], [119.04587, 31.17933], [118.9983, 31.17136], [118.98692, 31.13337], [119.03701, 30.92318], [118.99515, 30.86783], [119.06523, 30.81514], [119.05335, 30.78701], [119.10185, 30.74355], [119.14658, 30.60202], [119.23819, 30.61772], [119.2635, 30.58232], [119.23885, 30.54002], [119.26978, 30.51537], [119.32296, 30.53394], [119.34588, 30.42015], [119.41057, 30.38156], [119.24846, 30.34629], [119.22039, 30.29528], [119.08521, 30.32962], [119.04224, 30.31047], [118.9441, 30.36315], [118.78244, 30.28766], [118.74982, 30.24254]]]}}, {"type": "Feature", "properties": {"SYS_ID": "1974", "NAME_PY": "Luzhou Fu", "NAME_CH": "庐州府", "NAME_FT": "廬州府", "X_COORD": 117.43467, "Y_COORD": 31.61038}, "geometry": {"type": "Polygon", "coordinates": [[[117.90699, 31.55323], [117.98313, 31.47399], [117.95754, 31.46687], [117.96851, 31.44301], [118.03352, 31.42134], [118.33893, 31.37416], [118.34917, 31.30886], [118.20674, 31.28414], [118.08041, 31.21543], [118.0313, 31.28199], [117.98452, 31.09449], [117.92603, 31.07005], [117.85666, 31.11531], [117.79687, 31.09914], [117.72998, 31.03385], [117.73109, 30.97465], [117.66286, 30.94956], [117.51145, 31.00333], [117.43592, 30.96997], [117.26493, 30.99392], [117.17387, 31.08621], [117.11485, 31.08274], [117.10777, 31.18023], [117.01043, 31.26825], [116.939, 31.16741], [116.78529, 31.07069], [116.68952, 31.05061], [116.61134, 31.07732], [116.52627, 31.02747], [116.5565, 31.12034], [116.52464, 31.28561], [116.56857, 31.29311], [116.57678, 31.36571], [116.62841, 31.36557], [116.66242, 31.41688], [116.79141, 31.45653], [116.82663, 31.52187], [116.74958, 31.58233], [116.75435, 31.76035], [116.68669, 31.81587], [116.73534, 31.85994], [116.71088, 31.88626], [116.8673, 31.97452], [117.01532, 32.00304], [117.04267, 32.07978], [117.24639, 32.07409], [117.38043, 32.16803], [117.3362, 32.22415], [117.39925, 32.27137], [117.49522, 32.20514], [117.647, 32.26304], [117.85088, 32.21039], [117.86828, 32.1474], [117.84695, 32.11865], [117.87981, 32.06633], [117.84621, 31.99723], [117.89266, 31.86248], [117.85023, 31.80059], [117.92913, 31.73115], [117.88564, 31.70085], [117.94222, 31.6773], [117.90699, 31.55323]]]}}, {"type": "Feature", "properties": {"SYS_ID": "1927", "NAME_PY": "Taiping Fu", "NAME_CH": "太平府", "NAME_FT": "太平府", "X_COORD": 118.42609, "Y_COORD": 31.37835}, "geometry": {"type": "Polygon", "coordinates": [[[118.57435, 31.29795], [118.55251, 31.10089], [118.50436, 31.04505], [118.50263, 31.09566], [118.44793, 31.07316], [118.42561, 31.17825], [118.35584, 31.15288], [118.3625, 31.02406], [118.32153, 30.99358], [118.2013, 31.03606], [118.18124, 30.98256], [118.10342, 30.97178], [117.96805, 31.08652], [118.0313, 31.28199], [118.08041, 31.21543], [118.20674, 31.28414], [118.34917, 31.30886], [118.31909, 31.44246], [118.37608, 31.5444], [118.41147, 31.72524], [118.48454, 31.79067], [118.5368, 31.73945], [118.62383, 31.7675], [118.67195, 31.73317], [118.65376, 31.64611], [118.7214, 31.63675], [118.7692, 31.68577], [118.79199, 31.62964], [118.85961, 31.62433], [118.87325, 31.58583], [118.85184, 31.41013], [118.74204, 31.3671], [118.70966, 31.30316], [118.57435, 31.29795]]]}}, {"type": "Feature", "properties": {"SYS_ID": "1973", "NAME_PY": "Fengyang Fu", "NAME_CH": "凤阳府", "NAME_FT": "鳳陽府", "X_COORD": 117.23254, "Y_COORD": 32.98375}, "geometry": {"type": "Polygon", "coordinates": [[[117.94097, 32.7725], [117.92944, 32.64522], [118.06315, 32.60852], [118.10623, 32.47703], [118.04028, 32.47272], [118.03582, 32.42592], [117.93292, 32.35881], [117.87497, 32.23976], [117.79107, 32.21999], [117.647, 32.26304], [117.49522, 32.20514], [117.39925, 32.27137], [117.3362, 32.22415], [117.38043, 32.16803], [117.24639, 32.07409], [117.04267, 32.07978], [117.01532, 32.00304], [116.68015, 31.90689], [116.67286, 31.97843], [116.54046, 32.03228], [116.49591, 32.21745], [116.52123, 32.28362], [116.47496, 32.37915], [116.51857, 32.51136], [116.62434, 32.56879], [116.53478, 32.60154], [116.51907, 32.65747], [116.43935, 32.70006], [116.43176, 32.84023], [116.37482, 32.86153], [116.36119, 33.00464], [116.49271, 33.01618], [116.55804, 32.97037], [116.76777, 32.92581], [116.8109, 33.01495], [116.74713, 33.05491], [116.74856, 33.13699], [116.80498, 33.16003], [116.8229, 33.22407], [116.77924, 33.32822], [116.79368, 33.42428], [116.68193, 33.47961], [116.53034, 33.48292], [116.53847, 33.61689], [116.48451, 33.64774], [116.47611, 33.72797], [116.39713, 33.76998], [116.42749, 33.8463], [116.56187, 33.90976], [116.6359, 33.8917], [116.64642, 33.96638], [116.60074, 34.0234], [116.85789, 34.00422], [116.99125, 33.93666], [117.03915, 33.98753], [117.24942, 33.95519], [117.34242, 33.88286], [117.399, 33.93545], [117.39594, 34.03859], [117.50464, 34.06342], [117.61443, 34.03741], [117.5937, 34.02298], [117.65589, 33.95494], [117.64179, 33.87384], [117.73989, 33.78274], [117.69582, 33.74289], [117.69295, 33.60564], [117.64822, 33.59789], [117.62943, 33.5359], [117.66569, 33.4834], [117.66777, 33.37715], [117.6375, 33.33523], [117.58077, 33.32635], [117.59766, 33.26607], [117.55473, 33.22153], [117.53579, 33.13334], [117.66632, 32.92082], [117.70008, 33.00208], [117.76275, 33.04699], [117.88293, 33.04813], [117.90196, 33.14937], [118.06573, 33.14597], [118.06701, 33.08263], [117.99378, 33.04563], [118.03107, 33.02099], [117.92363, 32.99816], [117.8978, 32.82194], [117.94097, 32.7725]]]}}, {"type": "Feature", "properties": {"SYS_ID": "1976", "NAME_PY": "Yingzhou Fu", "NAME_CH": "颍州府", "NAME_FT": "潁州府", "X_COORD": 115.84902, "Y_COORD": 32.88142}, "geometry": {"type": "Polygon", "coordinates": [[[116.51857, 32.51136], [116.47688, 32.36833], [116.52123, 32.28362], [116.49591, 32.21745], [116.5392, 32.07986], [116.43108, 32.01796], [116.35073, 32.05576], [116.28838, 32.04693], [116.19708, 31.93444], [116.19452, 31.77775], [116.12557, 31.74799], [116.11594, 31.70472], [116.04495, 31.68226], [115.93562, 31.73548], [115.87917, 31.71712], [115.93462, 32.07592], [115.87506, 32.49049], [115.81335, 32.50239], [115.77388, 32.46764], [115.75872, 32.50635], [115.74667, 32.47846], [115.68539, 32.49693], [115.65472, 32.4125], [115.58614, 32.42984], [115.54494, 32.40491], [115.55838, 32.4202], [115.39875, 32.58299], [115.2974, 32.55395], [115.29672, 32.58757], [115.18173, 32.59717], [115.20652, 32.66047], [115.17372, 32.67001], [115.19135, 32.85679], [115.12485, 32.90398], [114.934, 32.93648], [114.87629, 32.98321], [114.9241, 33.02166], [114.88982, 33.08853], [114.93121, 33.16014], [115.02583, 33.08827], [115.14005, 33.08638], [115.18125, 33.12325], [115.28569, 33.13599], [115.35792, 33.32878], [115.30858, 33.37951], [115.33959, 33.50405], [115.39255, 33.50555], [115.43556, 33.5675], [115.63195, 33.58684], [115.56051, 33.77685], [115.61039, 33.78431], [115.62633, 33.87212], [115.54173, 33.88263], [115.59433, 34.03397], [115.64478, 34.06733], [115.79876, 34.07441], [115.84458, 34.00624], [115.88196, 34.03434], [115.96221, 34.0036], [115.99485, 33.96647], [115.97511, 33.91148], [116.05215, 33.85887], [116.069, 33.78423], [116.14986, 33.71125], [116.40961, 33.80473], [116.39914, 33.76495], [116.47611, 33.72797], [116.48451, 33.64774], [116.53847, 33.61689], [116.51511, 33.55812], [116.5396, 33.47189], [116.68193, 33.47961], [116.79368, 33.42428], [116.77924, 33.32822], [116.8229, 33.22407], [116.80498, 33.16003], [116.74856, 33.13699], [116.74713, 33.05491], [116.8109, 33.01495], [116.76777, 32.92581], [116.55804, 32.97037], [116.49271, 33.01618], [116.36119, 33.00464], [116.37482, 32.86153], [116.43176, 32.84023], [116.43935, 32.70006], [116.51907, 32.65747], [116.53478, 32.60154], [116.62434, 32.56879], [116.51857, 32.51136]]]}}, {"type": "Feature", "properties": {"SYS_ID": "1985", "NAME_PY": "Si Zhou", "NAME_CH": "泗州", "NAME_FT": "泗州", "X_COORD": 118.38073, "Y_COORD": 33.11858}, "geometry": {"type": "Polygon", "coordinates": [[[118.69614, 32.71738], [118.63405, 32.74716], [118.575, 32.72432], [118.4456, 32.74155], [118.41499, 32.7171], [118.42136, 32.6608], [118.36691, 32.62018], [118.22989, 32.63738], [118.16929, 32.56582], [118.0988, 32.54751], [118.0649, 32.5585], [118.06315, 32.60852], [117.92944, 32.64522], [117.94097, 32.7725], [117.8978, 32.82194], [117.92363, 32.99816], [118.03107, 33.02099], [117.99378, 33.04563], [118.06701, 33.08263], [118.06573, 33.14597], [117.90196, 33.14937], [117.88293, 33.04813], [117.76275, 33.04699], [117.70008, 33.00208], [117.66632, 32.92082], [117.53579, 33.13334], [117.55473, 33.22153], [117.59766, 33.26607], [117.58077, 33.32635], [117.6375, 33.33523], [117.66777, 33.37715], [117.66569, 33.4834], [117.627, 33.51707], [117.64822, 33.59789], [117.69295, 33.60564], [117.69582, 33.74289], [117.73989, 33.78274], [117.79227, 33.73912], [117.88197, 33.72957], [117.93762, 33.73227], [117.95922, 33.76451], [118.11163, 33.76447], [118.18937, 33.63468], [118.29728, 33.61446], [118.37911, 33.48098], [118.48576, 33.43048], [118.55871, 33.28112], [118.64756, 33.21682], [118.59376, 33.15558], [118.7712, 33.18108], [118.81414, 33.16129], [118.83328, 33.04797], [118.89582, 33.0003], [118.8857, 32.94516], [119.01232, 32.96146], [119.01213, 32.90731], [119.03835, 32.91215], [119.10098, 32.82755], [119.178, 32.83283], [119.20431, 32.72634], [119.1867, 32.67457], [119.22567, 32.60915], [119.20962, 32.57526], [119.17503, 32.60021], [119.1423, 32.49457], [119.07314, 32.45517], [119.03184, 32.51553], [118.9724, 32.50919], [118.92728, 32.56039], [118.82519, 32.5737], [118.81453, 32.60736], [118.7821, 32.58559], [118.69075, 32.61144], [118.65588, 32.64206], [118.68828, 32.65468], [118.69614, 32.71738]]]}}, {"type": "Feature", "properties": {"SYS_ID": "1984", "NAME_PY": "Chu Zhou", "NAME_CH": "滁州", "NAME_FT": "滁州", "X_COORD": 118.26197, "Y_COORD": 32.29745}, "geometry": {"type": "Polygon", "coordinates": [[[118.50153, 32.19623], [118.49332, 32.1254], [118.3877, 32.08329], [118.21437, 31.92728], [118.11034, 31.90578], [118.06913, 31.84973], [117.94376, 31.90599], [117.88105, 31.87499], [117.84621, 31.99723], [117.87981, 32.06633], [117.84695, 32.11865], [117.86828, 32.1474], [117.82781, 32.22386], [117.87497, 32.23976], [117.93806, 32.36455], [118.03582, 32.42592], [118.04028, 32.47272], [118.10579, 32.47604], [118.07246, 32.55206], [118.16929, 32.56582], [118.22989, 32.63738], [118.36691, 32.62018], [118.42136, 32.6608], [118.41499, 32.7171], [118.4456, 32.74155], [118.69158, 32.73328], [118.68967, 32.65765], [118.65588, 32.64206], [118.6856, 32.58633], [118.587, 32.6019], [118.53671, 32.55437], [118.63293, 32.20993], [118.50153, 32.19623]]]}}, {"type": "Feature", "properties": {"SYS_ID": "1983", "NAME_PY": "He Zhou", "NAME_CH": "和州", "NAME_FT": "和州", "X_COORD": 118.17857, "Y_COORD": 31.71486}, "geometry": {"type": "Polygon", "coordinates": [[[118.33893, 31.37416], [117.96851, 31.44301], [117.95754, 31.46687], [117.98313, 31.47399], [117.90699, 31.55323], [117.94222, 31.6773], [117.88564, 31.70085], [117.92913, 31.73115], [117.85336, 31.81502], [117.94376, 31.90599], [118.06913, 31.84973], [118.11034, 31.90578], [118.21437, 31.92728], [118.37948, 32.05992], [118.3641, 31.9372], [118.50649, 31.82953], [118.41147, 31.72524], [118.37608, 31.5444], [118.31761, 31.43625], [118.33893, 31.37416]]]}}, {"type": "Feature", "properties": {"SYS_ID": "1980", "NAME_PY": "Guangde Zhou", "NAME_CH": "广德州", "NAME_FT": "廣德州", "X_COORD": 119.31568, "Y_COORD": 30.95164}, "geometry": {"type": "Polygon", "coordinates": [[[119.06523, 30.81514], [118.99515, 30.86783], [119.03701, 30.92318], [118.98692, 31.13337], [118.9983, 31.17136], [119.04587, 31.17933], [119.03207, 31.2403], [119.089, 31.23764], [119.17512, 31.30499], [119.24145, 31.2516], [119.33859, 31.26449], [119.35246, 31.302], [119.38563, 31.18178], [119.63211, 31.13934], [119.62917, 31.0218], [119.55894, 30.9166], [119.57027, 30.83884], [119.52613, 30.78089], [119.48518, 30.78296], [119.48653, 30.71786], [119.43286, 30.6487], [119.38051, 30.68816], [119.31128, 30.6243], [119.15047, 30.5994], [119.10185, 30.74355], [119.05335, 30.78701], [119.06523, 30.81514]]]}}, {"type": "Feature", "properties": {"SYS_ID": "1975", "NAME_PY": "Liu'an Zhou", "NAME_CH": "六安州", "NAME_FT": "六安州", "X_COORD": 116.18095, "Y_COORD": 31.29861}, "geometry": {"type": "Polygon", "coordinates": [[[116.2729, 30.99429], [115.99351, 30.94707], [115.86249, 30.86841], [115.83704, 30.83668], [115.86193, 30.77739], [115.77551, 30.75714], [115.76086, 30.66904], [115.68332, 30.54303], [115.62734, 30.51735], [115.61379, 30.58177], [115.55314, 30.59258], [115.61776, 30.74682], [115.61043, 30.81447], [115.58634, 30.82978], [115.5398, 30.79834], [115.54297, 30.83021], [115.59856, 30.92973], [115.71185, 31.00835], [115.70602, 31.06451], [115.76981, 31.08945], [115.75052, 31.14469], [115.655, 31.22626], [115.65791, 31.34056], [115.73127, 31.55334], [115.91525, 31.73548], [116.03751, 31.68297], [116.11594, 31.70472], [116.12557, 31.74799], [116.19452, 31.77775], [116.19708, 31.93444], [116.2969, 32.05278], [116.43108, 32.01796], [116.5392, 32.07986], [116.54157, 32.03046], [116.67446, 31.97681], [116.68015, 31.90689], [116.76583, 31.91331], [116.71088, 31.88626], [116.73534, 31.85994], [116.68669, 31.81587], [116.75435, 31.76035], [116.74958, 31.58233], [116.82428, 31.51549], [116.79141, 31.45653], [116.66242, 31.41688], [116.62841, 31.36557], [116.57678, 31.36571], [116.56857, 31.29311], [116.52464, 31.28561], [116.5565, 31.12034], [116.52757, 31.02379], [116.44907, 30.97511], [116.2729, 30.99429]]]}}, {"type": "Feature", "properties": {"SYS_ID": "2024", "NAME_PY": "Xuzhou Fu", "NAME_CH": "徐州府", "NAME_FT": "徐州府", "X_COORD": 117.38353, "Y_COORD": 34.27774}, "geometry": {"type": "Polygon", "coordinates": [[[118.12486, 33.75418], [117.79227, 33.73912], [117.64179, 33.87384], [117.65589, 33.95494], [117.5937, 34.02298], [117.61443, 34.03741], [117.50464, 34.06342], [117.39594, 34.03859], [117.399, 33.93545], [117.34242, 33.88286], [117.24942, 33.95519], [117.03915, 33.98753], [116.99125, 33.93666], [116.85789, 34.00422], [116.60306, 34.02241], [116.52208, 34.11706], [116.56357, 34.17569], [116.53638, 34.22911], [116.57375, 34.27943], [116.49767, 34.29773], [116.3616, 34.27235], [116.35796, 34.31799], [116.20812, 34.38343], [116.15453, 34.4636], [116.19449, 34.51616], [116.18591, 34.57947], [116.23268, 34.55264], [116.27565, 34.60849], [116.36861, 34.64087], [116.3873, 34.70702], [116.36011, 34.74359], [116.39751, 34.75707], [116.40852, 34.85988], [116.44276, 34.90063], [116.69778, 34.94102], [116.79344, 34.86664], [116.97064, 34.83851], [117.07122, 34.88537], [117.17684, 34.83223], [117.12244, 34.72795], [117.14144, 34.67276], [117.3998, 34.57607], [117.47939, 34.48907], [117.46693, 34.40086], [117.7953, 34.52216], [117.80426, 34.65131], [117.94687, 34.67877], [118.08921, 34.6535], [118.10828, 34.61424], [118.07488, 34.55962], [118.16794, 34.55068], [118.12834, 34.49256], [118.20548, 34.42013], [118.39965, 34.43804], [118.35432, 34.32883], [118.38084, 34.17291], [118.48666, 34.12097], [118.61259, 34.14694], [118.59367, 34.03484], [118.54893, 34.00976], [118.53198, 33.846], [118.3731, 33.77887], [118.29278, 33.70917], [118.26743, 33.63927], [118.29728, 33.61446], [118.20011, 33.62577], [118.12486, 33.75418]]]}}, {"type": "Feature", "properties": {"SYS_ID": "2033", "NAME_PY": "Hai Zhou", "NAME_CH": "海州", "NAME_FT": "海州", "X_COORD": 119.08037, "Y_COORD": 34.51396}, "geometry": {"type": "MultiPolygon", "coordinates": [[[[118.35432, 34.32883], [118.46406, 34.56628], [118.76803, 34.72916], [118.71599, 34.7643], [118.76894, 34.79704], [118.75948, 34.84832], [118.85543, 34.94485], [118.85606, 35.03405], [118.91395, 35.06505], [119.10706, 35.05822], [119.14003, 35.10306], [119.24895, 35.12635], [119.29399, 35.09721], [119.22223, 35.068], [119.1984, 34.98947], [119.16539, 34.85548], [119.21314, 34.79679], [119.19619, 34.74189], [119.22274, 34.77594], [119.29751, 34.74551], [119.34874, 34.77577], [119.45798, 34.74884], [119.48117, 34.71065], [119.44988, 34.68323], [119.65541, 34.55703], [119.60877, 34.50325], [119.55527, 34.49687], [119.61624, 34.4689], [119.70062, 34.53845], [119.80642, 34.48672], [119.78928, 34.34628], [119.71969, 34.24117], [119.645, 34.20071], [119.57507, 34.07161], [119.21609, 34.082], [119.20463, 34.01177], [119.1501, 33.98352], [119.04974, 34.03124], [119.02567, 33.92004], [118.99461, 33.90359], [118.85016, 33.90417], [118.58617, 34.01884], [118.61259, 34.14694], [118.48666, 34.12097], [118.41348, 34.14297], [118.37503, 34.18288], [118.35432, 34.32883]]], [[[119.46161, 34.75328], [119.44939, 34.78023], [119.49648, 34.75798], [119.46161, 34.75328]]]]}}, {"type": "Feature", "properties": {"SYS_ID": "1836", "NAME_PY": "Yulin Fu", "NAME_CH": "榆林府", "NAME_FT": "榆林府", "X_COORD": 110.1422, "Y_COORD": 38.34521}, "geometry": {"type": "Polygon", "coordinates": [[[110.78198, 38.44859], [110.65595, 38.30437], [110.56798, 38.29043], [110.55989, 38.22007], [110.50572, 38.19247], [110.49792, 38.03033], [110.51308, 37.96114], [110.59267, 37.9153], [110.6664, 37.79426], [110.74991, 37.73737], [110.58534, 37.69412], [110.5201, 37.73971], [110.49361, 37.72414], [110.45113, 37.82172], [110.34811, 37.88215], [110.32247, 37.93053], [110.20317, 37.9648], [110.122, 38.08889], [110.0821, 38.0578], [110.15781, 38.00208], [110.07737, 38.02288], [110.11131, 37.97422], [110.07748, 37.92889], [110.15399, 37.87103], [110.14049, 37.81231], [110.04803, 37.85699], [110.0216, 37.92739], [109.98993, 37.88877], [109.83048, 37.90612], [109.62714, 37.99259], [109.57541, 37.98349], [109.5595, 37.94078], [109.51181, 37.94615], [109.47579, 37.96786], [109.52225, 38.03688], [109.46578, 38.04825], [109.28983, 37.93952], [109.35545, 37.70462], [109.29877, 37.63986], [109.36588, 37.61768], [109.45694, 37.63728], [109.46313, 37.66983], [109.42811, 37.6942], [109.44123, 37.76227], [109.52409, 37.8248], [109.57851, 37.78395], [109.51883, 37.67964], [109.53032, 37.65023], [109.71203, 37.65602], [109.75666, 37.68699], [109.7904, 37.63589], [109.70648, 37.58156], [109.71466, 37.49586], [109.67322, 37.50194], [109.64858, 37.55807], [109.70356, 37.61048], [109.60039, 37.61353], [109.60445, 37.54073], [109.38023, 37.43736], [109.33087, 37.35947], [109.23697, 37.35709], [109.21271, 37.32143], [109.18191, 37.34374], [109.17604, 37.42823], [109.12166, 37.50312], [109.11333, 37.62518], [109.0376, 37.68564], [109.09888, 37.84303], [109.13032, 37.83466], [109.27505, 38.0207], [109.62445, 38.24106], [109.71163, 38.34489], [109.82763, 38.38148], [109.87265, 38.43402], [110.11852, 38.54844], [110.11089, 38.5826], [110.23413, 38.62583], [110.27126, 38.75805], [110.40444, 38.9279], [110.76358, 39.17113], [110.71053, 39.28357], [110.72275, 39.32765], [111.15202, 39.36743], [111.18353, 39.31269], [111.2468, 39.29997], [111.2051, 39.27574], [111.12057, 39.05244], [110.97501, 38.97599], [111.01371, 38.87855], [110.88319, 38.65059], [110.9146, 38.57604], [110.87338, 38.4624], [110.78198, 38.44859]]]}}, {"type": "Feature", "properties": {"SYS_ID": "1837", "NAME_PY": "Suide Zhou", "NAME_CH": "绥德州", "NAME_FT": "綏德州", "X_COORD": 110.04184, "Y_COORD": 37.50697}, "geometry": {"type": "Polygon", "coordinates": [[[110.68623, 37.27987], [110.52483, 37.10285], [110.41157, 37.03447], [110.44813, 37.00721], [110.37202, 37.023], [110.4252, 36.96413], [110.13947, 36.92716], [110.02687, 37.02918], [110.01956, 37.14233], [109.99107, 37.12381], [109.94922, 37.20594], [110.00446, 37.20511], [110.02274, 37.26466], [109.91566, 37.3043], [109.83565, 37.27912], [109.72498, 37.43166], [109.63894, 37.41573], [109.48917, 37.49713], [109.60445, 37.54073], [109.59722, 37.61098], [109.65044, 37.61577], [109.70356, 37.61048], [109.64858, 37.55807], [109.67322, 37.50194], [109.71466, 37.49586], [109.73266, 37.51657], [109.70455, 37.57594], [109.7904, 37.63589], [109.77213, 37.68244], [109.53607, 37.64638], [109.51883, 37.67964], [109.57851, 37.78395], [109.52409, 37.8248], [109.44123, 37.76227], [109.42811, 37.6942], [109.46313, 37.66983], [109.45694, 37.63728], [109.30708, 37.63098], [109.3062, 37.67473], [109.35527, 37.70939], [109.28983, 37.93952], [109.49584, 38.0486], [109.52281, 38.03109], [109.47639, 37.96353], [109.51181, 37.94615], [109.5595, 37.94078], [109.57541, 37.98349], [109.62714, 37.99259], [109.83048, 37.90612], [109.98993, 37.88877], [110.0216, 37.92739], [110.04803, 37.85699], [110.14049, 37.81231], [110.15399, 37.87103], [110.07748, 37.92889], [110.11131, 37.97422], [110.07737, 38.02288], [110.15781, 38.00208], [110.0821, 38.0578], [110.12838, 38.08591], [110.20317, 37.9648], [110.32247, 37.93053], [110.34811, 37.88215], [110.45113, 37.82172], [110.49361, 37.72414], [110.5201, 37.73971], [110.58534, 37.69412], [110.6982, 37.71124], [110.78873, 37.6679], [110.75628, 37.63739], [110.78577, 37.55113], [110.74333, 37.4585], [110.6376, 37.42979], [110.63112, 37.36815], [110.70107, 37.34296], [110.6728, 37.31294], [110.68623, 37.27987]]]}}, {"type": "Feature", "properties": {"SYS_ID": "1838", "NAME_PY": "Yan'an Fu", "NAME_CH": "延安府", "NAME_FT": "延安府", "X_COORD": 108.90096, "Y_COORD": 36.71584}, "geometry": {"type": "Polygon", "coordinates": [[[110.38963, 36.68947], [110.50008, 36.58114], [110.44464, 36.16486], [110.51224, 35.88778], [110.54887, 35.84234], [110.40521, 35.8142], [110.28255, 35.72035], [110.14746, 35.703], [110.0881, 35.73033], [110.11168, 35.78707], [110.06386, 35.80268], [110.05149, 35.87016], [109.75113, 35.96538], [109.76896, 36.00884], [109.7035, 36.07016], [109.7168, 36.16918], [109.68465, 36.19645], [109.64449, 36.18465], [109.56445, 36.23075], [109.3867, 36.1179], [109.2224, 36.14824], [109.16598, 36.11937], [109.00783, 36.207], [108.95695, 36.31389], [108.71406, 36.36228], [108.51043, 36.47552], [108.42692, 36.43587], [108.3434, 36.556], [108.21172, 36.57128], [108.20119, 36.80974], [108.29192, 36.88591], [107.98052, 36.91742], [107.82981, 36.89368], [107.73295, 36.962], [107.70545, 36.95356], [107.72562, 36.86853], [107.64836, 36.81604], [107.53725, 36.82759], [107.48029, 36.90618], [107.29415, 36.9225], [107.26911, 37.13044], [107.3001, 37.10326], [107.32764, 37.15741], [107.27279, 37.22666], [107.30461, 37.25301], [107.25169, 37.33961], [107.27929, 37.48135], [107.36035, 37.55504], [107.30046, 37.61146], [107.37699, 37.65039], [107.37522, 37.68915], [107.45677, 37.6891], [107.48645, 37.72867], [107.69713, 37.54054], [108.08044, 37.55166], [108.1688, 37.44495], [108.3414, 37.38471], [108.38143, 37.43396], [108.3691, 37.54294], [108.5221, 37.59226], [108.91198, 37.61308], [109.04179, 37.67802], [109.10563, 37.64283], [109.12166, 37.50312], [109.21271, 37.32143], [109.23697, 37.35709], [109.33087, 37.35947], [109.38023, 37.43736], [109.47858, 37.50104], [109.63894, 37.41573], [109.72498, 37.43166], [109.83565, 37.27912], [109.91566, 37.3043], [110.02274, 37.26466], [110.00446, 37.20511], [109.94922, 37.20594], [109.99107, 37.12381], [110.01956, 37.14233], [110.02687, 37.02918], [110.13947, 36.92716], [110.4252, 36.96413], [110.37607, 36.87403], [110.42448, 36.85082], [110.40929, 36.77921], [110.37981, 36.77015], [110.42699, 36.76294], [110.41945, 36.72417], [110.44972, 36.7362], [110.43301, 36.68473], [110.38963, 36.68947]]]}}, {"type": "Feature", "properties": {"SYS_ID": "1831", "NAME_PY": "Fu Zhou", "NAME_CH": "鄜州", "NAME_FT": "鄜州", "X_COORD": 109.30479, "Y_COORD": 35.72855}, "geometry": {"type": "Polygon", "coordinates": [[[110.00239, 35.63065], [109.87954, 35.57266], [109.85811, 35.52366], [109.75757, 35.52231], [109.70811, 35.41115], [109.54778, 35.44975], [109.48405, 35.35068], [109.29536, 35.2599], [109.17064, 35.30232], [108.97426, 35.26996], [108.93114, 35.13344], [108.81559, 35.09146], [108.80626, 35.30788], [108.73572, 35.29358], [108.63324, 35.16708], [108.57301, 35.20902], [108.56387, 35.30889], [108.62656, 35.4192], [108.61798, 35.55222], [108.52468, 35.63646], [108.49702, 35.88537], [108.57613, 35.94813], [108.64757, 35.94853], [108.68385, 36.0213], [108.70763, 36.13836], [108.64481, 36.26213], [108.71406, 36.36228], [108.95695, 36.31389], [109.00783, 36.207], [109.16598, 36.11937], [109.2224, 36.14824], [109.3867, 36.1179], [109.57072, 36.23079], [109.7145, 36.17716], [109.7008, 36.07702], [109.76896, 36.00884], [109.75113, 35.96538], [109.98856, 35.91036], [110.05149, 35.87016], [110.07274, 35.79317], [110.11168, 35.78707], [110.11346, 35.75247], [110.04049, 35.70452], [110.00239, 35.63065]]]}}, {"type": "Feature", "properties": {"SYS_ID": "1839", "NAME_PY": "Tong Zhou", "NAME_CH": "同州府", "NAME_FT": "同州府", "X_COORD": 109.94253, "Y_COORD": 35.0306}, "geometry": {"type": "Polygon", "coordinates": [[[110.29284, 34.58417], [110.24482, 34.41145], [110.11539, 34.43559], [110.00434, 34.37505], [110.033, 34.32304], [110.00362, 34.30769], [110.01819, 34.2384], [109.95877, 34.21269], [109.94363, 34.2499], [109.91178, 34.23514], [109.82893, 34.29173], [109.79382, 34.27526], [109.79781, 34.23481], [109.7559, 34.26054], [109.74908, 34.22074], [109.69106, 34.24809], [109.59474, 34.43083], [109.66386, 34.60091], [109.71201, 34.6046], [109.76817, 34.80673], [109.59464, 34.75729], [109.4875, 34.79009], [109.40779, 34.77136], [109.39714, 34.82603], [109.33787, 34.87633], [109.43691, 34.99575], [109.38612, 35.10104], [109.31878, 35.0872], [109.27668, 35.11689], [109.27932, 35.25531], [109.48405, 35.35068], [109.54778, 35.44975], [109.71474, 35.41489], [109.75757, 35.52231], [109.86718, 35.52835], [109.87954, 35.57266], [110.00239, 35.63065], [110.0881, 35.73033], [110.14746, 35.703], [110.26527, 35.71494], [110.40521, 35.8142], [110.54125, 35.84524], [110.60651, 35.61751], [110.54771, 35.53408], [110.5126, 35.39949], [110.40205, 35.27748], [110.36012, 35.1051], [110.27056, 34.96877], [110.28021, 34.78363], [110.24545, 34.70478], [110.29284, 34.58417]]]}}, {"type": "Feature", "properties": {"SYS_ID": "1832", "NAME_PY": "Shang Zhou", "NAME_CH": "商州", "NAME_FT": "商州", "X_COORD": 109.79455, "Y_COORD": 33.76691}, "geometry": {"type": "Polygon", "coordinates": [[[110.52858, 33.2546], [110.42049, 33.17361], [110.2272, 33.16098], [110.15976, 33.21101], [110.02588, 33.19368], [109.84707, 33.24976], [109.7128, 33.23528], [109.6152, 33.27734], [109.59581, 33.23441], [109.5092, 33.23957], [109.43367, 33.15378], [109.34239, 33.13559], [109.22096, 33.19564], [109.11913, 33.16156], [109.05464, 33.2159], [108.97021, 33.1788], [108.94734, 33.13543], [108.87455, 33.1321], [108.82936, 33.15717], [108.83488, 33.21351], [108.7972, 33.25188], [108.73618, 33.28555], [108.6889, 33.27291], [108.65782, 33.32545], [108.57912, 33.30043], [108.56534, 33.34005], [108.59259, 33.4185], [108.66209, 33.43809], [108.90803, 33.39341], [108.93325, 33.42057], [108.91223, 33.45385], [108.9858, 33.48933], [108.99001, 33.61329], [109.10299, 33.61068], [109.21282, 33.67318], [109.31162, 33.66444], [109.31602, 33.80268], [109.36969, 33.78616], [109.46546, 33.84992], [109.56074, 33.79507], [109.52337, 33.74876], [109.59655, 33.67462], [109.64039, 33.67833], [109.62119, 33.77762], [109.5877, 33.79535], [109.61864, 33.86548], [109.58609, 33.90643], [109.59557, 33.9461], [109.5304, 33.98944], [109.5586, 34.06468], [109.72063, 34.11003], [109.76005, 34.14954], [109.67512, 34.18947], [109.65266, 34.24638], [109.74908, 34.22074], [109.74993, 34.25718], [109.79781, 34.23481], [109.79382, 34.27526], [109.82893, 34.29173], [109.97093, 34.21299], [110.01819, 34.2384], [110.00362, 34.30769], [110.033, 34.32304], [110.00305, 34.37204], [110.05901, 34.42169], [110.15891, 34.43612], [110.28712, 34.39747], [110.47175, 34.41671], [110.49512, 34.33678], [110.4226, 34.28906], [110.43656, 34.24719], [110.63907, 34.16409], [110.58246, 34.10278], [110.58051, 34.03356], [110.6162, 34.03012], [110.67118, 33.95418], [110.59247, 33.87962], [110.77208, 33.80183], [110.82722, 33.67475], [110.9977, 33.58366], [111.02161, 33.47111], [110.99113, 33.43764], [111.02425, 33.34104], [110.97766, 33.25967], [110.90807, 33.20814], [110.81988, 33.20504], [110.81271, 33.15268], [110.74016, 33.14888], [110.70572, 33.09762], [110.65231, 33.15619], [110.59605, 33.15649], [110.57265, 33.25248], [110.52858, 33.2546]]]}}, {"type": "Feature", "properties": {"SYS_ID": "1833", "NAME_PY": "Xing'an Fu", "NAME_CH": "兴安府", "NAME_FT": "興安府", "X_COORD": 109.11808, "Y_COORD": 32.52227}, "geometry": {"type": "Polygon", "coordinates": [[[109.72166, 32.61047], [109.61447, 32.59543], [109.63193, 32.54344], [109.57344, 32.51273], [109.49542, 32.38108], [109.49222, 32.29805], [109.599, 32.20805], [109.58413, 32.1522], [109.61752, 32.10502], [109.57956, 32.03959], [109.62671, 31.95334], [109.5802, 31.90279], [109.63152, 31.8092], [109.5922, 31.79782], [109.56396, 31.72975], [109.28453, 31.71871], [109.25554, 31.77188], [109.27087, 31.8042], [109.19235, 31.82661], [109.17108, 31.87403], [109.02614, 31.96889], [108.88356, 31.99667], [108.7525, 32.06977], [108.74031, 32.1099], [108.65578, 32.11586], [108.53082, 32.195], [108.47606, 32.27204], [108.32298, 32.24084], [108.23412, 32.27866], [108.18464, 32.22858], [108.15458, 32.24412], [108.17662, 32.26807], [108.1047, 32.37408], [108.1312, 32.38477], [108.11077, 32.43529], [108.18721, 32.43077], [108.27885, 32.51112], [108.17745, 32.61834], [108.26092, 32.61219], [108.25537, 32.70481], [108.19585, 32.76852], [108.13768, 32.78204], [108.0734, 32.87943], [108.13313, 33.01064], [108.08525, 33.09517], [108.10394, 33.20985], [108.03487, 33.2483], [108.0498, 33.32507], [108.19707, 33.3318], [108.20988, 33.26329], [108.50547, 33.19983], [108.58244, 33.20268], [108.6051, 33.24681], [108.73618, 33.28555], [108.83053, 33.21863], [108.82936, 33.15717], [108.87455, 33.1321], [108.94734, 33.13543], [108.97021, 33.1788], [109.05464, 33.2159], [109.11913, 33.16156], [109.22096, 33.19564], [109.34239, 33.13559], [109.43367, 33.15378], [109.57133, 33.1123], [109.68304, 33.11855], [109.78943, 33.06887], [109.75892, 32.90971], [109.77852, 32.89142], [109.86194, 32.91434], [110.10323, 32.83068], [110.13561, 32.81071], [110.1246, 32.77354], [110.15437, 32.76919], [110.15191, 32.68529], [110.2013, 32.6351], [110.15993, 32.5959], [110.08482, 32.61912], [110.07896, 32.58279], [110.01254, 32.54913], [109.90569, 32.59506], [109.81207, 32.57962], [109.72166, 32.61047]]]}}, {"type": "Feature", "properties": {"SYS_ID": "2032", "NAME_PY": "Huai'an Fu", "NAME_CH": "淮安府", "NAME_FT": "淮安府", "X_COORD": 119.37018, "Y_COORD": 33.81728}, "geometry": {"type": "Polygon", "coordinates": [[[118.58617, 34.01884], [118.85016, 33.90417], [118.99461, 33.90359], [119.02567, 33.92004], [119.04974, 34.03124], [119.1501, 33.98352], [119.20463, 34.01177], [119.21609, 34.082], [119.57507, 34.07161], [119.645, 34.20071], [119.71969, 34.24117], [119.78928, 34.34628], [119.80636, 34.48667], [120.3098, 34.4221], [120.3226, 34.38644], [120.26638, 34.30906], [120.28903, 34.26583], [120.46808, 34.30146], [120.41753, 34.14298], [120.38079, 33.82341], [120.41216, 33.57324], [120.47294, 33.39204], [120.4009, 33.28714], [120.28857, 33.24896], [120.1944, 33.14046], [120.07227, 33.18386], [119.97485, 33.15196], [119.67562, 33.14948], [119.63517, 33.17896], [119.64989, 33.27214], [119.5378, 33.3073], [119.48276, 33.39593], [119.42758, 33.3204], [119.25378, 33.31113], [119.13903, 33.21269], [118.96581, 33.206], [118.95542, 33.1515], [118.7712, 33.18108], [118.61554, 33.15387], [118.58968, 33.16987], [118.64756, 33.21682], [118.56768, 33.27058], [118.48576, 33.43048], [118.37911, 33.48098], [118.26743, 33.63927], [118.34927, 33.76273], [118.53198, 33.846], [118.54893, 34.00976], [118.58617, 34.01884]]]}}, {"type": "Feature", "properties": {"SYS_ID": "2031", "NAME_PY": "Yangzhou Fu", "NAME_CH": "扬州府", "NAME_FT": "揚州府", "X_COORD": 119.90483, "Y_COORD": 32.79276}, "geometry": {"type": "Polygon", "coordinates": [[[119.01621, 32.45254], [119.1423, 32.49457], [119.14837, 32.56375], [119.17806, 32.60176], [119.21261, 32.57589], [119.22567, 32.60915], [119.1867, 32.67457], [119.18059, 32.82774], [119.10098, 32.82755], [119.03835, 32.91215], [119.01213, 32.90731], [119.01232, 32.96146], [118.8857, 32.94516], [118.89582, 33.0003], [118.83328, 33.04797], [118.81414, 33.16129], [118.95542, 33.1515], [118.96581, 33.206], [119.13903, 33.21269], [119.25378, 33.31113], [119.42758, 33.3204], [119.48276, 33.39593], [119.5378, 33.3073], [119.64989, 33.27214], [119.63517, 33.17896], [119.69243, 33.1471], [119.97485, 33.15196], [120.07227, 33.18386], [120.1944, 33.14046], [120.28857, 33.24896], [120.4009, 33.28714], [120.44648, 33.37424], [120.47691, 33.37401], [120.56226, 33.17027], [120.73855, 32.93166], [120.79292, 32.65007], [120.99553, 32.5357], [120.93649, 32.43041], [120.78457, 32.3971], [120.70649, 32.44534], [120.68515, 32.51551], [120.70935, 32.56482], [120.56384, 32.58847], [120.49748, 32.54564], [120.48854, 32.47786], [120.39127, 32.36954], [120.33623, 32.37788], [120.2545, 32.33557], [120.0, 32.35009], [119.84635, 32.40783], [119.81424, 32.30466], [119.83814, 32.29239], [119.85852, 32.27187], [119.75033, 32.31356], [119.70297, 32.28933], [119.67474, 32.22108], [119.60506, 32.19009], [119.49561, 32.23039], [119.03286, 32.25791], [119.03714, 32.36729], [119.00898, 32.41067], [119.01621, 32.45254]]]}}, {"type": "Feature", "properties": {"SYS_ID": "2029", "NAME_PY": "Jiangning Fu", "NAME_CH": "江宁府", "NAME_FT": "江寧府", "X_COORD": 118.86827, "Y_COORD": 31.92094}, "geometry": {"type": "Polygon", "coordinates": [[[119.13718, 31.44841], [119.20828, 31.34543], [119.089, 31.23764], [118.78364, 31.23244], [118.70227, 31.30001], [118.74204, 31.3671], [118.81807, 31.3854], [118.87089, 31.4376], [118.86337, 31.62089], [118.79547, 31.62666], [118.7692, 31.68577], [118.7214, 31.63675], [118.64945, 31.6484], [118.64218, 31.68001], [118.68701, 31.71004], [118.67195, 31.73317], [118.62383, 31.7675], [118.52846, 31.74356], [118.48103, 31.79593], [118.50168, 31.84671], [118.3641, 31.9372], [118.3877, 32.08329], [118.49332, 32.1254], [118.50153, 32.19623], [118.63293, 32.20993], [118.53671, 32.55437], [118.58236, 32.60012], [118.6856, 32.58633], [118.71436, 32.61158], [118.7821, 32.58559], [118.81453, 32.60736], [118.83325, 32.57082], [118.8947, 32.59327], [118.88445, 32.55878], [118.92943, 32.55944], [118.97456, 32.50846], [119.03184, 32.51553], [119.05783, 32.48228], [119.00898, 32.41067], [119.03714, 32.36729], [119.03286, 32.25791], [119.25027, 32.21604], [119.24149, 32.13911], [119.36192, 32.05786], [119.37734, 31.97611], [119.34369, 31.9626], [119.30962, 31.8381], [119.31466, 31.68645], [119.22714, 31.6292], [119.13718, 31.44841]]]}}, {"type": "Feature", "properties": {"SYS_ID": "2022", "NAME_PY": "Haimen Ting", "NAME_CH": "海门厅", "NAME_FT": "海門廳", "X_COORD": 121.38792, "Y_COORD": 31.90235}, "geometry": {"type": "Polygon", "coordinates": [[[121.77751, 31.96888], [121.79722, 31.89977], [121.57347, 31.86667], [121.53628, 31.80936], [121.29503, 31.87234], [121.17049, 31.82544], [120.97498, 31.80883], [120.99183, 31.90453], [121.07662, 31.93795], [121.06783, 31.99397], [121.2654, 31.99258], [121.35595, 31.95501], [121.56099, 31.98734], [121.77751, 31.96888]]]}}, {"type": "Feature", "properties": {"SYS_ID": "2027", "NAME_PY": "Suzhou Fu", "NAME_CH": "苏州府", "NAME_FT": "蘇州府", "X_COORD": 120.5728, "Y_COORD": 31.38701}, "geometry": {"type": "Polygon", "coordinates": [[[120.59271, 31.70701], [120.55778, 32.00317], [120.7804, 32.00001], [120.91382, 31.80806], [121.06228, 31.72836], [121.01635, 31.66314], [121.05541, 31.63704], [120.97906, 31.55799], [120.97627, 31.49411], [121.01083, 31.49169], [121.02564, 31.43844], [121.09714, 31.43074], [121.0818, 31.39501], [121.16017, 31.28429], [121.05761, 31.26987], [121.07517, 31.13795], [121.05111, 31.11153], [120.88041, 31.13625], [120.85816, 31.10949], [120.89562, 31.08569], [120.89512, 31.01198], [120.70153, 30.97293], [120.70521, 30.90073], [120.64603, 30.8536], [120.58148, 30.85905], [120.49754, 30.75868], [120.44831, 30.8166], [120.4192, 30.92801], [120.40787, 30.89277], [120.35053, 30.88758], [120.36276, 30.96037], [120.07145, 31.04925], [119.98657, 31.17644], [120.00248, 31.22533], [120.29766, 31.38536], [120.4966, 31.44582], [120.59444, 31.52275], [120.58474, 31.58422], [120.53751, 31.59089], [120.5928, 31.62439], [120.55582, 31.68231], [120.59271, 31.70701]]]}}, {"type": "Feature", "properties": {"SYS_ID": "2023", "NAME_PY": "Tong Zhou", "NAME_CH": "通州", "NAME_FT": "通州", "X_COORD": 120.78233, "Y_COORD": 32.18388}, "geometry": {"type": "MultiPolygon", "coordinates": [[[[120.97439, 31.7883], [120.91382, 31.80806], [120.7804, 32.00001], [120.55438, 32.00405], [120.51553, 32.02454], [120.54807, 32.05212], [120.43615, 32.12729], [120.31757, 32.13362], [120.0905, 32.07566], [120.01643, 31.9682], [119.96785, 32.01522], [119.8991, 32.02105], [119.89831, 32.09035], [119.83715, 32.13756], [119.85852, 32.27187], [119.81424, 32.30466], [119.84245, 32.33062], [119.84194, 32.40453], [120.0, 32.35009], [120.24856, 32.33537], [120.33623, 32.37788], [120.35516, 32.35992], [120.46405, 32.43922], [120.49748, 32.54564], [120.56384, 32.58847], [120.70935, 32.56482], [120.68515, 32.51551], [120.70649, 32.44534], [120.78457, 32.3971], [120.87112, 32.39816], [120.88138, 32.43481], [120.9471, 32.44092], [120.99652, 32.53544], [121.05764, 32.52526], [121.32766, 32.39983], [121.1949, 32.20189], [121.21211, 32.14906], [121.30955, 32.10112], [121.6236, 32.07279], [121.75042, 31.9815], [121.35595, 31.95501], [121.2654, 31.99258], [121.0614, 31.99247], [121.0779, 31.94072], [120.99183, 31.90453], [120.97439, 31.7883]]], [[[120.97412, 31.77865], [120.97439, 31.7883], [120.9744, 31.7883], [120.97412, 31.77865]]]]}}, {"type": "Feature", "properties": {"SYS_ID": "2034", "NAME_PY": "Yizhou Fu", "NAME_CH": "沂州府", "NAME_FT": "沂州府", "X_COORD": 118.54153, "Y_COORD": 35.36066}, "geometry": {"type": "Polygon", "coordinates": [[[117.62031, 35.72209], [117.67924, 35.7315], [117.72902, 35.80574], [117.82826, 35.83124], [117.88706, 35.90547], [117.98394, 35.94848], [118.00135, 35.9904], [117.89586, 36.01664], [117.87954, 36.04858], [117.91856, 36.10239], [117.91231, 36.18666], [118.02271, 36.31204], [118.19714, 36.26635], [118.35187, 36.30207], [118.38981, 36.2832], [118.38679, 36.16949], [118.41906, 36.12903], [118.46086, 36.19248], [118.52532, 36.14158], [118.60829, 36.19718], [118.72821, 36.14618], [118.78071, 36.2056], [118.93059, 36.20993], [119.00684, 36.15419], [119.14541, 36.16549], [119.17228, 36.09415], [119.13235, 36.02176], [119.15924, 35.95825], [119.13299, 35.87925], [119.17292, 35.85164], [119.23408, 35.8736], [119.26766, 35.76165], [119.34405, 35.78741], [119.35169, 35.66117], [119.40317, 35.60464], [119.51139, 35.55034], [119.63422, 35.55919], [119.55772, 35.4063], [119.55198, 35.43435], [119.5596, 35.38784], [119.44557, 35.30498], [119.44098, 35.33825], [119.39764, 35.30563], [119.43914, 35.30525], [119.39047, 35.26802], [119.36314, 35.10651], [119.30523, 35.08893], [119.23299, 35.12481], [119.14003, 35.10306], [119.10706, 35.05822], [118.91395, 35.06505], [118.86342, 35.03876], [118.85543, 34.94485], [118.75948, 34.84832], [118.76894, 34.79704], [118.71599, 34.7643], [118.76803, 34.72916], [118.46406, 34.56628], [118.39965, 34.43804], [118.23589, 34.41], [118.12941, 34.4898], [118.16794, 34.55068], [118.07488, 34.55962], [118.10828, 34.61424], [118.08921, 34.6535], [117.91688, 34.67785], [117.89602, 34.64865], [117.79507, 34.63856], [117.74096, 34.6711], [117.73289, 34.84083], [117.78714, 34.964], [117.84295, 35.01133], [117.82956, 35.05486], [117.59108, 35.1672], [117.53373, 35.25527], [117.55409, 35.33326], [117.44885, 35.44233], [117.46547, 35.48876], [117.60638, 35.56708], [117.62031, 35.72209]]]}}, {"type": "Feature", "properties": {"SYS_ID": "2043", "NAME_PY": "Yanzhou Fu", "NAME_CH": "兖州府", "NAME_FT": "兗州府", "X_COORD": 117.11528, "Y_COORD": 35.3889}, "geometry": {"type": "GeometryCollection", "geometries": [{"type": "Polygon", "coordinates": [[[117.7953, 34.52216], [117.46445, 34.40154], [117.47939, 34.48907], [117.3998, 34.57607], [117.14144, 34.67276], [117.12244, 34.72795], [117.17684, 34.83223], [117.07122, 34.88537], [116.96816, 34.83851], [116.76295, 34.89215], [116.77746, 34.94245], [116.81479, 34.92783], [116.84902, 34.971], [116.8364, 35.13739], [116.72494, 35.14241], [116.7271, 35.30788], [116.75888, 35.36481], [116.67812, 35.51225], [116.54706, 35.58629], [116.42724, 35.57769], [116.2649, 35.49433], [116.09441, 35.50022], [116.16291, 35.60514], [116.15361, 35.64905], [116.01706, 35.77475], [115.83276, 35.7924], [115.81834, 35.86426], [115.6727, 35.95303], [115.61352, 36.10095], [115.72229, 36.199], [115.75872, 36.27354], [115.91524, 36.3754], [115.93493, 36.32688], [116.07257, 36.28876], [116.05061, 36.21863], [116.07618, 36.16283], [116.04117, 36.0884], [116.07767, 36.02409], [116.0724, 35.9489], [116.02846, 35.8736], [116.13397, 35.83879], [116.19835, 35.77094], [116.39642, 35.80735], [116.67952, 35.95271], [116.81046, 35.91438], [116.9173, 35.96947], [117.0203, 35.96944], [117.06745, 35.95862], [117.15733, 35.85107], [117.277, 35.77058], [117.47749, 35.71151], [117.62031, 35.72209], [117.60638, 35.56708], [117.46547, 35.48876], [117.45159, 35.41956], [117.55409, 35.33326], [117.53373, 35.25527], [117.59108, 35.1672], [117.82956, 35.05486], [117.84295, 35.01133], [117.78714, 34.964], [117.73289, 34.84083], [117.73516, 34.68381], [117.79507, 34.63856], [117.7953, 34.52216]]]}, {"type": "LineString", "coordinates": [[116.7505, 34.92131], [116.75357, 34.91902]]}]}}, {"type": "Feature", "properties": {"SYS_ID": "2044", "NAME_PY": "Jining Zhou", "NAME_CH": "济宁州", "NAME_FT": "濟寧州", "X_COORD": 116.50146, "Y_COORD": 35.21964}, "geometry": {"type": "Polygon", "coordinates": [[[116.19573, 35.48839], [116.42724, 35.57769], [116.54706, 35.58629], [116.67812, 35.51225], [116.75888, 35.36481], [116.7271, 35.30788], [116.72494, 35.14241], [116.8364, 35.13739], [116.82613, 35.04569], [116.85399, 34.99093], [116.81479, 34.92783], [116.618, 34.9379], [116.44553, 34.90248], [116.40661, 34.85299], [116.26444, 34.92189], [116.14893, 35.0366], [116.23237, 35.12308], [116.23129, 35.21457], [116.16072, 35.34112], [116.19573, 35.48839]]]}}, {"type": "Feature", "properties": {"SYS_ID": "1960", "NAME_PY": "Guide Fu", "NAME_CH": "归德府", "NAME_FT": "歸德府", "X_COORD": 115.74941, "Y_COORD": 34.12808}, "geometry": {"type": "Polygon", "coordinates": [[[114.85182, 34.43252], [114.89819, 34.48003], [114.87597, 34.60828], [114.94116, 34.64363], [114.96718, 34.73159], [115.02935, 34.75419], [115.09256, 34.70065], [115.45944, 34.6405], [115.53153, 34.57902], [115.71597, 34.55017], [115.9822, 34.62265], [116.09556, 34.60672], [116.1452, 34.56547], [116.18895, 34.57691], [116.19368, 34.5134], [116.15453, 34.4636], [116.20812, 34.38343], [116.35796, 34.31799], [116.358, 34.27371], [116.49767, 34.29773], [116.57375, 34.27943], [116.53638, 34.22911], [116.56357, 34.17569], [116.52208, 34.11706], [116.64272, 33.97507], [116.63751, 33.894], [116.55886, 33.90904], [116.43644, 33.85444], [116.43025, 33.8056], [116.15566, 33.70949], [116.069, 33.78423], [116.05215, 33.85887], [115.97511, 33.91148], [115.99485, 33.96647], [115.96221, 34.0036], [115.88196, 34.03434], [115.84458, 34.00624], [115.79876, 34.07441], [115.64478, 34.06733], [115.59433, 34.03397], [115.54173, 33.88263], [115.62633, 33.87212], [115.61039, 33.78431], [115.56051, 33.77685], [115.63195, 33.58684], [115.40752, 33.55921], [115.39255, 33.50555], [115.10701, 33.53245], [115.0095, 33.60903], [114.99236, 33.75299], [115.06291, 33.92465], [115.12235, 33.97012], [115.17166, 33.95023], [115.28006, 34.00799], [115.11742, 34.05496], [115.1027, 34.14912], [114.88633, 34.24702], [114.85182, 34.43252]]]}}, {"type": "Feature", "properties": {"SYS_ID": "1970", "NAME_PY": "Guang Zhou", "NAME_CH": "光州", "NAME_FT": "光州", "X_COORD": 115.23952, "Y_COORD": 31.89962}, "geometry": {"type": "Polygon", "coordinates": [[[115.18075, 32.62212], [115.19408, 32.58932], [115.29672, 32.58757], [115.2974, 32.55395], [115.39875, 32.58299], [115.55838, 32.4202], [115.54494, 32.40491], [115.58614, 32.42983], [115.65472, 32.4125], [115.68539, 32.49693], [115.74667, 32.47846], [115.75872, 32.50635], [115.77388, 32.46764], [115.81335, 32.50239], [115.87506, 32.49049], [115.93462, 32.07592], [115.88383, 31.86062], [115.89372, 31.75226], [115.8122, 31.6137], [115.72513, 31.54307], [115.65791, 31.34056], [115.65784, 31.2125], [115.58586, 31.14731], [115.53721, 31.18925], [115.52168, 31.25558], [115.45683, 31.27554], [115.43354, 31.34763], [115.38187, 31.34749], [115.37959, 31.39878], [115.30348, 31.38446], [115.21526, 31.42479], [115.22987, 31.55583], [115.15668, 31.60569], [115.11942, 31.59712], [115.08923, 31.51378], [115.01292, 31.52451], [114.9999, 31.47237], [114.96772, 31.50009], [114.83515, 31.46167], [114.62276, 31.59123], [114.54442, 31.56815], [114.61387, 31.69081], [114.58955, 31.95713], [114.70773, 32.2105], [114.58256, 32.39281], [114.61527, 32.48285], [114.70715, 32.53101], [114.74937, 32.59239], [114.86208, 32.63935], [114.91833, 32.6232], [115.008, 32.65274], [115.18075, 32.62212]]]}}, {"type": "Feature", "properties": {"SYS_ID": "1962", "NAME_PY": "Runing Fu", "NAME_CH": "汝宁府", "NAME_FT": "汝寧府", "X_COORD": 114.41531, "Y_COORD": 32.50045}, "geometry": {"type": "Polygon", "coordinates": [[[113.72539, 33.42659], [114.05208, 33.50425], [114.15614, 33.42058], [114.26684, 33.47549], [114.29992, 33.43729], [114.41509, 33.40593], [114.49848, 33.42724], [114.55117, 33.33083], [114.65634, 33.29478], [114.67541, 33.12783], [114.7868, 33.16144], [114.90551, 33.07091], [114.9241, 33.02166], [114.87514, 32.98549], [114.92795, 32.93913], [115.12758, 32.9031], [115.19471, 32.85179], [115.17372, 32.67001], [115.20652, 32.66047], [115.18075, 32.62212], [115.008, 32.65274], [114.91833, 32.6232], [114.86208, 32.63935], [114.74937, 32.59239], [114.70715, 32.53101], [114.61527, 32.48285], [114.58256, 32.39281], [114.70773, 32.2105], [114.58955, 31.95713], [114.61387, 31.69081], [114.54442, 31.56815], [114.43385, 31.58028], [114.30545, 31.49664], [114.2273, 31.50327], [114.35028, 31.65382], [114.33365, 31.72465], [114.23412, 31.83478], [114.12869, 31.84425], [114.0836, 31.79043], [113.97587, 31.75689], [113.94173, 31.80233], [113.9459, 31.8609], [113.90916, 31.88119], [113.84164, 31.84907], [113.80637, 31.97017], [113.74596, 32.00001], [113.77737, 32.03986], [113.71762, 32.11033], [113.75722, 32.13342], [113.77788, 32.20494], [113.73481, 32.25034], [113.76616, 32.36439], [113.73773, 32.3623], [113.72042, 32.42263], [113.77529, 32.58162], [113.64524, 32.71303], [113.6241, 32.80186], [113.7831, 32.86632], [113.68238, 33.18724], [113.72539, 33.42659]]]}}, {"type": "Feature", "properties": {"SYS_ID": "2009", "NAME_PY": "Zhangzhou Fu", "NAME_CH": "漳州府", "NAME_FT": "漳州府", "X_COORD": 117.48775, "Y_COORD": 24.30334}, "geometry": {"type": "MultiPolygon", "coordinates": [[[[118.03931, 24.44974], [117.78902, 24.49727], [117.77531, 24.48004], [117.90185, 24.3762], [118.05815, 24.41438], [118.01929, 24.33288], [118.0975, 24.36015], [118.13841, 24.27254], [118.09866, 24.2448], [118.07184, 24.26206], [118.01611, 24.20454], [118.00601, 24.23315], [117.97118, 24.15927], [117.95754, 24.2298], [117.91119, 24.19213], [117.95335, 24.16425], [117.90058, 24.09695], [117.90478, 24.03985], [117.80987, 24.00451], [117.7492, 23.90483], [117.72721, 23.93848], [117.79743, 24.0125], [117.7588, 24.02353], [117.77506, 24.04725], [117.77081, 24.06002], [117.75204, 24.02781], [117.70895, 24.04501], [117.68288, 24.00001], [117.70607, 23.95172], [117.63528, 23.88724], [117.64651, 23.79684], [117.59085, 23.72239], [117.59808, 23.88666], [117.38603, 23.94418], [117.38103, 23.92427], [117.48118, 23.90916], [117.50426, 23.86638], [117.44121, 23.75862], [117.41016, 23.7773], [117.43385, 23.73867], [117.4968, 23.76125], [117.53521, 23.73815], [117.48079, 23.70663], [117.48587, 23.65579], [117.42123, 23.64877], [117.43835, 23.58058], [117.31396, 23.57235], [117.41448, 23.6727], [117.33803, 23.68394], [117.39524, 23.7909], [117.34254, 23.75272], [117.28678, 23.7785], [117.31123, 23.75599], [117.27125, 23.73444], [117.28381, 23.64018], [117.25243, 23.60876], [117.22968, 23.61019], [117.249, 23.6748], [117.23249, 23.69133], [117.22324, 23.62402], [117.19003, 23.62166], [117.04617, 23.70332], [117.01509, 23.83907], [116.96444, 23.90444], [116.97567, 24.00001], [116.92114, 24.07721], [116.98882, 24.18147], [116.93019, 24.2247], [116.90677, 24.36501], [116.83621, 24.44013], [116.85111, 24.48803], [117.01234, 24.55863], [117.01173, 24.63029], [117.04105, 24.64457], [117.01775, 24.77117], [117.05174, 24.82645], [117.06867, 24.78174], [117.13248, 24.78418], [117.19798, 24.90943], [117.23075, 24.91761], [117.22591, 24.95999], [117.27803, 24.99113], [117.48812, 24.96155], [117.50213, 25.08845], [117.47155, 25.12943], [117.49391, 25.17457], [117.57547, 25.21174], [117.73776, 25.0404], [117.60303, 24.95627], [117.62912, 24.91997], [117.61323, 24.87239], [117.80641, 24.85037], [117.87612, 24.89136], [117.94817, 24.8452], [117.95664, 24.67451], [117.88637, 24.61427], [117.88782, 24.51833], [117.92022, 24.49142], [117.97095, 24.51577], [118.05093, 24.49986], [118.01035, 24.48958], [118.03931, 24.44974]]], [[[117.12605, 23.48491], [117.13258, 23.39781], [117.07017, 23.40978], [117.12605, 23.48491]]], [[[117.87676, 24.45478], [117.85319, 24.45027], [117.83775, 24.46417], [117.80732, 24.46902], [117.91264, 24.45822], [117.89982, 24.43036], [117.87676, 24.45478]]], [[[117.84255, 24.4316], [117.80365, 24.46262], [117.88198, 24.43071], [117.84255, 24.4316]]]]}}, {"type": "Feature", "properties": {"SYS_ID": "2001", "NAME_PY": "Tingzhou Fu", "NAME_CH": "汀州府", "NAME_FT": "汀州府", "X_COORD": 116.71744, "Y_COORD": 25.57058}, "geometry": {"type": "Polygon", "coordinates": [[[117.02023, 25.84467], [117.09538, 25.7105], [117.07833, 25.65571], [117.15147, 25.61223], [116.93845, 25.51274], [116.94911, 25.46112], [116.90918, 25.38237], [116.94164, 25.34455], [116.8831, 25.26922], [116.91343, 25.21303], [116.67533, 25.12818], [116.74219, 25.10432], [116.74532, 25.06181], [116.84914, 25.0766], [116.92696, 24.9853], [116.91242, 24.95067], [116.97529, 24.96486], [117.05723, 24.91597], [117.03466, 24.89449], [117.07753, 24.85659], [117.01864, 24.77644], [117.0108, 24.69944], [117.04105, 24.64457], [117.01173, 24.63029], [117.00147, 24.54716], [116.94315, 24.54799], [116.84347, 24.47682], [116.75189, 24.54583], [116.80933, 24.64417], [116.79304, 24.67788], [116.50639, 24.61414], [116.48509, 24.71273], [116.41473, 24.73964], [116.3708, 24.80162], [116.41285, 24.84074], [116.3891, 24.87443], [116.3038, 24.80263], [116.23911, 24.79275], [116.24606, 24.82603], [116.19223, 24.8651], [116.06659, 24.85271], [116.01974, 24.90244], [115.87727, 24.93583], [115.86511, 24.97342], [115.89948, 24.987], [115.86829, 25.02222], [115.92638, 25.0543], [115.86929, 25.11838], [115.85151, 25.21308], [116.00704, 25.32531], [115.98805, 25.38173], [116.01486, 25.44329], [115.98757, 25.46394], [116.05505, 25.57076], [116.05082, 25.69052], [116.17434, 25.77748], [116.12575, 25.86157], [116.36131, 25.96796], [116.36211, 26.01523], [116.48708, 26.12738], [116.46234, 26.17857], [116.39099, 26.18549], [116.39454, 26.2717], [116.51283, 26.40451], [116.57687, 26.36909], [116.60167, 26.38609], [116.63349, 26.47767], [116.53509, 26.56855], [116.5642, 26.64577], [116.67947, 26.65958], [116.72979, 26.63509], [116.70795, 26.6069], [116.74777, 26.58105], [116.72213, 26.56069], [116.78802, 26.54072], [116.81991, 26.58931], [116.83513, 26.55962], [116.90372, 26.57404], [116.91668, 26.66243], [117.06471, 26.55811], [117.21154, 26.5352], [117.22179, 26.43681], [117.28787, 26.45935], [117.31696, 26.42515], [117.38343, 26.43408], [117.38437, 26.48162], [117.46375, 26.50076], [117.48019, 26.56127], [117.51593, 26.55615], [117.53525, 26.59573], [117.55757, 26.57807], [117.54515, 26.51386], [117.5866, 26.47031], [117.5332, 26.3189], [117.44588, 26.24981], [117.32897, 26.27435], [117.28277, 26.23838], [117.30213, 26.14245], [117.2299, 26.15787], [117.08006, 26.11488], [117.04141, 26.04019], [117.04823, 25.96178], [117.14889, 25.911], [117.14987, 25.87082], [117.1209, 25.83593], [117.02023, 25.84467]]]}}, {"type": "Feature", "properties": {"SYS_ID": "2006", "NAME_PY": "Quanzhou Fu", "NAME_CH": "泉州府", "NAME_FT": "泉州府", "X_COORD": 118.29883, "Y_COORD": 24.89911}, "geometry": {"type": "MultiPolygon", "coordinates": [[[[118.6569, 24.98175], [118.67392, 24.95254], [118.64239, 24.93035], [118.68027, 24.88956], [118.62013, 24.81542], [118.66304, 24.78569], [118.72395, 24.81461], [118.72696, 24.78039], [118.78069, 24.76214], [118.71201, 24.67736], [118.67168, 24.69665], [118.63705, 24.66586], [118.68197, 24.61077], [118.60557, 24.52947], [118.56857, 24.51667], [118.55428, 24.55537], [118.59173, 24.57757], [118.53662, 24.61395], [118.4436, 24.62948], [118.45764, 24.71115], [118.42562, 24.73562], [118.41625, 24.608], [118.27584, 24.59894], [118.28368, 24.57575], [118.22205, 24.5447], [118.18749, 24.60523], [118.22687, 24.627], [118.1776, 24.6265], [118.21059, 24.65746], [118.17104, 24.69731], [118.09976, 24.58037], [118.02821, 24.56889], [118.05927, 24.50117], [117.90473, 24.49463], [117.88637, 24.61427], [117.95463, 24.66721], [117.95096, 24.83823], [117.87612, 24.89136], [117.80641, 24.85037], [117.73322, 24.8788], [117.67074, 24.84949], [117.60713, 24.87898], [117.62912, 24.91997], [117.60303, 24.95627], [117.73776, 25.0404], [117.58865, 25.18865], [117.57547, 25.21174], [117.61916, 25.24941], [117.58939, 25.28419], [117.68123, 25.32288], [117.68819, 25.41228], [117.72736, 25.38754], [117.78662, 25.40991], [117.82856, 25.38236], [117.98377, 25.38452], [118.05276, 25.28857], [118.13432, 25.27904], [118.19062, 25.208], [118.2689, 25.21866], [118.28318, 25.25683], [118.37418, 25.25485], [118.42909, 25.29977], [118.56712, 25.30736], [118.68216, 25.26675], [118.68297, 25.15643], [118.87621, 25.24521], [118.93529, 25.22875], [118.91333, 25.19335], [118.97778, 25.19941], [118.93452, 25.14697], [118.96934, 25.12116], [118.84706, 25.08759], [118.94933, 25.00778], [119.01185, 25.05274], [118.97705, 24.99215], [119.02219, 24.96222], [119.00684, 24.9477], [118.96799, 24.97207], [118.88715, 24.94904], [118.98151, 24.88726], [118.87372, 24.90519], [118.84032, 24.88128], [118.80901, 24.90599], [118.78468, 24.86102], [118.69895, 24.8532], [118.69521, 24.88598], [118.73552, 24.88621], [118.74394, 24.91482], [118.71805, 24.9108], [118.71697, 24.94623], [118.69048, 24.89766], [118.69482, 24.9524], [118.6569, 24.98175]]], [[[118.36469, 24.45897], [118.39102, 24.5118], [118.42422, 24.52688], [118.46384, 24.48286], [118.44741, 24.41062], [118.36614, 24.42866], [118.32495, 24.38593], [118.27926, 24.41393], [118.3177, 24.4301], [118.29065, 24.4764], [118.36469, 24.45897]]], [[[118.11689, 24.55173], [118.16015, 24.54167], [118.15572, 24.50978], [118.19251, 24.52924], [118.1953, 24.48894], [118.12937, 24.42585], [118.06683, 24.46576], [118.11234, 24.47976], [118.07408, 24.50111], [118.11689, 24.55173]]], [[[118.26158, 24.42246], [118.22539, 24.40532], [118.21191, 24.40988], [118.2468, 24.45388], [118.26158, 24.42246]]]]}}, {"type": "Feature", "properties": {"SYS_ID": "2004", "NAME_PY": "Longyan Zhou", "NAME_CH": "龙岩州", "NAME_FT": "龍岩州", "X_COORD": 117.20539, "Y_COORD": 25.26866}, "geometry": {"type": "Polygon", "coordinates": [[[117.27803, 24.99113], [117.13918, 24.78977], [117.06867, 24.78174], [117.05097, 24.92381], [116.97529, 24.96486], [116.91242, 24.95067], [116.92696, 24.9853], [116.84914, 25.0766], [116.74532, 25.06181], [116.74219, 25.10432], [116.67533, 25.12818], [116.91343, 25.21303], [116.8831, 25.26922], [116.94164, 25.34455], [116.90918, 25.38237], [116.94911, 25.46112], [116.93845, 25.51274], [117.12239, 25.58559], [117.23183, 25.66541], [117.26559, 25.73289], [117.43457, 25.75688], [117.54945, 25.71365], [117.60815, 25.65148], [117.65602, 25.664], [117.73544, 25.59386], [117.68392, 25.54632], [117.71328, 25.48259], [117.68535, 25.44199], [117.69708, 25.37436], [117.68123, 25.32288], [117.59207, 25.28872], [117.61587, 25.24146], [117.49045, 25.16869], [117.46944, 25.11846], [117.50213, 25.08845], [117.48812, 24.96155], [117.27803, 24.99113]]]}}, {"type": "Feature", "properties": {"SYS_ID": "2007", "NAME_PY": "Xinghua Fu", "NAME_CH": "兴化府", "NAME_FT": "興化府", "X_COORD": 118.90963, "Y_COORD": 25.38937}, "geometry": {"type": "MultiPolygon", "coordinates": [[[[118.84747, 25.7057], [118.92032, 25.74588], [119.14409, 25.74354], [119.12869, 25.63242], [119.17115, 25.55477], [119.20744, 25.55548], [119.1948, 25.46969], [119.12347, 25.40173], [119.1834, 25.34216], [119.21572, 25.36076], [119.2281, 25.31173], [119.18443, 25.30327], [119.20759, 25.26734], [119.24582, 25.33164], [119.28517, 25.32993], [119.36877, 25.27085], [119.36028, 25.24916], [119.27988, 25.24351], [119.30139, 25.20073], [119.27396, 25.17367], [119.17012, 25.18736], [119.13629, 25.26684], [119.08551, 25.18224], [119.15682, 25.13002], [119.10306, 25.15001], [119.10244, 25.11303], [119.08322, 25.16211], [119.04733, 25.15628], [119.05668, 25.11635], [119.02449, 25.13885], [119.07242, 25.19314], [119.07188, 25.25223], [118.99361, 25.213], [118.97579, 25.23052], [118.9913, 25.26779], [119.04018, 25.26], [119.06341, 25.28959], [118.92966, 25.27839], [118.68297, 25.15643], [118.68216, 25.26675], [118.6338, 25.26608], [118.63523, 25.30142], [118.51322, 25.30155], [118.51633, 25.35475], [118.45032, 25.44122], [118.46997, 25.53571], [118.53347, 25.58925], [118.53869, 25.65663], [118.63499, 25.70859], [118.72282, 25.68288], [118.81847, 25.72279], [118.84747, 25.7057]]], [[[119.10314, 25.07922], [119.14734, 25.08978], [119.13184, 25.08574], [119.1182, 25.02405], [119.10314, 25.07922]]]]}}, {"type": "Feature", "properties": {"SYS_ID": "2008", "NAME_PY": "Fuzhou Fu", "NAME_CH": "福州府", "NAME_FT": "福州府", "X_COORD": 119.16737, "Y_COORD": 26.1661}, "geometry": {"type": "MultiPolygon", "coordinates": [[[[118.3808, 25.80256], [118.43249, 25.91602], [118.45614, 25.8638], [118.49536, 25.90389], [118.49934, 25.9982], [118.53835, 26.06333], [118.59209, 26.07558], [118.5655, 26.13045], [118.5797, 26.19179], [118.60865, 26.24552], [118.6643, 26.2586], [118.66204, 26.34667], [118.542, 26.39727], [118.61101, 26.5301], [118.56634, 26.691], [118.63524, 26.81003], [118.62331, 26.85683], [118.68903, 26.87693], [118.69288, 26.95123], [118.77782, 26.95043], [118.82957, 26.99001], [118.89862, 27.09627], [118.94656, 27.11688], [118.95662, 27.17051], [118.98525, 27.10794], [119.08882, 27.10171], [119.2032, 26.9661], [119.22432, 26.91697], [119.18684, 26.87361], [119.19939, 26.77825], [119.13887, 26.73304], [119.16047, 26.71538], [119.23576, 26.74673], [119.25739, 26.68977], [119.32446, 26.67965], [119.39478, 26.62183], [119.47576, 26.62858], [119.52791, 26.56335], [119.6172, 26.5212], [119.66976, 26.52874], [119.68723, 26.56596], [119.78105, 26.56397], [119.79385, 26.5486], [119.75514, 26.5419], [119.82835, 26.45113], [119.78899, 26.41459], [119.64645, 26.5083], [119.61689, 26.46369], [119.59389, 26.48187], [119.56556, 26.48349], [119.57848, 26.42935], [119.65582, 26.44306], [119.64185, 26.36233], [119.70058, 26.34514], [119.68376, 26.31374], [119.75988, 26.33388], [119.7501, 26.36813], [119.81802, 26.42679], [119.87158, 26.37759], [119.85838, 26.35224], [119.95477, 26.37316], [119.90205, 26.31798], [119.8126, 26.32797], [119.79622, 26.27357], [119.76407, 26.30068], [119.63063, 26.26653], [119.60484, 26.24725], [119.6712, 26.23984], [119.65462, 26.20774], [119.51125, 26.08347], [119.71336, 26.01652], [119.68198, 25.90603], [119.6364, 25.91802], [119.58188, 25.85592], [119.62842, 25.75632], [119.60352, 25.70551], [119.53568, 25.71318], [119.43488, 25.64304], [119.49326, 25.62318], [119.47704, 25.59058], [119.50688, 25.55682], [119.60278, 25.59567], [119.56645, 25.55273], [119.59694, 25.52215], [119.55124, 25.5063], [119.60261, 25.51016], [119.58505, 25.48108], [119.61775, 25.49085], [119.60922, 25.4648], [119.63854, 25.47747], [119.60865, 25.43609], [119.65057, 25.4252], [119.65618, 25.38517], [119.6114, 25.36241], [119.65276, 25.36441], [119.63971, 25.34363], [119.58708, 25.34789], [119.60458, 25.37629], [119.57824, 25.42163], [119.60283, 25.43154], [119.56582, 25.46288], [119.51827, 25.39861], [119.56513, 25.41809], [119.55489, 25.3855], [119.48282, 25.37011], [119.50849, 25.47009], [119.4316, 25.43838], [119.46066, 25.5127], [119.3616, 25.53113], [119.37862, 25.59359], [119.3596, 25.57903], [119.34802, 25.61862], [119.31522, 25.61202], [119.35028, 25.55163], [119.32137, 25.4697], [119.34243, 25.43705], [119.29782, 25.42131], [119.27557, 25.46044], [119.31789, 25.57627], [119.28783, 25.58067], [119.27736, 25.52817], [119.1948, 25.46969], [119.20712, 25.56469], [119.17115, 25.55477], [119.12869, 25.63242], [119.12858, 25.75468], [118.94868, 25.7258], [118.92032, 25.74588], [118.74296, 25.68449], [118.63499, 25.70859], [118.53736, 25.64886], [118.42945, 25.72036], [118.3808, 25.80256]]], [[[119.77352, 25.39711], [119.69795, 25.46191], [119.72865, 25.48869], [119.67459, 25.46845], [119.67202, 25.49331], [119.73859, 25.5075], [119.73878, 25.58164], [119.68147, 25.59913], [119.78449, 25.66727], [119.77206, 25.61731], [119.8798, 25.55784], [119.80547, 25.53152], [119.80608, 25.49363], [119.85919, 25.48193], [119.851, 25.45459], [119.75674, 25.43702], [119.77352, 25.39711]]], [[[119.61832, 26.11917], [119.65186, 26.07023], [119.53809, 26.08121], [119.56771, 26.11954], [119.61832, 26.11917]]], [[[119.53864, 25.16665], [119.49931, 25.20637], [119.48885, 25.18458], [119.43913, 25.2057], [119.43729, 25.23995], [119.46611, 25.25907], [119.49801, 25.21398], [119.56872, 25.21139], [119.53864, 25.16665]]]]}}, {"type": "Feature", "properties": {"SYS_ID": "2010", "NAME_PY": "Funing Fu", "NAME_CH": "福宁府", "NAME_FT": "福寧府", "X_COORD": 119.78421, "Y_COORD": 27.09681}, "geometry": {"type": "MultiPolygon", "coordinates": [[[[119.2014, 27.12378], [119.17239, 27.20365], [119.20505, 27.23116], [119.26112, 27.21392], [119.20063, 27.27497], [119.26801, 27.38388], [119.26116, 27.4327], [119.37177, 27.53802], [119.45163, 27.52045], [119.48924, 27.66033], [119.53333, 27.64795], [119.55114, 27.6798], [119.63851, 27.66807], [119.62505, 27.59659], [119.70048, 27.51911], [119.68183, 27.44116], [119.77735, 27.33207], [119.76521, 27.30983], [119.93671, 27.31784], [119.96549, 27.37166], [120.0, 27.3828], [120.0319, 27.3444], [120.13453, 27.42222], [120.24931, 27.43482], [120.27393, 27.39567], [120.34655, 27.39596], [120.42249, 27.26244], [120.4001, 27.24472], [120.43544, 27.16646], [120.3662, 27.25052], [120.2973, 27.23282], [120.28777, 27.26488], [120.32001, 27.28164], [120.32938, 27.29349], [120.30588, 27.28035], [120.31497, 27.31023], [120.28769, 27.29343], [120.28706, 27.32122], [120.26184, 27.28467], [120.2418, 27.30261], [120.23812, 27.2537], [120.2067, 27.29373], [120.18655, 27.27968], [120.18319, 27.21365], [120.25433, 27.25343], [120.31033, 27.21321], [120.3584, 27.23875], [120.37724, 27.19565], [120.34493, 27.17333], [120.44254, 27.15438], [120.37878, 27.13861], [120.42214, 27.12279], [120.36553, 27.11166], [120.38941, 27.11191], [120.38313, 27.08343], [120.24674, 27.12205], [120.24875, 27.08999], [120.28561, 27.07987], [120.28761, 27.04827], [120.24891, 27.06158], [120.23216, 27.03296], [120.2637, 27.03356], [120.26834, 26.99604], [120.16962, 26.97745], [120.24567, 26.96782], [120.22572, 26.91214], [120.1206, 26.929], [120.1128, 26.88674], [120.04893, 26.89161], [120.06307, 26.87099], [120.02136, 26.85236], [120.0984, 26.79306], [120.13567, 26.80108], [120.09356, 26.75931], [120.15782, 26.72618], [120.09614, 26.69403], [120.10532, 26.64762], [120.13517, 26.65234], [119.94184, 26.60054], [119.93162, 26.54989], [119.87502, 26.51363], [119.82658, 26.5264], [119.84454, 26.58893], [119.89703, 26.62295], [119.95068, 26.61446], [119.98375, 26.64586], [119.97038, 26.6889], [120.03852, 26.71336], [120.02174, 26.73617], [120.08195, 26.78117], [120.07513, 26.80629], [119.92265, 26.78915], [119.90006, 26.66519], [119.86633, 26.64839], [119.8351, 26.69653], [119.85487, 26.7241], [119.80642, 26.69167], [119.78643, 26.70892], [119.8047, 26.77748], [119.85336, 26.78209], [119.85197, 26.81444], [119.78884, 26.78649], [119.78512, 26.8154], [119.85391, 26.84959], [119.84492, 26.86178], [119.77023, 26.83724], [119.73016, 26.70487], [119.66361, 26.73161], [119.65804, 26.7645], [119.61137, 26.75859], [119.61842, 26.79756], [119.57105, 26.79571], [119.54981, 26.7053], [119.58333, 26.71458], [119.56961, 26.74393], [119.63559, 26.74301], [119.59289, 26.72082], [119.60056, 26.64738], [119.55238, 26.6786], [119.52726, 26.66287], [119.56504, 26.60165], [119.59695, 26.56943], [119.66834, 26.62015], [119.72826, 26.61279], [119.79684, 26.55168], [119.75566, 26.57811], [119.68723, 26.56596], [119.66976, 26.52874], [119.56455, 26.53823], [119.47576, 26.62858], [119.39478, 26.62183], [119.32446, 26.67965], [119.25739, 26.68977], [119.23576, 26.74673], [119.16586, 26.71596], [119.13887, 26.73304], [119.19939, 26.77825], [119.18684, 26.87361], [119.22432, 26.91697], [119.13035, 27.0422], [119.12589, 27.09163], [119.2014, 27.12378]]], [[[120.3799, 26.93272], [120.35126, 26.9282], [120.32045, 26.94955], [120.35893, 26.97123], [120.3799, 26.93272]]]]}}, {"type": "Feature", "properties": {"SYS_ID": "2000", "NAME_PY": "Jianning Fu", "NAME_CH": "建宁府", "NAME_FT": "建寧府", "X_COORD": 118.4021, "Y_COORD": 27.48129}, "geometry": {"type": "Polygon", "coordinates": [[[118.95214, 27.16822], [118.94656, 27.11688], [118.89862, 27.09627], [118.82957, 26.99001], [118.77782, 26.95043], [118.6875, 26.94521], [118.69148, 26.88029], [118.62331, 26.85683], [118.60056, 26.72664], [118.54318, 26.67663], [118.51576, 26.68831], [118.51949, 26.65494], [118.3185, 26.70911], [118.26598, 26.79014], [118.12254, 26.80314], [118.07703, 26.86114], [117.90814, 26.8064], [117.84232, 26.86657], [117.8513, 26.95026], [117.97792, 27.04702], [117.9885, 27.10935], [117.90711, 27.15115], [117.89298, 27.18989], [117.82176, 27.16838], [117.82266, 27.19892], [117.74598, 27.25689], [117.68624, 27.22876], [117.71009, 27.31075], [117.63667, 27.39549], [117.61086, 27.48528], [117.54668, 27.53292], [117.54733, 27.64612], [117.59144, 27.66754], [117.67651, 27.83072], [117.73547, 27.80699], [117.78417, 27.89917], [117.85182, 27.95031], [118.02443, 27.99132], [118.08931, 27.96673], [118.1207, 28.05879], [118.33678, 28.09608], [118.36909, 28.19083], [118.31243, 28.2216], [118.37398, 28.27587], [118.42427, 28.29228], [118.4854, 28.24131], [118.49516, 28.28212], [118.573, 28.2921], [118.60341, 28.2573], [118.71264, 28.31146], [118.80267, 28.24109], [118.76115, 28.17785], [118.79381, 28.17119], [118.79248, 28.12329], [118.71191, 28.05638], [118.72289, 27.97871], [118.81105, 27.91218], [118.89139, 27.71739], [118.86738, 27.69843], [118.90428, 27.57638], [118.85471, 27.52568], [118.91139, 27.46161], [119.00636, 27.50001], [119.05289, 27.47409], [119.11907, 27.48708], [119.12654, 27.43751], [119.26116, 27.4327], [119.26801, 27.38388], [119.20063, 27.27497], [119.26112, 27.21392], [119.20505, 27.23116], [119.17653, 27.2097], [119.2014, 27.12378], [119.12589, 27.09163], [119.13387, 27.06354], [119.08334, 27.10558], [118.98525, 27.10794], [118.95214, 27.16822]]]}}, {"type": "Feature", "properties": {"SYS_ID": "2002", "NAME_PY": "Shaowu Fu", "NAME_CH": "邵武府", "NAME_FT": "邵武府", "X_COORD": 117.16497, "Y_COORD": 27.26635}, "geometry": {"type": "Polygon", "coordinates": [[[117.43369, 27.06712], [117.32778, 27.0138], [117.34178, 26.97098], [117.2399, 26.93401], [117.24143, 26.86578], [117.21062, 26.85863], [117.24985, 26.76213], [117.16037, 26.67426], [117.14488, 26.6183], [117.10374, 26.6236], [117.07546, 26.55989], [116.91668, 26.66243], [116.90372, 26.57404], [116.83513, 26.55962], [116.81991, 26.58931], [116.77933, 26.54144], [116.72213, 26.56069], [116.74777, 26.58105], [116.70795, 26.6069], [116.72979, 26.63509], [116.60962, 26.66435], [116.56838, 26.64238], [116.5116, 26.69407], [116.55402, 26.77036], [116.54402, 26.8435], [116.65461, 26.96568], [116.8129, 27.02191], [116.93163, 27.02283], [117.04218, 27.10157], [117.05899, 27.17551], [117.16045, 27.27313], [117.16171, 27.30292], [117.09876, 27.33646], [117.12629, 27.41684], [117.09513, 27.53975], [117.07494, 27.56926], [117.01925, 27.55999], [117.01231, 27.65368], [117.05292, 27.67525], [117.09457, 27.63067], [117.10156, 27.68685], [117.19828, 27.68846], [117.19814, 27.71577], [117.29501, 27.77882], [117.28169, 27.87507], [117.32047, 27.90376], [117.34506, 27.86464], [117.51755, 27.99197], [117.59894, 27.87388], [117.67651, 27.83072], [117.59144, 27.66754], [117.54733, 27.64612], [117.54668, 27.53292], [117.61086, 27.48528], [117.63667, 27.39549], [117.71009, 27.31075], [117.68624, 27.22876], [117.74598, 27.25689], [117.82266, 27.19892], [117.81972, 27.16978], [117.74435, 27.07822], [117.74014, 26.98478], [117.6926, 26.93426], [117.60844, 26.93137], [117.5825, 27.00051], [117.44891, 27.01094], [117.43369, 27.06712]]]}}, {"type": "Feature", "properties": {"SYS_ID": "2003", "NAME_PY": "Yanping Fu", "NAME_CH": "延平府", "NAME_FT": "延平府", "X_COORD": 117.84261, "Y_COORD": 26.4019}, "geometry": {"type": "Polygon", "coordinates": [[[118.53835, 26.06333], [118.46413, 25.86653], [118.43249, 25.91602], [118.40412, 25.89303], [118.29924, 25.93148], [118.22965, 25.88698], [118.15882, 25.91164], [118.07712, 25.88926], [118.05765, 25.84274], [117.99502, 25.86459], [118.03381, 25.94593], [118.01768, 26.01022], [117.92604, 25.97085], [117.87919, 26.00699], [117.90236, 26.10392], [117.84255, 26.10756], [117.81116, 26.16349], [117.76741, 26.10697], [117.65534, 26.08303], [117.64828, 26.04381], [117.75145, 26.05038], [117.7748, 25.98099], [117.72949, 25.95755], [117.68497, 25.86838], [117.60553, 25.83214], [117.56421, 25.86583], [117.50399, 25.81603], [117.49838, 25.72944], [117.43457, 25.75688], [117.27717, 25.73813], [117.15147, 25.61223], [117.07833, 25.65571], [117.09538, 25.7105], [117.02023, 25.84467], [117.1209, 25.83593], [117.15085, 25.89775], [117.05019, 25.95648], [117.0401, 26.03331], [117.07083, 26.1046], [117.2299, 26.15787], [117.30213, 26.14245], [117.28277, 26.23838], [117.32897, 26.27435], [117.45734, 26.25312], [117.53907, 26.32811], [117.5866, 26.47031], [117.54515, 26.51386], [117.55981, 26.57162], [117.53525, 26.59573], [117.51593, 26.55615], [117.4763, 26.55625], [117.46375, 26.50076], [117.38437, 26.48162], [117.39554, 26.44547], [117.36396, 26.42687], [117.28174, 26.46008], [117.22179, 26.43681], [117.21154, 26.5352], [117.08395, 26.56881], [117.10374, 26.6236], [117.14488, 26.6183], [117.16037, 26.67426], [117.24985, 26.76213], [117.21062, 26.85863], [117.24143, 26.86578], [117.2399, 26.93401], [117.34178, 26.97098], [117.32778, 27.0138], [117.42732, 27.06888], [117.44891, 27.01094], [117.5825, 27.00051], [117.59645, 26.93745], [117.6926, 26.93426], [117.74014, 26.98478], [117.74435, 27.07822], [117.81972, 27.16978], [117.90115, 27.1859], [117.90711, 27.15115], [117.99035, 27.09531], [117.97792, 27.04702], [117.8513, 26.95026], [117.84232, 26.86657], [117.87947, 26.82203], [117.9387, 26.79638], [118.07703, 26.86114], [118.12254, 26.80314], [118.26598, 26.79014], [118.3185, 26.70911], [118.46236, 26.65144], [118.52284, 26.6565], [118.51315, 26.68536], [118.54318, 26.67663], [118.54079, 26.69895], [118.59119, 26.6725], [118.57927, 26.58651], [118.61101, 26.5301], [118.542, 26.39727], [118.66204, 26.34667], [118.6643, 26.2586], [118.60865, 26.24552], [118.56595, 26.13526], [118.59094, 26.0724], [118.53835, 26.06333]]]}}, {"type": "Feature", "properties": {"SYS_ID": "2005", "NAME_PY": "Yongchun Zhou", "NAME_CH": "永春州", "NAME_FT": "永春州", "X_COORD": 118.01761, "Y_COORD": 25.68575}, "geometry": {"type": "Polygon", "coordinates": [[[118.51322, 25.30155], [118.42909, 25.29977], [118.37418, 25.25485], [118.28318, 25.25683], [118.2689, 25.21866], [118.19062, 25.208], [118.13432, 25.27904], [118.05276, 25.28857], [117.98377, 25.38452], [117.69463, 25.40257], [117.71328, 25.48259], [117.68392, 25.54632], [117.73544, 25.59386], [117.64755, 25.66882], [117.60815, 25.65148], [117.49838, 25.72944], [117.49484, 25.76349], [117.50399, 25.81603], [117.56421, 25.86583], [117.60553, 25.83214], [117.67806, 25.86455], [117.72949, 25.95755], [117.77062, 25.9723], [117.75145, 26.05038], [117.64828, 26.04381], [117.65534, 26.08303], [117.76741, 26.10697], [117.81116, 26.16349], [117.84255, 26.10756], [117.89234, 26.11666], [117.8822, 26.00374], [117.93418, 25.97099], [118.01768, 26.01022], [118.03381, 25.94593], [117.99349, 25.90068], [118.00015, 25.8559], [118.05765, 25.84274], [118.07712, 25.88926], [118.15882, 25.91164], [118.22965, 25.88698], [118.29924, 25.93148], [118.40412, 25.89303], [118.3808, 25.80256], [118.42945, 25.72036], [118.53892, 25.64329], [118.45032, 25.44122], [118.51633, 25.35475], [118.51322, 25.30155]]]}}, {"type": "Feature", "properties": {"SYS_ID": "2012", "NAME_PY": "Wenzhou Fu", "NAME_CH": "温州府", "NAME_FT": "溫州府", "X_COORD": 120.52283, "Y_COORD": 27.88912}, "geometry": {"type": "MultiPolygon", "coordinates": [[[[119.62505, 27.59659], [119.64349, 27.71995], [119.78368, 27.82778], [119.78976, 27.79875], [119.84962, 27.81259], [119.93956, 27.72344], [119.98941, 27.73036], [119.9921, 27.87716], [120.03503, 27.94799], [120.15132, 27.97836], [120.22631, 27.9301], [120.29018, 27.98344], [120.34261, 27.9789], [120.32582, 28.00523], [120.36954, 28.08629], [120.29875, 28.21432], [120.31149, 28.26871], [120.35265, 28.29043], [120.32058, 28.40803], [120.37037, 28.41236], [120.44272, 28.58216], [120.60368, 28.53278], [120.64407, 28.57996], [120.73628, 28.60909], [120.83268, 28.55564], [120.8765, 28.48807], [120.92863, 28.50577], [121.0137, 28.47195], [121.06586, 28.4772], [121.11018, 28.53209], [121.24936, 28.40838], [121.18188, 28.39083], [121.11601, 28.28558], [121.03577, 28.29723], [121.13144, 28.24831], [121.09386, 28.16786], [121.02526, 28.14794], [120.99162, 28.10256], [120.96549, 27.98192], [120.85869, 27.99769], [120.81116, 27.97191], [120.86786, 27.93089], [120.85855, 27.87655], [120.67953, 27.70387], [120.66316, 27.62011], [120.5965, 27.58631], [120.61679, 27.5038], [120.68714, 27.47989], [120.65141, 27.45003], [120.65001, 27.36892], [120.54588, 27.40314], [120.54043, 27.34274], [120.50804, 27.34137], [120.56519, 27.29555], [120.51886, 27.27702], [120.5198, 27.20096], [120.47472, 27.16914], [120.46304, 27.21828], [120.42294, 27.19909], [120.43549, 27.17067], [120.40748, 27.20287], [120.42249, 27.26244], [120.34655, 27.39596], [120.27393, 27.39567], [120.24931, 27.43482], [120.13453, 27.42222], [120.0319, 27.3444], [120.0, 27.3828], [119.96549, 27.37166], [119.93671, 27.31784], [119.76521, 27.30983], [119.77735, 27.33207], [119.68183, 27.44116], [119.70048, 27.51911], [119.62505, 27.59659]]], [[[121.24369, 28.05512], [121.14271, 28.06015], [121.12925, 28.13726], [121.24257, 28.21238], [121.27971, 28.18085], [121.25594, 28.12193], [121.2972, 28.10831], [121.29053, 28.07122], [121.22939, 28.08141], [121.24369, 28.05512]]], [[[121.25867, 28.26949], [121.34695, 28.31707], [121.35786, 28.27292], [121.42327, 28.25474], [121.36597, 28.22288], [121.36131, 28.19052], [121.3896, 28.18399], [121.34882, 28.13889], [121.27421, 28.20102], [121.25867, 28.26949]]], [[[121.14848, 27.96094], [121.04387, 27.94924], [121.04102, 27.96844], [121.1207, 27.98852], [121.14848, 27.96094]]], [[[121.1671, 27.81637], [121.14386, 27.83137], [121.08556, 27.82739], [121.18961, 27.86861], [121.1671, 27.81637]]], [[[120.91875, 27.97496], [120.86851, 27.96203], [120.8485, 27.97748], [120.91875, 27.97496]]], [[[121.02775, 27.83941], [121.03245, 27.88265], [121.0827, 27.86989], [121.06742, 27.84958], [121.02775, 27.83941]]], [[[121.18779, 27.98085], [121.18477, 27.99884], [121.23487, 27.99489], [121.18779, 27.98085]]]]}}, {"type": "Feature", "properties": {"SYS_ID": "2011", "NAME_PY": "Chuzhou Fu", "NAME_CH": "处州府", "NAME_FT": "處州府", "X_COORD": 119.59744, "Y_COORD": 28.19986}, "geometry": {"type": "Polygon", "coordinates": [[[120.32058, 28.40803], [120.35265, 28.29043], [120.31149, 28.26871], [120.29875, 28.21432], [120.36954, 28.08629], [120.32582, 28.00523], [120.3436, 27.98053], [120.29018, 27.98344], [120.22631, 27.9301], [120.12148, 27.98085], [120.0307, 27.94582], [119.9921, 27.87716], [120.00383, 27.7681], [119.97279, 27.71997], [119.90827, 27.73902], [119.84962, 27.81259], [119.78976, 27.79875], [119.78368, 27.82778], [119.64349, 27.71995], [119.63322, 27.67396], [119.48924, 27.66033], [119.44671, 27.51659], [119.37177, 27.53802], [119.23971, 27.42469], [119.12654, 27.43751], [119.11907, 27.48708], [119.05289, 27.47409], [119.00636, 27.50001], [118.91139, 27.46161], [118.85471, 27.52568], [118.90428, 27.57638], [118.86738, 27.69843], [118.89139, 27.71739], [118.81105, 27.91218], [118.72289, 27.97871], [118.71191, 28.05638], [118.79248, 28.12329], [118.79381, 28.17119], [118.76115, 28.17785], [118.80267, 28.24109], [118.68947, 28.31797], [118.74874, 28.40486], [118.71607, 28.42398], [118.73306, 28.52035], [118.82345, 28.54892], [118.8682, 28.51617], [118.92671, 28.64292], [119.05823, 28.74207], [119.18805, 28.77072], [119.35174, 28.76068], [119.37892, 28.79018], [119.47317, 28.7441], [119.54443, 28.83355], [119.57455, 28.82513], [119.53422, 28.79175], [119.7615, 28.74915], [119.80697, 28.67447], [119.9177, 28.8047], [120.02415, 28.75896], [120.07156, 28.78515], [120.12411, 28.75774], [120.19566, 28.78883], [120.25296, 28.86934], [120.26444, 28.94649], [120.36243, 28.91848], [120.49465, 28.97603], [120.50269, 28.84827], [120.41554, 28.82826], [120.37209, 28.77911], [120.31385, 28.67659], [120.32614, 28.57934], [120.27491, 28.55981], [120.28944, 28.50966], [120.38429, 28.46981], [120.36887, 28.41026], [120.32058, 28.40803]]]}}, {"type": "Feature", "properties": {"SYS_ID": "1947", "NAME_PY": "Yongsui Ting", "NAME_CH": "永绥厅", "NAME_FT": "永綏廳", "X_COORD": 109.45033, "Y_COORD": 28.40535}, "geometry": {"type": "Polygon", "coordinates": [[[109.64533, 28.40805], [109.60326, 28.34578], [109.49655, 28.36498], [109.51069, 28.30856], [109.41571, 28.19561], [109.33702, 28.18169], [109.37917, 28.27042], [109.34879, 28.26469], [109.34338, 28.29634], [109.29482, 28.27936], [109.26879, 28.31852], [109.27089, 28.53915], [109.30199, 28.57987], [109.3461, 28.55864], [109.38921, 28.60166], [109.58369, 28.62007], [109.60856, 28.58287], [109.55875, 28.55866], [109.5571, 28.45066], [109.63169, 28.44157], [109.64533, 28.40805]]]}}, {"type": "Feature", "properties": {"SYS_ID": "1945", "NAME_PY": "Qianzhou Ting", "NAME_CH": "乾州厅", "NAME_FT": "乾州廳", "X_COORD": 109.77837, "Y_COORD": 28.31284}, "geometry": {"type": "Polygon", "coordinates": [[[109.52386, 28.19206], [109.49655, 28.36498], [109.60326, 28.34578], [109.64533, 28.40805], [109.79887, 28.44406], [109.82301, 28.48089], [109.89305, 28.45195], [109.88007, 28.4144], [109.91453, 28.39797], [110.06018, 28.44448], [110.00816, 28.40738], [110.00688, 28.30856], [109.86802, 28.27526], [109.81538, 28.14936], [109.69228, 28.15801], [109.66205, 28.2443], [109.52386, 28.19206]]]}}, {"type": "Feature", "properties": {"SYS_ID": "1935", "NAME_PY": "Fenghuang Ting", "NAME_CH": "凤凰厅", "NAME_FT": "鳳凰廳", "X_COORD": 109.54581, "Y_COORD": 28.02723}, "geometry": {"type": "Polygon", "coordinates": [[[109.43269, 27.74372], [109.37723, 27.73779], [109.31125, 27.78514], [109.3409, 27.83593], [109.29889, 27.95777], [109.37312, 28.03266], [109.29623, 28.05764], [109.33702, 28.18169], [109.41286, 28.19286], [109.52396, 28.31771], [109.521, 28.19367], [109.66594, 28.2436], [109.68875, 28.18094], [109.66251, 28.10764], [109.76324, 28.0952], [109.79457, 28.04305], [109.72973, 28.023], [109.69295, 27.94978], [109.61881, 27.90948], [109.63384, 27.83304], [109.54336, 27.78628], [109.52478, 27.81239], [109.45167, 27.80737], [109.43269, 27.74372]]]}}, {"type": "Feature", "properties": {"SYS_ID": "1933", "NAME_PY": "Huangzhou Ting", "NAME_CH": "晃州厅", "NAME_FT": "晃州廳", "X_COORD": 109.11225, "Y_COORD": 27.2271}, "geometry": {"type": "Polygon", "coordinates": [[[109.28964, 27.42668], [109.43484, 27.31882], [109.41152, 27.29561], [109.44139, 27.25887], [109.42683, 27.17884], [109.27602, 27.1305], [109.2436, 27.15681], [109.15916, 27.07452], [109.10001, 27.07598], [109.12644, 27.12606], [109.0824, 27.117], [108.87377, 27.00053], [108.785, 27.08028], [108.87601, 27.11264], [108.91486, 27.16736], [108.88677, 27.22698], [108.91854, 27.29151], [109.05727, 27.35489], [109.13428, 27.44604], [109.1516, 27.41971], [109.20322, 27.45368], [109.28964, 27.42668]]]}}, {"type": "Feature", "properties": {"SYS_ID": "2056", "NAME_PY": "Fogang Ting", "NAME_CH": "佛冈厅", "NAME_FT": "佛岡廳", "X_COORD": 113.56839, "Y_COORD": 23.93054}, "geometry": {"type": "Polygon", "coordinates": [[[113.61209, 24.11447], [113.73988, 24.06183], [113.75512, 24.02808], [113.71207, 24.0], [113.79961, 23.91574], [113.76578, 23.86977], [113.7095, 23.85941], [113.70239, 23.82036], [113.63816, 23.81956], [113.62938, 23.74661], [113.34216, 23.85583], [113.36237, 23.9219], [113.52084, 23.9654], [113.52766, 24.05451], [113.60241, 24.07994], [113.61209, 24.11447]]]}}, {"type": "Feature", "properties": {"SYS_ID": "2053", "NAME_PY": "Lianshan Ting", "NAME_CH": "连山厅", "NAME_FT": "連山廳", "X_COORD": 112.20079, "Y_COORD": 24.5541}, "geometry": {"type": "Polygon", "coordinates": [[[112.1491, 24.83965], [112.16409, 24.91138], [112.19399, 24.92441], [112.2748, 24.87064], [112.25708, 24.84249], [112.29237, 24.77186], [112.26466, 24.71372], [112.33727, 24.62959], [112.38886, 24.61406], [112.36694, 24.46683], [112.47984, 24.39581], [112.37711, 24.32839], [112.34271, 24.37416], [112.24918, 24.40047], [112.24412, 24.24351], [112.15446, 24.18193], [112.06377, 24.2645], [112.03476, 24.19194], [111.99152, 24.19193], [111.93022, 24.23607], [112.0569, 24.36512], [111.98059, 24.4686], [111.99618, 24.54917], [111.92192, 24.63586], [111.95286, 24.71642], [112.01211, 24.734], [112.09766, 24.83187], [112.1491, 24.83965]]]}}, {"type": "Feature", "properties": {"SYS_ID": "1943", "NAME_PY": "Li Zhou", "NAME_CH": "澧州", "NAME_FT": "澧州", "X_COORD": 111.18571, "Y_COORD": 29.50271}, "geometry": {"type": "Polygon", "coordinates": [[[112.02971, 29.39648], [112.01759, 29.33922], [111.94958, 29.2832], [111.93275, 29.31902], [111.87798, 29.33155], [111.7869, 29.32291], [111.75525, 29.28536], [111.51806, 29.26748], [111.38708, 29.2735], [111.31992, 29.39511], [111.26866, 29.40115], [111.24419, 29.2939], [111.20493, 29.25695], [111.21983, 29.22451], [111.12628, 29.23004], [110.99831, 29.11771], [110.94642, 29.13305], [110.84469, 29.09649], [110.91313, 29.01934], [110.83549, 28.99568], [110.84418, 28.94971], [110.79652, 28.96149], [110.77064, 28.90926], [110.72992, 28.92965], [110.67371, 28.90936], [110.56418, 29.00332], [110.51576, 28.93863], [110.52596, 28.8773], [110.49316, 28.90741], [110.46042, 28.8788], [110.35431, 28.89566], [110.35547, 28.92982], [110.30498, 28.9481], [110.34071, 29.01365], [110.29729, 29.09246], [110.24659, 29.07856], [110.2571, 29.12283], [110.21423, 29.1255], [110.17355, 29.18308], [110.09367, 29.14076], [110.07243, 29.19914], [110.15261, 29.34522], [110.21302, 29.32602], [110.38486, 29.42667], [110.56135, 29.4095], [110.61563, 29.57138], [110.7521, 29.62182], [110.75717, 29.71305], [110.71882, 29.68433], [110.66338, 29.71105], [110.60893, 29.83595], [110.54202, 29.85928], [110.50235, 29.91262], [110.54929, 29.99132], [110.4922, 30.02784], [110.52276, 30.06243], [110.64614, 30.0803], [110.73944, 30.04609], [110.76205, 30.12475], [110.91395, 30.1166], [110.9279, 30.06667], [111.24471, 30.04339], [111.38594, 29.91892], [111.43674, 29.93793], [111.51961, 29.92977], [111.54385, 29.89405], [111.67443, 29.89133], [111.74043, 29.92135], [111.95446, 29.83928], [111.96767, 29.79245], [112.05413, 29.74573], [112.0598, 29.77309], [112.06093, 29.68373], [112.17498, 29.66266], [112.19135, 29.62904], [112.23888, 29.66441], [112.23811, 29.61316], [112.29897, 29.5786], [112.27373, 29.5171], [112.29063, 29.41256], [112.24619, 29.35568], [112.2584, 29.30086], [112.21323, 29.29061], [112.22335, 29.21606], [112.1124, 29.23245], [112.02971, 29.39648]]]}}, {"type": "Feature", "properties": {"SYS_ID": "1942", "NAME_PY": "Changde Fu", "NAME_CH": "常德府", "NAME_FT": "常德府", "X_COORD": 111.42841, "Y_COORD": 28.90348}, "geometry": {"type": "MultiPolygon", "coordinates": [[[[112.73018, 29.1481], [112.67546, 28.99922], [112.74477, 28.96705], [112.75418, 28.92402], [112.65768, 28.89215], [112.67284, 28.79999], [112.60117, 28.77267], [112.60015, 28.65883], [112.5606, 28.61226], [112.49251, 28.6134], [112.38868, 28.75164], [112.34644, 28.71865], [112.27497, 28.73042], [112.09402, 28.64101], [112.04032, 28.67838], [112.02285, 28.64043], [111.91409, 28.67634], [111.90278, 28.64331], [111.83202, 28.61762], [111.72709, 28.65238], [111.68603, 28.59281], [111.65353, 28.62825], [111.56353, 28.63463], [111.47252, 28.56093], [111.32457, 28.52061], [111.21161, 28.53375], [111.10903, 28.46272], [110.85763, 28.40581], [110.92646, 28.48785], [110.95278, 28.56719], [110.93035, 28.6189], [111.05601, 28.65286], [111.04683, 28.69311], [111.11005, 28.74204], [111.0607, 28.82595], [110.95538, 28.91078], [110.96525, 28.99895], [110.84469, 29.09649], [110.94642, 29.13305], [110.99831, 29.11771], [111.12628, 29.23004], [111.21983, 29.22451], [111.20493, 29.25695], [111.24419, 29.2939], [111.2642, 29.39957], [111.31992, 29.39511], [111.38708, 29.2735], [111.51806, 29.26748], [111.75525, 29.28536], [111.7869, 29.32291], [111.87798, 29.33155], [111.93275, 29.31902], [111.94958, 29.2832], [112.01759, 29.33922], [112.02971, 29.39648], [112.06956, 29.28278], [112.14272, 29.21614], [112.22335, 29.21606], [112.22902, 29.24805], [112.639, 29.20765], [112.71554, 29.18273], [112.73018, 29.1481]]], [[[110.10264, 28.45575], [110.10292, 28.45873], [110.10489, 28.45903], [110.10264, 28.45575]]]]}}, {"type": "Feature", "properties": {"SYS_ID": "1948", "NAME_PY": "Yuezhou Fu", "NAME_CH": "岳州府", "NAME_FT": "岳州府", "X_COORD": 113.17989, "Y_COORD": 29.11321}, "geometry": {"type": "Polygon", "coordinates": [[[114.13951, 28.83267], [114.12264, 28.60771], [114.07774, 28.55839], [113.9783, 28.56955], [113.88041, 28.52023], [113.85129, 28.53846], [113.81119, 28.46962], [113.69661, 28.42739], [113.57706, 28.53966], [113.50596, 28.54609], [113.45686, 28.59905], [113.41985, 28.58002], [113.41519, 28.63753], [113.25643, 28.63117], [113.18094, 28.69073], [113.18507, 28.81325], [113.26376, 28.78704], [113.28012, 28.84429], [113.44195, 28.86454], [113.39842, 28.8995], [113.38972, 28.96302], [113.27054, 28.99741], [113.20086, 28.95544], [112.92332, 29.03884], [112.92111, 29.13789], [112.8817, 29.16847], [112.73018, 29.1481], [112.71554, 29.18273], [112.639, 29.20765], [112.22902, 29.24805], [112.21323, 29.29061], [112.2584, 29.30086], [112.24619, 29.35568], [112.29063, 29.41256], [112.28245, 29.51092], [112.3535, 29.52233], [112.44314, 29.63526], [112.67817, 29.59691], [112.88683, 29.80055], [112.91309, 29.76222], [113.02309, 29.75859], [113.00022, 29.69492], [112.90765, 29.63699], [112.92629, 29.55519], [112.88024, 29.53394], [112.92923, 29.53884], [112.94545, 29.47042], [113.03498, 29.50967], [113.06609, 29.43723], [113.0872, 29.47187], [113.13612, 29.44494], [113.40999, 29.74016], [113.4836, 29.75987], [113.54683, 29.67566], [113.65958, 29.68182], [113.66371, 29.63967], [113.73244, 29.59514], [113.62511, 29.523], [113.74504, 29.45044], [113.72591, 29.39876], [113.65736, 29.3813], [113.59664, 29.25959], [113.69114, 29.23124], [113.64915, 29.16493], [113.68112, 29.0879], [113.71954, 29.10957], [113.73423, 29.06318], [113.81135, 29.10646], [113.84361, 29.06152], [113.87257, 29.07084], [113.87159, 29.03805], [113.94013, 29.04828], [113.95802, 28.94965], [114.0, 28.95648], [114.01858, 28.90565], [114.05841, 28.89768], [114.06428, 28.84444], [114.13951, 28.83267]]]}}, {"type": "Feature", "properties": {"SYS_ID": "1941", "NAME_PY": "Changsha Fu", "NAME_CH": "长沙府", "NAME_FT": "長沙府", "X_COORD": 112.48662, "Y_COORD": 27.83832}, "geometry": {"type": "GeometryCollection", "geometries": [{"type": "Polygon", "coordinates": [[[113.85343, 26.61787], [113.77319, 26.54842], [113.59785, 26.50657], [113.53587, 26.59622], [113.42146, 26.5636], [113.37542, 26.68584], [113.42235, 26.77303], [113.33423, 26.81329], [113.27249, 26.78111], [113.22601, 26.87023], [113.26257, 26.93437], [113.21754, 26.96377], [113.23092, 27.02218], [113.15897, 27.09981], [113.16143, 27.13079], [113.27439, 27.17235], [113.27121, 27.20223], [113.24289, 27.23811], [113.14631, 27.25353], [113.10561, 27.21007], [112.9848, 27.44393], [112.81469, 27.34818], [112.75266, 27.40715], [112.67358, 27.41365], [112.68615, 27.46292], [112.60084, 27.4685], [112.44425, 27.34997], [112.30085, 27.36643], [112.22542, 27.27786], [112.15895, 27.32421], [112.14956, 27.24022], [112.0725, 27.21149], [112.0483, 27.28156], [111.87022, 27.44848], [111.78672, 27.47171], [111.78008, 27.51395], [111.73492, 27.50592], [111.69756, 27.61225], [111.61083, 27.58092], [111.56513, 27.61507], [111.55478, 27.63778], [111.60686, 27.68797], [111.569, 27.74352], [111.6562, 27.84681], [111.59878, 27.9126], [111.63817, 27.95322], [111.60726, 27.99025], [111.62628, 28.02696], [111.58894, 28.03633], [111.52037, 27.98426], [111.56719, 28.03693], [111.48334, 28.05211], [111.48045, 28.20304], [111.38658, 28.18094], [111.33117, 28.19854], [111.34061, 28.2282], [111.29255, 28.22595], [111.23985, 28.15955], [111.18076, 28.16178], [111.07603, 28.00684], [111.00849, 28.05381], [110.81812, 28.08983], [110.85025, 28.20388], [110.80804, 28.20872], [110.7924, 28.27195], [110.72002, 28.31057], [110.85973, 28.40693], [111.10903, 28.46272], [111.21161, 28.53375], [111.32457, 28.52061], [111.47252, 28.56093], [111.57243, 28.63632], [111.65353, 28.62825], [111.67796, 28.59272], [111.71119, 28.599], [111.72709, 28.65238], [111.83202, 28.61762], [111.90278, 28.64331], [111.91409, 28.67634], [112.02285, 28.64043], [112.04032, 28.67838], [112.09402, 28.64101], [112.27497, 28.73042], [112.34644, 28.71865], [112.38868, 28.75164], [112.49251, 28.6134], [112.5606, 28.61226], [112.60015, 28.65883], [112.60117, 28.77267], [112.67284, 28.79999], [112.65768, 28.89215], [112.75418, 28.92402], [112.74477, 28.96705], [112.67546, 28.99922], [112.69557, 29.10659], [112.80043, 29.16743], [112.9147, 29.15357], [112.92332, 29.03884], [113.20086, 28.95544], [113.27054, 28.99741], [113.36951, 28.97374], [113.44195, 28.86454], [113.28012, 28.84429], [113.26376, 28.78704], [113.18692, 28.81388], [113.17039, 28.79074], [113.18094, 28.69073], [113.25256, 28.6322], [113.41519, 28.63753], [113.41985, 28.58002], [113.45686, 28.59905], [113.50596, 28.54609], [113.57706, 28.53966], [113.70305, 28.4258], [113.81119, 28.46962], [113.85129, 28.53846], [113.88041, 28.52023], [113.9783, 28.56955], [114.07774, 28.55839], [114.20803, 28.48708], [114.16992, 28.43757], [114.25411, 28.3928], [114.24764, 28.32743], [114.09, 28.18906], [113.98775, 28.17726], [114.03038, 28.0534], [113.95348, 28.04334], [113.91254, 27.9966], [113.85302, 28.01178], [113.75611, 27.94306], [113.72681, 27.88425], [113.75768, 27.80258], [113.60613, 27.63657], [113.5734, 27.54861], [113.62184, 27.51357], [113.5863, 27.47109], [113.62553, 27.4132], [113.59729, 27.38923], [113.61129, 27.34887], [113.69428, 27.33539], [113.87093, 27.3855], [113.86649, 27.28822], [113.76658, 27.10573], [113.80223, 27.1011], [113.81551, 27.04121], [113.92231, 26.95768], [113.83474, 26.8074], [113.85343, 26.61787]]]}, {"type": "LineString", "coordinates": [[112.85219, 28.00001], [112.85066, 27.99617]]}]}}, {"type": "Feature", "properties": {"SYS_ID": "1936", "NAME_PY": "Baoqing Fu", "NAME_CH": "宝庆府", "NAME_FT": "寶慶府", "X_COORD": 111.02382, "Y_COORD": 27.09972}, "geometry": {"type": "Polygon", "coordinates": [[[111.55478, 27.63778], [111.60644, 27.58138], [111.69756, 27.61225], [111.73492, 27.50592], [111.78008, 27.51395], [111.8197, 27.45012], [111.84989, 27.46456], [112.0483, 27.28156], [112.08588, 27.21145], [112.03878, 27.13511], [112.08028, 27.0278], [112.03796, 26.97394], [111.89662, 26.92962], [111.87908, 27.00954], [111.71473, 27.07136], [111.63943, 27.02266], [111.6425, 26.97766], [111.57009, 26.96795], [111.57988, 26.89082], [111.53912, 26.83888], [111.43724, 26.87016], [111.32212, 26.84209], [111.32007, 26.74542], [111.27361, 26.6819], [111.30142, 26.63078], [111.28185, 26.49248], [111.14157, 26.46263], [111.00847, 26.36058], [110.94442, 26.38057], [110.91705, 26.25847], [110.75655, 26.25242], [110.72756, 26.27266], [110.73692, 26.31728], [110.7062, 26.29525], [110.6078, 26.33723], [110.50304, 26.17998], [110.46655, 26.18173], [110.37231, 26.0975], [110.31606, 25.97615], [110.24358, 25.9683], [110.24062, 26.02546], [110.19191, 26.07134], [110.15075, 26.02105], [110.06329, 26.04648], [110.08128, 26.17117], [110.02277, 26.15946], [109.96177, 26.19892], [110.03129, 26.27869], [110.02641, 26.32049], [110.09387, 26.36142], [110.1569, 26.34946], [110.17916, 26.5279], [110.25303, 26.52047], [110.25962, 26.46504], [110.28687, 26.46703], [110.31644, 26.55873], [110.53348, 26.85798], [110.44232, 26.95547], [110.41615, 27.04465], [110.3708, 27.04787], [110.35136, 27.09445], [110.39735, 27.11074], [110.37761, 27.13874], [110.29952, 27.11058], [110.24747, 26.95603], [110.14111, 26.98892], [110.13981, 27.03046], [110.19282, 27.06524], [110.19187, 27.12149], [110.32325, 27.16851], [110.35516, 27.2145], [110.43426, 27.20444], [110.53621, 27.30862], [110.60101, 27.29054], [110.59094, 27.32306], [110.68594, 27.45577], [110.62407, 27.54392], [110.66667, 27.60345], [110.72388, 27.61671], [110.78548, 27.56227], [110.83789, 27.5968], [110.86344, 27.67637], [110.76281, 27.79875], [110.88309, 28.06935], [111.00849, 28.05381], [111.07603, 28.00684], [111.18076, 28.16178], [111.23985, 28.15955], [111.29255, 28.22595], [111.34061, 28.2282], [111.33117, 28.19854], [111.38658, 28.18094], [111.48045, 28.20304], [111.48334, 28.05211], [111.56719, 28.03693], [111.52037, 27.98426], [111.58894, 28.03633], [111.62628, 28.02696], [111.60726, 27.99025], [111.63817, 27.95322], [111.59878, 27.9126], [111.6562, 27.84681], [111.57369, 27.75521], [111.60686, 27.68797], [111.55478, 27.63778]]]}}, {"type": "Feature", "properties": {"SYS_ID": "1946", "NAME_PY": "Yongshun Xian", "NAME_CH": "永顺府", "NAME_FT": "永顺府", "X_COORD": 109.97121, "Y_COORD": 29.09504}, "geometry": {"type": "Polygon", "coordinates": [[[110.15261, 29.34522], [110.07856, 29.24383], [110.08612, 29.14654], [110.17355, 29.18308], [110.21423, 29.1255], [110.2571, 29.12283], [110.24659, 29.07856], [110.29729, 29.09246], [110.34071, 29.01365], [110.30498, 28.9481], [110.38339, 28.88058], [110.33547, 28.77294], [110.28294, 28.76415], [110.23534, 28.64661], [110.09619, 28.64632], [110.08179, 28.67281], [110.13415, 28.72713], [110.07729, 28.75967], [110.04436, 28.74355], [110.05847, 28.68605], [110.00908, 28.58311], [110.1106, 28.49522], [110.10264, 28.45575], [109.91453, 28.39797], [109.88007, 28.4144], [109.89305, 28.45195], [109.82301, 28.48089], [109.79887, 28.44406], [109.64533, 28.40805], [109.63169, 28.44157], [109.5571, 28.45066], [109.55875, 28.55866], [109.60856, 28.58287], [109.58369, 28.62007], [109.38921, 28.60166], [109.3461, 28.55864], [109.28642, 28.62048], [109.18354, 28.61167], [109.30004, 28.73354], [109.23772, 28.78006], [109.23277, 28.88348], [109.3157, 29.04499], [109.22363, 29.09653], [109.27013, 29.13529], [109.25378, 29.2269], [109.33872, 29.27027], [109.36789, 29.42806], [109.40207, 29.43752], [109.4063, 29.49846], [109.43727, 29.49132], [109.42908, 29.53308], [109.46088, 29.5173], [109.51192, 29.62015], [109.60221, 29.63697], [109.65677, 29.59924], [109.71495, 29.61079], [109.69286, 29.66818], [109.75983, 29.69207], [109.76701, 29.75397], [109.86514, 29.77747], [110.10845, 29.79211], [110.24094, 29.73485], [110.2921, 29.66683], [110.33924, 29.66992], [110.36266, 29.63677], [110.4369, 29.66769], [110.45757, 29.71258], [110.51563, 29.69461], [110.63322, 29.7637], [110.71645, 29.68459], [110.75717, 29.71305], [110.7521, 29.62182], [110.61563, 29.57138], [110.56135, 29.4095], [110.38486, 29.42667], [110.21302, 29.32602], [110.15261, 29.34522]]]}}, {"type": "Feature", "properties": {"SYS_ID": "1944", "NAME_PY": "Chenzhou Fu", "NAME_CH": "辰州府", "NAME_FT": "辰州府", "X_COORD": 110.38539, "Y_COORD": 28.1507}, "geometry": {"type": "GeometryCollection", "geometries": [{"type": "Polygon", "coordinates": [[[110.76281, 27.79875], [110.86344, 27.67637], [110.85627, 27.62859], [110.79192, 27.56277], [110.72388, 27.61671], [110.66667, 27.60345], [110.62407, 27.54392], [110.68594, 27.45577], [110.57431, 27.28207], [110.54932, 27.31171], [110.51959, 27.29677], [110.50987, 27.35432], [110.40853, 27.34221], [110.49307, 27.59807], [110.325, 27.59332], [110.34233, 27.67468], [110.31946, 27.69873], [110.24554, 27.69123], [110.0168, 27.75146], [109.93912, 27.73204], [109.90085, 27.79985], [109.91515, 27.83411], [109.95584, 27.81512], [110.08416, 27.87759], [110.08588, 27.97324], [110.0174, 27.91561], [109.95164, 27.96967], [109.89971, 27.9431], [109.82518, 27.99011], [109.78957, 27.98115], [109.76807, 28.00001], [109.78775, 28.07494], [109.66973, 28.09914], [109.66077, 28.12691], [109.68221, 28.16583], [109.82006, 28.15117], [109.84191, 28.25014], [110.00375, 28.30582], [110.01026, 28.41058], [110.11197, 28.46934], [110.00908, 28.58311], [110.05847, 28.68605], [110.05576, 28.75302], [110.13415, 28.72713], [110.08179, 28.67281], [110.09619, 28.64632], [110.23534, 28.64661], [110.28294, 28.76415], [110.33547, 28.77294], [110.3851, 28.89272], [110.53625, 28.88592], [110.51576, 28.93863], [110.54786, 28.99544], [110.67371, 28.90936], [110.72992, 28.92965], [110.76487, 28.90817], [110.79652, 28.96149], [110.84418, 28.94971], [110.83549, 28.99568], [110.91313, 29.01934], [110.96525, 28.99895], [110.95538, 28.91078], [111.0607, 28.82595], [111.11005, 28.74204], [111.04683, 28.69311], [111.05601, 28.65286], [110.93035, 28.6189], [110.95278, 28.56719], [110.91615, 28.46955], [110.72002, 28.31057], [110.7924, 28.27195], [110.80804, 28.20872], [110.85025, 28.20388], [110.81812, 28.08983], [110.88309, 28.06935], [110.76281, 27.79875]]]}, {"type": "LineString", "coordinates": [[110.16206, 28.11691], [110.16296, 28.11186]]}]}}, {"type": "Feature", "properties": {"SYS_ID": "1934", "NAME_PY": "Yuanzhou Fu", "NAME_CH": "沅州府", "NAME_FT": "沅州府", "X_COORD": 109.90461, "Y_COORD": 27.50951}, "geometry": {"type": "Polygon", "coordinates": [[[110.09609, 27.03574], [109.99226, 27.15046], [109.86061, 27.14915], [109.78348, 27.09793], [109.65426, 27.08738], [109.6276, 27.04459], [109.55574, 27.05276], [109.5862, 27.10504], [109.52811, 27.10536], [109.52654, 27.07312], [109.49228, 27.10425], [109.47355, 27.06929], [109.46799, 27.1382], [109.43615, 27.1214], [109.39988, 27.16284], [109.43342, 27.18685], [109.44139, 27.25887], [109.41152, 27.29561], [109.43484, 27.31882], [109.28964, 27.42668], [109.3019, 27.48405], [109.45153, 27.58012], [109.46239, 27.63424], [109.42317, 27.71419], [109.44733, 27.80455], [109.52478, 27.81239], [109.54336, 27.78628], [109.60525, 27.81106], [109.63965, 27.84162], [109.61881, 27.90948], [109.69295, 27.94978], [109.74147, 28.02715], [109.88959, 27.94503], [109.9545, 27.96878], [110.0174, 27.91561], [110.08588, 27.97324], [110.08416, 27.87759], [109.95584, 27.81512], [109.91515, 27.83411], [109.90085, 27.79985], [109.93912, 27.73204], [110.0168, 27.75146], [110.24554, 27.69123], [110.31946, 27.69873], [110.34233, 27.67468], [110.325, 27.59332], [110.49307, 27.59807], [110.4071, 27.35743], [110.41482, 27.33503], [110.438, 27.36084], [110.50987, 27.35432], [110.51248, 27.28593], [110.43426, 27.20444], [110.36489, 27.21918], [110.32325, 27.16851], [110.19187, 27.12149], [110.19532, 27.07078], [110.14407, 27.03832], [110.14111, 26.98892], [110.08649, 27.01112], [110.09609, 27.03574]]]}}, {"type": "Feature", "properties": {"SYS_ID": "1932", "NAME_PY": "Jing Zhou", "NAME_CH": "靖州", "NAME_FT": "靖州", "X_COORD": 109.90022, "Y_COORD": 26.51104}, "geometry": {"type": "Polygon", "coordinates": [[[110.04222, 26.33841], [109.90281, 26.14835], [109.86449, 26.03416], [109.78725, 26.02051], [109.82241, 25.91992], [109.7746, 25.86898], [109.65707, 25.88364], [109.71799, 25.9874], [109.63621, 26.04894], [109.52422, 25.99904], [109.47802, 26.03277], [109.46339, 26.08078], [109.50548, 26.12094], [109.4435, 26.19095], [109.4658, 26.19957], [109.4349, 26.24203], [109.47535, 26.29113], [109.46114, 26.31411], [109.33738, 26.2563], [109.27902, 26.30263], [109.26786, 26.33712], [109.31795, 26.42709], [109.37615, 26.4579], [109.35766, 26.47552], [109.404, 26.54035], [109.35203, 26.66077], [109.31342, 26.65714], [109.27923, 26.70204], [109.38121, 26.71544], [109.36933, 26.832], [109.47374, 26.99498], [109.4543, 27.08249], [109.48191, 27.07243], [109.49228, 27.10425], [109.52654, 27.07312], [109.52811, 27.10536], [109.5862, 27.10504], [109.55574, 27.05276], [109.6276, 27.04459], [109.65426, 27.08738], [109.78348, 27.09793], [109.84113, 27.14606], [109.99226, 27.15046], [110.09609, 27.03574], [110.08649, 27.01112], [110.23577, 26.95379], [110.29431, 27.03777], [110.30589, 27.11856], [110.39645, 27.12617], [110.35136, 27.09445], [110.3708, 27.04787], [110.41615, 27.04465], [110.44232, 26.95547], [110.50693, 26.91297], [110.5284, 26.84168], [110.31644, 26.55873], [110.28687, 26.46703], [110.25962, 26.46504], [110.25303, 26.52047], [110.17916, 26.5279], [110.1569, 26.34946], [110.04222, 26.33841]]]}}, {"type": "Feature", "properties": {"SYS_ID": "1940", "NAME_PY": "Hengzhou Fu", "NAME_CH": "衡州府", "NAME_FT": "衡州府", "X_COORD": 113.04897, "Y_COORD": 26.75598}, "geometry": {"type": "Polygon", "coordinates": [[[113.72224, 26.22335], [113.51875, 26.35295], [113.43066, 26.35035], [113.39404, 26.41814], [113.31692, 26.41843], [113.2173, 26.49234], [113.14996, 26.36785], [113.16502, 26.32797], [113.07851, 26.25071], [113.01907, 26.25217], [113.01881, 26.16559], [112.81773, 26.15574], [112.78086, 26.19253], [112.75452, 26.13254], [112.69292, 26.11528], [112.62969, 26.14439], [112.59279, 26.21466], [112.56866, 26.16473], [112.50137, 26.13616], [112.47057, 26.17835], [112.37611, 26.2036], [112.35059, 26.16191], [112.2216, 26.12083], [112.17909, 26.18872], [112.20161, 26.30783], [112.1405, 26.34889], [112.13325, 26.44353], [112.1629, 26.50085], [112.21694, 26.46511], [112.30508, 26.4957], [112.33439, 26.59932], [112.25818, 26.62358], [112.178, 26.71144], [112.2557, 26.73938], [112.22823, 26.778], [112.24833, 26.79959], [112.00179, 26.92], [111.99602, 26.94739], [112.08, 27.02413], [112.04578, 27.07931], [112.04582, 27.16471], [112.14956, 27.24022], [112.15895, 27.32421], [112.22542, 27.27786], [112.30085, 27.36643], [112.44425, 27.34997], [112.60084, 27.4685], [112.68615, 27.46292], [112.67358, 27.41365], [112.75266, 27.40715], [112.81469, 27.34818], [112.98956, 27.44191], [113.10561, 27.21007], [113.14631, 27.25353], [113.24289, 27.23811], [113.27121, 27.20223], [113.27439, 27.17235], [113.16143, 27.13079], [113.15897, 27.09981], [113.23092, 27.02218], [113.21754, 26.96377], [113.26257, 26.93437], [113.22601, 26.87023], [113.27249, 26.78111], [113.33423, 26.81329], [113.42235, 26.77303], [113.37542, 26.68584], [113.42146, 26.5636], [113.53587, 26.59622], [113.57469, 26.51375], [113.67379, 26.51476], [113.77319, 26.54842], [113.86317, 26.65726], [113.90648, 26.61896], [114.10124, 26.57818], [114.06958, 26.49642], [114.09473, 26.47963], [114.08189, 26.41495], [114.02854, 26.38409], [114.00997, 26.26925], [113.96507, 26.24394], [113.9417, 26.17125], [113.83984, 26.09904], [113.78025, 26.10219], [113.7753, 26.06849], [113.72324, 26.0497], [113.68791, 26.0991], [113.73111, 26.16259], [113.72224, 26.22335]]]}}, {"type": "Feature", "properties": {"SYS_ID": "1937", "NAME_PY": "Yongzhou Fu", "NAME_CH": "永州府", "NAME_FT": "永州府", "X_COORD": 111.66203, "Y_COORD": 25.85381}, "geometry": {"type": "Polygon", "coordinates": [[[112.24037, 25.71036], [112.23349, 25.6068], [112.18237, 25.60889], [112.0247, 25.48813], [112.0248, 25.46099], [112.0744, 25.4618], [112.04434, 25.44997], [112.08788, 25.39824], [112.08341, 25.27548], [111.97042, 25.19486], [111.91365, 25.10369], [111.93845, 25.01306], [111.98033, 25.0509], [112.04907, 25.01704], [112.14124, 25.05337], [112.10832, 24.97124], [112.16705, 24.91565], [112.1491, 24.83965], [112.09766, 24.83187], [112.01592, 24.73996], [111.95577, 24.77061], [111.70021, 24.78569], [111.63719, 24.73308], [111.63391, 24.68393], [111.58404, 24.69376], [111.55813, 24.63931], [111.43244, 24.67101], [111.47407, 24.80038], [111.44398, 24.8598], [111.46482, 24.93173], [111.42563, 24.97528], [111.46293, 25.02221], [111.41288, 25.04415], [111.43123, 25.10114], [111.38162, 25.13295], [111.33823, 25.09724], [111.26302, 25.1457], [111.09387, 25.03136], [111.09199, 24.94454], [110.98631, 24.93047], [110.94201, 25.04093], [110.98612, 25.15117], [111.09886, 25.21649], [111.09374, 25.28513], [111.29124, 25.44435], [111.33394, 25.60617], [111.29937, 25.71584], [111.43469, 25.77246], [111.41958, 25.83628], [111.48669, 25.86581], [111.32506, 25.90195], [111.28346, 25.85658], [111.24146, 25.86701], [111.192, 25.96512], [111.2669, 26.11696], [111.24844, 26.14928], [111.28178, 26.2548], [111.19777, 26.26898], [111.16112, 26.30673], [110.99251, 26.32365], [110.98925, 26.35853], [111.14157, 26.46263], [111.28185, 26.49248], [111.30142, 26.63078], [111.27361, 26.6819], [111.32007, 26.74542], [111.32212, 26.84209], [111.43724, 26.87016], [111.53912, 26.83888], [111.57988, 26.89082], [111.57009, 26.96795], [111.6425, 26.97766], [111.63943, 27.02266], [111.71962, 27.07343], [111.87908, 27.00954], [111.89201, 26.93123], [111.97347, 26.96465], [112.02725, 26.89487], [112.10709, 26.88594], [112.24493, 26.80232], [112.22858, 26.77568], [112.2557, 26.73938], [112.178, 26.71144], [112.25818, 26.62358], [112.33439, 26.59932], [112.30508, 26.4957], [112.21694, 26.46511], [112.1629, 26.50085], [112.13325, 26.44353], [112.1405, 26.34889], [112.17091, 26.35202], [112.16613, 26.31162], [112.2026, 26.30278], [112.18033, 26.18205], [112.22913, 26.09876], [112.32816, 26.07772], [112.29161, 25.96809], [112.31157, 25.94137], [112.26041, 25.89333], [112.35161, 25.91181], [112.38205, 25.85702], [112.35358, 25.8197], [112.3759, 25.72981], [112.33097, 25.69371], [112.30376, 25.73286], [112.24037, 25.71036]]]}}, {"type": "Feature", "properties": {"SYS_ID": "1938", "NAME_PY": "Guiyang Zhou", "NAME_CH": "桂阳州", "NAME_FT": "桂陽州", "X_COORD": 112.42189, "Y_COORD": 25.61236}, "geometry": {"type": "Polygon", "coordinates": [[[112.35634, 25.1927], [112.29038, 25.15691], [112.19981, 25.20202], [112.14124, 25.05337], [112.05366, 25.01747], [111.98033, 25.0509], [111.93845, 25.01306], [111.91087, 25.04935], [111.97042, 25.19486], [112.08341, 25.27548], [112.08788, 25.39824], [112.04434, 25.44997], [112.0744, 25.4618], [112.0248, 25.46099], [112.0247, 25.48813], [112.18237, 25.60889], [112.23349, 25.6068], [112.24318, 25.71311], [112.30376, 25.73286], [112.33097, 25.69371], [112.37898, 25.73324], [112.3549, 25.90881], [112.25966, 25.89701], [112.31157, 25.94137], [112.29161, 25.96809], [112.32816, 26.07772], [112.25784, 26.0796], [112.2216, 26.12083], [112.35059, 26.16191], [112.37611, 26.2036], [112.51337, 26.13794], [112.59279, 26.21466], [112.63526, 26.1393], [112.71244, 26.13076], [112.76292, 26.04132], [112.83335, 26.06014], [112.82709, 26.00624], [112.93462, 25.9647], [112.79076, 25.72697], [112.83907, 25.69655], [112.83946, 25.66248], [112.7999, 25.63829], [112.75139, 25.65951], [112.75644, 25.62607], [112.80781, 25.61571], [112.79939, 25.54677], [112.75838, 25.5459], [112.74342, 25.59928], [112.6922, 25.54865], [112.72292, 25.49843], [112.77575, 25.49443], [112.78053, 25.40534], [112.75013, 25.40311], [112.7456, 25.31805], [112.68433, 25.27726], [112.70125, 25.25619], [112.63196, 25.24256], [112.68508, 25.15784], [112.54678, 25.12446], [112.4562, 25.14975], [112.43898, 25.18245], [112.39117, 25.14294], [112.35634, 25.1927]]]}}, {"type": "Feature", "properties": {"SYS_ID": "1939", "NAME_PY": "Chen Zhou", "NAME_CH": "郴州", "NAME_FT": "郴州", "X_COORD": 113.4268, "Y_COORD": 25.69241}, "geometry": {"type": "Polygon", "coordinates": [[[113.91464, 25.7364], [113.98599, 25.5543], [113.93736, 25.48086], [113.95921, 25.45732], [113.88377, 25.43642], [113.81768, 25.33058], [113.76217, 25.32815], [113.74532, 25.36307], [113.56973, 25.31465], [113.57649, 25.34144], [113.53484, 25.36586], [113.43826, 25.36175], [113.36461, 25.40073], [113.35098, 25.43924], [113.30216, 25.44712], [113.29178, 25.52028], [113.22728, 25.51521], [113.15414, 25.48793], [113.12275, 25.41221], [113.01506, 25.34844], [112.93948, 25.33921], [112.91476, 25.30244], [112.88553, 25.33874], [112.85276, 25.32935], [112.86255, 25.24774], [112.97398, 25.2544], [113.0275, 25.19996], [112.96023, 25.15714], [113.00647, 25.08444], [112.97163, 25.02581], [113.00774, 24.97965], [113.00085, 24.93033], [112.78143, 24.89421], [112.73747, 24.99764], [112.69795, 25.01054], [112.71735, 25.06047], [112.651, 25.13165], [112.68479, 25.16728], [112.62624, 25.22405], [112.70125, 25.25619], [112.68433, 25.27726], [112.7427, 25.31341], [112.75013, 25.40311], [112.78056, 25.40902], [112.77575, 25.49443], [112.72292, 25.49843], [112.6922, 25.54865], [112.74342, 25.59928], [112.75838, 25.5459], [112.79939, 25.54677], [112.80781, 25.61571], [112.75644, 25.62607], [112.75139, 25.65951], [112.7999, 25.63829], [112.83946, 25.66248], [112.83907, 25.69655], [112.79076, 25.72697], [112.93462, 25.9647], [112.82709, 26.00624], [112.83335, 26.06014], [112.76292, 26.04132], [112.71244, 26.13076], [112.75452, 26.13254], [112.78086, 26.19253], [112.81773, 26.15574], [113.02522, 26.16897], [113.01907, 26.25217], [113.07851, 26.25071], [113.16502, 26.32797], [113.14996, 26.36785], [113.2173, 26.49234], [113.31692, 26.41843], [113.39404, 26.41814], [113.43066, 26.35035], [113.51875, 26.35295], [113.54959, 26.30875], [113.71975, 26.22706], [113.73111, 26.16259], [113.68791, 26.0991], [113.73103, 26.04431], [113.9111, 26.17149], [113.96815, 26.15454], [114.03513, 26.19143], [114.07861, 26.16602], [114.16769, 26.2122], [114.21838, 26.19005], [114.2279, 26.15405], [114.19464, 26.12881], [114.03581, 26.07117], [114.00513, 26.01232], [114.01668, 25.89919], [113.91464, 25.7364]]]}}, {"type": "Feature", "properties": {"SYS_ID": "2055", "NAME_PY": "Shaozhou Fu", "NAME_CH": "韶州府", "NAME_FT": "韶州府", "X_COORD": 113.53063, "Y_COORD": 24.68202}, "geometry": {"type": "Polygon", "coordinates": [[[113.87559, 24.62879], [113.89079, 24.56724], [114.0, 24.51782], [114.04587, 24.61268], [114.14674, 24.62191], [114.17725, 24.66336], [114.2841, 24.62027], [114.30323, 24.57259], [114.2617, 24.52224], [114.30904, 24.48214], [114.23521, 24.4158], [114.28565, 24.34149], [114.23486, 24.23582], [114.20636, 24.26344], [114.07838, 24.22288], [114.08447, 24.13678], [114.06165, 24.12144], [113.95789, 24.20233], [113.91236, 24.19961], [113.85362, 24.16905], [113.8604, 24.1336], [113.82787, 24.12095], [113.84429, 24.08067], [113.76401, 24.0263], [113.61209, 24.11447], [113.60241, 24.07994], [113.52766, 24.05451], [113.52084, 23.9654], [113.36237, 23.9219], [113.34216, 23.85583], [113.26141, 23.84494], [113.16971, 23.89662], [113.10474, 23.88763], [113.07896, 23.92805], [112.99799, 23.9519], [112.967, 24.05291], [112.89999, 24.04713], [112.9091, 24.09322], [112.82899, 24.12642], [112.79716, 24.17996], [112.83263, 24.25842], [112.75241, 24.31481], [112.86989, 24.36218], [112.87711, 24.39691], [112.84539, 24.41021], [112.86197, 24.46159], [112.94746, 24.49129], [112.96355, 24.58732], [112.88509, 24.60019], [112.87529, 24.62681], [112.9485, 24.82362], [113.01543, 24.86439], [112.98813, 24.92126], [113.00774, 24.97965], [112.97163, 25.02581], [113.00647, 25.08444], [112.95992, 25.15255], [113.0275, 25.19996], [112.97398, 25.2544], [112.86255, 25.24774], [112.85405, 25.33163], [112.88553, 25.33874], [112.91476, 25.30244], [112.93948, 25.33921], [113.01506, 25.34844], [113.12275, 25.41221], [113.15414, 25.48793], [113.22728, 25.51521], [113.29178, 25.52028], [113.30216, 25.44712], [113.35098, 25.43924], [113.36461, 25.40073], [113.43826, 25.36175], [113.53484, 25.36586], [113.57375, 25.31346], [113.74532, 25.36307], [113.76217, 25.32815], [113.81207, 25.32813], [113.88711, 25.43889], [113.98608, 25.44381], [113.97793, 25.40374], [114.03143, 25.36899], [114.02842, 25.31696], [113.95631, 25.26436], [113.97131, 25.22094], [113.8716, 25.15251], [113.94746, 25.08704], [113.91168, 25.03413], [113.92774, 24.94484], [113.90019, 24.9102], [113.97251, 24.81643], [113.95198, 24.74608], [113.88802, 24.69908], [113.90636, 24.67453], [113.87559, 24.62879]]]}}, {"type": "Feature", "properties": {"SYS_ID": "2052", "NAME_PY": "Nanxiong Zhou", "NAME_CH": "南雄州", "NAME_FT": "南雄州", "X_COORD": 114.30446, "Y_COORD": 24.9683}, "geometry": {"type": "Polygon", "coordinates": [[[114.39032, 24.95209], [114.39539, 24.87785], [114.32899, 24.80702], [114.31872, 24.74184], [114.19857, 24.77759], [114.1644, 24.64046], [114.08558, 24.60113], [114.04587, 24.61268], [114.01457, 24.52364], [113.89079, 24.56724], [113.86962, 24.62628], [113.90636, 24.67453], [113.88551, 24.69351], [113.95198, 24.74608], [113.97251, 24.81643], [113.90019, 24.9102], [113.92774, 24.94484], [113.91168, 25.03413], [113.94746, 25.08704], [113.8716, 25.15251], [113.97131, 25.22094], [113.95631, 25.26436], [114.01199, 25.28538], [114.02846, 25.25476], [114.14808, 25.31595], [114.23009, 25.29059], [114.30407, 25.30144], [114.29907, 25.33299], [114.38192, 25.31765], [114.43279, 25.38286], [114.49198, 25.38106], [114.52975, 25.41853], [114.6267, 25.32928], [114.69727, 25.31933], [114.7393, 25.2522], [114.67704, 25.17292], [114.72576, 25.11987], [114.64369, 25.07755], [114.55755, 25.08555], [114.52877, 25.02287], [114.39032, 24.95209]]]}}, {"type": "Feature", "properties": {"SYS_ID": "2054", "NAME_PY": "Lian Zhou", "NAME_CH": "连州", "NAME_FT": "連州", "X_COORD": 112.51486, "Y_COORD": 24.58881}, "geometry": {"type": "MultiPolygon", "coordinates": [[[[112.38886, 24.61406], [112.33727, 24.62959], [112.26466, 24.71372], [112.29237, 24.77186], [112.25708, 24.84249], [112.2748, 24.87064], [112.1088, 24.96688], [112.19981, 25.20202], [112.25398, 25.16049], [112.35634, 25.1927], [112.39117, 25.14294], [112.43898, 25.18245], [112.53542, 25.12705], [112.651, 25.13165], [112.71735, 25.06047], [112.69795, 25.01054], [112.77531, 24.9411], [112.77395, 24.89697], [112.95662, 24.92452], [113.00757, 24.88974], [113.01309, 24.8604], [112.9485, 24.82362], [112.93262, 24.73377], [112.89352, 24.71512], [112.90476, 24.66816], [112.87483, 24.62408], [112.96355, 24.58732], [112.94746, 24.49129], [112.86197, 24.46159], [112.84539, 24.41021], [112.8748, 24.36716], [112.75417, 24.32746], [112.76223, 24.28199], [112.70828, 24.20813], [112.61391, 24.21404], [112.5673, 23.97467], [112.51654, 23.97552], [112.52786, 24.01451], [112.4772, 24.11696], [112.4174, 24.13741], [112.44615, 24.27154], [112.38301, 24.32987], [112.48068, 24.41392], [112.36694, 24.46683], [112.38886, 24.61406]]], [[[112.01403, 24.74091], [112.01592, 24.73996], [112.01535, 24.73831], [112.01403, 24.74091]]]]}}, {"type": "Feature", "properties": {"SYS_ID": "2046", "NAME_PY": "Huizhou Fu", "NAME_CH": "惠州府", "NAME_FT": "惠州府", "X_COORD": 114.96763, "Y_COORD": 23.66394}, "geometry": {"type": "MultiPolygon", "coordinates": [[[[113.71207, 24.0], [113.84291, 24.07916], [113.85362, 24.16905], [113.91236, 24.19961], [113.95789, 24.20233], [114.06165, 24.12144], [114.08447, 24.13678], [114.07838, 24.22288], [114.20636, 24.26344], [114.23486, 24.23582], [114.28565, 24.34149], [114.23521, 24.4158], [114.30904, 24.48214], [114.26122, 24.52661], [114.3338, 24.58753], [114.42616, 24.48704], [114.52753, 24.55403], [114.58733, 24.53497], [114.65369, 24.57814], [114.70458, 24.52986], [114.72502, 24.60922], [114.86491, 24.56052], [114.9058, 24.66297], [114.93913, 24.65018], [115.06381, 24.70594], [115.10793, 24.66337], [115.28629, 24.75664], [115.46642, 24.76427], [115.55111, 24.66853], [115.47999, 24.55857], [115.49168, 24.491], [115.58953, 24.45921], [115.54862, 24.34493], [115.58894, 24.248], [115.54046, 24.17275], [115.50356, 24.18674], [115.52338, 24.09881], [115.47814, 24.1425], [115.43787, 24.12804], [115.40992, 24.06018], [115.45583, 23.97424], [115.40842, 23.9527], [115.33981, 23.8446], [115.37098, 23.81048], [115.32079, 23.76819], [115.37646, 23.78016], [115.41152, 23.69855], [115.45191, 23.70896], [115.42532, 23.45795], [115.46051, 23.37562], [115.60309, 23.47294], [115.66471, 23.55379], [115.74451, 23.52661], [115.80206, 23.33657], [115.86699, 23.30866], [115.85273, 23.24632], [115.95408, 23.05728], [115.93619, 22.97438], [116.07275, 22.9202], [116.07474, 22.85216], [115.94779, 22.80258], [115.96925, 22.82932], [115.95877, 22.83458], [115.81631, 22.73917], [115.79301, 22.8084], [115.81832, 22.81968], [115.69913, 22.85062], [115.65929, 22.88198], [115.69264, 22.90255], [115.67763, 22.9038], [115.56053, 22.82581], [115.51744, 22.75796], [115.55534, 22.71437], [115.55717, 22.75673], [115.60176, 22.75776], [115.55808, 22.70299], [115.56643, 22.66033], [115.4697, 22.70418], [115.36134, 22.70655], [115.34286, 22.77385], [115.35357, 22.76209], [115.39375, 22.75128], [115.43559, 22.7635], [115.40218, 22.79988], [115.36805, 22.76543], [115.29636, 22.79654], [115.2307, 22.78543], [115.32513, 22.86738], [115.31915, 22.90641], [115.26036, 22.83008], [115.18571, 22.82912], [115.19157, 22.78407], [115.1444, 22.81617], [115.05566, 22.79388], [115.01878, 22.81999], [115.04269, 22.80024], [115.03274, 22.71891], [114.98248, 22.69198], [114.93893, 22.77611], [114.90832, 22.74792], [114.87067, 22.76701], [114.87369, 22.73105], [114.96888, 22.68106], [114.91718, 22.63841], [114.91383, 22.56034], [114.88774, 22.54704], [114.85852, 22.60695], [114.74644, 22.589], [114.74294, 22.73886], [114.82359, 22.79097], [114.76985, 22.84313], [114.77808, 22.8028], [114.74727, 22.77916], [114.68908, 22.79505], [114.52241, 22.73797], [114.56953, 22.70927], [114.51943, 22.70933], [114.54304, 22.69406], [114.49422, 22.65072], [114.57418, 22.64993], [114.51057, 22.63819], [114.31679, 22.66979], [114.15968, 22.60134], [114.15098, 22.64333], [114.20589, 22.74149], [114.17328, 22.78596], [114.22991, 22.82178], [114.21049, 22.98535], [114.07545, 23.09965], [114.01804, 23.08425], [113.8464, 23.1343], [113.89021, 23.1817], [113.88613, 23.3435], [114.0, 23.35165], [114.0287, 23.32805], [114.04096, 23.40154], [114.20159, 23.47909], [114.24947, 23.45217], [114.34132, 23.59515], [114.39451, 23.62337], [114.3213, 23.65019], [114.35689, 23.73205], [114.32205, 23.82351], [114.3457, 23.89115], [114.25331, 23.95966], [113.79564, 23.90826], [113.71207, 24.0]]], [[[116.08096, 22.86961], [116.16437, 22.89066], [116.17413, 22.92693], [116.22318, 22.92466], [116.08675, 22.82546], [116.08096, 22.86961]]], [[[115.80495, 22.71949], [115.80751, 22.72284], [115.80917, 22.71992], [115.80495, 22.71949]]], [[[116.08449, 22.81749], [116.08468, 22.82014], [116.08611, 22.81902], [116.08449, 22.81749]]], [[[116.09689, 22.80999], [116.09708, 22.81251], [116.09837, 22.81128], [116.09689, 22.80999]]], [[[116.11031, 22.81159], [116.10935, 22.81338], [116.11093, 22.81346], [116.11031, 22.81159]]]]}}, {"type": "Feature", "properties": {"SYS_ID": "2057", "NAME_PY": "Jiaying Zhou", "NAME_CH": "嘉应州", "NAME_FT": "嘉應州", "X_COORD": 115.93503, "Y_COORD": 24.15573}, "geometry": {"type": "Polygon", "coordinates": [[[116.3708, 24.80162], [116.41473, 24.73964], [116.48509, 24.71273], [116.50639, 24.61414], [116.54685, 24.59687], [116.5306, 24.49927], [116.42075, 24.42706], [116.42219, 24.32346], [116.31934, 24.24015], [116.28828, 24.16229], [116.2467, 24.14207], [116.2565, 24.11313], [116.19937, 24.13125], [116.19967, 24.09497], [116.0843, 24.00001], [116.05933, 23.92839], [116.01136, 23.91964], [116.00707, 23.82508], [115.81177, 23.64673], [115.77851, 23.53087], [115.70228, 23.52271], [115.67252, 23.55779], [115.60309, 23.47294], [115.4578, 23.37726], [115.42532, 23.45795], [115.45191, 23.70896], [115.41152, 23.69855], [115.37646, 23.78016], [115.32087, 23.77291], [115.37098, 23.81048], [115.33981, 23.8446], [115.40842, 23.9527], [115.45583, 23.97424], [115.40992, 24.06018], [115.43787, 24.12804], [115.47814, 24.1425], [115.52338, 24.09881], [115.50356, 24.18674], [115.54046, 24.17275], [115.58792, 24.24249], [115.54862, 24.34493], [115.58953, 24.45921], [115.48933, 24.49415], [115.50517, 24.60811], [115.55502, 24.64578], [115.67007, 24.59854], [115.7216, 24.53725], [115.83157, 24.56542], [115.7622, 24.66543], [115.79782, 24.6884], [115.75169, 24.74634], [115.8119, 24.90282], [115.89568, 24.87807], [115.87727, 24.93583], [116.01974, 24.90244], [116.06659, 24.85271], [116.19223, 24.8651], [116.24606, 24.82603], [116.23911, 24.79275], [116.3038, 24.80263], [116.3891, 24.87443], [116.41285, 24.84074], [116.3708, 24.80162]]]}}, {"type": "Feature", "properties": {"SYS_ID": "2059", "NAME_PY": "Guangzhou Fu", "NAME_CH": "广州府", "NAME_FT": "廣州府", "X_COORD": 113.43053, "Y_COORD": 22.94115}, "geometry": {"type": "MultiPolygon", "coordinates": [[[[112.63125, 21.66124], [112.65327, 21.63127], [112.5649, 21.62189], [112.52967, 21.58765], [112.53591, 21.63762], [112.57954, 21.65465], [112.55514, 21.66705], [112.65907, 21.71433], [112.63125, 21.66124]]], [[[112.70708, 21.70479], [112.77299, 21.72637], [112.77993, 21.77376], [112.87737, 21.77528], [112.80251, 21.70185], [112.81112, 21.58996], [112.772, 21.56697], [112.7657, 21.61776], [112.72952, 21.61569], [112.78792, 21.68353], [112.73797, 21.66899], [112.70708, 21.70479]]], [[[112.46052, 21.69023], [112.4636, 21.6683], [112.43452, 21.66796], [112.46052, 21.69023]]], [[[113.13861, 21.83739], [113.15754, 21.87641], [113.20125, 21.87295], [113.13861, 21.83739]]], [[[112.37253, 22.02837], [112.36745, 21.98391], [112.38562, 21.93331], [112.37717, 21.93123], [112.41366, 21.82013], [112.40605, 21.73435], [112.30296, 21.69823], [112.23978, 21.70171], [112.32247, 21.77681], [112.29855, 21.81891], [112.35037, 21.8551], [112.33674, 21.95252], [112.28811, 21.98975], [112.37253, 22.02837]]], [[[113.2168, 21.91304], [113.24651, 21.94993], [113.29461, 21.92328], [113.26554, 21.88018], [113.2168, 21.91304]]], [[[113.40566, 22.00711], [113.30089, 22.00432], [113.32779, 22.07262], [113.4155, 22.07867], [113.40566, 22.00711]]], [[[113.55119, 22.08138], [113.46296, 22.09889], [113.48037, 22.14435], [113.53058, 22.15982], [113.55119, 22.08138]]], [[[113.52604, 22.66725], [113.51781, 22.67064], [113.50792, 22.68833], [113.52413, 22.67285], [113.52604, 22.66725]]], [[[113.53531, 22.75245], [113.48316, 22.73257], [113.45205, 22.73636], [113.53531, 22.75245]]], [[[113.0162, 22.70858], [113.03138, 22.80993], [112.97518, 22.80431], [112.92339, 22.8544], [112.83894, 22.85214], [112.86421, 22.88379], [112.90424, 22.86492], [112.90879, 22.89075], [112.75896, 23.20198], [112.7709, 23.22562], [112.80653, 23.20501], [112.83488, 23.27239], [112.83907, 23.33815], [112.78173, 23.40368], [112.84228, 23.52804], [112.75154, 23.61022], [112.77361, 23.67335], [112.71422, 23.69736], [112.69456, 23.80666], [112.64795, 23.81183], [112.68279, 23.92405], [112.5673, 23.97467], [112.61726, 24.21843], [112.70828, 24.20813], [112.7607, 24.31451], [112.83263, 24.25842], [112.79716, 24.17996], [112.82899, 24.12642], [112.9091, 24.09322], [112.89999, 24.04713], [112.967, 24.05291], [112.99799, 23.9519], [113.26141, 23.84494], [113.42668, 23.84418], [113.62938, 23.74661], [113.63816, 23.81956], [113.70239, 23.82036], [113.7095, 23.85941], [113.85152, 23.92984], [114.29722, 23.94673], [114.3457, 23.89115], [114.32205, 23.82351], [114.35689, 23.73205], [114.3213, 23.65019], [114.39451, 23.62337], [114.34132, 23.59515], [114.24947, 23.45217], [114.20159, 23.47909], [114.04096, 23.40154], [114.0287, 23.32805], [114.0, 23.35165], [113.88613, 23.3435], [113.89021, 23.1817], [113.84803, 23.11669], [114.01804, 23.08425], [114.06941, 23.10185], [114.21049, 22.98535], [114.22991, 22.82178], [114.17328, 22.78596], [114.20589, 22.74149], [114.15098, 22.64333], [114.15968, 22.60134], [114.31679, 22.66979], [114.51057, 22.63819], [114.59119, 22.6592], [114.48954, 22.56935], [114.51538, 22.5489], [114.53982, 22.57437], [114.62424, 22.5126], [114.49835, 22.45248], [114.47653, 22.54807], [114.41025, 22.61278], [114.26556, 22.58946], [114.21127, 22.5292], [114.25929, 22.5526], [114.27466, 22.511], [114.33559, 22.50623], [114.24593, 22.45126], [114.22885, 22.47415], [114.1618, 22.45491], [114.21245, 22.42026], [114.18973, 22.38287], [114.23951, 22.43716], [114.27379, 22.41645], [114.31653, 22.47822], [114.34527, 22.47311], [114.33762, 22.43068], [114.36109, 22.45958], [114.40218, 22.41754], [114.3691, 22.40177], [114.39062, 22.36918], [114.27118, 22.38667], [114.25314, 22.35847], [114.31058, 22.29744], [114.27933, 22.26678], [114.25536, 22.32691], [114.23938, 22.28792], [114.20138, 22.33005], [114.16828, 22.29493], [114.11507, 22.37244], [114.02011, 22.35825], [113.97576, 22.39428], [113.92789, 22.36864], [113.90686, 22.41009], [114.0, 22.49167], [114.03291, 22.47569], [114.04216, 22.5189], [113.93402, 22.53192], [113.93693, 22.48329], [113.8884, 22.46617], [113.87032, 22.49579], [113.91273, 22.53245], [113.83456, 22.5895], [113.77268, 22.74917], [113.72048, 22.77145], [113.66999, 22.74421], [113.63545, 22.79421], [113.57814, 22.73722], [113.52564, 22.78127], [113.47716, 22.76312], [113.4361, 22.73284], [113.5644, 22.59697], [113.55283, 22.58396], [113.57701, 22.50871], [113.53273, 22.40305], [113.6249, 22.37395], [113.56979, 22.28844], [113.5904, 22.24681], [113.56242, 22.19579], [113.5285, 22.17554], [113.54134, 22.20661], [113.52124, 22.23626], [113.48069, 22.23003], [113.5147, 22.23349], [113.53037, 22.19158], [113.45962, 22.1645], [113.42334, 22.21744], [113.37853, 22.22235], [113.3915, 22.18652], [113.30976, 22.06362], [113.24509, 22.04454], [113.25119, 22.00272], [113.20168, 21.98544], [113.19859, 21.95518], [113.20762, 22.07309], [113.16941, 22.05475], [113.11104, 22.07933], [113.12386, 22.18769], [113.07809, 22.19347], [113.00868, 22.12501], [112.99992, 22.03813], [112.76763, 21.94431], [112.7439, 21.8843], [112.65013, 21.84513], [112.64502, 21.77951], [112.55614, 21.75142], [112.49688, 21.79397], [112.50261, 21.81911], [112.485, 21.80027], [112.42362, 21.83136], [112.43079, 21.86336], [112.45908, 21.85363], [112.42191, 21.91073], [112.49744, 21.92776], [112.51479, 21.95327], [112.48976, 21.97326], [112.48685, 21.94369], [112.39575, 21.94177], [112.37255, 21.98929], [112.41036, 22.00667], [112.38691, 22.02247], [112.41586, 22.064], [112.37631, 22.03885], [112.36415, 22.12717], [112.47211, 22.10708], [112.47955, 22.02045], [112.60079, 21.96655], [112.62738, 22.037], [112.5864, 22.07144], [112.62139, 22.12981], [112.57401, 22.27725], [112.64439, 22.29922], [112.6473, 22.35653], [112.68087, 22.31877], [112.76129, 22.39214], [112.75278, 22.43846], [112.80147, 22.42989], [112.79172, 22.55175], [112.96455, 22.57512], [112.96869, 22.60418], [112.92101, 22.6308], [113.0162, 22.70858]], [[113.31075, 22.74368], [113.30002, 22.73964], [113.30106, 22.74003], [113.31075, 22.74368]]], [[[114.27327, 22.05092], [114.32343, 22.0636], [114.30257, 22.04286], [114.22867, 22.02216], [114.27327, 22.05092]]], [[[113.59842, 22.13357], [113.57747, 22.122], [113.55646, 22.13453], [113.59842, 22.13357]]], [[[114.15962, 22.20723], [114.1152, 22.18375], [114.10476, 22.23889], [114.15962, 22.20723]]], [[[114.22617, 22.24233], [114.21927, 22.19625], [114.1954, 22.23533], [114.13353, 22.25061], [114.11893, 22.28257], [114.23576, 22.28439], [114.25797, 22.21622], [114.22617, 22.24233]]], [[[113.93206, 22.27351], [113.99743, 22.32151], [114.01755, 22.22589], [113.84468, 22.1943], [113.84003, 22.23126], [113.89694, 22.29133], [113.93206, 22.27351]]], [[[113.63686, 22.44351], [113.64532, 22.40224], [113.61356, 22.40108], [113.63686, 22.44351]]], [[[113.58107, 22.49855], [113.58311, 22.50208], [113.58437, 22.4988], [113.58107, 22.49855]]], [[[113.59051, 22.57387], [113.57571, 22.56658], [113.57332, 22.58505], [113.59051, 22.57387]]], [[[113.54786, 22.65859], [113.56818, 22.61582], [113.53368, 22.65824], [113.54786, 22.65859]]], [[[113.59907, 22.6423], [113.45425, 22.72916], [113.4757, 22.72569], [113.56455, 22.72618], [113.59907, 22.6423]]]]}}, {"type": "Feature", "properties": {"SYS_ID": "2047", "NAME_PY": "Gaozhou Fu", "NAME_CH": "高州府", "NAME_FT": "高州府", "X_COORD": 110.71119, "Y_COORD": 21.78677}, "geometry": {"type": "MultiPolygon", "coordinates": [[[[111.28219, 21.98788], [111.30025, 21.90349], [111.42277, 21.84399], [111.38494, 21.74776], [111.43761, 21.7011], [111.40616, 21.56865], [111.4457, 21.52576], [111.39851, 21.52674], [111.25437, 21.40897], [111.24698, 21.45072], [111.28023, 21.43236], [111.29844, 21.49659], [111.24979, 21.48745], [111.21351, 21.5247], [111.15565, 21.51111], [111.22939, 21.47704], [111.09986, 21.45632], [111.08351, 21.47294], [111.14069, 21.49071], [111.07683, 21.48203], [111.0842, 21.50442], [111.03325, 21.5249], [110.99529, 21.48652], [111.0059, 21.45346], [111.0288, 21.47833], [111.07661, 21.46112], [110.88691, 21.38066], [110.79682, 21.40072], [110.74263, 21.3787], [110.64495, 21.24996], [110.65636, 21.31537], [110.62865, 21.35519], [110.7571, 21.40817], [110.76598, 21.4394], [110.74876, 21.44632], [110.74371, 21.41222], [110.62106, 21.36367], [110.62597, 21.21624], [110.49177, 21.21639], [110.42792, 21.19026], [110.452, 21.23214], [110.43336, 21.28088], [110.48958, 21.25712], [110.50989, 21.29496], [110.44851, 21.29474], [110.48893, 21.324], [110.46344, 21.34168], [110.42785, 21.30171], [110.45762, 21.41674], [110.39779, 21.37969], [110.38428, 21.4707], [110.32533, 21.43159], [110.24336, 21.5126], [110.20135, 21.51295], [110.14799, 21.42221], [110.10043, 21.45191], [109.95056, 21.42414], [109.967, 21.46238], [109.93208, 21.43446], [109.9063, 21.45366], [109.94928, 21.48002], [109.8659, 21.46836], [109.85058, 21.5119], [109.8193, 21.45286], [109.79669, 21.46255], [109.79665, 21.54382], [109.76378, 21.55908], [109.78311, 21.58648], [109.75626, 21.56315], [109.74345, 21.58662], [109.76884, 21.6742], [109.79712, 21.63977], [109.899, 21.6576], [109.93542, 21.82741], [109.97936, 21.87992], [110.05622, 21.86417], [110.11866, 21.89916], [110.24256, 21.87771], [110.29594, 21.91426], [110.38014, 21.89191], [110.34334, 22.03034], [110.3637, 22.12862], [110.32491, 22.17765], [110.35191, 22.19614], [110.38142, 22.16986], [110.41742, 22.20874], [110.49367, 22.1485], [110.56136, 22.19591], [110.63492, 22.15031], [110.67368, 22.18705], [110.6478, 22.23241], [110.6938, 22.27667], [110.78384, 22.28829], [110.70802, 22.36679], [110.68153, 22.47252], [110.72469, 22.618], [110.83385, 22.63502], [110.95847, 22.70469], [111.11784, 22.70663], [111.15562, 22.61867], [111.28094, 22.59506], [111.32017, 22.55912], [111.25543, 22.45146], [111.25599, 22.38763], [111.28881, 22.36094], [111.36518, 22.38763], [111.40556, 22.52015], [111.60139, 22.55528], [111.61784, 22.50736], [111.68284, 22.48252], [111.59983, 22.38136], [111.51138, 22.36788], [111.45187, 22.27328], [111.35135, 22.23436], [111.28219, 21.98788]]], [[[110.52528, 21.15881], [110.48648, 21.139], [110.42778, 21.17707], [110.49493, 21.20912], [110.5062, 21.18194], [110.57705, 21.18083], [110.63379, 21.20904], [110.55698, 21.08931], [110.52865, 21.09205], [110.52528, 21.15881]]], [[[110.59947, 20.86449], [110.54971, 20.90231], [110.59548, 20.94807], [110.63443, 20.9287], [110.59947, 20.86449]]]]}}, {"type": "Feature", "properties": {"SYS_ID": "2051", "NAME_PY": "Luoding Zhou", "NAME_CH": "罗定州", "NAME_FT": "羅定州", "X_COORD": 111.68765, "Y_COORD": 22.71391}, "geometry": {"type": "MultiPolygon", "coordinates": [[[[111.8704, 22.66079], [111.81143, 22.67783], [111.80344, 22.62355], [111.72984, 22.56869], [111.68284, 22.48252], [111.61784, 22.50736], [111.60139, 22.55528], [111.40556, 22.52015], [111.34029, 22.36199], [111.25599, 22.38763], [111.27015, 22.51393], [111.32017, 22.55912], [111.28094, 22.59506], [111.15562, 22.61867], [111.12275, 22.70154], [111.05392, 22.73113], [111.21206, 22.75022], [111.35966, 22.90603], [111.35413, 22.96414], [111.42598, 23.05384], [111.37278, 23.09476], [111.39228, 23.16754], [111.35114, 23.28772], [111.37316, 23.31962], [111.47498, 23.27842], [111.53278, 23.32046], [111.57423, 23.2598], [111.52884, 23.22429], [111.65221, 23.15752], [111.95732, 23.13568], [112.03513, 23.07541], [112.18047, 23.07589], [112.28033, 23.13526], [112.31824, 23.11449], [112.25304, 22.93172], [112.31039, 22.91776], [112.30871, 22.83977], [112.21889, 22.84022], [112.06516, 22.72612], [112.0665, 22.68612], [112.13465, 22.62048], [112.0816, 22.57377], [112.1282, 22.52796], [112.11844, 22.49805], [112.06001, 22.49385], [112.01649, 22.66071], [111.90105, 22.57572], [111.82576, 22.5916], [111.8704, 22.66079]]], [[[111.31976, 22.10502], [111.35135, 22.23436], [111.45187, 22.27328], [111.51138, 22.36788], [111.58964, 22.37689], [111.58742, 22.25098], [111.36663, 22.10657], [111.31976, 22.10502]]]]}}, {"type": "Feature", "properties": {"SYS_ID": "2050", "NAME_PY": "Leizhou Fu", "NAME_CH": "雷州府", "NAME_FT": "雷州府", "X_COORD": 110.10689, "Y_COORD": 20.87157}, "geometry": {"type": "MultiPolygon", "coordinates": [[[[110.16408, 20.96899], [110.18712, 20.84919], [110.16846, 20.86435], [110.12479, 20.85186], [110.17141, 20.84751], [110.13192, 20.80941], [110.12849, 20.77435], [110.16381, 20.82977], [110.22487, 20.85147], [110.36333, 20.81673], [110.38704, 20.72583], [110.36092, 20.70261], [110.32408, 20.77156], [110.29675, 20.73181], [110.3286, 20.69241], [110.29397, 20.67835], [110.2771, 20.64455], [110.32247, 20.6751], [110.32798, 20.62143], [110.38742, 20.65644], [110.38376, 20.59752], [110.44802, 20.55101], [110.46879, 20.56747], [110.51022, 20.51652], [110.52367, 20.41392], [110.43391, 20.31775], [110.28262, 20.2378], [110.216, 20.27737], [110.22787, 20.25755], [110.12484, 20.23367], [110.04617, 20.28793], [109.97808, 20.28518], [109.92053, 20.22909], [109.92458, 20.34499], [109.86279, 20.39717], [109.9044, 20.43045], [109.97111, 20.38871], [109.98351, 20.33283], [110.04453, 20.36171], [109.98147, 20.35676], [110.02387, 20.44512], [109.97563, 20.42995], [109.97435, 20.46375], [109.94282, 20.43462], [109.93447, 20.51394], [109.9213, 20.43304], [109.89369, 20.48697], [109.82662, 20.48918], [109.81192, 20.5343], [109.86556, 20.54068], [109.8378, 20.55302], [109.84747, 20.58657], [109.82909, 20.56585], [109.80168, 20.62021], [109.74432, 20.6224], [109.76021, 20.68017], [109.79462, 20.6722], [109.85984, 20.71425], [109.76459, 20.69868], [109.76041, 20.86119], [109.73038, 20.85404], [109.73336, 20.79792], [109.66943, 20.86293], [109.66251, 20.93912], [109.70866, 21.05139], [109.67493, 21.12334], [109.73174, 21.18874], [109.73465, 21.1487], [109.75971, 21.15068], [109.7694, 21.34713], [109.96503, 21.33537], [109.90438, 21.37214], [109.92986, 21.42486], [110.10043, 21.45191], [110.13963, 21.41971], [110.18732, 21.5077], [110.24336, 21.5126], [110.33782, 21.42917], [110.32016, 21.41269], [110.36436, 21.42834], [110.40926, 21.32815], [110.38573, 21.32991], [110.40989, 21.29229], [110.38519, 21.2626], [110.42197, 21.22052], [110.35364, 21.10923], [110.27628, 21.11303], [110.26527, 21.08022], [110.23812, 21.10711], [110.22343, 21.03164], [110.2075, 21.10854], [110.11719, 21.14865], [110.20574, 21.08974], [110.19389, 21.00089], [110.1571, 20.9818], [110.10613, 21.03381], [110.16408, 20.96899]]], [[[110.30008, 21.05499], [110.39271, 21.08755], [110.43486, 21.04671], [110.55182, 21.05671], [110.52531, 20.92025], [110.45964, 20.99114], [110.2486, 20.95266], [110.34962, 21.05649], [110.30008, 21.05499]]], [[[110.47261, 20.64101], [110.44868, 20.58033], [110.40956, 20.65445], [110.47261, 20.64101]]]]}}, {"type": "Feature", "properties": {"SYS_ID": "3680", "NAME_PY": "Xi'an Fu", "NAME_CH": "西安府", "NAME_FT": "西安府", "X_COORD": 108.55415, "Y_COORD": 34.25464}, "geometry": {"type": "Polygon", "coordinates": [[[108.05295, 33.6982], [107.94596, 33.72312], [107.77632, 33.64153], [107.61884, 33.71137], [107.34442, 33.6741], [107.34012, 33.72409], [107.50732, 33.84219], [107.58221, 33.84252], [107.59891, 33.92106], [107.69791, 33.9171], [107.80061, 33.99191], [107.94522, 33.9886], [107.99601, 34.076], [107.97735, 34.20621], [108.0, 34.23962], [108.3073, 34.20414], [108.31246, 34.33221], [108.37067, 34.34241], [108.40063, 34.52847], [108.3213, 34.60781], [108.31291, 34.81216], [108.35261, 34.83678], [108.5316, 34.74258], [108.67285, 34.72343], [108.75858, 34.73239], [108.78976, 34.79956], [108.81894, 34.801], [108.76437, 34.87139], [108.6814, 34.89384], [108.58192, 35.04043], [108.62521, 35.09486], [108.58274, 35.09453], [108.5813, 35.12109], [108.73572, 35.29358], [108.81197, 35.30312], [108.81559, 35.09146], [108.93114, 35.13344], [108.97426, 35.26996], [109.17064, 35.30232], [109.24051, 35.28259], [109.29721, 35.21094], [109.27668, 35.11689], [109.31878, 35.0872], [109.38612, 35.10104], [109.41636, 35.05976], [109.43724, 34.98774], [109.33758, 34.87013], [109.3912, 34.8348], [109.40779, 34.77136], [109.4875, 34.79009], [109.59464, 34.75729], [109.76817, 34.80673], [109.71201, 34.6046], [109.66386, 34.60091], [109.59474, 34.43083], [109.69106, 34.24809], [109.65266, 34.24638], [109.6644, 34.20311], [109.76005, 34.14954], [109.72063, 34.11003], [109.5586, 34.06468], [109.5304, 33.98944], [109.59557, 33.9461], [109.58609, 33.90643], [109.61864, 33.86548], [109.5877, 33.79535], [109.62119, 33.77762], [109.64039, 33.67833], [109.59655, 33.67462], [109.52337, 33.74876], [109.56074, 33.79507], [109.49731, 33.85265], [109.36969, 33.78616], [109.31602, 33.80268], [109.31162, 33.66444], [109.21282, 33.67318], [109.1135, 33.61374], [108.9805, 33.60427], [108.9858, 33.48933], [108.91223, 33.45385], [108.93325, 33.42057], [108.90803, 33.39341], [108.68048, 33.43765], [108.59259, 33.4185], [108.57319, 33.30412], [108.65782, 33.32545], [108.6827, 33.27659], [108.6051, 33.24681], [108.58244, 33.20268], [108.50547, 33.19983], [108.20988, 33.26329], [108.19707, 33.3318], [108.0498, 33.32507], [108.1567, 33.44187], [108.05561, 33.52155], [108.05295, 33.6982]]]}}, {"type": "Feature", "properties": {"SYS_ID": "1851", "NAME_PY": "Pingliang Zhou", "NAME_CH": "平凉府", "NAME_FT": "平涼府", "X_COORD": 106.18719, "Y_COORD": 36.13724}, "geometry": {"type": "Polygon", "coordinates": [[[106.75532, 35.09839], [106.55075, 35.08953], [106.48831, 35.02079], [106.43319, 35.09929], [106.32017, 35.13793], [105.78626, 35.09034], [105.72215, 35.12851], [105.70569, 35.25141], [105.57829, 35.39017], [105.49299, 35.35882], [105.46001, 35.37651], [105.38536, 35.48142], [105.46886, 35.52649], [105.53857, 35.62859], [105.41966, 35.8205], [105.3673, 35.80712], [105.39252, 35.8564], [105.33012, 35.89199], [105.32175, 36.00743], [105.41899, 36.0988], [105.4912, 36.10489], [105.50467, 36.14763], [105.45897, 36.23805], [105.47173, 36.29363], [105.40195, 36.36157], [105.3533, 36.49918], [105.24462, 36.54238], [105.26433, 36.57437], [105.199, 36.7083], [105.33034, 36.79002], [105.29205, 36.84554], [105.94205, 36.9567], [106.1359, 37.06435], [106.48645, 37.14324], [106.71069, 37.24832], [106.76115, 37.23826], [106.81751, 37.03385], [106.77784, 36.92232], [106.80718, 36.78535], [106.78941, 36.60783], [106.9175, 36.44407], [106.95439, 36.32714], [107.10385, 36.19919], [107.05038, 36.06449], [106.94732, 36.03061], [106.93903, 35.9789], [106.89214, 35.95785], [106.93344, 35.92904], [106.84681, 35.88938], [106.91875, 35.8195], [106.89493, 35.80967], [106.90873, 35.77311], [106.74505, 35.70483], [107.14533, 35.49754], [107.17538, 35.42782], [107.13007, 35.37193], [107.01112, 35.40707], [106.94128, 35.3926], [106.89158, 35.34404], [106.85685, 35.20415], [106.77021, 35.15381], [106.75532, 35.09839]]]}}, {"type": "Feature", "properties": {"SYS_ID": "1835", "NAME_PY": "Fengxiang Fu", "NAME_CH": "凤翔府", "NAME_FT": "鳳翔府", "X_COORD": 107.1782, "Y_COORD": 34.38808}, "geometry": {"type": "GeometryCollection", "geometries": [{"type": "MultiPolygon", "coordinates": [[[[106.437, 34.68272], [106.48998, 34.72567], [106.49348, 34.81655], [106.44362, 34.94758], [106.55579, 35.09087], [106.91616, 35.09522], [107.08386, 35.02142], [107.08939, 34.97072], [107.16745, 34.93816], [107.19103, 34.89119], [107.29066, 34.93726], [107.51926, 34.91084], [107.56443, 34.97179], [107.62114, 34.96379], [107.63618, 34.92825], [107.81152, 34.97162], [107.8566, 34.85049], [107.94719, 34.86443], [107.94903, 34.80962], [108.01375, 34.71791], [108.01783, 34.63349], [107.98334, 34.5722], [108.04289, 34.33993], [108.01174, 34.31165], [108.04724, 34.24636], [107.97931, 34.21586], [107.99601, 34.076], [107.94522, 33.9886], [107.80061, 33.99191], [107.69791, 33.9171], [107.59891, 33.92106], [107.58221, 33.84252], [107.50732, 33.84219], [107.35472, 33.757], [107.34442, 33.6741], [107.3067, 33.67772], [107.20498, 33.72593], [107.1087, 33.83092], [107.03913, 34.15269], [106.8739, 34.14535], [106.78811, 34.29789], [106.70003, 34.28859], [106.66666, 34.38828], [106.56754, 34.49037], [106.46202, 34.53154], [106.33836, 34.52238], [106.30915, 34.58106], [106.46335, 34.64886], [106.437, 34.68272]]], [[[107.81557, 34.97541], [107.81285, 34.9732], [107.81301, 34.97339], [107.81557, 34.97541]]], [[[107.82468, 34.98189], [107.82468, 34.9819], [107.82751, 34.98368], [107.82468, 34.98189]]]]}, {"type": "MultiLineString", "coordinates": [[[107.81557, 34.97541], [107.81813, 34.97697]], [[107.83007, 34.98547], [107.83047, 34.9857]]]}]}}, {"type": "Feature", "properties": {"SYS_ID": "1850", "NAME_PY": "Jin Zhou", "NAME_CH": "泾州", "NAME_FT": "涇州", "X_COORD": 107.29933, "Y_COORD": 35.54519}, "geometry": {"type": "Polygon", "coordinates": [[[107.85125, 35.00571], [107.63618, 34.92825], [107.62114, 34.96379], [107.56443, 34.97179], [107.51926, 34.91084], [107.29066, 34.93726], [107.19103, 34.89119], [107.16745, 34.93816], [107.08939, 34.97072], [107.07778, 35.0247], [106.91616, 35.09522], [106.75532, 35.09839], [106.77021, 35.15381], [106.85685, 35.20415], [106.89158, 35.34404], [106.94128, 35.3926], [107.01112, 35.40707], [107.13007, 35.37193], [107.16995, 35.40774], [107.14533, 35.49754], [106.74505, 35.70483], [106.90873, 35.77311], [106.89493, 35.80967], [106.91875, 35.8195], [106.84681, 35.88938], [106.93344, 35.92904], [106.89214, 35.95785], [106.93903, 35.9789], [106.94732, 36.03061], [107.05038, 36.06449], [107.10385, 36.19919], [107.21213, 36.07308], [107.41128, 36.00169], [107.47296, 35.89394], [107.47974, 35.77962], [107.69866, 35.60927], [107.71432, 35.57042], [107.66545, 35.47693], [107.74481, 35.3098], [107.64857, 35.24472], [107.74624, 35.0905], [107.85125, 35.00571]]]}}, {"type": "Feature", "properties": {"SYS_ID": "1849", "NAME_PY": "Qingynag Fu", "NAME_CH": "庆阳府", "NAME_FT": "慶陽府", "X_COORD": 107.74649, "Y_COORD": 36.22398}, "geometry": {"type": "Polygon", "coordinates": [[[107.26911, 37.13044], [107.29415, 36.9225], [107.48029, 36.90618], [107.5407, 36.82651], [107.67144, 36.82653], [107.72752, 36.87223], [107.70545, 36.95356], [107.73295, 36.962], [107.82981, 36.89368], [107.98052, 36.91742], [108.29192, 36.88591], [108.20119, 36.80974], [108.20566, 36.57736], [108.3434, 36.556], [108.42692, 36.43587], [108.51043, 36.47552], [108.70901, 36.36948], [108.68702, 36.29232], [108.64481, 36.26213], [108.70763, 36.13836], [108.68385, 36.0213], [108.64757, 35.94853], [108.57613, 35.94813], [108.49702, 35.88537], [108.52468, 35.63646], [108.61798, 35.55222], [108.62472, 35.40608], [108.58361, 35.3121], [108.42094, 35.28249], [108.34185, 35.30915], [108.23583, 35.26533], [108.17215, 35.31042], [107.96354, 35.23922], [107.95828, 35.27163], [107.86347, 35.26001], [107.74481, 35.3098], [107.66545, 35.47693], [107.71001, 35.5884], [107.47974, 35.77962], [107.47296, 35.89394], [107.41128, 36.00169], [107.21213, 36.07308], [107.05938, 36.25291], [106.95439, 36.32714], [106.9175, 36.44407], [106.80563, 36.57273], [106.77756, 36.65372], [106.80718, 36.78535], [106.77784, 36.92232], [106.81751, 37.03385], [106.77801, 37.20874], [106.93625, 37.13575], [107.13797, 37.16537], [107.26911, 37.13044]]]}}, {"type": "Feature", "properties": {"SYS_ID": "2101", "NAME_PY": "Yikezhao Meng", "NAME_CH": "伊克昭盟", "NAME_FT": "伊克昭盟", "X_COORD": 108.9648, "Y_COORD": 39.33171}, "geometry": {"type": "Polygon", "coordinates": [[[108.66163, 40.70039], [108.77238, 40.61813], [108.7734, 40.55909], [108.87154, 40.56469], [108.91463, 40.52832], [109.10376, 40.54722], [109.21124, 40.512], [109.21529, 40.48458], [109.40121, 40.46925], [109.46218, 40.48867], [109.4248, 40.51427], [109.558, 40.5465], [109.62496, 40.54341], [109.73217, 40.47848], [109.8981, 40.52567], [109.94651, 40.50001], [110.02616, 40.53086], [110.16297, 40.51136], [110.17408, 40.55074], [110.87493, 40.40731], [111.04923, 40.26225], [111.28756, 40.15541], [111.39325, 40.04122], [111.43494, 39.9121], [111.35123, 39.74784], [111.45409, 39.61256], [111.42057, 39.61703], [111.42796, 39.51595], [111.36395, 39.48096], [111.33067, 39.41884], [111.16955, 39.42059], [111.11958, 39.39241], [111.12386, 39.3664], [110.72275, 39.32765], [110.71053, 39.28357], [110.76358, 39.17113], [110.40444, 38.9279], [110.27126, 38.75805], [110.23413, 38.62583], [110.11089, 38.5826], [110.11852, 38.54844], [109.87265, 38.43402], [109.82763, 38.38148], [109.71163, 38.34489], [109.62445, 38.24106], [109.27505, 38.0207], [109.13032, 37.83466], [109.09888, 37.84303], [109.04179, 37.67802], [108.91198, 37.61308], [108.5221, 37.59226], [108.3691, 37.54294], [108.38143, 37.43396], [108.3414, 37.38471], [108.1688, 37.44495], [108.08044, 37.55166], [107.69333, 37.54255], [107.52362, 37.71427], [107.47686, 37.7252], [107.43395, 37.81271], [107.29956, 37.89359], [107.25436, 37.96507], [107.02379, 38.11692], [106.64472, 38.23394], [106.4755, 38.39238], [106.57803, 38.51201], [106.52827, 38.54963], [106.53611, 38.60917], [106.59669, 38.67004], [106.66341, 38.84209], [106.77306, 38.89368], [106.86791, 39.05243], [106.861, 39.13657], [106.7922, 39.23251], [106.79572, 39.35887], [106.73416, 39.40901], [106.77902, 39.5891], [106.76028, 39.66485], [106.78618, 39.68664], [106.74905, 39.72361], [106.71027, 39.90705], [106.73218, 39.97541], [106.71333, 40.05107], [107.16457, 40.40287], [107.13284, 40.57343], [106.94411, 40.82811], [106.96758, 40.92226], [106.93211, 40.96583], [106.94002, 41.00567], [107.08706, 41.02976], [107.16092, 41.06894], [107.20872, 41.14149], [107.53156, 41.21335], [107.62344, 41.27858], [107.79189, 41.20536], [108.0545, 41.25369], [108.26722, 41.17666], [108.54637, 41.16131], [108.81175, 40.99512], [108.86848, 41.02039], [108.88988, 40.99713], [108.89075, 41.04945], [108.95959, 41.00724], [108.94704, 40.9468], [108.69937, 40.78133], [108.66163, 40.70039]]]}}, {"type": "Feature", "properties": {"SYS_ID": "1854", "NAME_PY": "Jie Zhou", "NAME_CH": "阶州", "NAME_FT": "階州", "X_COORD": 104.93347, "Y_COORD": 33.41944}, "geometry": {"type": "Polygon", "coordinates": [[[103.8594, 33.76276], [103.91083, 33.84909], [104.05293, 33.96341], [104.11124, 33.97482], [104.2845, 33.89861], [104.36329, 33.92936], [104.38074, 33.77783], [104.41828, 33.75204], [104.74573, 33.79841], [105.09779, 33.71708], [105.34278, 33.70609], [105.42971, 33.64436], [105.49311, 33.73214], [105.39875, 33.82091], [105.43453, 33.84679], [105.56776, 33.84397], [105.59726, 33.88484], [105.55314, 34.10025], [105.42852, 34.07948], [105.39041, 34.13082], [105.5388, 34.18232], [105.55576, 34.24491], [105.62413, 34.22198], [105.73143, 34.12253], [105.86023, 33.7937], [105.95481, 33.73354], [106.006, 33.61297], [105.95543, 33.61013], [105.89596, 33.55573], [105.79767, 33.4086], [105.70515, 33.38251], [105.75481, 33.28919], [105.92946, 33.19445], [105.89269, 33.14481], [105.92791, 33.14426], [105.91923, 33.00815], [105.85799, 32.94114], [105.82316, 32.95289], [105.63466, 32.88155], [105.41886, 32.9237], [105.3782, 32.85877], [105.45581, 32.7666], [105.44913, 32.73629], [105.28349, 32.65345], [105.22374, 32.66587], [105.14159, 32.5989], [105.0396, 32.64703], [104.88266, 32.59853], [104.50844, 32.90878], [104.46536, 33.09953], [104.48848, 33.17906], [104.34977, 33.14942], [104.21205, 33.2978], [104.53449, 33.24805], [104.71223, 33.30578], [104.70695, 33.35458], [104.59831, 33.45183], [104.46652, 33.4597], [104.40326, 33.51486], [104.19562, 33.52766], [103.96531, 33.60342], [103.8594, 33.76276]]]}}, {"type": "Feature", "properties": {"SYS_ID": "1877", "NAME_PY": "Baoning Fu", "NAME_CH": "保宁府", "NAME_FT": "保寧府", "X_COORD": 106.41023, "Y_COORD": 32.02154}, "geometry": {"type": "Polygon", "coordinates": [[[105.49535, 32.91074], [105.59252, 32.69981], [105.74905, 32.76942], [105.78952, 32.75103], [105.82311, 32.8218], [106.00536, 32.83053], [106.04553, 32.86821], [106.0915, 32.81533], [106.05999, 32.76961], [106.11084, 32.72679], [106.34153, 32.6679], [106.41327, 32.61635], [106.45298, 32.65412], [106.60671, 32.66283], [106.73794, 32.73389], [106.77544, 32.73331], [106.7818, 32.70162], [107.05843, 32.71035], [107.25617, 32.78251], [107.31631, 32.74409], [107.2635, 32.68177], [107.35041, 32.62853], [107.37222, 32.53869], [107.43199, 32.53162], [107.44971, 32.42078], [107.48504, 32.42747], [107.52066, 32.38473], [107.59359, 32.41404], [107.68076, 32.37981], [107.70684, 32.32757], [107.64843, 32.17776], [107.76258, 32.04208], [107.74385, 31.97629], [107.68637, 31.91269], [107.62496, 31.74516], [107.36099, 31.43069], [107.15027, 31.42651], [106.90078, 31.32908], [106.71247, 31.54196], [106.54154, 31.53597], [106.44008, 31.58573], [106.29868, 31.58919], [106.24649, 31.52602], [106.2631, 31.32465], [106.31261, 31.22446], [106.25214, 31.13972], [106.20395, 31.12332], [106.07449, 31.15492], [105.90766, 31.11488], [105.87194, 31.19074], [105.78518, 31.2432], [105.6368, 31.19458], [105.57318, 31.20552], [105.52731, 31.2471], [105.4605, 31.49793], [105.39648, 31.49621], [105.29976, 31.43988], [105.24271, 31.44766], [105.28624, 31.5291], [105.29869, 31.66725], [105.36229, 31.72729], [105.28877, 31.83185], [105.08532, 31.95321], [105.05788, 32.02079], [105.21194, 32.45626], [105.30543, 32.61551], [105.29405, 32.65715], [105.46107, 32.75228], [105.37896, 32.87848], [105.44225, 32.93084], [105.49535, 32.91074]]]}}, {"type": "Feature", "properties": {"SYS_ID": "1834", "NAME_PY": "Hanzhong Fu", "NAME_CH": "汉中府", "NAME_FT": "漢中府", "X_COORD": 107.43585, "Y_COORD": 32.46875}, "geometry": {"type": "GeometryCollection", "geometries": [{"type": "MultiPolygon", "coordinates": [[[[105.59193, 32.87833], [105.58704, 32.87902], [105.58884, 32.87877], [105.59193, 32.87833]]], [[[105.5462, 32.90696], [105.54864, 32.90662], [105.55109, 32.90627], [105.5462, 32.90696]]], [[[105.91751, 33.13673], [105.92009, 33.13953], [105.92025, 33.1397], [105.91751, 33.13673]]], [[[105.89819, 33.15534], [105.89513, 33.15193], [105.8949, 33.15168], [105.89819, 33.15534]]], [[[106.45284, 33.53443], [106.45582, 33.53121], [106.45283, 33.53443], [106.45284, 33.53443]]], [[[106.1757, 33.55021], [106.17981, 33.54927], [106.18309, 33.54811], [106.1757, 33.55021]]], [[[106.1757, 33.55021], [106.16749, 33.55323], [106.17214, 33.5516], [106.1757, 33.55021]]], [[[106.16393, 33.55301], [106.16392, 33.55301], [106.15953, 33.55303], [106.16393, 33.55301]]], [[[106.15186, 33.55375], [106.15514, 33.55305], [106.15185, 33.55375], [106.15186, 33.55375]]], [[[106.12646, 33.57173], [106.12234, 33.57129], [106.12646, 33.57174], [106.12646, 33.57173]]], [[[106.32716, 33.59138], [106.33099, 33.5886], [106.32046, 33.59393], [106.32716, 33.59138]]], [[[106.02892, 33.59868], [106.03416, 33.60371], [106.03637, 33.60508], [106.02892, 33.59868]]], [[[106.29433, 33.60393], [106.28829, 33.60328], [106.29929, 33.60597], [106.29433, 33.60393]]], [[[106.42706, 33.62056], [106.42705, 33.62056], [106.42294, 33.62058], [106.42706, 33.62056]]], [[[106.4818, 33.74143], [106.48212, 33.74532], [106.48239, 33.74838], [106.4818, 33.74143]]], [[[106.43242, 33.92328], [106.42992, 33.921], [106.42382, 33.91692], [106.43242, 33.92328]]], [[[106.44723, 33.94859], [106.4509, 33.95364], [106.4595, 33.95931], [106.44723, 33.94859]]], [[[106.46369, 33.96502], [106.4662, 33.96821], [106.46369, 33.96501], [106.46369, 33.96502]]], [[[107.45081, 32.4599], [107.44339, 32.46419], [107.43597, 32.46848], [107.45081, 32.4599]]], [[[107.42096, 32.53568], [107.41746, 32.53711], [107.4203, 32.53595], [107.42096, 32.53568]]], [[[107.37521, 32.54165], [107.37222, 32.53869], [107.37302, 32.54101], [107.37521, 32.54165]]], [[[107.38666, 32.54215], [107.39073, 32.54232], [107.38667, 32.54215], [107.38666, 32.54215]]], [[[106.56545, 33.57557], [106.56986, 33.57737], [106.56545, 33.57556], [106.56545, 33.57557]]], [[[106.56483, 33.64375], [106.5643, 33.64456], [106.56187, 33.64894], [106.56483, 33.64375]]], [[[106.47845, 33.70891], [106.48311, 33.70704], [106.48912, 33.70402], [106.47845, 33.70891]]], [[[106.51154, 34.11112], [106.51154, 34.11113], [106.51411, 34.11068], [106.51154, 34.11112]]], [[[106.57385, 34.16156], [106.57095, 34.16546], [106.57313, 34.16269], [106.57385, 34.16156]]], [[[106.649, 34.24551], [106.64626, 34.24668], [106.64214, 34.249], [106.649, 34.24551]]], [[[106.66896, 34.249], [106.66589, 34.24743], [106.66257, 34.24631], [106.66896, 34.249]]], [[[106.49007, 34.25245], [106.48933, 34.24752], [106.4892, 34.24879], [106.49007, 34.25245]]], [[[106.59573, 34.2535], [106.59848, 34.25256], [106.5891, 34.25378], [106.59573, 34.2535]]], [[[106.63696, 34.255], [106.63831, 34.25339], [106.63695, 34.255], [106.63696, 34.255]]], [[[106.67538, 34.25445], [106.67891, 34.25958], [106.67792, 34.25764], [106.67538, 34.25445]]], [[[106.62238, 34.26245], [106.62707, 34.26196], [106.62956, 34.26148], [106.62238, 34.26245]]], [[[106.578, 34.27518], [106.58102, 34.26427], [106.57799, 34.27518], [106.578, 34.27518]]], [[[106.52232, 34.29347], [106.52232, 34.29348], [106.52812, 34.29274], [106.52232, 34.29347]]], [[[107.95733, 32.1582], [107.9613, 32.15537], [107.96422, 32.15325], [107.95733, 32.1582]]], [[[107.94813, 32.16731], [107.95185, 32.16518], [107.94413, 32.16945], [107.94813, 32.16731]]], [[[107.94413, 32.16945], [107.94044, 32.17273], [107.93625, 32.17729], [107.94413, 32.16945]]], [[[107.90956, 32.19968], [107.91888, 32.19469], [107.91382, 32.19731], [107.90956, 32.19968]]], [[[107.86124, 32.20164], [107.8602, 32.20198], [107.85565, 32.20367], [107.86124, 32.20164]]], [[[108.15458, 32.24412], [108.15819, 32.24179], [108.14619, 32.23439], [108.15458, 32.24412]]], [[[107.78742, 32.27298], [107.79053, 32.26742], [107.7923, 32.26281], [107.78742, 32.27298]]], [[[107.69379, 32.35138], [107.6938, 32.35136], [107.69378, 32.3514], [107.69379, 32.35138]]], [[[107.68464, 32.37218], [107.6831, 32.37542], [107.68671, 32.36826], [107.68464, 32.37218]]], [[[107.52197, 32.38485], [107.52214, 32.38486], [107.52178, 32.38483], [107.52197, 32.38485]]], [[[107.52961, 32.3867], [107.52968, 32.38675], [107.52965, 32.38672], [107.52961, 32.3867]]], [[[107.53155, 32.388], [107.53456, 32.38932], [107.53156, 32.388], [107.53155, 32.388]]], [[[107.66624, 32.39542], [107.66918, 32.39354], [107.67019, 32.39265], [107.66624, 32.39542]]], [[[107.54523, 32.3942], [107.5475, 32.39518], [107.54523, 32.39419], [107.54523, 32.3942]]], [[[107.62244, 32.40876], [107.6273, 32.40868], [107.63245, 32.40836], [107.62244, 32.40876]]], [[[107.44971, 32.42078], [107.45627, 32.44165], [107.45653, 32.44247], [107.44972092405992, 32.4207829431512], [107.44972, 32.42078], [107.44971, 32.42078]]]]}, {"type": "MultiLineString", "coordinates": [[[106.4818, 33.74143], [106.48233, 33.73867]], [[106.4595, 33.95931], [106.46119, 33.96251]], [[106.4165, 33.90047], [106.41822, 33.9071]], [[106.56538, 34.18658], [106.56562, 34.18246]], [[107.7923, 32.26281], [107.7952, 32.25955]], [[107.91888, 32.19469], [107.9236, 32.1891]], [[106.47021, 34.01081], [106.47173, 34.00737]], [[106.49821, 34.26408], [106.50146, 34.26834]], [[106.58189, 33.59813], [106.58294, 33.59354]], [[106.48283, 33.73386], [106.48233, 33.73867]], [[107.7859, 32.2769], [107.78742, 32.27298]], [[107.69234, 32.35487], [107.69028, 32.35903]], [[107.67815, 32.38399], [107.67447, 32.3884]], [[106.45621, 33.79455], [106.45756, 33.7911]], [[106.44611, 33.6037], [106.44531, 33.60669]], [[106.6907, 34.28457], [106.6876, 34.28001]], [[106.33099, 33.5886], [106.33537, 33.58812]], [[106.48717, 33.83605], [106.48192, 33.83356]], [[106.3698, 33.60281], [106.37423, 33.60691]], [[107.49821, 32.39791], [107.49692, 32.40068]], [[106.24113, 33.57167], [106.23754, 33.56848]], [[106.43465, 33.92625], [106.43745, 33.93013]], [[106.47562, 33.78227], [106.4725, 33.7836]], [[107.84605, 32.20866], [107.84156, 32.21241]], [[106.50999, 34.27935], [106.5079, 34.27631]], [[106.51588, 34.28665], [106.51708, 34.2887]], [[106.25024, 33.57919], [106.24638, 33.57669]], [[106.47153, 33.86801], [106.47564, 33.86569]], [[106.53516, 34.25373], [106.53907, 34.25126]], [[106.28004, 33.60126], [106.27344, 33.59855]], [[106.68246, 34.26768], [106.68333, 34.27043]], [[106.08031, 33.61225], [106.07674, 33.6102]], [[107.66624, 32.39542], [107.66343, 32.39667]], [[106.51434, 34.24564], [106.51239, 34.24404]], [[108.01833, 32.20952], [108.01765, 32.2166]], [[107.4337, 32.51445], [107.43291, 32.51949]], [[106.60403, 34.25435], [106.6057, 34.25525]], [[105.53912, 32.91016], [105.53639, 32.91154]], [[107.97301, 32.14918], [107.96874, 32.15087]], [[105.60799, 32.87902], [105.61289, 32.88017]], [[107.47829, 32.42848], [107.44972092405992, 32.4207829431512]], [[107.44972092405992, 32.4207829431512], [107.44971, 32.42078]], [[107.96422, 32.15325], [107.96874, 32.15087]], [[107.74538, 32.33309], [107.74133, 32.33362]], [[106.65977, 34.24473], [106.66257, 34.24631]], [[106.56916, 33.63742], [106.57159, 33.6335]], [[105.71307, 32.90604], [105.70953, 32.90672]], [[106.55878, 34.21345], [106.55746, 34.21873]], [[106.62956, 34.26148], [106.63148, 34.25963]], [[107.6537, 32.40274], [107.64887, 32.40465]], [[106.57263, 33.62891], [106.57396, 33.62455]], [[106.61712, 34.26181], [106.62238, 34.26245]], [[106.51218, 33.70179], [106.51767, 33.70175]], [[106.26765, 33.59514], [106.27344, 33.59855]], [[106.55647, 33.65723], [106.55835, 33.65309]], [[105.6627, 32.89896], [105.65726, 32.89873]], [[106.52699, 34.11079], [106.5223, 34.11082]], [[106.50876, 34.24086], [106.50988, 34.24246]], [[106.01822, 33.59734], [106.02233, 33.59664]], [[106.57095, 34.16546], [106.56961, 34.16891]], [[106.48056, 33.86245], [106.47564, 33.86569]], [[106.21416, 33.56034], [106.21857, 33.56124]], [[106.51704, 34.11017], [106.5223, 34.11082]], [[106.46508, 33.52518], [106.46916, 33.52172]], [[106.54394, 34.24679], [106.54459, 34.24629]], [[106.42144, 33.86881], [106.4239, 33.86787]], [[106.48389, 33.75631], [106.48392, 33.75975]], [[107.7665, 32.31232], [107.76793, 32.31]], [[107.71198, 32.32748], [107.71578, 32.32833]], [[106.5019, 34.06123], [106.50132, 34.05803]], [[107.42714, 32.53307], [107.42984, 32.53234]], [[107.82494, 32.2283], [107.8215, 32.23111]], [[106.31188, 33.60132], [106.30888, 33.60363]], [[106.11172, 33.58371], [106.10896, 33.58212]], [[106.46807, 33.82472], [106.46932, 33.82597]], [[106.03995, 33.60781], [106.04325, 33.60986]], [[107.42096, 32.53568], [107.4242, 32.53495]], [[107.60836, 32.40876], [107.61024, 32.40827]], [[107.62244, 32.40876], [107.61703, 32.4093]], [[106.46415, 33.81787], [106.46446, 33.82154]], [[106.48998, 34.24329], [106.48992, 34.24362]], [[107.86395, 32.20076], [107.86597, 32.20109]], [[106.50394, 33.70208], [106.49982, 33.70257]], [[106.43988, 33.86846], [106.43465, 33.86803]], [[108.00419, 32.16791], [108.00935, 32.17225]], [[106.07288, 33.60838], [106.07165, 33.6078]], [[106.48912, 33.70402], [106.49432, 33.70238]], [[106.44397, 33.6099], [106.44531, 33.60669]], [[106.0586, 33.60637], [106.06244, 33.60545]], [[107.57709, 32.40262], [107.57463, 32.40174]], [[106.14237, 33.57144], [106.1432, 33.57373]], [[106.4753, 33.99587], [106.47451, 33.99932]], [[106.41545, 33.87595], [106.41465, 33.87894]], [[106.53143, 34.29203], [106.53392, 34.29179]], [[106.53814, 33.68854], [106.53727, 33.6901]], [[107.50404, 32.39209], [107.50775, 32.3886]], [[106.43465, 33.86803], [106.43024, 33.86829]], [[106.46755, 34.02045], [106.46733, 34.02549]], [[106.4625, 33.87312], [106.45755, 33.87338]], [[107.52283, 32.38493], [107.52381, 32.38511]], [[106.33949, 33.58833], [106.3436, 33.5883]]]}]}}, {"type": "Feature", "properties": {"SYS_ID": "1843", "NAME_PY": "Qin Zhou", "NAME_CH": "秦州", "NAME_FT": "秦州", "X_COORD": 105.70124, "Y_COORD": 34.36082}, "geometry": {"type": "Polygon", "coordinates": [[[106.43941, 35.08671], [106.48831, 35.02079], [106.44151, 34.93023], [106.49657, 34.74464], [106.43758, 34.68523], [106.45997, 34.64407], [106.30915, 34.58106], [106.33836, 34.52238], [106.46202, 34.53154], [106.56754, 34.49037], [106.66666, 34.38828], [106.70066, 34.30626], [106.65977, 34.24473], [106.52232, 34.29348], [106.4892, 34.24879], [106.54723, 34.24425], [106.58806, 34.1392], [106.49768, 34.10641], [106.47349, 33.97985], [106.41465, 33.87894], [106.48545, 33.856], [106.45621, 33.79455], [106.47845, 33.70891], [106.53571, 33.69291], [106.57159, 33.6335], [106.58421, 33.58436], [106.5304, 33.50501], [106.45284, 33.53443], [106.42706, 33.62056], [106.34718, 33.58874], [106.2839, 33.60261], [106.18309, 33.54811], [106.10477, 33.57022], [106.10007, 33.61034], [106.00999, 33.59874], [105.95481, 33.73354], [105.86023, 33.7937], [105.71626, 34.14521], [105.55576, 34.24491], [105.52771, 34.30309], [105.45853, 34.29579], [105.3955, 34.22098], [105.20947, 34.15167], [105.15004, 34.07958], [105.15797, 33.887], [105.2111, 33.82042], [105.33571, 33.75457], [105.34278, 33.70609], [105.09779, 33.71708], [104.89207, 33.78265], [104.70161, 33.79629], [104.96105, 33.9104], [104.88956, 33.97704], [104.87435, 34.09347], [104.81158, 34.12897], [104.73308, 34.12498], [104.70662, 34.15733], [104.72189, 34.18729], [104.97427, 34.3073], [105.05718, 34.54581], [105.20867, 34.53368], [105.27659, 34.63435], [105.41583, 34.66419], [105.4773, 34.73279], [105.43638, 34.87893], [105.36911, 34.9509], [105.39378, 35.00213], [105.28398, 35.02697], [105.31876, 35.14202], [105.28131, 35.20497], [105.52864, 35.21649], [105.78626, 35.09034], [106.32017, 35.13793], [106.43941, 35.08671]]]}}, {"type": "Feature", "properties": {"SYS_ID": "1821", "NAME_PY": "Jiang Zhou", "NAME_CH": "绛州", "NAME_FT": "絳州", "X_COORD": 111.25993, "Y_COORD": 35.40287}, "geometry": {"type": "Polygon", "coordinates": [[[110.5315, 35.47805], [110.60651, 35.61751], [110.57852, 35.70946], [110.87504, 35.75066], [110.92614, 35.803], [110.98115, 35.74027], [111.1227, 35.74452], [111.3175, 35.65801], [111.28676, 35.58025], [111.30826, 35.53388], [111.39755, 35.59033], [111.78765, 35.63249], [111.97638, 35.34657], [111.98835, 35.19997], [111.90504, 35.08488], [111.81405, 35.06939], [111.79742, 35.03109], [111.70772, 35.00274], [111.59615, 35.14987], [111.49358, 35.18817], [111.42518, 35.26865], [111.12551, 35.2629], [111.07026, 35.32768], [110.96397, 35.36004], [110.94414, 35.43505], [110.85851, 35.49678], [110.5315, 35.47805]]]}}, {"type": "Feature", "properties": {"SYS_ID": "1824", "NAME_PY": "Puzhou Fu", "NAME_CH": "蒲州府", "NAME_FT": "蒲州府", "X_COORD": 110.60497, "Y_COORD": 35.0438}, "geometry": {"type": "Polygon", "coordinates": [[[110.52109, 35.42598], [110.53182, 35.48136], [110.85851, 35.49678], [110.94414, 35.43505], [110.96449, 35.35553], [110.88243, 35.25975], [110.87016, 35.0977], [110.73634, 35.01863], [110.71127, 34.95715], [110.73606, 34.89271], [110.62553, 34.8116], [110.58665, 34.58921], [110.30063, 34.61231], [110.24545, 34.70478], [110.28021, 34.78363], [110.27056, 34.96877], [110.36012, 35.1051], [110.40205, 35.27748], [110.52109, 35.42598]]]}}, {"type": "Feature", "properties": {"SYS_ID": "1967", "NAME_PY": "Shan Zhou", "NAME_CH": "陕州", "NAME_FT": "陜州", "X_COORD": 111.06315, "Y_COORD": 34.2152}, "geometry": {"type": "Polygon", "coordinates": [[[110.24482, 34.41145], [110.2925, 34.61738], [110.6824, 34.59414], [110.75208, 34.65646], [110.89564, 34.66204], [110.92331, 34.73365], [110.96023, 34.70467], [111.09357, 34.75371], [111.15018, 34.8083], [111.22098, 34.79193], [111.33289, 34.8298], [111.577, 34.84433], [111.60644, 34.79862], [111.57457, 34.74735], [111.60579, 34.66543], [111.71336, 34.65179], [111.70915, 34.52488], [111.61198, 34.51784], [111.50177, 34.56034], [111.25992, 34.47247], [111.0864, 34.33573], [111.08962, 34.2098], [111.14105, 34.15739], [111.45987, 34.01399], [111.59278, 33.83412], [111.86249, 33.79403], [111.88685, 33.76266], [111.76355, 33.74808], [111.74261, 33.68504], [111.71663, 33.68462], [111.62361, 33.73475], [111.37975, 33.73766], [111.22768, 33.79817], [111.18198, 33.76008], [111.15077, 33.66333], [111.16771, 33.63467], [111.10079, 33.58432], [110.9977, 33.58366], [110.87628, 33.6339], [110.82351, 33.68041], [110.77208, 33.80183], [110.59247, 33.87962], [110.67118, 33.95418], [110.6162, 34.03012], [110.58051, 34.03356], [110.58246, 34.10278], [110.63907, 34.16409], [110.43656, 34.24719], [110.4226, 34.28906], [110.49512, 34.33678], [110.4754, 34.41519], [110.24482, 34.41145]]]}}, {"type": "Feature", "properties": {"SYS_ID": "1858", "NAME_PY": "Youyang Zhou", "NAME_CH": "酉阳州", "NAME_FT": "酉陽州", "X_COORD": 108.57396, "Y_COORD": 29.08064}, "geometry": {"type": "GeometryCollection", "geometries": [{"type": "MultiPolygon", "coordinates": [[[[108.36986, 29.84405], [108.43149, 29.88486], [108.51701, 29.87786], [108.67348, 29.77051], [108.67496, 29.69368], [108.71577, 29.69274], [108.74994, 29.6491], [108.77455, 29.67581], [108.78658, 29.63481], [108.86813, 29.63949], [108.86486, 29.59545], [108.90385, 29.57609], [108.86168, 29.45874], [108.93298, 29.41908], [108.90912, 29.32565], [108.97127, 29.3309], [109.06481, 29.39558], [109.10501, 29.36424], [109.13082, 29.26636], [109.10783, 29.20302], [109.3157, 29.04728], [109.23199, 28.8789], [109.23772, 28.78006], [109.30004, 28.73354], [109.24919, 28.6943], [109.26482, 28.66886], [109.17963, 28.62359], [109.19604, 28.60251], [109.28642, 28.62048], [109.31868, 28.58105], [109.11295, 28.35582], [109.11952, 28.25815], [108.9877, 28.23875], [108.91347, 28.35366], [108.86065, 28.36606], [108.83078, 28.24993], [108.87295, 28.14387], [108.80532, 28.10292], [108.73301, 28.11742], [108.69575, 28.18448], [108.72391, 28.28784], [108.64242, 28.50743], [108.66728, 28.58976], [108.57161, 28.59458], [108.32919, 28.68396], [108.38313, 28.79216], [108.34832, 28.82509], [108.34566, 28.93685], [108.29645, 29.02109], [108.13061, 29.01885], [107.98748, 28.92771], [107.85381, 28.95911], [107.8829, 29.024], [107.98992, 29.06149], [108.02338, 29.14089], [107.97641, 29.41293], [107.82923, 29.62255], [108.11385, 29.65866], [108.38303, 29.81433], [108.36986, 29.84405]]], [[[108.52155, 29.90518], [108.52155, 29.90519], [108.52184, 29.90266], [108.52155, 29.90518]]], [[[108.51843, 29.95643], [108.52327, 29.96116], [108.51934, 29.95723], [108.51843, 29.95643]]], [[[108.53236, 29.98186], [108.53236, 29.98185], [108.53082, 29.97565], [108.53236, 29.98186]]]]}, {"type": "MultiLineString", "coordinates": [[[108.52327, 29.96116], [108.52442, 29.96254]], [[108.51158, 29.93494], [108.51214, 29.93104]], [[108.51308, 29.94573], [108.51333, 29.94848]], [[108.50755, 30.05394], [108.50571, 30.05347]], [[108.53225, 29.99837], [108.52959, 30.00087]], [[108.50143, 30.05964], [108.49961, 30.05619]], [[108.52135, 29.89601], [108.52006, 29.89279]]]}]}}, {"type": "Feature", "properties": {"SYS_ID": "1856", "NAME_PY": "Kuizhou Fu", "NAME_CH": "夔州府", "NAME_FT": "夔州府", "X_COORD": 109.09479, "Y_COORD": 31.08354}, "geometry": {"type": "Polygon", "coordinates": [[[108.30051, 31.53991], [108.46669, 31.62008], [108.61264, 31.58218], [109.03607, 31.65686], [109.27439, 31.74796], [109.31354, 31.71436], [109.713, 31.71314], [109.7482, 31.61515], [109.72374, 31.55562], [109.81313, 31.56955], [109.97262, 31.5189], [109.94312, 31.48144], [110.13822, 31.39558], [110.19107, 31.16137], [110.11317, 31.08389], [110.16403, 30.98673], [110.1445, 30.91325], [110.06664, 30.80185], [110.01553, 30.8372], [109.99979, 30.90171], [109.77354, 30.85263], [109.65971, 30.76719], [109.64247, 30.71885], [109.58442, 30.69993], [109.57523, 30.6573], [109.53515, 30.67593], [109.45287, 30.62328], [109.34431, 30.49628], [109.34492, 30.56622], [109.29876, 30.63546], [109.14655, 30.53648], [108.81962, 30.49819], [108.72858, 30.50077], [108.65162, 30.59028], [108.56552, 30.47513], [108.4942, 30.50313], [108.42053, 30.4891], [108.40349, 30.4234], [108.23377, 30.43145], [108.13954, 30.50089], [108.10471, 30.64986], [108.00239, 30.79222], [108.01348, 30.98664], [108.07276, 31.13401], [107.99924, 31.22496], [108.17837, 31.31814], [108.22233, 31.46594], [108.30051, 31.53991]]]}}, {"type": "Feature", "properties": {"SYS_ID": "1879", "NAME_PY": "Taiping Ting", "NAME_CH": "太平厅", "NAME_FT": "太平廳", "X_COORD": 108.46111, "Y_COORD": 31.93958}, "geometry": {"type": "Polygon", "coordinates": [[[108.02165, 32.2225], [108.18464, 32.22858], [108.23412, 32.27866], [108.32298, 32.24084], [108.47606, 32.27204], [108.53082, 32.195], [108.65578, 32.11586], [108.74031, 32.1099], [108.7525, 32.06977], [108.88356, 31.99667], [109.02991, 31.96683], [109.18185, 31.86487], [109.19235, 31.82661], [109.27087, 31.8042], [109.27439, 31.74796], [109.0002, 31.64841], [108.61264, 31.58218], [108.46669, 31.62008], [108.30294, 31.54525], [108.15119, 31.66492], [107.69017, 31.83141], [107.67762, 31.89464], [107.76258, 32.04208], [107.65179, 32.16053], [107.70684, 32.32757], [107.75286, 32.32929], [107.84605, 32.20866], [107.90107, 32.20534], [107.97301, 32.14918], [108.02165, 32.2225]]]}}, {"type": "Feature", "properties": {"SYS_ID": "1908", "NAME_PY": "Songtao Ting", "NAME_CH": "松桃厅", "NAME_FT": "松桃廳", "X_COORD": 109.0027, "Y_COORD": 28.19732}, "geometry": {"type": "Polygon", "coordinates": [[[109.27174, 28.5002], [109.26879, 28.31852], [109.29482, 28.27936], [109.34338, 28.29634], [109.34879, 28.26469], [109.37917, 28.27042], [109.29648, 28.04687], [109.34725, 28.06178], [109.36844, 28.02372], [109.3045, 27.97508], [109.24115, 27.97478], [109.20055, 27.90929], [109.12166, 27.89117], [109.00771, 27.94239], [109.02381, 28.06487], [109.00153, 28.09638], [108.92301, 28.06093], [108.86993, 27.96771], [108.79926, 27.94515], [108.63507, 27.98945], [108.63992, 28.04176], [108.73301, 28.11742], [108.80532, 28.10292], [108.87295, 28.14387], [108.83078, 28.24993], [108.85181, 28.36025], [108.91347, 28.35366], [108.9877, 28.23875], [109.1111, 28.25045], [109.11295, 28.35582], [109.18751, 28.46583], [109.27174, 28.5002]]]}}, {"type": "Feature", "properties": {"SYS_ID": "1904", "NAME_PY": "Tongren Fu", "NAME_CH": "铜仁府", "NAME_FT": "銅仁府", "X_COORD": 108.97747, "Y_COORD": 27.79628}, "geometry": {"type": "Polygon", "coordinates": [[[109.3045, 27.97508], [109.3409, 27.83593], [109.31125, 27.78514], [109.37723, 27.73779], [109.43269, 27.74372], [109.45823, 27.65001], [109.33609, 27.62124], [109.25512, 27.51309], [108.98101, 27.55988], [108.87549, 27.50522], [108.68261, 27.49662], [108.62112, 27.53059], [108.55931, 27.49419], [108.57483, 27.60589], [108.49672, 27.79944], [108.54408, 27.90033], [108.72191, 27.90931], [108.7532, 27.94834], [108.86993, 27.96771], [108.92301, 28.06093], [108.98217, 28.09836], [109.02381, 28.06487], [108.99728, 27.96713], [109.06651, 27.89793], [109.16696, 27.89521], [109.24115, 27.97478], [109.3045, 27.97508]]]}}, {"type": "Feature", "properties": {"SYS_ID": "1905", "NAME_PY": "Sizhou Fu", "NAME_CH": "思州府", "NAME_FT": "思州府", "X_COORD": 108.95536, "Y_COORD": 27.34037}, "geometry": {"type": "Polygon", "coordinates": [[[108.46091, 27.41572], [108.62112, 27.53059], [108.68261, 27.49662], [108.87549, 27.50522], [109.00617, 27.56049], [109.12339, 27.55512], [109.22495, 27.5041], [109.34829, 27.62844], [109.46239, 27.63424], [109.43264, 27.55504], [109.3019, 27.48405], [109.2953, 27.42723], [109.24102, 27.4215], [109.20322, 27.45368], [109.1516, 27.41971], [109.13808, 27.44863], [109.05727, 27.35489], [108.91854, 27.29151], [108.88677, 27.22698], [108.91486, 27.16736], [108.87601, 27.11264], [108.78311, 27.08369], [108.83336, 27.05737], [108.82367, 27.03364], [108.62864, 27.09499], [108.46622, 27.24254], [108.46091, 27.41572]]]}}, {"type": "Feature", "properties": {"SYS_ID": "1919", "NAME_PY": "Zhenyuan Fu", "NAME_CH": "镇远府", "NAME_FT": "鎮遠府", "X_COORD": 108.56457, "Y_COORD": 26.84916}, "geometry": {"type": "Polygon", "coordinates": [[[108.84384, 27.03829], [108.86786, 27.00041], [108.93018, 27.01609], [108.98532, 27.07754], [109.11717, 27.12658], [109.10001, 27.07598], [109.16428, 27.07575], [109.2436, 27.15681], [109.26804, 27.13082], [109.38927, 27.16566], [109.43615, 27.1214], [109.46882, 27.135], [109.46321, 26.9605], [109.40004, 26.91506], [109.36933, 26.832], [109.38121, 26.71544], [109.21779, 26.7102], [108.97958, 26.43399], [108.93123, 26.43304], [108.86035, 26.50037], [108.74289, 26.47424], [108.66798, 26.41114], [108.57558, 26.42067], [108.55453, 26.47349], [108.52032, 26.47488], [108.43216, 26.34393], [108.19577, 26.2826], [108.27322, 26.51162], [108.26763, 26.59408], [108.14648, 26.64619], [108.12187, 26.74607], [108.00718, 26.70671], [107.98133, 26.74493], [107.92716, 26.73225], [107.83123, 26.77055], [107.6554, 26.93405], [107.69157, 26.99813], [107.69819, 27.21466], [107.87331, 27.18156], [107.99066, 27.22671], [108.03862, 27.30872], [108.20984, 27.39845], [108.46091, 27.41572], [108.44802, 27.30715], [108.4757, 27.22937], [108.66709, 27.07441], [108.84384, 27.03829]]]}}, {"type": "Feature", "properties": {"SYS_ID": "1906", "NAME_PY": "Liping Fu", "NAME_CH": "黎平府", "NAME_FT": "黎平府", "X_COORD": 108.82135, "Y_COORD": 26.01792}, "geometry": {"type": "Polygon", "coordinates": [[[108.19577, 26.2826], [108.43216, 26.34393], [108.52032, 26.47488], [108.55453, 26.47349], [108.57558, 26.42067], [108.66798, 26.41114], [108.74289, 26.47424], [108.86035, 26.50037], [108.96526, 26.42519], [109.10086, 26.60379], [109.21779, 26.7102], [109.25314, 26.71039], [109.32249, 26.65224], [109.35203, 26.66076], [109.404, 26.54035], [109.27001, 26.31879], [109.33738, 26.2563], [109.46114, 26.31411], [109.47535, 26.29113], [109.4349, 26.24203], [109.4658, 26.19957], [109.4435, 26.19095], [109.50548, 26.12094], [109.46339, 26.08078], [109.46851, 26.00966], [109.40104, 25.96724], [109.42104, 25.91932], [109.33085, 25.83171], [109.30751, 25.77688], [109.32986, 25.73866], [109.20332, 25.73764], [109.17521, 25.80629], [109.14485, 25.75015], [109.11567, 25.80775], [108.98753, 25.784], [108.89422, 25.68456], [108.93765, 25.67369], [108.99634, 25.73064], [109.0663, 25.73907], [109.03017, 25.64789], [109.06726, 25.54177], [109.01478, 25.51689], [108.93418, 25.55853], [108.80496, 25.52839], [108.76596, 25.59904], [108.77991, 25.63126], [108.70801, 25.62241], [108.65971, 25.57406], [108.67902, 25.5221], [108.62894, 25.5162], [108.63405, 25.48461], [108.59467, 25.46698], [108.62218, 25.35248], [108.59554, 25.32411], [108.48679, 25.45218], [108.41127, 25.44103], [108.38839, 25.48967], [108.31289, 25.53177], [108.28283, 25.65626], [108.23504, 25.6419], [108.21313, 25.66587], [108.22276, 25.83092], [108.13841, 25.90393], [108.2206, 25.98825], [108.22272, 26.05503], [108.27483, 26.08166], [108.19577, 26.2826]]]}}, {"type": "Feature", "properties": {"SYS_ID": "1921", "NAME_PY": "Guilin Fu", "NAME_CH": "桂林府", "NAME_FT": "桂林府", "X_COORD": 110.54995, "Y_COORD": 25.42611}, "geometry": {"type": "Polygon", "coordinates": [[[109.69698, 25.88582], [109.80872, 25.88299], [109.78725, 26.02051], [109.86449, 26.03416], [109.90281, 26.14835], [109.96177, 26.19892], [110.02277, 26.15946], [110.08128, 26.17117], [110.06014, 26.0531], [110.09316, 26.02248], [110.15075, 26.02105], [110.19191, 26.07134], [110.24062, 26.02546], [110.24358, 25.9683], [110.3087, 25.97355], [110.37231, 26.0975], [110.46655, 26.18173], [110.50304, 26.17998], [110.6078, 26.33723], [110.7062, 26.29525], [110.73692, 26.31728], [110.72756, 26.27266], [110.75655, 26.25242], [110.91705, 26.25847], [110.93452, 26.36972], [110.96558, 26.38758], [110.99251, 26.32365], [111.16112, 26.30673], [111.19777, 26.26898], [111.28178, 26.2548], [111.24844, 26.14928], [111.2669, 26.11696], [111.192, 25.96512], [111.24146, 25.86701], [111.28346, 25.85658], [111.32506, 25.90195], [111.48669, 25.86581], [111.41958, 25.83628], [111.43469, 25.77246], [111.29937, 25.71584], [111.33368, 25.60984], [111.32221, 25.52621], [111.23089, 25.37916], [111.04268, 25.26127], [110.89427, 25.2418], [110.81324, 25.19144], [110.74774, 25.20397], [110.75502, 25.13327], [110.65534, 25.13487], [110.61128, 25.07708], [110.674, 24.90544], [110.62376, 24.86458], [110.62751, 24.79802], [110.58211, 24.73311], [110.60426, 24.65563], [110.54413, 24.64282], [110.18415, 24.7389], [110.1354, 24.68037], [110.133, 24.53069], [109.96837, 24.46464], [109.79243, 24.53134], [109.70703, 24.6985], [109.64624, 24.71976], [109.61607, 24.78644], [109.69674, 25.14528], [109.68883, 25.22801], [109.61321, 25.34619], [109.68666, 25.49024], [109.68554, 25.58575], [109.73968, 25.70644], [109.70393, 25.76255], [109.69698, 25.88582]]]}}, {"type": "Feature", "properties": {"SYS_ID": "2058", "NAME_PY": "Lianzhou Fu", "NAME_CH": "廉州府", "NAME_FT": "廉州府", "X_COORD": 108.669, "Y_COORD": 21.87228}, "geometry": {"type": "MultiPolygon", "coordinates": [[[[108.21058, 22.04526], [108.18336, 22.14826], [108.2256, 22.19501], [108.40688, 22.26973], [108.48447, 22.24211], [108.53449, 22.28793], [108.53819, 22.34901], [108.61844, 22.31548], [108.69784, 22.38716], [108.63825, 22.45574], [108.61147, 22.43238], [108.63035, 22.40278], [108.56789, 22.37585], [108.21594, 22.44797], [108.23371, 22.58503], [108.27014, 22.60965], [108.31546, 22.60555], [108.37233, 22.52348], [108.5065, 22.48819], [108.50761, 22.63895], [108.43818, 22.70595], [108.46318, 22.73664], [108.5619, 22.72446], [108.77957, 22.52662], [108.98301, 22.53893], [109.09404, 22.51415], [109.16678, 22.52429], [109.16543, 22.55205], [109.27209, 22.4957], [109.31827, 22.53231], [109.28992, 22.56896], [109.35761, 22.63545], [109.44437, 22.61176], [109.47551, 22.65335], [109.50923, 22.64147], [109.58178, 22.68653], [109.65267, 22.66478], [109.729, 22.55625], [109.81197, 22.57987], [109.8607, 22.52499], [109.80643, 22.44378], [109.85537, 22.38064], [109.83628, 22.32029], [109.75446, 22.34006], [109.72726, 22.38091], [109.66693, 22.33683], [109.6709, 22.30264], [109.60391, 22.30581], [109.54581, 22.1242], [109.59035, 22.01431], [109.59779, 21.97139], [109.5684, 21.96938], [109.58939, 21.92406], [109.70235, 21.90787], [109.68836, 21.68751], [109.76318, 21.66732], [109.73918, 21.57823], [109.76939, 21.48084], [109.7348, 21.46414], [109.65145, 21.51188], [109.69558, 21.6242], [109.6339, 21.58737], [109.63332, 21.55384], [109.59901, 21.61912], [109.61575, 21.64933], [109.5851, 21.62355], [109.56057, 21.66725], [109.55176, 21.69959], [109.61116, 21.74316], [109.59363, 21.7711], [109.49398, 21.70238], [109.51823, 21.65663], [109.46149, 21.66053], [109.5277, 21.64104], [109.57816, 21.58096], [109.52588, 21.49312], [109.47063, 21.46392], [109.47264, 21.50753], [109.4276, 21.45237], [109.33611, 21.44865], [109.32595, 21.48181], [109.30647, 21.44163], [109.24152, 21.44883], [109.23987, 21.49688], [109.22744, 21.42291], [109.16743, 21.40816], [109.16325, 21.44247], [109.15715, 21.39847], [109.04533, 21.43125], [109.07291, 21.48176], [109.1609, 21.51671], [109.15249, 21.62898], [109.13316, 21.57603], [109.11016, 21.60516], [109.08366, 21.58472], [109.07333, 21.62585], [109.06343, 21.59335], [109.05147, 21.5977], [109.06335, 21.64849], [108.9964, 21.59888], [108.91422, 21.60946], [108.8481, 21.68866], [108.86031, 21.7344], [108.9349, 21.75842], [108.88715, 21.74797], [108.90231, 21.77965], [108.86817, 21.74668], [108.87389, 21.79988], [108.85484, 21.78319], [108.85854, 21.80799], [108.80089, 21.8376], [108.7849, 21.8089], [108.8518, 21.74028], [108.83135, 21.7011], [108.80614, 21.74768], [108.78396, 21.71978], [108.84229, 21.66808], [108.82204, 21.63831], [108.86766, 21.63136], [108.74229, 21.59662], [108.70651, 21.65759], [108.745, 21.64976], [108.75509, 21.67636], [108.70281, 21.68383], [108.72953, 21.71834], [108.7141, 21.74936], [108.68872, 21.69416], [108.63922, 21.73373], [108.68613, 21.80883], [108.6556, 21.78218], [108.65572, 21.81664], [108.63279, 21.75955], [108.61854, 21.7901], [108.63544, 21.74274], [108.608, 21.70823], [108.59935, 21.76235], [108.56534, 21.77479], [108.63587, 21.87781], [108.59989, 21.90568], [108.54366, 21.88904], [108.56992, 21.93943], [108.47942, 21.86491], [108.48593, 21.84116], [108.46116, 21.86287], [108.47717, 21.92168], [108.43641, 21.85609], [108.49526, 21.81025], [108.4997, 21.75184], [108.54881, 21.74425], [108.51408, 21.71419], [108.50254, 21.74491], [108.46658, 21.72933], [108.50484, 21.70582], [108.4716, 21.69044], [108.50053, 21.69876], [108.50298, 21.66909], [108.53899, 21.71728], [108.52609, 21.66762], [108.55509, 21.65158], [108.50243, 21.63602], [108.52914, 21.61566], [108.48499, 21.56368], [108.50156, 21.59859], [108.47811, 21.6088], [108.4473, 21.55984], [108.47225, 21.55214], [108.39113, 21.5528], [108.39416, 21.58813], [108.44038, 21.5728], [108.44996, 21.61654], [108.42173, 21.60499], [108.41817, 21.62847], [108.47453, 21.65916], [108.41635, 21.65284], [108.43515, 21.68911], [108.33535, 21.60155], [108.36911, 21.66795], [108.33524, 21.6893], [108.35175, 21.73709], [108.30719, 21.67359], [108.31853, 21.57972], [108.21793, 21.49486], [108.26144, 21.57723], [108.22192, 21.61472], [108.24121, 21.63813], [108.24084, 21.66717], [108.22084, 21.62484], [108.19878, 21.64029], [108.21371, 21.60862], [108.13149, 21.56873], [108.18593, 21.52488], [108.12133, 21.51096], [108.11237, 21.53771], [108.03278, 21.54897], [107.9688, 21.52396], [107.85928, 21.65305], [107.79658, 21.65858], [107.66745, 21.59987], [107.49471, 21.59212], [107.47842, 21.6494], [107.55123, 21.72497], [107.893, 21.83309], [107.88627, 21.86389], [108.18628, 21.98582], [108.21058, 22.04526]]], [[[109.13223, 21.06606], [109.12563, 21.02106], [109.08094, 21.01728], [109.0851, 21.05362], [109.13223, 21.06606]]], [[[108.56299, 21.69672], [108.54655, 21.67022], [108.5429, 21.69249], [108.56299, 21.69672]]]]}}, {"type": "Feature", "properties": {"SYS_ID": "1930", "NAME_PY": "Nanning Fu", "NAME_CH": "南宁府", "NAME_FT": "南寧府", "X_COORD": 108.43299, "Y_COORD": 22.57872}, "geometry": {"type": "Polygon", "coordinates": [[[109.24268, 23.14931], [109.29591, 23.03249], [109.36055, 23.05244], [109.40399, 23.01388], [109.51202, 22.99412], [109.49152, 22.64719], [109.44437, 22.61176], [109.35761, 22.63545], [109.28992, 22.56896], [109.31827, 22.53231], [109.27209, 22.4957], [109.16543, 22.55205], [109.15961, 22.52082], [109.02772, 22.51044], [108.98301, 22.53893], [108.88758, 22.51482], [108.83591, 22.54415], [108.77957, 22.52662], [108.5619, 22.72446], [108.46318, 22.73664], [108.43818, 22.70595], [108.50761, 22.63895], [108.5065, 22.48819], [108.37233, 22.52348], [108.31546, 22.60555], [108.27014, 22.60965], [108.23371, 22.58503], [108.21594, 22.44797], [108.56789, 22.37585], [108.63035, 22.40278], [108.61147, 22.43238], [108.63825, 22.45574], [108.69784, 22.38716], [108.61844, 22.31548], [108.53819, 22.34901], [108.53449, 22.28793], [108.48447, 22.24211], [108.40688, 22.26973], [108.2256, 22.19501], [108.18336, 22.14826], [108.21058, 22.04526], [108.18628, 21.98582], [107.88627, 21.86389], [107.893, 21.83309], [107.7653, 21.81166], [107.70153, 21.75796], [107.52981, 21.70517], [107.5438, 21.89133], [107.67372, 22.07524], [107.52624, 22.11466], [107.53023, 22.17255], [107.58516, 22.20173], [107.52295, 22.2796], [107.58704, 22.32032], [107.61313, 22.40206], [107.52341, 22.50569], [107.59545, 22.53993], [107.63232, 22.65447], [107.87696, 22.70982], [107.89266, 22.78219], [107.53391, 23.06282], [107.52547, 23.27255], [107.34947, 23.3915], [107.40526, 23.43178], [107.50709, 23.35562], [107.54242, 23.43196], [107.65504, 23.44584], [107.70808, 23.40874], [107.68618, 23.29779], [107.80118, 23.22408], [107.88906, 23.21426], [107.97231, 23.06284], [108.16145, 23.03537], [108.27849, 22.97391], [108.43075, 23.04717], [108.53936, 23.14421], [108.68556, 23.11069], [108.76848, 22.99801], [108.85009, 22.97648], [109.00397, 23.11486], [109.15134, 23.08244], [109.24268, 23.14931]]]}}, {"type": "Feature", "properties": {"SYS_ID": "1927", "NAME_PY": "Taiping Fu", "NAME_CH": "太平府", "NAME_FT": "太平府", "X_COORD": 107.19697, "Y_COORD": 22.50342}, "geometry": {"type": "Polygon", "coordinates": [[[106.49943, 22.59968], [106.63176, 22.63736], [106.76676, 22.81232], [106.86363, 22.81841], [106.8992, 22.9006], [106.82548, 22.98918], [107.11829, 22.99093], [107.18364, 23.02159], [107.20695, 23.13406], [107.1191, 23.20707], [107.11101, 23.26416], [107.28363, 23.41301], [107.44238, 23.34823], [107.52547, 23.27255], [107.53391, 23.06282], [107.72652, 22.89591], [107.88788, 22.80361], [107.89452, 22.73571], [107.81238, 22.68423], [107.63232, 22.65447], [107.59545, 22.53993], [107.52341, 22.50569], [107.61313, 22.40206], [107.58704, 22.32032], [107.52295, 22.2796], [107.58516, 22.20173], [107.53023, 22.17255], [107.52624, 22.11466], [107.67372, 22.07524], [107.5438, 21.89133], [107.53054, 21.70592], [107.47935, 21.63248], [107.36196, 21.59846], [107.33464, 21.6795], [107.25093, 21.68688], [107.02439, 21.79065], [106.99782, 21.82679], [107.01057, 21.89634], [106.8346, 21.96781], [106.66541, 21.97324], [106.67342, 22.17284], [106.64296, 22.27474], [106.61675, 22.33579], [106.50847, 22.39552], [106.49943, 22.59968]]]}}, {"type": "Feature", "properties": {"SYS_ID": "1923", "NAME_PY": "Yulin Zhou", "NAME_CH": "郁林州", "NAME_FT": "郁林州", "X_COORD": 110.16471, "Y_COORD": 22.32543}, "geometry": {"type": "Polygon", "coordinates": [[[109.65145, 22.66577], [109.76899, 22.73354], [109.7888, 22.9442], [109.87584, 23.00095], [109.95192, 23.00875], [110.03274, 22.94615], [110.1021, 22.96777], [110.11479, 22.89627], [110.19022, 22.86771], [110.28618, 22.91992], [110.3892, 22.91856], [110.43234, 22.90365], [110.56448, 22.74161], [110.56958, 22.63052], [110.70757, 22.44506], [110.70802, 22.36679], [110.78282, 22.28416], [110.6938, 22.27667], [110.64453, 22.22508], [110.67368, 22.18705], [110.62799, 22.14851], [110.56802, 22.19519], [110.50453, 22.14799], [110.41742, 22.20874], [110.37425, 22.16806], [110.3383, 22.19298], [110.32383, 22.15677], [110.36417, 22.12219], [110.34503, 22.00714], [110.38187, 21.89351], [110.29594, 21.91426], [110.24256, 21.87771], [110.11866, 21.89916], [110.05622, 21.86417], [109.97936, 21.87992], [109.93542, 21.82741], [109.899, 21.6576], [109.79023, 21.64115], [109.77081, 21.67489], [109.69058, 21.67971], [109.70235, 21.90787], [109.58939, 21.92406], [109.5684, 21.96938], [109.59779, 21.97139], [109.59035, 22.01431], [109.54581, 22.1242], [109.60391, 22.30581], [109.6709, 22.30264], [109.66693, 22.33683], [109.72726, 22.38091], [109.75446, 22.34006], [109.83628, 22.32029], [109.85537, 22.38064], [109.80643, 22.44378], [109.8607, 22.52499], [109.81197, 22.57987], [109.729, 22.55625], [109.65145, 22.66577]]]}}, {"type": "Feature", "properties": {"SYS_ID": "1929", "NAME_PY": "Xunzhou Fu", "NAME_CH": "浔州府", "NAME_FT": "潯州府", "X_COORD": 109.88453, "Y_COORD": 23.34658}, "geometry": {"type": "Polygon", "coordinates": [[[109.65329, 22.66421], [109.5741, 22.68607], [109.49152, 22.64719], [109.51202, 22.99412], [109.40399, 23.01388], [109.36055, 23.05244], [109.28789, 23.03784], [109.25391, 23.12001], [109.26355, 23.2595], [109.22127, 23.29979], [109.11781, 23.29588], [109.12361, 23.43323], [109.28286, 23.45995], [109.47781, 23.40676], [109.54215, 23.60156], [109.53908, 23.70858], [109.5845, 23.75236], [109.52031, 23.83241], [109.55889, 23.89607], [109.64169, 23.92881], [109.68119, 23.91546], [109.70937, 23.84052], [109.75991, 23.89136], [109.80274, 23.87927], [109.82683, 23.76484], [109.88577, 23.74831], [109.92898, 23.76925], [109.95026, 23.88006], [110.03241, 23.93689], [110.08183, 24.0517], [110.15374, 23.96546], [110.32677, 23.9548], [110.46332, 23.86219], [110.55472, 23.84484], [110.52256, 23.74605], [110.60086, 23.54959], [110.57988, 23.37286], [110.66362, 23.28945], [110.54883, 23.15052], [110.56776, 23.1172], [110.49024, 23.10237], [110.5047, 23.07552], [110.47648, 23.04609], [110.34849, 23.03827], [110.22819, 22.86938], [110.12387, 22.88871], [110.09066, 22.97216], [110.03274, 22.94615], [109.93008, 23.0111], [109.82954, 22.98113], [109.7888, 22.9442], [109.76899, 22.73354], [109.65329, 22.66421]]]}}, {"type": "Feature", "properties": {"SYS_ID": "1920", "NAME_PY": "Wuzhou Fu", "NAME_CH": "梧州府", "NAME_FT": "梧州府", "X_COORD": 110.95476, "Y_COORD": 23.31532}, "geometry": {"type": "GeometryCollection", "geometries": [{"type": "MultiPolygon", "coordinates": [[[[110.7776, 23.94239], [110.8334, 23.87959], [110.81242, 23.81465], [110.87383, 23.80722], [110.88932, 23.69138], [110.96002, 23.65659], [110.9628, 23.74493], [111.02514, 23.82698], [111.06999, 23.83594], [111.12803, 23.94057], [111.17451, 23.96103], [111.21973, 23.91096], [111.33248, 23.87158], [111.39673, 23.94069], [111.37366, 23.99208], [111.4016, 24.06548], [111.5379, 24.1549], [111.56455, 24.13982], [111.56195, 24.05486], [111.65096, 23.82685], [111.61121, 23.73212], [111.66016, 23.71435], [111.61105, 23.64541], [111.48286, 23.63212], [111.47482, 23.54733], [111.38589, 23.44935], [111.35521, 23.33861], [111.37805, 23.31223], [111.35114, 23.28772], [111.39228, 23.16754], [111.37278, 23.09476], [111.42598, 23.05384], [111.35413, 22.96414], [111.35181, 22.89257], [111.21206, 22.75022], [111.06167, 22.73704], [111.08583, 22.69691], [110.95847, 22.70469], [110.83385, 22.63502], [110.72469, 22.618], [110.68154, 22.47573], [110.56958, 22.63052], [110.56448, 22.74161], [110.43234, 22.90365], [110.32602, 22.92554], [110.24937, 22.89787], [110.34849, 23.03827], [110.47648, 23.04609], [110.5047, 23.07552], [110.49024, 23.10237], [110.56776, 23.1172], [110.54883, 23.15052], [110.65851, 23.26608], [110.6574, 23.3226], [110.57988, 23.37286], [110.60086, 23.54959], [110.52256, 23.74605], [110.55472, 23.84484], [110.61759, 23.84326], [110.7776, 23.94239]]], [[[112.07054, 24.26411], [112.16132, 24.18291], [112.24596, 24.24799], [112.24572, 24.3985], [112.33783, 24.37629], [112.4445, 24.27646], [112.41919, 24.13109], [112.4772, 24.11696], [112.52841, 24.01195], [112.48634, 23.94384], [112.37684, 23.89401], [112.33629, 23.75958], [112.29198, 23.76738], [112.25185, 23.73446], [112.23706, 23.76913], [112.13991, 23.69833], [112.15867, 23.60196], [112.13381, 23.55025], [112.00242, 23.47664], [111.96857, 23.51013], [111.9691, 23.64934], [111.87833, 23.71681], [111.94276, 23.81068], [111.98433, 23.96766], [111.92539, 23.97439], [111.87071, 24.09035], [111.86671, 24.21961], [111.93022, 24.23607], [112.02882, 24.18976], [112.07054, 24.26411]]]]}, {"type": "LineString", "coordinates": [[111.93375, 24.24227], [111.93476, 24.24502]]}]}}, {"type": "Feature", "properties": {"SYS_ID": "1986", "NAME_PY": "Ganzhou Fu", "NAME_CH": "赣州府", "NAME_FT": "贛州府", "X_COORD": 115.08937, "Y_COORD": 25.57482}, "geometry": {"type": "Polygon", "coordinates": [[[114.29258, 24.73414], [114.39539, 24.87785], [114.39032, 24.95209], [114.52877, 25.02287], [114.55755, 25.08555], [114.64369, 25.07755], [114.72894, 25.12461], [114.67704, 25.17292], [114.73725, 25.24284], [114.73228, 25.27992], [114.69727, 25.31933], [114.6267, 25.32928], [114.55484, 25.41038], [114.64659, 25.42186], [114.67864, 25.50447], [114.81137, 25.51552], [114.8308, 25.61465], [114.92113, 25.69425], [114.76768, 25.95435], [114.77996, 26.04812], [114.70853, 26.15766], [114.85556, 26.20747], [115.08169, 26.17566], [115.06184, 26.26962], [115.10601, 26.38141], [115.01998, 26.46112], [115.11197, 26.52807], [115.25044, 26.55416], [115.31573, 26.65177], [115.44403, 26.65432], [115.45194, 26.59595], [115.51471, 26.56289], [115.55589, 26.48977], [115.75053, 26.56319], [115.79336, 26.51324], [115.77462, 26.43691], [115.79889, 26.37679], [115.71135, 26.29074], [115.78637, 26.26534], [115.79386, 26.23378], [115.71317, 26.13348], [115.75879, 26.03773], [115.69096, 26.00954], [115.68788, 25.97975], [115.79952, 25.76516], [115.79147, 25.65171], [116.01333, 25.49294], [115.98757, 25.46394], [116.01486, 25.44329], [115.98805, 25.38173], [116.00704, 25.32531], [115.85151, 25.21308], [115.86929, 25.11838], [115.92638, 25.0543], [115.86829, 25.02222], [115.89948, 24.987], [115.86199, 24.96457], [115.89568, 24.87807], [115.8119, 24.90282], [115.76171, 24.79767], [115.7515, 24.74129], [115.79782, 24.6884], [115.7622, 24.66543], [115.83157, 24.56542], [115.71317, 24.5405], [115.67007, 24.59854], [115.56704, 24.62237], [115.47355, 24.75923], [115.41084, 24.78082], [115.36476, 24.77459], [115.35347, 24.7398], [115.27941, 24.75431], [115.10793, 24.66337], [115.06381, 24.70594], [114.93913, 24.65018], [114.9058, 24.66297], [114.86491, 24.56052], [114.741, 24.61365], [114.70458, 24.52986], [114.65369, 24.57814], [114.58733, 24.53497], [114.52753, 24.55403], [114.42616, 24.48704], [114.35217, 24.58782], [114.30323, 24.57259], [114.27869, 24.6252], [114.16339, 24.68166], [114.19857, 24.77759], [114.29258, 24.73414]]]}}, {"type": "Feature", "properties": {"SYS_ID": "1992", "NAME_PY": "Jianchang Fu", "NAME_CH": "建昌府", "NAME_FT": "建昌府", "X_COORD": 116.64469, "Y_COORD": 27.18409}, "geometry": {"type": "Polygon", "coordinates": [[[117.19814, 27.71578], [117.19828, 27.68846], [117.10156, 27.68685], [117.09457, 27.63067], [117.05292, 27.67525], [117.00423, 27.63679], [117.01925, 27.55999], [117.07494, 27.56926], [117.09513, 27.53975], [117.12629, 27.41684], [117.09876, 27.33646], [117.16456, 27.29821], [117.05899, 27.17551], [117.04218, 27.10157], [116.93163, 27.02283], [116.8129, 27.02191], [116.65461, 26.96568], [116.54402, 26.8435], [116.55402, 26.77036], [116.50727, 26.71168], [116.5642, 26.64577], [116.53509, 26.56855], [116.43984, 26.59927], [116.33639, 26.51621], [116.21177, 26.50807], [116.10769, 26.71469], [116.17194, 26.78908], [116.11993, 26.83912], [116.15898, 26.91294], [116.09899, 26.93559], [116.09347, 26.99158], [116.22207, 27.13184], [116.37203, 27.23566], [116.41093, 27.32787], [116.37895, 27.44665], [116.47648, 27.54495], [116.48049, 27.69701], [116.55716, 27.72798], [116.64701, 27.6887], [116.80947, 27.83993], [117.0869, 27.87265], [117.11718, 27.83558], [117.09158, 27.76009], [117.19814, 27.71578]]]}}, {"type": "Feature", "properties": {"SYS_ID": "1987", "NAME_PY": "Jiujiang Fu", "NAME_CH": "九江府", "NAME_FT": "九江府", "X_COORD": 116.02119, "Y_COORD": 29.63591}, "geometry": {"type": "Polygon", "coordinates": [[[115.15247, 29.56858], [115.24959, 29.58972], [115.26872, 29.62617], [115.40324, 29.68768], [115.46518, 29.74222], [115.50517, 29.84183], [115.74895, 29.86242], [115.77598, 29.80927], [115.90627, 29.73317], [115.89779, 29.88489], [115.99132, 29.85218], [115.99871, 29.74735], [116.17264, 29.83686], [116.25645, 29.78459], [116.46175, 29.89906], [116.54044, 29.90549], [116.58567, 30.05632], [116.63308, 30.0805], [116.75819, 30.04807], [116.82123, 30.01164], [116.82485, 29.97409], [116.86375, 29.98313], [116.89521, 29.95217], [116.80734, 29.81426], [116.74701, 29.80029], [116.64928, 29.69743], [116.67651, 29.6786], [116.64618, 29.64396], [116.67535, 29.61989], [116.65681, 29.6025], [116.5155, 29.58594], [116.37297, 29.64904], [116.35826, 29.59496], [116.42152, 29.59159], [116.416, 29.55947], [116.34722, 29.56392], [116.27913, 29.51584], [116.13851, 29.53984], [116.17268, 29.62042], [116.03082, 29.60276], [115.90683, 29.47194], [115.87446, 29.34227], [115.80778, 29.32767], [115.86957, 29.23568], [115.86186, 29.19497], [115.69524, 29.22721], [115.65012, 29.28276], [115.46111, 29.32638], [115.38198, 29.33613], [115.3628, 29.29852], [115.26412, 29.40555], [115.26042, 29.45641], [115.1563, 29.48994], [115.15247, 29.56858]]]}}, {"type": "Feature", "properties": {"SYS_ID": "1988", "NAME_PY": "Nanchang Fu", "NAME_CH": "南昌府", "NAME_FT": "南昌府", "X_COORD": 115.86302, "Y_COORD": 28.63477}, "geometry": {"type": "Polygon", "coordinates": [[[113.95802, 28.94965], [113.9502, 29.10117], [114.06111, 29.21164], [114.24341, 29.23846], [114.26799, 29.35792], [114.34916, 29.32672], [114.50638, 29.32594], [114.66821, 29.39899], [114.72764, 29.39693], [114.74802, 29.36635], [114.88127, 29.39605], [114.90392, 29.42983], [114.83005, 29.56409], [114.93301, 29.54582], [114.9959, 29.5753], [115.18005, 29.57052], [115.14807, 29.5564], [115.1563, 29.48994], [115.26042, 29.45641], [115.26412, 29.40555], [115.37755, 29.27696], [115.40858, 29.07273], [115.50491, 28.93843], [115.50089, 28.77515], [115.57707, 28.68785], [115.65488, 28.6887], [115.66739, 28.75941], [115.7808, 28.8485], [115.81574, 28.94227], [115.94179, 29.07399], [115.89347, 29.14375], [115.98938, 29.19295], [115.97783, 29.27376], [116.03777, 29.29875], [116.12581, 29.19901], [116.3256, 29.08041], [116.36328, 28.78008], [116.43804, 28.69279], [116.45107, 28.58539], [116.53553, 28.49419], [116.54785, 28.41912], [116.47646, 28.40733], [116.39271, 28.23728], [116.28927, 28.21451], [116.21988, 28.22556], [116.10351, 28.38277], [116.04085, 28.38003], [116.08611, 28.03896], [116.01155, 27.97982], [116.00696, 27.89772], [115.8795, 27.84011], [115.85668, 27.73501], [115.72201, 27.69528], [115.66389, 27.72245], [115.63935, 27.78364], [115.63941, 27.92647], [115.69778, 27.96608], [115.61552, 28.12234], [115.56829, 28.14404], [115.51964, 28.24894], [115.44524, 28.31262], [115.519, 28.38089], [115.527, 28.51893], [115.56758, 28.56731], [115.53214, 28.63343], [115.47775, 28.59701], [115.44765, 28.62041], [115.39379, 28.59656], [115.20353, 28.64023], [115.00015, 28.59201], [114.83694, 28.60741], [114.73277, 28.69284], [114.67233, 28.62805], [114.2541, 28.3928], [114.16992, 28.43757], [114.20422, 28.49062], [114.07802, 28.55243], [114.12263, 28.60771], [114.14555, 28.8205], [114.06075, 28.84729], [114.05841, 28.89768], [114.01858, 28.90565], [114.0, 28.95648], [113.95802, 28.94965]]]}}, {"type": "Feature", "properties": {"SYS_ID": "1999", "NAME_PY": "Raozhou Fu", "NAME_CH": "饶州府", "NAME_FT": "饒州府", "X_COORD": 117.20626, "Y_COORD": 28.9942}, "geometry": {"type": "Polygon", "coordinates": [[[116.67804, 29.61718], [116.71639, 29.56756], [116.75542, 29.60163], [116.8134, 29.56742], [116.9909, 29.68593], [117.09402, 29.7056], [117.13016, 29.78332], [117.06792, 29.83458], [117.12486, 29.86647], [117.12923, 29.90619], [117.21171, 29.92941], [117.25029, 29.90739], [117.25271, 29.83359], [117.33125, 29.85257], [117.35365, 29.81498], [117.41537, 29.85138], [117.40421, 29.79763], [117.4496, 29.75154], [117.44854, 29.69055], [117.52528, 29.65667], [117.50853, 29.62739], [117.53569, 29.59968], [117.65148, 29.61605], [117.70238, 29.55159], [117.48087, 29.39912], [117.48492, 29.34907], [117.42629, 29.31318], [117.44717, 29.27919], [117.3658, 29.19795], [117.39298, 29.15035], [117.48489, 29.16537], [117.46871, 29.1257], [117.56735, 29.02896], [117.91208, 29.1512], [118.03303, 29.28185], [118.07265, 29.27822], [118.07455, 29.22871], [118.02827, 29.17895], [118.08641, 29.01351], [117.95625, 28.92525], [117.84314, 28.92301], [117.86816, 28.85805], [117.72605, 28.82776], [117.74286, 28.74876], [117.71548, 28.71212], [117.65451, 28.70584], [117.62724, 28.74321], [117.53588, 28.66715], [117.43104, 28.65419], [117.4114, 28.74262], [117.37666, 28.76111], [117.21658, 28.68711], [117.24086, 28.59789], [117.03065, 28.58712], [117.0176, 28.50375], [116.96278, 28.44748], [116.98624, 28.19459], [116.90186, 28.06061], [116.84766, 28.06805], [116.81769, 28.12963], [116.66127, 28.19817], [116.66677, 28.25718], [116.77365, 28.24874], [116.77036, 28.3204], [116.73929, 28.35914], [116.54785, 28.41912], [116.53553, 28.49419], [116.45107, 28.58539], [116.43804, 28.69279], [116.36328, 28.78008], [116.3256, 29.08041], [116.45891, 29.15656], [116.5661, 29.15682], [116.59919, 29.18369], [116.53085, 29.58535], [116.67804, 29.61718]]]}}, {"type": "Feature", "properties": {"SYS_ID": "2017", "NAME_PY": "Hangzhou Fu", "NAME_CH": "杭州府", "NAME_FT": "杭州府", "X_COORD": 119.84053, "Y_COORD": 30.15183}, "geometry": {"type": "Polygon", "coordinates": [[[118.84689, 30.16269], [118.92103, 30.21465], [118.88984, 30.23463], [118.87911, 30.31693], [118.9441, 30.36315], [119.04224, 30.31047], [119.08521, 30.32962], [119.22516, 30.29549], [119.24846, 30.34629], [119.32282, 30.37624], [119.36376, 30.35589], [119.4521, 30.4184], [119.5239, 30.40967], [119.55455, 30.44731], [119.60045, 30.42783], [119.64569, 30.45125], [119.62851, 30.41323], [119.6649, 30.40181], [119.69908, 30.44], [119.71634, 30.55623], [119.78578, 30.54032], [119.87925, 30.45984], [120.06004, 30.43278], [120.05838, 30.49336], [120.17659, 30.47644], [120.19332, 30.5276], [120.30646, 30.5144], [120.32829, 30.47508], [120.46812, 30.50283], [120.51758, 30.48398], [120.65572, 30.55292], [120.78392, 30.50454], [120.83418, 30.36109], [120.78753, 30.33334], [120.66409, 30.40062], [120.40258, 30.37312], [120.39711, 30.29114], [120.35847, 30.25495], [120.31823, 30.2458], [120.28421, 30.28152], [120.12481, 30.19331], [120.12052, 30.15836], [120.17479, 30.11055], [120.12714, 30.08557], [120.12654, 30.00797], [120.07353, 29.89262], [120.0987, 29.83264], [120.02798, 29.8339], [120.0, 29.75473], [119.86239, 29.76948], [119.87795, 29.84424], [119.81735, 29.87692], [119.69263, 29.87806], [119.67255, 29.92295], [119.6113, 29.94981], [119.60585, 30.03061], [119.4948, 30.04127], [119.47349, 29.98795], [119.42897, 29.97032], [119.41749, 29.99519], [119.28125, 30.01026], [119.2431, 29.9996], [119.25147, 29.95373], [119.24403, 29.94521], [119.019, 30.03305], [118.89912, 30.01794], [118.86559, 30.10835], [118.8921, 30.15577], [118.84689, 30.16269]]]}}, {"type": "Feature", "properties": {"SYS_ID": "2019", "NAME_PY": "Yanzhou Fu", "NAME_CH": "严州府", "NAME_FT": "嚴州府", "X_COORD": 119.15328, "Y_COORD": 29.62192}, "geometry": {"type": "Polygon", "coordinates": [[[118.33737, 29.48242], [118.48042, 29.51786], [118.57245, 29.6379], [118.6432, 29.64875], [118.72238, 29.71664], [118.73318, 29.81499], [118.83418, 29.89565], [118.83502, 29.94149], [118.8915, 29.9513], [118.89505, 30.02213], [119.019, 30.03305], [119.24403, 29.94521], [119.2431, 29.9996], [119.28125, 30.01026], [119.41749, 29.99519], [119.42897, 29.97032], [119.47349, 29.98795], [119.4948, 30.04127], [119.60585, 30.03061], [119.6284, 29.92751], [119.67255, 29.92295], [119.71027, 29.87086], [119.81005, 29.87899], [119.87795, 29.84424], [119.86239, 29.76948], [119.97315, 29.68386], [119.79977, 29.66765], [119.6941, 29.45092], [119.48557, 29.33467], [119.42485, 29.41466], [119.26749, 29.25232], [119.19988, 29.27435], [119.20965, 29.23234], [119.18253, 29.21381], [118.99342, 29.21509], [118.95371, 29.2973], [118.8979, 29.33034], [118.69195, 29.19904], [118.60615, 29.22921], [118.59469, 29.32901], [118.45204, 29.36653], [118.33737, 29.48242]]]}}, {"type": "Feature", "properties": {"SYS_ID": "2048", "NAME_PY": "Zhaoqing Fu", "NAME_CH": "肇庆府", "NAME_FT": "肇慶府", "X_COORD": 112.15626, "Y_COORD": 22.73889}, "geometry": {"type": "GeometryCollection", "geometries": [{"type": "MultiPolygon", "coordinates": [[[[111.80882, 21.55615], [111.85419, 21.6144], [111.84634, 21.65987], [111.87774, 21.63845], [111.91299, 21.65807], [112.01786, 21.63187], [111.80882, 21.55615]]], [[[112.97518, 22.80431], [113.03138, 22.80993], [113.0162, 22.70858], [112.92101, 22.6308], [112.96869, 22.60418], [112.96455, 22.57512], [112.79172, 22.55175], [112.80893, 22.43782], [112.75659, 22.44173], [112.75772, 22.38716], [112.67287, 22.3141], [112.6473, 22.35653], [112.64439, 22.29922], [112.57401, 22.27725], [112.62139, 22.12981], [112.5864, 22.07144], [112.62738, 22.037], [112.60079, 21.96655], [112.47955, 22.02045], [112.48257, 22.09934], [112.41128, 22.10049], [112.37614, 22.13501], [112.37431, 22.02993], [112.28811, 21.98975], [112.34408, 21.92303], [112.35037, 21.8551], [112.29855, 21.81891], [112.31131, 21.765], [112.1917, 21.73328], [112.21702, 21.80574], [112.2015, 21.84966], [112.20849, 21.80895], [112.16875, 21.81548], [112.19764, 21.79222], [112.02333, 21.78921], [112.0094, 21.82794], [112.05087, 21.85589], [112.05058, 21.87981], [111.99893, 21.83268], [112.00813, 21.78337], [111.9526, 21.78885], [112.02295, 21.75864], [111.85851, 21.67361], [111.81322, 21.7103], [111.85013, 21.77125], [111.80234, 21.75093], [111.78284, 21.7809], [111.77155, 21.75447], [111.6647, 21.77619], [111.64316, 21.75299], [111.68613, 21.76629], [111.73158, 21.70573], [111.78467, 21.71096], [111.77468, 21.64153], [111.74063, 21.63703], [111.78967, 21.61268], [111.68356, 21.5912], [111.65069, 21.51077], [111.59219, 21.55966], [111.62777, 21.52828], [111.45483, 21.51706], [111.49043, 21.52489], [111.45152, 21.54196], [111.44075, 21.59505], [111.40945, 21.59284], [111.43761, 21.7011], [111.38494, 21.74776], [111.42277, 21.84399], [111.29245, 21.9116], [111.29151, 22.07247], [111.58742, 22.25098], [111.58964, 22.37689], [111.72984, 22.56869], [111.78397, 22.5958], [111.81719, 22.68234], [111.87025, 22.66767], [111.82576, 22.5916], [111.88767, 22.57497], [112.01649, 22.66071], [112.06001, 22.49385], [112.11058, 22.49125], [112.1282, 22.52796], [112.0816, 22.57377], [112.13465, 22.62048], [112.0665, 22.68612], [112.0698, 22.73707], [112.21889, 22.84022], [112.31077, 22.84387], [112.31039, 22.91776], [112.25304, 22.93172], [112.29173, 23.07865], [112.32037, 23.09518], [112.29247, 23.13278], [112.18047, 23.07589], [112.03513, 23.07541], [111.95732, 23.13568], [111.65221, 23.15752], [111.52884, 23.22429], [111.57423, 23.2598], [111.53278, 23.32046], [111.47498, 23.27842], [111.36133, 23.32961], [111.39612, 23.47082], [111.47868, 23.55646], [111.48286, 23.63212], [111.61105, 23.64541], [111.66016, 23.71435], [111.61121, 23.73212], [111.64163, 23.82031], [111.69591, 23.84193], [111.79997, 23.81521], [111.84798, 23.94993], [111.98268, 23.97364], [111.94276, 23.81068], [111.87833, 23.71681], [111.9691, 23.64934], [111.96857, 23.51013], [112.00242, 23.47664], [112.13381, 23.55025], [112.15867, 23.60196], [112.13991, 23.69833], [112.23706, 23.76913], [112.25114, 23.7336], [112.34264, 23.76499], [112.33475, 23.82336], [112.37684, 23.89401], [112.51654, 23.97552], [112.66501, 23.94638], [112.68481, 23.90109], [112.64795, 23.81183], [112.69456, 23.80666], [112.71422, 23.69736], [112.77361, 23.67335], [112.75154, 23.61022], [112.84228, 23.52804], [112.78173, 23.40368], [112.83907, 23.33815], [112.83488, 23.27239], [112.80653, 23.20501], [112.7709, 23.22562], [112.75896, 23.20198], [112.90879, 22.89075], [112.90424, 22.86492], [112.85546, 22.88074], [112.85538, 22.83858], [112.92339, 22.8544], [112.97518, 22.80431]]]]}, {"type": "LineString", "coordinates": [[112.50477, 23.31166], [112.4979, 23.31406]]}]}}, {"type": "Feature", "properties": {"SYS_ID": "2049", "NAME_PY": "Chaozhou Fu", "NAME_CH": "潮州府", "NAME_FT": "潮州府", "X_COORD": 116.46727, "Y_COORD": 23.78329}, "geometry": {"type": "MultiPolygon", "coordinates": [[[[116.91029, 23.55648], [116.86223, 23.4994], [116.86179, 23.41543], [116.83535, 23.42358], [116.75411, 23.34918], [116.66073, 23.34992], [116.65829, 23.37873], [116.62029, 23.35943], [116.55143, 23.41362], [116.59847, 23.30383], [116.67706, 23.34584], [116.7348, 23.33939], [116.77579, 23.24579], [116.81016, 23.23767], [116.78671, 23.21213], [116.72413, 23.27749], [116.6871, 23.28276], [116.73456, 23.25071], [116.64737, 23.16664], [116.60616, 23.18508], [116.61809, 23.21854], [116.59425, 23.23754], [116.52582, 23.22543], [116.60986, 23.21254], [116.53491, 23.12505], [116.56741, 23.01887], [116.52847, 23.00517], [116.50568, 22.94403], [116.37394, 22.9291], [116.2922, 22.97683], [116.19875, 22.98269], [116.29598, 22.96691], [116.17413, 22.92693], [116.16035, 22.88867], [115.93619, 22.97438], [115.95408, 23.05728], [115.85273, 23.24632], [115.86699, 23.30866], [115.80206, 23.33657], [115.74451, 23.52661], [115.80914, 23.5778], [115.81663, 23.65261], [116.00707, 23.82508], [116.01136, 23.91964], [116.05933, 23.92839], [116.0843, 24.00001], [116.19967, 24.09497], [116.19937, 24.13125], [116.2565, 24.11313], [116.2467, 24.14207], [116.28828, 24.16229], [116.31934, 24.24015], [116.41039, 24.30602], [116.41773, 24.42017], [116.5306, 24.49927], [116.5441, 24.61297], [116.59433, 24.64966], [116.78649, 24.6779], [116.80933, 24.64417], [116.75189, 24.54583], [116.84347, 24.47682], [116.83678, 24.43093], [116.90677, 24.36501], [116.93019, 24.2247], [116.98882, 24.18147], [116.9199, 24.08805], [116.97567, 24.00001], [116.96444, 23.90444], [117.01509, 23.83907], [117.04617, 23.70332], [117.19003, 23.62166], [117.08788, 23.54872], [117.07155, 23.61805], [116.98656, 23.62966], [116.96379, 23.55425], [117.01869, 23.55978], [116.99151, 23.50983], [116.91029, 23.55648]]], [[[117.12605, 23.48491], [117.04427, 23.40259], [116.93512, 23.43341], [117.12605, 23.48491]]]]}}, {"type": "Feature", "properties": {"SYS_ID": "2013", "NAME_PY": "Taizhou Fu", "NAME_CH": "台州府", "NAME_FT": "台州府", "X_COORD": 121.09446, "Y_COORD": 28.88651}, "geometry": {"type": "MultiPolygon", "coordinates": [[[[120.44084, 28.838], [120.65206, 28.90597], [120.66734, 28.97053], [120.58254, 28.97519], [120.56971, 29.01441], [120.65202, 29.15637], [120.79327, 29.23115], [120.88307, 29.23465], [120.90858, 29.29616], [120.94926, 29.28335], [121.0037, 29.32148], [121.10188, 29.30616], [121.11669, 29.33601], [121.18212, 29.31893], [121.2523, 29.46006], [121.39492, 29.52491], [121.45451, 29.50479], [121.42564, 29.46677], [121.44219, 29.41618], [121.49943, 29.49472], [121.50677, 29.4574], [121.52804, 29.46403], [121.48994, 29.39123], [121.5677, 29.47316], [121.66782, 29.40594], [121.71656, 29.40626], [121.74488, 29.28239], [121.78117, 29.2809], [121.74938, 29.192], [121.72952, 29.21463], [121.70485, 29.18293], [121.65589, 29.18552], [121.64558, 29.2762], [121.6713, 29.3234], [121.62387, 29.29912], [121.63757, 29.18302], [121.59526, 29.27052], [121.52766, 29.27812], [121.54965, 29.25178], [121.51662, 29.2108], [121.53101, 29.18882], [121.49512, 29.16044], [121.4789, 29.20119], [121.46346, 29.1554], [121.41974, 29.16981], [121.46686, 29.09839], [121.64606, 29.10265], [121.62466, 29.04198], [121.53424, 29.05918], [121.52932, 29.00131], [121.55026, 29.04755], [121.58816, 29.0331], [121.62527, 29.03675], [121.66166, 29.05386], [121.66448, 29.02432], [121.7123, 29.0144], [121.68188, 29.01511], [121.6683, 28.97532], [121.72961, 28.94225], [121.66747, 28.90834], [121.54105, 28.95643], [121.5144, 28.93949], [121.64201, 28.88377], [121.63544, 28.8547], [121.68114, 28.86747], [121.65102, 28.81187], [121.68124, 28.79214], [121.63833, 28.7795], [121.62688, 28.7249], [121.48248, 28.67071], [121.581, 28.48731], [121.59281, 28.36597], [121.6681, 28.35124], [121.59319, 28.24946], [121.58314, 28.30692], [121.4896, 28.33986], [121.45076, 28.32457], [121.46478, 28.30054], [121.40144, 28.3099], [121.42245, 28.25911], [121.35786, 28.27292], [121.34695, 28.31707], [121.25867, 28.26949], [121.21425, 28.33207], [121.27675, 28.36607], [121.21161, 28.34694], [121.19672, 28.38079], [121.24936, 28.40838], [121.1617, 28.50816], [121.10104, 28.53309], [121.05087, 28.47328], [120.92863, 28.50577], [120.88673, 28.48413], [120.82896, 28.55878], [120.73628, 28.60909], [120.64407, 28.57996], [120.60368, 28.53278], [120.44504, 28.58313], [120.39157, 28.46997], [120.30478, 28.50152], [120.27423, 28.55635], [120.32614, 28.57934], [120.31756, 28.69205], [120.44084, 28.838]]], [[[121.60883, 28.49415], [121.59351, 28.52003], [121.61436, 28.54589], [121.62914, 28.51908], [121.60883, 28.49415]]], [[[121.88096, 28.46956], [121.8694, 28.50463], [121.89128, 28.51395], [121.91073, 28.50015], [121.88096, 28.46956]]], [[[121.8652, 28.43], [121.88609, 28.45489], [121.91468, 28.45297], [121.90491, 28.43975], [121.8652, 28.43]]], [[[121.62893, 28.36439], [121.63466, 28.39247], [121.66431, 28.41601], [121.64787, 28.37437], [121.62893, 28.36439]]]]}}, {"type": "Feature", "properties": {"SYS_ID": "2015", "NAME_PY": "Quzhou Fu", "NAME_CH": "衢州府", "NAME_FT": "衢州府", "X_COORD": 118.68426, "Y_COORD": 28.86962}, "geometry": {"type": "Polygon", "coordinates": [[[118.30373, 29.48964], [118.45204, 29.36653], [118.59469, 29.32901], [118.60615, 29.22921], [118.69975, 29.19702], [118.8979, 29.33034], [118.95371, 29.2973], [118.99758, 29.21407], [119.18253, 29.21381], [119.22243, 29.282], [119.26167, 29.25064], [119.23089, 29.21515], [119.24909, 29.1456], [119.33927, 29.07082], [119.29377, 28.96298], [119.33432, 28.92208], [119.33352, 28.77013], [119.05823, 28.74207], [118.92671, 28.64292], [118.8682, 28.51617], [118.82345, 28.54892], [118.7405, 28.52568], [118.7285, 28.35489], [118.66956, 28.28027], [118.60808, 28.25799], [118.573, 28.2921], [118.49516, 28.28212], [118.4854, 28.24131], [118.43211, 28.27305], [118.48101, 28.33573], [118.43899, 28.40898], [118.4682, 28.46978], [118.41532, 28.49923], [118.43224, 28.67416], [118.3792, 28.78818], [118.29684, 28.83606], [118.25806, 28.9244], [118.19467, 28.90994], [118.21645, 28.94121], [118.18122, 28.98232], [118.09647, 28.99362], [118.039, 29.1029], [118.02827, 29.17895], [118.07455, 29.22871], [118.0736, 29.29381], [118.1528, 29.28846], [118.20595, 29.35081], [118.18945, 29.39522], [118.24043, 29.43463], [118.30295, 29.42499], [118.30373, 29.48964]]]}}, {"type": "Feature", "properties": {"SYS_ID": "2016", "NAME_PY": "Jinhua Fu", "NAME_CH": "金华府", "NAME_FT": "金華府", "X_COORD": 120.00518, "Y_COORD": 29.22097}, "geometry": {"type": "Polygon", "coordinates": [[[120.01713, 29.76409], [120.00691, 29.5809], [120.08343, 29.53297], [120.08049, 29.50192], [120.19392, 29.54709], [120.25983, 29.49032], [120.27212, 29.3809], [120.39434, 29.4199], [120.41563, 29.47315], [120.47121, 29.48674], [120.56114, 29.35139], [120.69888, 29.34224], [120.69846, 29.30849], [120.76933, 29.30619], [120.7758, 29.20695], [120.65202, 29.15637], [120.63706, 29.0938], [120.56971, 29.03309], [120.58254, 28.97519], [120.66734, 28.97053], [120.65206, 28.90597], [120.50269, 28.84827], [120.49465, 28.97603], [120.36243, 28.91848], [120.26444, 28.94649], [120.25296, 28.86934], [120.19566, 28.78883], [120.02415, 28.75896], [119.9177, 28.8047], [119.80697, 28.67447], [119.7615, 28.74915], [119.53422, 28.79175], [119.57455, 28.82513], [119.54443, 28.83355], [119.47327, 28.74532], [119.37892, 28.79018], [119.34004, 28.7617], [119.33432, 28.92208], [119.29377, 28.96298], [119.33927, 29.07082], [119.24909, 29.1456], [119.2343, 29.22263], [119.42485, 29.41466], [119.48557, 29.33467], [119.6941, 29.45092], [119.79977, 29.66765], [119.97175, 29.67588], [119.90798, 29.71123], [119.89273, 29.76747], [120.01713, 29.76409]]]}}, {"type": "Feature", "properties": {"SYS_ID": "2021", "NAME_PY": "Shaoxing Fu", "NAME_CH": "绍兴府", "NAME_FT": "紹興府", "X_COORD": 120.78163, "Y_COORD": 29.80743}, "geometry": {"type": "MultiPolygon", "coordinates": [[[[120.00691, 29.5809], [120.02622, 29.83156], [120.09609, 29.82386], [120.07353, 29.89262], [120.12654, 30.00797], [120.12714, 30.08557], [120.17479, 30.11055], [120.11533, 30.18498], [120.27685, 30.27941], [120.31823, 30.2458], [120.35847, 30.25495], [120.39711, 30.29114], [120.40258, 30.37312], [120.65247, 30.38689], [120.61155, 30.34671], [120.66543, 30.20213], [120.64348, 30.13789], [120.81274, 30.1249], [121.20459, 30.31749], [121.31831, 30.31403], [121.43088, 30.24545], [121.38419, 30.21715], [121.3517, 30.113], [121.23859, 30.04725], [121.25647, 30.01647], [121.1939, 29.95491], [121.22119, 29.85049], [121.08888, 29.70115], [121.10744, 29.55133], [121.22422, 29.52383], [121.22317, 29.36249], [121.18212, 29.31893], [120.99612, 29.32066], [120.94926, 29.28335], [120.90572, 29.29473], [120.88307, 29.23465], [120.77725, 29.22235], [120.77906, 29.27425], [120.75164, 29.28038], [120.76933, 29.30619], [120.69846, 29.30849], [120.69888, 29.34224], [120.56114, 29.35139], [120.47121, 29.48674], [120.41563, 29.47315], [120.39434, 29.4199], [120.27212, 29.3809], [120.25983, 29.49032], [120.19392, 29.54709], [120.08049, 29.50192], [120.08343, 29.53297], [120.00691, 29.5809]]], [[[121.56014, 30.10373], [121.56013, 30.10373], [121.55521, 30.10641], [121.56014, 30.10373]]]]}}, {"type": "Feature", "properties": {"SYS_ID": "2014", "NAME_PY": "Ningpo Fu", "NAME_CH": "宁波府", "NAME_FT": "寧波府", "X_COORD": 121.75947, "Y_COORD": 29.76758}, "geometry": {"type": "MultiPolygon", "coordinates": [[[[121.38298, 30.19757], [121.44225, 30.23744], [121.69799, 29.95728], [121.77614, 29.9727], [121.82298, 29.93344], [121.84965, 29.94115], [121.92934, 29.89146], [122.01101, 29.87719], [122.11246, 29.90995], [122.13578, 29.88763], [121.93163, 29.78853], [121.90682, 29.7466], [121.87719, 29.776], [121.85108, 29.69868], [121.69875, 29.59873], [121.70103, 29.56484], [121.65264, 29.55025], [121.6402, 29.57873], [121.6416, 29.54867], [121.57118, 29.55102], [121.52491, 29.50776], [121.5126, 29.55719], [121.47028, 29.52082], [121.39492, 29.52491], [121.26112, 29.46657], [121.22301, 29.40724], [121.22422, 29.52383], [121.10744, 29.55133], [121.08888, 29.70115], [121.22119, 29.85049], [121.1939, 29.95491], [121.25647, 30.01647], [121.23859, 30.04725], [121.3517, 30.113], [121.38298, 30.19757]]], [[[121.5677, 29.47316], [121.72252, 29.54145], [121.77374, 29.53494], [121.78168, 29.46875], [121.85862, 29.53908], [121.74407, 29.5437], [121.78709, 29.60176], [121.95235, 29.63403], [121.99368, 29.58923], [121.91613, 29.53249], [121.98376, 29.4528], [121.89632, 29.38464], [121.93114, 29.37011], [121.91868, 29.34107], [121.95042, 29.34348], [121.9126, 29.32873], [121.9213, 29.28176], [121.9967, 29.26638], [121.95839, 29.25645], [121.97342, 29.22411], [121.84407, 29.16431], [121.79968, 29.19922], [121.83645, 29.3001], [121.80214, 29.30705], [121.83839, 29.32711], [121.78833, 29.33411], [121.80573, 29.37839], [121.77009, 29.37261], [121.78574, 29.3451], [121.78158, 29.27116], [121.74754, 29.27828], [121.71947, 29.40353], [121.5677, 29.47316]]], [[[122.31551, 29.94789], [122.10092, 30.01135], [122.01929, 30.00003], [121.93432, 30.17345], [122.02721, 30.14173], [122.09553, 30.16044], [122.19646, 30.08162], [122.2283, 30.09977], [122.33985, 30.01528], [122.31551, 29.94789]]], [[[122.20285, 30.23134], [122.07645, 30.28463], [122.08504, 30.30177], [122.21422, 30.33592], [122.2394, 30.30349], [122.20285, 30.23134]]], [[[122.17419, 29.65815], [122.13006, 29.66979], [122.11171, 29.72095], [122.04563, 29.71804], [122.06836, 29.77725], [122.11694, 29.79557], [122.12587, 29.75294], [122.1888, 29.71621], [122.17419, 29.65815]]], [[[121.94586, 29.05574], [121.89627, 29.07651], [121.91857, 29.0927], [121.87166, 29.13383], [121.93182, 29.18448], [121.98217, 29.15132], [121.94586, 29.05574]]], [[[121.87163, 29.97101], [121.83241, 29.99699], [121.84223, 30.08215], [121.86761, 30.08871], [121.92231, 30.03267], [121.87163, 29.97101]]], [[[122.42761, 30.41127], [122.28751, 30.41889], [122.27071, 30.47663], [122.35832, 30.45731], [122.3694, 30.47967], [122.43248, 30.44787], [122.40841, 30.42652], [122.42761, 30.41127]]], [[[122.40544, 29.83234], [122.32618, 29.92973], [122.34121, 29.95917], [122.4269, 29.92584], [122.39811, 29.92215], [122.42896, 29.894], [122.38814, 29.87001], [122.40544, 29.83234]]], [[[122.30952, 29.76954], [122.25931, 29.79048], [122.22112, 29.84907], [122.30951, 29.83046], [122.28751, 29.81525], [122.30952, 29.76954]]], [[[122.37302, 30.26717], [122.26931, 30.23783], [122.31123, 30.25086], [122.32413, 30.27413], [122.39667, 30.27663], [122.4221, 30.25149], [122.39581, 30.23156], [122.37302, 30.26717]]], [[[121.84952, 29.09199], [121.78133, 29.11667], [121.77987, 29.15193], [121.86594, 29.14415], [121.86221, 29.12699], [121.88232, 29.11915], [121.84952, 29.09199]]], [[[121.99511, 29.77023], [121.94219, 29.7734], [122.02964, 29.82321], [122.02561, 29.81018], [121.99511, 29.77023]]], [[[121.9441, 29.89681], [121.93112, 29.94197], [121.96101, 29.95675], [121.9911, 29.90878], [121.9441, 29.89681]]], [[[122.16387, 30.14293], [122.1412, 30.19113], [122.21209, 30.19282], [122.17967, 30.17102], [122.16387, 30.14293]]], [[[122.29803, 29.74901], [122.23749, 29.74414], [122.21615, 29.78384], [122.29803, 29.74901]]], [[[122.38856, 29.97259], [122.37165, 30.02835], [122.3997, 30.0348], [122.41551, 30.0047], [122.38856, 29.97259]]], [[[122.01779, 29.15667], [122.02721, 29.20335], [122.0508, 29.20554], [122.06976, 29.18072], [122.01779, 29.15667]]], [[[121.93252, 30.07019], [121.90279, 30.09754], [121.94541, 30.11617], [121.95435, 30.10767], [121.93252, 30.07019]]], [[[121.81879, 29.05549], [121.78567, 29.08185], [121.81477, 29.10353], [121.83669, 29.08699], [121.81879, 29.05549]]], [[[122.34183, 29.87974], [122.27448, 29.8641], [122.29416, 29.88551], [122.34183, 29.87974]]], [[[122.25054, 30.23954], [122.25739, 30.26904], [122.30891, 30.25889], [122.30782, 30.25431], [122.25054, 30.23954]]], [[[122.03027, 30.16783], [122.01827, 30.19833], [122.05895, 30.1906], [122.03027, 30.16783]]]]}}, {"type": "Feature", "properties": {"SYS_ID": "1841", "NAME_PY": "Bin Zhou", "NAME_CH": "邠州", "NAME_FT": "邠州", "X_COORD": 108.23452, "Y_COORD": 35.01694}, "geometry": {"type": "Polygon", "coordinates": [[[108.40735, 34.79566], [108.18, 34.96282], [107.86121, 34.84582], [107.81152, 34.97163], [107.85312, 35.00247], [107.74624, 35.0905], [107.64924, 35.2493], [107.74481, 35.3098], [107.86347, 35.26001], [107.95828, 35.27163], [107.96354, 35.23922], [108.17215, 35.31042], [108.23583, 35.26533], [108.34185, 35.30915], [108.42094, 35.28249], [108.56387, 35.30889], [108.57301, 35.20902], [108.63324, 35.16708], [108.5813, 35.12109], [108.58274, 35.09453], [108.62521, 35.09486], [108.58192, 35.04043], [108.6814, 34.89384], [108.76437, 34.87139], [108.82048, 34.80903], [108.75858, 34.73239], [108.5729, 34.73393], [108.40735, 34.79566]]]}}, {"type": "Feature", "properties": {"SYS_ID": "1842", "NAME_PY": "Qian Zhou", "NAME_CH": "乾州", "NAME_FT": "乾州", "X_COORD": 108.17292, "Y_COORD": 34.5817}, "geometry": {"type": "Polygon", "coordinates": [[[108.32089, 34.34537], [108.3073, 34.20414], [108.0656, 34.23894], [108.01516, 34.30167], [108.04289, 34.33993], [107.98334, 34.5722], [108.02153, 34.67994], [107.94521, 34.82275], [107.94961, 34.8614], [108.04208, 34.92189], [108.18, 34.96282], [108.35261, 34.83678], [108.31291, 34.81216], [108.29875, 34.74517], [108.3316, 34.58207], [108.40063, 34.52847], [108.37067, 34.34241], [108.32089, 34.34537]]]}}, {"type": "Feature", "properties": {"SYS_ID": "1834", "NAME_PY": "Hanzhong Fu", "NAME_CH": "汉中府", "NAME_FT": "漢中府", "X_COORD": 106.88395, "Y_COORD": 33.22327}, "geometry": {"type": "Polygon", "coordinates": [[[106.69688, 34.29162], [106.73939, 34.27403], [106.76454, 34.29398], [106.78811, 34.29789], [106.8739, 34.14535], [107.03913, 34.15269], [107.1087, 33.83092], [107.20498, 33.72593], [107.3067, 33.67772], [107.61884, 33.71137], [107.79126, 33.64156], [107.94596, 33.72312], [108.05295, 33.6982], [108.05561, 33.52155], [108.1567, 33.44187], [108.05453, 33.34291], [108.03487, 33.2483], [108.10394, 33.20985], [108.08525, 33.09517], [108.13313, 33.01064], [108.0734, 32.87943], [108.13768, 32.78204], [108.19585, 32.76852], [108.25537, 32.70481], [108.26092, 32.61219], [108.17745, 32.61834], [108.27885, 32.51112], [108.18721, 32.43077], [108.11077, 32.43529], [108.1312, 32.38477], [108.1047, 32.37408], [108.17662, 32.26807], [108.13872, 32.22768], [108.02165, 32.2225], [107.97301, 32.14918], [107.90107, 32.20534], [107.84605, 32.20866], [107.6537, 32.40274], [107.52066, 32.38473], [107.48504, 32.42747], [107.44971, 32.42078], [107.43199, 32.53162], [107.36771, 32.54415], [107.35041, 32.62853], [107.2635, 32.68177], [107.31631, 32.74409], [107.25617, 32.78251], [107.05843, 32.71035], [106.7818, 32.70162], [106.77544, 32.73331], [106.73794, 32.73389], [106.60671, 32.66283], [106.45298, 32.65412], [106.41327, 32.61635], [106.34153, 32.6679], [106.11084, 32.72679], [106.05999, 32.76961], [106.0915, 32.81533], [106.04553, 32.86821], [106.00536, 32.83053], [105.82311, 32.8218], [105.78952, 32.75103], [105.74905, 32.76942], [105.61859, 32.69981], [105.55692, 32.7321], [105.49535, 32.91074], [105.63466, 32.88155], [105.82316, 32.95289], [105.85799, 32.94114], [105.91566, 32.99945], [105.92791, 33.14426], [105.89269, 33.14481], [105.92946, 33.19445], [105.75481, 33.28919], [105.70515, 33.38251], [105.79767, 33.4086], [105.84012, 33.49534], [105.95543, 33.61013], [106.10007, 33.61034], [106.10477, 33.57022], [106.18309, 33.54811], [106.2839, 33.60261], [106.34718, 33.58874], [106.42705, 33.62056], [106.45582, 33.53121], [106.51967, 33.50119], [106.55233, 33.5296], [106.58421, 33.58436], [106.57159, 33.6335], [106.53571, 33.69291], [106.47845, 33.70891], [106.45621, 33.79455], [106.48922, 33.84772], [106.41536, 33.89566], [106.47179, 33.97527], [106.49768, 34.10641], [106.58806, 34.1392], [106.54723, 34.24425], [106.49233, 34.25656], [106.52232, 34.29348], [106.65977, 34.24473], [106.69688, 34.29162]]]}}, {"type": "Feature", "properties": {"SYS_ID": "2045", "NAME_PY": "Caozhou Fu", "NAME_CH": "曹州府", "NAME_FT": "曹州府", "X_COORD": 115.76865, "Y_COORD": 35.41457}, "geometry": {"type": "Polygon", "coordinates": [[[115.1307, 35.00093], [115.19644, 35.05718], [115.33551, 35.04924], [115.38397, 35.11387], [115.43535, 35.11269], [115.41648, 35.18497], [115.26303, 35.18688], [115.24199, 35.35787], [115.34522, 35.49235], [115.32114, 35.57885], [115.37341, 35.57967], [115.42436, 35.64317], [115.35624, 35.65906], [115.37462, 35.69445], [115.32768, 35.81964], [115.36087, 35.90925], [115.34695, 35.95904], [115.45166, 36.02653], [115.48116, 36.11935], [115.46841, 36.24982], [115.52735, 36.27682], [115.68672, 35.93848], [115.81834, 35.86426], [115.83276, 35.7924], [116.01706, 35.77475], [116.1648, 35.63438], [116.08458, 35.51436], [116.19573, 35.48839], [116.16072, 35.34112], [116.23129, 35.21457], [116.23237, 35.12308], [116.14893, 35.0366], [116.26444, 34.92189], [116.40661, 34.85299], [116.39751, 34.75707], [116.35635, 34.72453], [116.3873, 34.70702], [116.36861, 34.64087], [116.27565, 34.60849], [116.23268, 34.55264], [115.99776, 34.62496], [115.7563, 34.55039], [115.53153, 34.57902], [115.43968, 34.67355], [115.42497, 34.79631], [115.29288, 34.86913], [115.24621, 34.85129], [115.24947, 34.91028], [115.19188, 34.92186], [115.21455, 34.95608], [115.15821, 34.9547], [115.1307, 35.00093]]]}}]}