{"type": "FeatureCollection", "features": [{"type": "Feature", "properties": {"NAME_CH": ""}, "geometry": {"type": "Polygon", "coordinates": [[[98.7326, 34.4698], [98.8218, 34.4767], [98.7254, 34.4346], [98.7326, 34.4698]]]}}, {"type": "Feature", "properties": {"NAME_CH": ""}, "geometry": {"type": "Polygon", "coordinates": [[[102.2613, 33.8414], [102.2599, 33.8316], [102.2586, 33.8421], [102.2613, 33.8414]]]}}, {"type": "Feature", "properties": {"NAME_CH": ""}, "geometry": {"type": "MultiPolygon", "coordinates": []}}, {"type": "Feature", "properties": {"NAME_CH": "朔果克湖"}, "geometry": {"type": "Polygon", "coordinates": [[[100.9961, 42.4218], [100.9667, 42.4202], [100.9194, 42.4455], [100.8298, 42.4314], [100.673, 42.3413], [100.6502, 42.3569], [100.663, 42.3712], [100.6147, 42.3967], [100.6087, 42.384], [100.6311, 42.3753], [100.6033, 42.3776], [100.5456, 42.3315], [100.5241, 42.3567], [100.4962, 42.3612], [100.513, 42.3771], [100.5119, 42.4048], [100.5288, 42.4123], [100.5982, 42.3855], [100.5928, 42.4129], [100.6371, 42.4862], [100.6926, 42.4834], [100.6856, 42.4758], [100.7294, 42.4467], [100.7527, 42.4622], [100.9192, 42.4618], [100.9961, 42.4218]]]}}, {"type": "Feature", "properties": {"NAME_CH": "朔博湖"}, "geometry": {"type": "Polygon", "coordinates": [[[101.2378, 42.2622], [101.2166, 42.288], [101.222, 42.3176], [101.2945, 42.3275], [101.2919, 42.3], [101.2378, 42.2622]]]}}, {"type": "Feature", "properties": {"NAME_CH": ""}, "geometry": {"type": "Polygon", "coordinates": [[[128.0535, 42.0279], [128.0788, 42.0107], [128.0467, 41.9881], [128.0375, 42.0061], [128.0535, 42.0279]]]}}, {"type": "Feature", "properties": {"NAME_CH": "博斯腾池"}, "geometry": {"type": "Polygon", "coordinates": [[[86.7261, 41.9061], [86.7663, 41.9793], [86.8317, 41.9842], [86.8687, 42.004], [86.8227, 42.0518], [86.8305, 42.0766], [86.8181, 42.0961], [86.7888, 42.1004], [86.814, 42.1013], [86.7936, 42.1207], [86.8165, 42.1404], [86.8371, 42.109], [86.8643, 42.1137], [86.8591, 42.1279], [86.9289, 42.1133], [87.0778, 42.0517], [87.1241, 42.061], [87.1565, 42.0446], [87.3249, 42.0271], [87.3462, 41.997], [87.3526, 41.9212], [87.3939, 41.916], [87.3678, 41.9017], [87.4122, 41.8755], [87.4384, 41.8304], [87.3339, 41.8468], [87.2885, 41.8707], [87.3187, 41.8738], [87.3086, 41.885], [87.2774, 41.8812], [87.2795, 41.8684], [87.2603, 41.8849], [87.2584, 41.8676], [87.2462, 41.8886], [87.2131, 41.8765], [87.1786, 41.9229], [87.1707, 41.9026], [87.1252, 41.925], [86.8432, 41.8679], [86.7503, 41.8251], [86.7061, 41.8962], [86.7261, 41.9061]]]}}, {"type": "Feature", "properties": {"NAME_CH": ""}, "geometry": {"type": "MultiPolygon", "coordinates": []}}, {"type": "Feature", "properties": {"NAME_CH": ""}, "geometry": {"type": "MultiPolygon", "coordinates": []}}, {"type": "Feature", "properties": {"NAME_CH": ""}, "geometry": {"type": "Polygon", "coordinates": [[[103.7687, 29.5188], [103.7638, 29.5075], [103.7653, 29.521], [103.7687, 29.5188]]]}}, {"type": "Feature", "properties": {"NAME_CH": ""}, "geometry": {"type": "Polygon", "coordinates": [[[103.784, 29.4761], [103.7842, 29.4625], [103.7789, 29.4745], [103.784, 29.4761]]]}}, {"type": "Feature", "properties": {"NAME_CH": ""}, "geometry": {"type": "Polygon", "coordinates": [[[103.8577, 29.312], [103.8524, 29.3247], [103.8664, 29.3068], [103.8577, 29.312]]]}}, {"type": "Feature", "properties": {"NAME_CH": "昆承湖"}, "geometry": {"type": "Polygon", "coordinates": [[[120.7605, 31.5654], [120.7326, 31.5603], [120.7133, 31.5793], [120.741, 31.6158], [120.7637, 31.5898], [120.7605, 31.5654]]]}}, {"type": "Feature", "properties": {"NAME_CH": "阳城湖"}, "geometry": {"type": "Polygon", "coordinates": [[[120.6376, 31.3564], [120.6953, 31.3925], [120.687, 31.4101], [120.7169, 31.4308], [120.7342, 31.4852], [120.7539, 31.4868], [120.7541, 31.4657], [120.7609, 31.4818], [120.7651, 31.4666], [120.7098, 31.3918], [120.7827, 31.4557], [120.7883, 31.4804], [120.7626, 31.4976], [120.8024, 31.4939], [120.8048, 31.5124], [120.8168, 31.5079], [120.8074, 31.4783], [120.8351, 31.4893], [120.8243, 31.4798], [120.8335, 31.4054], [120.8095, 31.3753], [120.7514, 31.374], [120.7522, 31.3979], [120.6376, 31.3564]]]}}, {"type": "Feature", "properties": {"NAME_CH": "固城湖"}, "geometry": {"type": "Polygon", "coordinates": [[[118.8581, 31.3094], [118.9192, 31.3221], [118.9563, 31.3076], [118.8872, 31.2304], [118.86, 31.2611], [118.8581, 31.3094]]]}}, {"type": "Feature", "properties": {"NAME_CH": ""}, "geometry": {"type": "Polygon", "coordinates": [[[119.6715, 31.3887], [119.7278, 31.4063], [119.7778, 31.3767], [119.7806, 31.4021], [119.8051, 31.3709], [119.7091, 31.3839], [119.6931, 31.3682], [119.6982, 31.3868], [119.6715, 31.3887]]]}}, {"type": "Feature", "properties": {"NAME_CH": ""}, "geometry": {"type": "Polygon", "coordinates": [[[119.9114, 31.3199], [119.8852, 31.337], [119.8411, 31.3554], [119.871, 31.3649], [119.8805, 31.345], [119.9098, 31.3368], [119.9114, 31.3199]]]}}, {"type": "Feature", "properties": {"NAME_CH": "黄浦江"}, "geometry": {"type": "Polygon", "coordinates": [[[121.4049, 30.996], [121.4791, 31.0208], [121.4543, 31.1103], [121.4535, 31.1821], [121.5008, 31.2103], [121.4894, 31.2488], [121.5556, 31.2794], [121.549, 31.333], [121.5126, 31.3515], [121.5003, 31.3714], [121.507, 31.392], [121.5242, 31.3893], [121.507, 31.3726], [121.5608, 31.3339], [121.5671, 31.2766], [121.4949, 31.2444], [121.5024, 31.2023], [121.4639, 31.1876], [121.4575, 31.1458], [121.4834, 31.0176], [121.4049, 30.996]]]}}, {"type": "Feature", "properties": {"NAME_CH": "澄湖"}, "geometry": {"type": "Polygon", "coordinates": [[[120.8701, 31.2114], [120.8028, 31.1695], [120.7597, 31.1926], [120.7935, 31.197], [120.7869, 31.243], [120.8024, 31.2548], [120.8712, 31.2291], [120.8701, 31.2114]]]}}, {"type": "Feature", "properties": {"NAME_CH": ""}, "geometry": {"type": "Polygon", "coordinates": [[[120.8964, 31.084], [120.9019, 31.0509], [120.8572, 31.0534], [120.8441, 31.0777], [120.8549, 31.0863], [120.8414, 31.0833], [120.8677, 31.094], [120.8964, 31.084]]]}}, {"type": "Feature", "properties": {"NAME_CH": "南绮湖"}, "geometry": {"type": "Polygon", "coordinates": [[[118.9779, 31.0471], [118.8357, 31.0933], [118.8389, 31.1168], [118.8674, 31.1321], [118.8918, 31.1178], [118.9088, 31.1324], [118.8914, 31.1373], [118.9126, 31.1396], [118.9407, 31.088], [118.9551, 31.1576], [119.0075, 31.1659], [118.9991, 31.1502], [119.0107, 31.1356], [119.0238, 31.1777], [119.0335, 31.1676], [119.0207, 31.1435], [119.0655, 31.1134], [119.0392, 31.1108], [119.0192, 31.1296], [119.0274, 31.0977], [119.0023, 31.0745], [119.0301, 31.0752], [119.0126, 31.0611], [119.0159, 31.0397], [118.9911, 31.0399], [118.987, 31.0611], [118.9779, 31.0471]]]}}, {"type": "Feature", "properties": {"NAME_CH": "黄陂湖"}, "geometry": {"type": "Polygon", "coordinates": [[[117.4225, 31.1605], [117.3958, 31.1415], [117.3741, 31.1648], [117.3453, 31.164], [117.3306, 31.209], [117.3456, 31.2131], [117.3634, 31.1837], [117.3673, 31.2015], [117.4034, 31.1919], [117.4158, 31.1749], [117.4064, 31.1627], [117.4225, 31.1605]]]}}, {"type": "Feature", "properties": {"NAME_CH": "巢湖"}, "geometry": {"type": "Polygon", "coordinates": [[[117.5655, 31.5725], [117.638, 31.6547], [117.6769, 31.6627], [117.8362, 31.5957], [117.8178, 31.5777], [117.7798, 31.584], [117.7517, 31.5639], [117.7467, 31.5385], [117.683, 31.5028], [117.6592, 31.4609], [117.6308, 31.4648], [117.6125, 31.4374], [117.5746, 31.4431], [117.5476, 31.4266], [117.4827, 31.467], [117.4512, 31.4694], [117.4186, 31.5306], [117.3881, 31.5297], [117.4025, 31.5415], [117.3936, 31.5508], [117.3254, 31.5465], [117.34, 31.5614], [117.3189, 31.5656], [117.3329, 31.5808], [117.3011, 31.5724], [117.3143, 31.5868], [117.2939, 31.5842], [117.2865, 31.6408], [117.2976, 31.69], [117.3591, 31.7154], [117.4541, 31.6793], [117.4403, 31.6391], [117.4601, 31.5841], [117.5247, 31.5909], [117.5655, 31.5725]]]}}, {"type": "Feature", "properties": {"NAME_CH": "安丰塘"}, "geometry": {"type": "Polygon", "coordinates": [[[116.6454, 32.2299], [116.6319, 32.2292], [116.6412, 32.2794], [116.6751, 32.3251], [116.7207, 32.3106], [116.6794, 32.2596], [116.6576, 32.2648], [116.6454, 32.2299]]]}}, {"type": "Feature", "properties": {"NAME_CH": ""}, "geometry": {"type": "Polygon", "coordinates": [[[120.5682, 27.5796], [120.5111, 27.5876], [120.5141, 27.5736], [120.5006, 27.5688], [120.509, 27.5933], [120.5993, 27.5956], [120.5682, 27.5796]]]}}, {"type": "Feature", "properties": {"NAME_CH": ""}, "geometry": {"type": "Polygon", "coordinates": [[[120.6795, 27.7038], [120.6039, 27.7948], [120.571, 27.8014], [120.5765, 27.8372], [120.549, 27.825], [120.5493, 27.7966], [120.5279, 27.7996], [120.5145, 27.816], [120.5056, 27.7804], [120.4951, 27.7759], [120.4782, 27.7863], [120.5017, 27.7833], [120.5165, 27.8226], [120.5428, 27.8], [120.5429, 27.8412], [120.5863, 27.8421], [120.5828, 27.8065], [120.6103, 27.7972], [120.6546, 27.735], [120.7019, 27.715], [120.6795, 27.7038]]]}}, {"type": "Feature", "properties": {"NAME_CH": ""}, "geometry": {"type": "Polygon", "coordinates": [[[120.7241, 28.0403], [120.8264, 27.9906], [120.8111, 27.9719], [120.7509, 27.9831], [120.7106, 28.0217], [120.6013, 28.0313], [120.5859, 28.1037], [120.555, 28.1085], [120.5469, 28.1401], [120.4529, 28.1366], [120.4458, 28.1473], [120.5541, 28.1452], [120.5617, 28.115], [120.5968, 28.0992], [120.5966, 28.0626], [120.6172, 28.0366], [120.6983, 28.0644], [120.6898, 28.0998], [120.7053, 28.0663], [120.6744, 28.0414], [120.7241, 28.0403]]]}}, {"type": "Feature", "properties": {"NAME_CH": ""}, "geometry": {"type": "Polygon", "coordinates": [[[121.3181, 28.6887], [121.3031, 28.747], [121.2544, 28.7488], [121.2356, 28.7609], [121.235, 28.7946], [121.2047, 28.8112], [121.1787, 28.7995], [121.17, 28.8116], [121.2123, 28.8151], [121.246, 28.7937], [121.2458, 28.7634], [121.3128, 28.7562], [121.3206, 28.721], [121.3428, 28.7077], [121.4977, 28.6957], [121.4825, 28.6707], [121.378, 28.6936], [121.3181, 28.6887]]]}}, {"type": "Feature", "properties": {"NAME_CH": "查喜尔图插汉池"}, "geometry": {"type": "Polygon", "coordinates": [[[113.9255, 41.4808], [113.9132, 41.4377], [113.8799, 41.4374], [113.8571, 41.4092], [113.848, 41.4551], [113.8672, 41.4788], [113.9255, 41.4808]]]}}, {"type": "Feature", "properties": {"NAME_CH": "昂古里泊"}, "geometry": {"type": "Polygon", "coordinates": [[[114.4242, 41.3255], [114.3412, 41.3085], [114.3222, 41.3343], [114.3624, 41.3721], [114.4147, 41.3861], [114.4389, 41.3559], [114.4242, 41.3255]]]}}, {"type": "Feature", "properties": {"NAME_CH": "潢河(西拉木伦河)"}, "geometry": {"type": "Polygon", "coordinates": [[[120.3296, 43.3735], [120.3718, 43.3665], [120.3327, 43.3667], [120.2866, 43.3862], [120.039, 43.3622], [119.5925, 43.2546], [119.3353, 43.2717], [119.268, 43.2572], [119.2186, 43.2243], [119.1256, 43.2079], [119.0318, 43.2268], [118.8941, 43.2207], [118.7562, 43.2459], [118.6349, 43.2431], [118.5893, 43.2669], [118.5083, 43.2739], [118.5905, 43.2729], [118.6464, 43.2512], [118.7575, 43.2557], [118.8472, 43.2311], [118.9532, 43.2408], [119.1322, 43.2206], [119.2003, 43.2299], [119.261, 43.2634], [119.3252, 43.2772], [119.6289, 43.2643], [119.7914, 43.3156], [120.1306, 43.3837], [120.2972, 43.3945], [120.3296, 43.3735]]]}}, {"type": "Feature", "properties": {"NAME_CH": "奇尔泊"}, "geometry": {"type": "Polygon", "coordinates": [[[113.2144, 40.8696], [113.2556, 40.8667], [113.3712, 40.9067], [113.3978, 40.9027], [113.4007, 40.8872], [113.3935, 40.8535], [113.3594, 40.8469], [113.3387, 40.8195], [113.3182, 40.8239], [113.3015, 40.7945], [113.1797, 40.8332], [113.2144, 40.8696]]]}}, {"type": "Feature", "properties": {"NAME_CH": "盐池"}, "geometry": {"type": "Polygon", "coordinates": [[[110.891, 34.9237], [110.9082, 34.9456], [111.0759, 35.0236], [111.0706, 35.0003], [110.891, 34.9237]]]}}, {"type": "Feature", "properties": {"NAME_CH": "女盐池"}, "geometry": {"type": "Polygon", "coordinates": [[[110.7851, 34.9112], [110.8096, 34.9361], [110.8398, 34.931], [110.8126, 34.9023], [110.7851, 34.9112]]]}}, {"type": "Feature", "properties": {"NAME_CH": ""}, "geometry": {"type": "Polygon", "coordinates": [[[140.3749, 49.2734], [140.2741, 49.2686], [140.2301, 49.2797], [140.1822, 49.3206], [140.2864, 49.2736], [140.3241, 49.2776], [140.3336, 49.296], [140.3804, 49.2865], [140.3749, 49.2734]]]}}, {"type": "Feature", "properties": {"NAME_CH": "阿当吉河"}, "geometry": {"type": "MultiPolygon", "coordinates": [[[[143.577, 49.9358], [143.63234090741423, 49.96775908029018], [143.6314, 49.9618], [143.577, 49.9358]]], [[[143.6332, 49.9732], [143.6373, 49.9765], [143.6392, 49.9897], [143.6462, 50.0017], [143.7032, 50.0695], [143.7615, 50.0991], [143.9067, 50.1262], [143.63234090741423, 49.96775908029018], [143.6332, 49.9732]]]]}}, {"type": "Feature", "properties": {"NAME_CH": ""}, "geometry": {"type": "Polygon", "coordinates": [[[139.7259, 51.9151], [139.6915, 51.9133], [139.7125, 51.933], [139.6992, 51.9384], [139.6839, 51.9043], [139.6693, 51.9187], [139.6862, 51.9382], [139.6516, 51.9298], [139.6913, 51.9602], [139.6552, 51.97], [139.6858, 51.9683], [139.7125, 51.9938], [139.7012, 52.0284], [139.5796, 52.0308], [139.613, 52.0377], [139.6311, 52.0651], [139.7134, 52.0808], [139.758, 52.1384], [139.8146, 52.1329], [139.7967, 52.1477], [139.8041, 52.1725], [139.8127, 52.155], [139.8407, 52.1755], [139.8763, 52.1661], [140.0177, 52.2296], [140.0974, 52.2203], [140.1281, 52.2304], [140.1419, 52.2287], [140.0898, 52.1955], [140.0903, 52.1817], [140.1738, 52.2189], [140.0877, 52.175], [140.1621, 52.1919], [140.1577, 52.1738], [140.1042, 52.1637], [140.074, 52.1324], [139.9978, 52.1485], [139.9454, 52.1302], [139.9494, 52.1002], [139.9132, 52.0899], [139.8891, 52.0977], [139.8811, 52.1192], [139.8342, 52.1143], [139.8221, 52.1036], [139.8568, 52.0862], [139.8678, 52.0578], [139.809, 52.0256], [139.7543, 52.0326], [139.7371, 52.0115], [139.7772, 51.9785], [139.7558, 51.9646], [139.7671, 51.938], [139.7358, 51.937], [139.7646, 51.9212], [139.7423, 51.9158], [139.728, 51.9296], [139.7259, 51.9151]]]}}, {"type": "Feature", "properties": {"NAME_CH": "色尔腾海"}, "geometry": {"type": "Polygon", "coordinates": [[[93.9756, 38.9006], [93.9953, 38.8802], [93.9873, 38.865], [93.8778, 38.837], [93.7867, 38.8494], [93.7516, 38.8829], [93.9756, 38.9006]]]}}, {"type": "Feature", "properties": {"NAME_CH": "殷格池"}, "geometry": {"type": "Polygon", "coordinates": [[[97.5236, 38.2242], [97.4573, 38.2163], [97.4136, 38.2521], [97.3997, 38.3138], [97.4871, 38.4165], [97.5865, 38.4114], [97.6633, 38.384], [97.7914, 38.2692], [97.7605, 38.2049], [97.7103, 38.1952], [97.6608, 38.2131], [97.6424, 38.1995], [97.5554, 38.2023], [97.5236, 38.2242]]]}}, {"type": "Feature", "properties": {"NAME_CH": "达里泊"}, "geometry": {"type": "Polygon", "coordinates": [[[116.7424, 43.3137], [116.7487, 43.2807], [116.7069, 43.24], [116.552, 43.2221], [116.4872, 43.2405], [116.5025, 43.2488], [116.4962, 43.2653], [116.5557, 43.2724], [116.5534, 43.3009], [116.5852, 43.3093], [116.5747, 43.3303], [116.6248, 43.3808], [116.7215, 43.3781], [116.7154, 43.3616], [116.6784, 43.3577], [116.7424, 43.3137]]]}}, {"type": "Feature", "properties": {"NAME_CH": "冈爱泊"}, "geometry": {"type": "Polygon", "coordinates": [[[116.9386, 43.2776], [116.9306, 43.2526], [116.8957, 43.2495], [116.9038, 43.2938], [116.8884, 43.2953], [116.9017, 43.3028], [116.9386, 43.2776]]]}}, {"type": "Feature", "properties": {"NAME_CH": "库尔察汉泊"}, "geometry": {"type": "Polygon", "coordinates": [[[114.8317, 43.3639], [114.7819, 43.3756], [114.772, 43.3649], [114.7579, 43.3849], [114.7787, 43.4086], [114.8101, 43.3942], [114.8167, 43.4109], [114.867, 43.4156], [114.905, 43.4464], [114.9566, 43.4436], [114.9875, 43.4126], [114.9312, 43.4056], [114.9092, 43.3849], [114.8317, 43.3639]]]}}, {"type": "Feature", "properties": {"NAME_CH": ""}, "geometry": {"type": "Polygon", "coordinates": [[[115.002, 43.4729], [114.991, 43.4645], [115.0387, 43.4541], [115.0257, 43.4118], [114.9601, 43.4624], [114.969, 43.4753], [115.002, 43.4729]]]}}, {"type": "Feature", "properties": {"NAME_CH": ""}, "geometry": {"type": "MultiPolygon", "coordinates": []}}, {"type": "Feature", "properties": {"NAME_CH": "日月池"}, "geometry": {"type": "Polygon", "coordinates": [[[123.9663, 45.755], [124.0418, 45.7162], [124.0314, 45.7066], [123.973, 45.7006], [123.9722, 45.675], [123.9485, 45.6907], [123.9627, 45.7136], [123.9418, 45.7101], [123.9111, 45.6801], [123.843, 45.6608], [123.9079, 45.6645], [123.8553, 45.6357], [123.8221, 45.6326], [123.8069, 45.6469], [123.8418, 45.6864], [123.8015, 45.7027], [123.8119, 45.7311], [123.8604, 45.7164], [123.853, 45.7433], [123.8839, 45.7599], [123.8814, 45.7464], [123.9747, 45.7342], [123.9663, 45.755]]]}}, {"type": "Feature", "properties": {"NAME_CH": "布雨尔湖"}, "geometry": {"type": "Polygon", "coordinates": [[[117.8054, 47.9669], [117.8017, 47.9822], [117.828, 47.9063], [117.877, 47.8857], [117.8644, 47.7938], [117.6514, 47.6584], [117.5679, 47.6414], [117.5587, 47.6518], [117.593, 47.6845], [117.5343, 47.6907], [117.5424, 47.7161], [117.5247, 47.7169], [117.5134, 47.7566], [117.493, 47.758], [117.5118, 47.7703], [117.5038, 47.7831], [117.7158, 47.9658], [117.8054, 47.9669]]]}}, {"type": "Feature", "properties": {"NAME_CH": "图门江"}, "geometry": {"type": "Polygon", "coordinates": [[[130.2209, 42.7905], [130.2668, 42.9023], [130.2699, 42.8775], [130.2414, 42.822], [130.2492, 42.7193], [130.2737, 42.705], [130.3295, 42.6473], [130.3694, 42.6337], [130.3824, 42.6029], [130.4242, 42.6125], [130.4393, 42.6076], [130.4213, 42.5768], [130.4386, 42.5483], [130.4739, 42.5641], [130.4557, 42.5974], [130.4686, 42.6175], [130.4971, 42.6295], [130.5215, 42.6197], [130.5151, 42.5849], [130.5342, 42.5456], [130.5629, 42.4904], [130.5892, 42.4854], [130.5718, 42.439], [130.6215, 42.4285], [130.6561, 42.404], [130.6742, 42.3717], [130.65, 42.3451], [130.6918, 42.2917], [130.6647, 42.2991], [130.6455, 42.3362], [130.6657, 42.3781], [130.6437, 42.408], [130.5634, 42.4345], [130.5615, 42.481], [130.5098, 42.5817], [130.5148, 42.6048], [130.4788, 42.6135], [130.4628, 42.5992], [130.4791, 42.5565], [130.4535, 42.5434], [130.4274, 42.5481], [130.4109, 42.5672], [130.4257, 42.6044], [130.3799, 42.5965], [130.2386, 42.715], [130.2209, 42.7905]]]}}, {"type": "Feature", "properties": {"NAME_CH": "郎布池"}, "geometry": {"type": "Polygon", "coordinates": [[[83.3811, 31.4329], [83.2868, 31.4441], [83.2688, 31.4667], [83.2352, 31.4495], [83.1457, 31.4464], [83.0807, 31.5243], [83.0406, 31.5367], [83.0345, 31.5046], [82.9716, 31.5077], [82.9599, 31.4878], [82.8936, 31.508], [82.8603, 31.5391], [82.833, 31.5376], [82.8165, 31.5771], [82.8377, 31.5811], [82.84, 31.5958], [82.898, 31.571], [82.9766, 31.5732], [82.9831, 31.5824], [82.9475, 31.6006], [82.9463, 31.6256], [82.9216, 31.6127], [82.9112, 31.6352], [82.962, 31.6506], [83.0033, 31.6435], [83.0255, 31.6305], [83.016, 31.6147], [83.0527, 31.6095], [83.0548, 31.64], [83.1134, 31.6534], [83.1302, 31.6139], [83.0872, 31.5967], [83.1183, 31.5913], [83.1385, 31.6079], [83.1599, 31.572], [83.2012, 31.5717], [83.2266, 31.5344], [83.2788, 31.5276], [83.3025, 31.4898], [83.3811, 31.4329]]]}}, {"type": "Feature", "properties": {"NAME_CH": "郎噶池"}, "geometry": {"type": "Polygon", "coordinates": [[[81.1339, 30.6252], [81.13, 30.6648], [81.1034, 30.6754], [81.1519, 30.693], [81.1439, 30.6734], [81.1781, 30.6813], [81.1756, 30.712], [81.2028, 30.7297], [81.1896, 30.7468], [81.2195, 30.8067], [81.1971, 30.8512], [81.2291, 30.8533], [81.2825, 30.8292], [81.3081, 30.8007], [81.2921, 30.7772], [81.2468, 30.7911], [81.2399, 30.7417], [81.3164, 30.67], [81.3256, 30.6212], [81.2689, 30.5907], [81.2453, 30.608], [81.2471, 30.5947], [81.2322, 30.5943], [81.2128, 30.6256], [81.1952, 30.6073], [81.1339, 30.6252]]]}}, {"type": "Feature", "properties": {"NAME_CH": "马品木达赖池"}, "geometry": {"type": "Polygon", "coordinates": [[[81.6047, 30.6907], [81.4374, 30.5647], [81.3689, 30.5954], [81.377, 30.7749], [81.4572, 30.7885], [81.5464, 30.7718], [81.6065, 30.7373], [81.6047, 30.6907]]]}}, {"type": "Feature", "properties": {"NAME_CH": ""}, "geometry": {"type": "Polygon", "coordinates": [[[81.2973, 30.7933], [81.3711, 30.7661], [81.3326, 30.7715], [81.2973, 30.7933]]]}}, {"type": "Feature", "properties": {"NAME_CH": ""}, "geometry": {"type": "Polygon", "coordinates": [[[84.0064, 30.5229], [84.0461, 30.5074], [84.0915, 30.4509], [84.0767, 30.3254], [84.0525, 30.3733], [84.0573, 30.4025], [84.0323, 30.4178], [84.0341, 30.4548], [84.0064, 30.5229]]]}}, {"type": "Feature", "properties": {"NAME_CH": "打鲁克雨木撮池"}, "geometry": {"type": "Polygon", "coordinates": [[[84.0721, 31.0594], [84.0532, 31.0762], [83.9998, 31.0784], [83.9682, 31.0584], [83.933, 31.1232], [83.9308, 31.1485], [83.9462, 31.1479], [83.9406, 31.1965], [83.9788, 31.1952], [83.9998, 31.2129], [84.0814, 31.1819], [84.0927, 31.2034], [84.1193, 31.2088], [84.1916, 31.2036], [84.3164, 31.1809], [84.3254, 31.1663], [84.3127, 31.1264], [84.226, 31.0931], [84.2216, 31.069], [84.1856, 31.0509], [84.1438, 31.0758], [84.0721, 31.0594]]]}}, {"type": "Feature", "properties": {"NAME_CH": ""}, "geometry": {"type": "Polygon", "coordinates": [[[73.7125, 37.4239], [73.6238, 37.4305], [73.5649, 37.4557], [73.6483, 37.4505], [73.676, 37.465], [73.7858, 37.4407], [73.7125, 37.4239]]]}}, {"type": "Feature", "properties": {"NAME_CH": "库木浣"}, "geometry": {"type": "Polygon", "coordinates": [[[90.0499, 35.9892], [90.1119, 36.0166], [90.155, 36.0107], [90.152, 35.9895], [90.1868, 35.9693], [90.0499, 35.9892]]]}}, {"type": "Feature", "properties": {"NAME_CH": "图尔库勒海"}, "geometry": {"type": "Polygon", "coordinates": [[[94.2581, 43.3613], [94.2054, 43.3968], [94.1594, 43.4027], [94.1953, 43.4153], [94.2601, 43.399], [94.2761, 43.3801], [94.2581, 43.3613]]]}}, {"type": "Feature", "properties": {"NAME_CH": "托逊池"}, "geometry": {"type": "Polygon", "coordinates": [[[98.6203, 35.2241], [98.5476, 35.2545], [98.5053, 35.2498], [98.5023, 35.2822], [98.3458, 35.3542], [98.4694, 35.3819], [98.5184, 35.3527], [98.5515, 35.3101], [98.7043, 35.2876], [98.7041, 35.2379], [98.6854, 35.2209], [98.6203, 35.2241]]]}}, {"type": "Feature", "properties": {"NAME_CH": "阿拉克池"}, "geometry": {"type": "Polygon", "coordinates": [[[97.1889, 35.5891], [97.1947, 35.5457], [97.1521, 35.558], [97.1226, 35.5453], [97.0721, 35.5672], [97.0915, 35.5965], [97.1889, 35.5891]]]}}, {"type": "Feature", "properties": {"NAME_CH": "达布逊淖尔"}, "geometry": {"type": "Polygon", "coordinates": [[[95.2397, 36.8836], [95.1808, 36.9421], [95.0751, 37.0074], [94.9189, 37.0451], [95.0015, 37.092], [95.0733, 37.0945], [95.196, 37.0563], [95.2511, 37.0114], [95.288, 37.0183], [95.2863, 36.8601], [95.2397, 36.8836]]]}}, {"type": "Feature", "properties": {"NAME_CH": ""}, "geometry": {"type": "Polygon", "coordinates": [[[94.3263, 38.2383], [94.2895, 38.2219], [94.2557, 38.1923], [94.2924, 38.2646], [94.3263, 38.2383]]]}}, {"type": "Feature", "properties": {"NAME_CH": "巴哈柴达淖尔"}, "geometry": {"type": "Polygon", "coordinates": [[[95.4338, 37.5064], [95.4898, 37.5337], [95.5484, 37.5208], [95.5739, 37.5032], [95.5779, 37.4776], [95.4902, 37.4576], [95.4299, 37.4904], [95.4338, 37.5064]]]}}, {"type": "Feature", "properties": {"NAME_CH": ""}, "geometry": {"type": "Polygon", "coordinates": [[[96.9488, 37.3002], [96.9219, 37.2707], [96.9243, 37.2494], [96.8396, 37.2446], [96.8552, 37.277], [96.8476, 37.3329], [96.9488, 37.3002]]]}}, {"type": "Feature", "properties": {"NAME_CH": "额勒苏池"}, "geometry": {"type": "Polygon", "coordinates": [[[96.8716, 37.2069], [96.8923, 37.204], [96.8694, 37.2198], [96.9246, 37.2137], [96.9809, 37.1834], [96.9921, 37.1555], [97.0312, 37.1354], [97.0398, 37.1064], [97.0066, 37.113], [97.0087, 37.0999], [96.9791, 37.0904], [96.8829, 37.0888], [96.8501, 37.0761], [96.8552, 37.0596], [96.8385, 37.0627], [96.8646, 37.1112], [96.864, 37.1946], [96.8838, 37.1986], [96.8716, 37.2069]]]}}, {"type": "Feature", "properties": {"NAME_CH": "青海"}, "geometry": {"type": "Polygon", "coordinates": [[[100.0504, 37.1936], [100.1729, 37.1999], [100.2239, 37.189], [100.2732, 37.2163], [100.3787, 37.0982], [100.4781, 37.0253], [100.5278, 36.9158], [100.5848, 36.8555], [100.6599, 36.8627], [100.699, 36.8509], [100.7063, 36.8688], [100.7443, 36.8403], [100.7526, 36.7807], [100.7341, 36.7656], [100.6933, 36.7671], [100.7438, 36.7011], [100.7313, 36.6123], [100.698, 36.5535], [100.5472, 36.5669], [100.4357, 36.6208], [100.449, 36.6488], [100.4809, 36.6536], [100.3855, 36.6486], [100.3872, 36.6697], [100.1569, 36.6318], [99.9822, 36.6599], [99.9114, 36.7205], [99.7902, 36.7285], [99.7819, 36.767], [99.7993, 36.8013], [99.7883, 36.8261], [99.7123, 36.8439], [99.6115, 36.913], [99.6169, 36.9526], [99.6554, 36.9819], [99.6986, 36.975], [99.7204, 36.9509], [99.8299, 36.9519], [99.8521, 37.0194], [99.8362, 37.0189], [99.8287, 37.052], [99.7496, 37.1187], [99.7529, 37.1655], [99.7758, 37.1984], [99.9308, 37.2235], [99.9675, 37.2427], [100.0504, 37.1936]]]}}, {"type": "Feature", "properties": {"NAME_CH": "洱海"}, "geometry": {"type": "Polygon", "coordinates": [[[100.2323, 25.6037], [100.2038, 25.7084], [100.1583, 25.7468], [100.1424, 25.7925], [100.1564, 25.8745], [100.1442, 25.8583], [100.0999, 25.9312], [100.1018, 25.9436], [100.1368, 25.9286], [100.1459, 25.9645], [100.2124, 25.9025], [100.2118, 25.8403], [100.2284, 25.8169], [100.2187, 25.7675], [100.2368, 25.7078], [100.2591, 25.7144], [100.2902, 25.6632], [100.2655, 25.6116], [100.2323, 25.6037]]]}}, {"type": "Feature", "properties": {"NAME_CH": ""}, "geometry": {"type": "Polygon", "coordinates": [[[97.9057, 24.0155], [97.8756, 23.9745], [97.8576, 23.9722], [97.8535, 23.9512], [97.8192, 23.9297], [97.7876, 23.9258], [97.7885, 23.9106], [97.7548, 23.8863], [97.6926, 23.8675], [97.6859, 23.853], [97.6294, 23.8196], [97.6591, 23.8551], [97.7228, 23.8795], [97.7851, 23.9324], [97.847, 23.9519], [97.8494, 23.973], [97.9057, 24.0155]]]}}, {"type": "Feature", "properties": {"NAME_CH": "异龙湖"}, "geometry": {"type": "Polygon", "coordinates": [[[102.6232, 23.6594], [102.6102, 23.6462], [102.5774, 23.6608], [102.5413, 23.6488], [102.5282, 23.673], [102.5213, 23.6607], [102.4955, 23.6769], [102.523, 23.7006], [102.5814, 23.6891], [102.6232, 23.6594]]]}}, {"type": "Feature", "properties": {"NAME_CH": ""}, "geometry": {"type": "Polygon", "coordinates": [[[102.8066, 24.3812], [102.7941, 24.2892], [102.7561, 24.3101], [102.7567, 24.3455], [102.7852, 24.3856], [102.8066, 24.3812]]]}}, {"type": "Feature", "properties": {"NAME_CH": "抚仙湖"}, "geometry": {"type": "Polygon", "coordinates": [[[102.9391, 24.5204], [102.9079, 24.5074], [102.8993, 24.4223], [102.87, 24.3634], [102.8389, 24.3534], [102.8205, 24.397], [102.8637, 24.4688], [102.8409, 24.5493], [102.8446, 24.6209], [102.9393, 24.6244], [102.9528, 24.5694], [102.9391, 24.5204]]]}}, {"type": "Feature", "properties": {"NAME_CH": "滇池"}, "geometry": {"type": "Polygon", "coordinates": [[[102.6876, 24.6969], [102.649, 24.6688], [102.5977, 24.6964], [102.6148, 24.7229], [102.6028, 24.7838], [102.6169, 24.7741], [102.6514, 24.7886], [102.6649, 24.852], [102.6217, 24.9904], [102.6677, 25.0329], [102.6473, 25.0003], [102.6517, 24.9627], [102.6806, 24.9621], [102.6892, 24.9245], [102.7072, 24.9389], [102.7837, 24.8625], [102.7521, 24.7817], [102.7076, 24.7709], [102.688, 24.7436], [102.6727, 24.7029], [102.6876, 24.6969]]]}}, {"type": "Feature", "properties": {"NAME_CH": "太白湖"}, "geometry": {"type": "Polygon", "coordinates": [[[115.824, 29.9642], [115.8074, 29.9326], [115.7808, 29.9349], [115.7576, 29.9606], [115.7742, 29.9835], [115.7824, 29.9702], [115.8074, 29.973], [115.7766, 30.0033], [115.7998, 30.0197], [115.8225, 29.9822], [115.857, 29.9787], [115.824, 29.9642]]]}}, {"type": "Feature", "properties": {"NAME_CH": "湋源湖"}, "geometry": {"type": "Polygon", "coordinates": [[[115.0524, 30.1048], [114.9729, 30.0773], [114.9723, 30.1032], [114.9864, 30.0984], [114.9752, 30.12], [114.9786, 30.1297], [114.9929, 30.107], [115.0217, 30.1091], [115.0098, 30.1343], [115.0288, 30.1323], [115.0257, 30.1174], [115.046, 30.1385], [115.0307, 30.113], [115.055, 30.1339], [115.0527, 30.1167], [115.0651, 30.1151], [115.0907, 30.1296], [115.1269, 30.097], [115.0986, 30.1292], [115.1137, 30.132], [115.1243, 30.1136], [115.1309, 30.1347], [115.133, 30.1101], [115.1515, 30.1106], [115.1645, 30.1171], [115.1386, 30.1246], [115.1451, 30.1357], [115.1753, 30.1341], [115.1819, 30.1486], [115.1914, 30.1352], [115.1811, 30.1288], [115.2131, 30.1164], [115.1626, 30.0927], [115.1626, 30.0736], [115.0686, 30.0742], [115.0572, 30.0905], [115.0543, 30.0774], [115.0524, 30.1048]]]}}, {"type": "Feature", "properties": {"NAME_CH": ""}, "geometry": {"type": "Polygon", "coordinates": [[[113.4352, 30.8395], [113.4527, 30.8046], [113.4643, 30.8069], [113.4668, 30.7808], [113.4808, 30.7977], [113.497, 30.7828], [113.5022, 30.7424], [113.4764, 30.7426], [113.476, 30.7587], [113.4527, 30.7624], [113.4439, 30.8036], [113.4207, 30.8086], [113.4352, 30.8395]]]}}, {"type": "Feature", "properties": {"NAME_CH": "长湖"}, "geometry": {"type": "Polygon", "coordinates": [[[112.2595, 30.4311], [112.3226, 30.384], [112.3326, 30.4272], [112.3437, 30.4133], [112.3555, 30.4204], [112.3559, 30.4474], [112.3718, 30.4389], [112.3799, 30.458], [112.4184, 30.4334], [112.4046, 30.4569], [112.4333, 30.4475], [112.4018, 30.4755], [112.4087, 30.4869], [112.3934, 30.4777], [112.382, 30.5024], [112.4039, 30.4952], [112.3876, 30.5266], [112.4292, 30.5026], [112.4241, 30.4876], [112.4335, 30.4675], [112.4309, 30.4941], [112.4528, 30.5001], [112.4654, 30.5288], [112.4685, 30.4935], [112.4513, 30.4818], [112.4607, 30.4661], [112.4899, 30.4761], [112.4846, 30.4868], [112.5002, 30.4771], [112.4846, 30.4552], [112.4963, 30.4547], [112.5102, 30.4057], [112.4945, 30.3936], [112.4825, 30.4119], [112.4721, 30.3986], [112.4527, 30.4172], [112.4019, 30.4089], [112.3804, 30.4207], [112.3778, 30.3978], [112.3508, 30.3765], [112.3197, 30.3729], [112.2745, 30.3862], [112.2437, 30.424], [112.2095, 30.3981], [112.203, 30.4159], [112.2595, 30.4311]]]}}, {"type": "Feature", "properties": {"NAME_CH": "沅江"}, "geometry": {"type": "Polygon", "coordinates": [[[110.1677, 28.018], [110.139, 28.0186], [110.1485, 28.0529], [110.1069, 28.076], [110.1084, 28.1006], [110.1646, 28.1142], [110.1526, 28.0984], [110.1099, 28.093], [110.1547, 28.0499], [110.1457, 28.0217], [110.1677, 28.018]]]}}, {"type": "Feature", "properties": {"NAME_CH": ""}, "geometry": {"type": "Polygon", "coordinates": [[[110.1222, 28.073], [110.1134, 28.0762], [110.108, 28.0884], [110.1222, 28.073]]]}}, {"type": "Feature", "properties": {"NAME_CH": ""}, "geometry": {"type": "Polygon", "coordinates": [[[111.608, 29.0191], [111.6129, 29.0158], [111.6104, 29.011], [111.608, 29.0191]]]}}, {"type": "Feature", "properties": {"NAME_CH": ""}, "geometry": {"type": "Polygon", "coordinates": [[[111.5374, 29.0175], [111.5433, 29.0128], [111.538, 29.009], [111.5374, 29.0175]]]}}, {"type": "Feature", "properties": {"NAME_CH": ""}, "geometry": {"type": "Polygon", "coordinates": [[[111.5279, 28.9664], [111.5309, 28.9608], [111.5291, 28.9602], [111.5279, 28.9664]]]}}, {"type": "Feature", "properties": {"NAME_CH": ""}, "geometry": {"type": "Polygon", "coordinates": [[[111.5198, 28.9363], [111.5199, 28.9578], [111.5225, 28.9594], [111.5259, 28.9488], [111.5198, 28.9363]]]}}, {"type": "Feature", "properties": {"NAME_CH": ""}, "geometry": {"type": "Polygon", "coordinates": [[[111.4917, 28.8873], [111.4842, 28.8829], [111.4903, 28.8947], [111.4917, 28.8873]]]}}, {"type": "Feature", "properties": {"NAME_CH": ""}, "geometry": {"type": "Polygon", "coordinates": [[[111.4703, 28.83], [111.4654, 28.8324], [111.4707, 28.8353], [111.4703, 28.83]]]}}, {"type": "Feature", "properties": {"NAME_CH": ""}, "geometry": {"type": "Polygon", "coordinates": [[[111.397, 28.7851], [111.4084, 28.7931], [111.4204, 28.7938], [111.4084, 28.7858], [111.397, 28.7851]]]}}, {"type": "Feature", "properties": {"NAME_CH": ""}, "geometry": {"type": "Polygon", "coordinates": [[[111.3531, 28.7504], [111.348, 28.753], [111.3537, 28.7548], [111.3531, 28.7504]]]}}, {"type": "Feature", "properties": {"NAME_CH": ""}, "geometry": {"type": "Polygon", "coordinates": [[[118.649, 24.8555], [118.6277, 24.8688], [118.5863, 24.8787], [118.5658, 24.9036], [118.5496, 24.9456], [118.5227, 24.9445], [118.5038, 24.9609], [118.5529, 24.9483], [118.5891, 24.8828], [118.6269, 24.8807], [118.649, 24.8555]]]}}, {"type": "Feature", "properties": {"NAME_CH": ""}, "geometry": {"type": "Polygon", "coordinates": [[[117.6449, 24.5012], [117.6707, 24.4887], [117.6953, 24.4962], [117.7351, 24.4818], [117.7607, 24.4894], [117.777, 24.4828], [117.7352, 24.4772], [117.6931, 24.4911], [117.6708, 24.4848], [117.6449, 24.5012]]]}}, {"type": "Feature", "properties": {"NAME_CH": ""}, "geometry": {"type": "Polygon", "coordinates": [[[117.7188, 24.5543], [117.7186, 24.5742], [117.6869, 24.6027], [117.6815, 24.6203], [117.6863, 24.6381], [117.6552, 24.6355], [117.6226, 24.6488], [117.6235, 24.6568], [117.687, 24.6424], [117.6922, 24.6021], [117.7214, 24.5782], [117.7203, 24.5602], [117.7616, 24.5534], [117.7819, 24.5285], [117.789, 24.4973], [117.7576, 24.5511], [117.7188, 24.5543]]]}}, {"type": "Feature", "properties": {"NAME_CH": ""}, "geometry": {"type": "Polygon", "coordinates": [[[119.6494, 26.9073], [119.7399, 26.7706], [119.7357, 26.7271], [119.6787, 26.7605], [119.6901, 26.8061], [119.6631, 26.8803], [119.6364, 26.905], [119.6595, 26.9319], [119.6523, 26.9507], [119.6663, 26.9915], [119.7161, 27.0012], [119.7002, 26.9856], [119.6707, 26.9888], [119.6655, 26.9286], [119.6494, 26.9073]]]}}, {"type": "Feature", "properties": {"NAME_CH": "韩江"}, "geometry": {"type": "Polygon", "coordinates": [[[116.464, 23.8937], [116.4959, 24.0608], [116.5, 24.0], [116.48, 23.9723], [116.4861, 23.9419], [116.4694, 23.8973], [116.4934, 23.8836], [116.5366, 23.8118], [116.5554, 23.8099], [116.5794, 23.7507], [116.6473, 23.6893], [116.655, 23.6505], [116.637, 23.632], [116.6724, 23.6125], [116.7071, 23.5773], [116.7813, 23.4824], [116.8198, 23.4595], [116.8555, 23.4634], [116.8649, 23.4513], [116.8045, 23.4561], [116.6289, 23.634], [116.6492, 23.6044], [116.6556, 23.5522], [116.6867, 23.5633], [116.7005, 23.5525], [116.7173, 23.4761], [116.7921, 23.4389], [116.8079, 23.4242], [116.8118, 23.4386], [116.8077, 23.3795], [116.7995, 23.4286], [116.7028, 23.4692], [116.6969, 23.548], [116.6584, 23.5457], [116.6508, 23.5544], [116.643, 23.6053], [116.6196, 23.6232], [116.6204, 23.6354], [116.6503, 23.6499], [116.647, 23.6773], [116.5772, 23.7479], [116.5558, 23.8002], [116.5306, 23.8111], [116.4897, 23.8817], [116.464, 23.8937]]]}}, {"type": "Feature", "properties": {"NAME_CH": ""}, "geometry": {"type": "Polygon", "coordinates": [[[116.3184, 23.5357], [116.2475, 23.5216], [116.2633, 23.5304], [116.2549, 23.5404], [116.255, 23.5459], [116.3409, 23.5396], [116.3841, 23.5273], [116.3878, 23.5084], [116.4079, 23.5182], [116.4194, 23.4775], [116.4517, 23.5071], [116.4333, 23.5441], [116.439, 23.5488], [116.4564, 23.5072], [116.471, 23.5093], [116.4905, 23.4957], [116.4636, 23.4496], [116.5371, 23.4357], [116.5514, 23.4136], [116.547, 23.3857], [116.5207, 23.4349], [116.4582, 23.4418], [116.4794, 23.4995], [116.4195, 23.469], [116.4046, 23.5119], [116.3853, 23.5019], [116.3804, 23.5198], [116.3184, 23.5357]]]}}, {"type": "Feature", "properties": {"NAME_CH": "东江"}, "geometry": {"type": "Polygon", "coordinates": [[[113.5157, 23.0494], [113.5462, 23.0857], [113.5998, 23.1075], [113.6422, 23.1091], [113.7265, 23.1506], [113.7556, 23.1316], [113.8099, 23.133], [113.873, 23.1062], [113.8997, 23.1195], [113.9721, 23.1146], [114.0166, 23.0874], [114.0445, 23.1046], [114.0844, 23.1017], [114.1118, 23.0509], [114.1999, 23.1162], [114.2316, 23.1254], [114.2315, 23.1403], [114.26, 23.1585], [114.3083, 23.1636], [114.3443, 23.1502], [114.3477, 23.1379], [114.3658, 23.1465], [114.383, 23.144], [114.419, 23.1005], [114.4577, 23.1839], [114.4835, 23.1844], [114.5169, 23.1594], [114.5498, 23.1705], [114.5978, 23.1638], [114.5803, 23.212], [114.5543, 23.2289], [114.5726, 23.2621], [114.5275, 23.2943], [114.5166, 23.3234], [114.5018, 23.3186], [114.4999, 23.3236], [114.504, 23.3641], [114.5478, 23.4009], [114.5064, 23.3582], [114.5021, 23.3252], [114.5191, 23.3296], [114.5308, 23.2997], [114.577, 23.2659], [114.5612, 23.2307], [114.581, 23.2182], [114.6083, 23.1758], [114.5991, 23.154], [114.5502, 23.1666], [114.5169, 23.1518], [114.4749, 23.1809], [114.4442, 23.1205], [114.4141, 23.0935], [114.3738, 23.1428], [114.3462, 23.1296], [114.3102, 23.1563], [114.2614, 23.1565], [114.237, 23.1412], [114.2364, 23.1235], [114.1183, 23.0458], [114.1005, 23.0538], [114.0731, 23.0979], [114.04, 23.0978], [114.0254, 23.078], [113.9725, 23.1113], [113.9323, 23.1022], [113.9044, 23.114], [113.7694, 23.0744], [113.8565, 23.1109], [113.7227, 23.1367], [113.6385, 23.0987], [113.6361, 23.0748], [113.6044, 23.0587], [113.5916, 23.002], [113.5523, 22.9632], [113.5955, 23.0624], [113.6278, 23.0804], [113.634, 23.1064], [113.5505, 23.0822], [113.5264, 23.0433], [113.5157, 23.0494]]]}}, {"type": "Feature", "properties": {"NAME_CH": "盱江"}, "geometry": {"type": "Polygon", "coordinates": [[[116.0863, 28.2663], [116.1537, 28.228], [116.1655, 28.1933], [116.2062, 28.1862], [116.2182, 28.1678], [116.2158, 28.1314], [116.2448, 28.0929], [116.3117, 28.0771], [116.3268, 28.0425], [116.3173, 28.0149], [116.3504, 28.0187], [116.3699, 27.9889], [116.426, 27.9627], [116.4745, 27.9208], [116.5368, 27.9186], [116.5596, 27.9035], [116.5654, 27.8825], [116.6173, 27.8539], [116.6115, 27.8258], [116.6235, 27.8014], [116.6511, 27.7876], [116.6565, 27.7731], [116.6503, 27.7581], [116.6311, 27.7466], [116.6366, 27.7186], [116.6217, 27.7051], [116.6056, 27.7035], [116.598, 27.6783], [116.6441, 27.6553], [116.6604, 27.6034], [116.6278, 27.4964], [116.6, 27.4517], [116.6542, 27.599], [116.6353, 27.6537], [116.5939, 27.6747], [116.5947, 27.7017], [116.6291, 27.7166], [116.624, 27.7432], [116.6495, 27.7685], [116.6444, 27.788], [116.6201, 27.7973], [116.6071, 27.8226], [116.6121, 27.8494], [116.5657, 27.8763], [116.5371, 27.9156], [116.4789, 27.9153], [116.3678, 27.9857], [116.3522, 28.0126], [116.3163, 28.0092], [116.3067, 28.0746], [116.2503, 28.0824], [116.2077, 28.1303], [116.2034, 28.1822], [116.1626, 28.1863], [116.1527, 28.2211], [116.0863, 28.2663]]]}}, {"type": "Feature", "properties": {"NAME_CH": "青岚湖"}, "geometry": {"type": "Polygon", "coordinates": [[[116.1098, 28.538], [116.1205, 28.5636], [116.1876, 28.5737], [116.2341, 28.6139], [116.2434, 28.5955], [116.2274, 28.5846], [116.2548, 28.5805], [116.2598, 28.57], [116.2326, 28.5741], [116.2586, 28.5492], [116.2381, 28.5194], [116.2213, 28.5761], [116.2144, 28.5433], [116.2002, 28.5582], [116.1811, 28.544], [116.179, 28.5182], [116.1679, 28.5398], [116.1481, 28.5203], [116.2022, 28.4718], [116.1892, 28.4659], [116.1919, 28.436], [116.2566, 28.4367], [116.2343, 28.4316], [116.2484, 28.402], [116.2223, 28.4249], [116.1927, 28.4126], [116.1544, 28.4725], [116.1491, 28.4507], [116.1441, 28.4801], [116.125, 28.4604], [116.1327, 28.4503], [116.1186, 28.4496], [116.149, 28.4317], [116.1613, 28.3951], [116.1491, 28.3891], [116.1402, 28.4255], [116.1188, 28.4285], [116.1066, 28.4543], [116.1222, 28.5044], [116.1349, 28.4921], [116.1217, 28.5301], [116.1335, 28.526], [116.1446, 28.5488], [116.1098, 28.538]]]}}, {"type": "Feature", "properties": {"NAME_CH": "军山湖"}, "geometry": {"type": "Polygon", "coordinates": [[[116.3159, 28.4172], [116.3295, 28.4431], [116.3131, 28.4482], [116.341, 28.4619], [116.3074, 28.4855], [116.2793, 28.462], [116.2992, 28.5011], [116.2709, 28.4824], [116.2863, 28.5217], [116.2591, 28.5048], [116.255, 28.5189], [116.2831, 28.5243], [116.2622, 28.5349], [116.2866, 28.5467], [116.2918, 28.5325], [116.2985, 28.5676], [116.2843, 28.5875], [116.2769, 28.5559], [116.2767, 28.6107], [116.3134, 28.6346], [116.3619, 28.606], [116.336, 28.5846], [116.3391, 28.5742], [116.3496, 28.5869], [116.3456, 28.5559], [116.3751, 28.5854], [116.3624, 28.5514], [116.4029, 28.5908], [116.3861, 28.5458], [116.4201, 28.5735], [116.4117, 28.5424], [116.4332, 28.552], [116.4291, 28.5295], [116.4472, 28.5401], [116.467, 28.5216], [116.4442, 28.5177], [116.4796, 28.5025], [116.4651, 28.4907], [116.4707, 28.4513], [116.4447, 28.4834], [116.4554, 28.4958], [116.433, 28.5117], [116.4308, 28.4976], [116.4096, 28.5027], [116.4219, 28.5157], [116.4102, 28.5269], [116.392, 28.5275], [116.3821, 28.5027], [116.3834, 28.5267], [116.3338, 28.5352], [116.3515, 28.4948], [116.3724, 28.5019], [116.3568, 28.4893], [116.3644, 28.4792], [116.3792, 28.4906], [116.4047, 28.4763], [116.3652, 28.4735], [116.3718, 28.4577], [116.3544, 28.459], [116.3505, 28.4419], [116.3455, 28.4533], [116.3352, 28.4255], [116.3705, 28.4229], [116.3977, 28.3979], [116.3159, 28.4172]]]}}, {"type": "Feature", "properties": {"NAME_CH": "艾拉克淖尔"}, "geometry": {"type": "Polygon", "coordinates": [[[85.7302, 45.9519], [85.8269, 45.9826], [85.8449, 45.9604], [85.7937, 45.9016], [85.7487, 45.8828], [85.7329, 45.8949], [85.7462, 45.9336], [85.7302, 45.9519]]]}}, {"type": "Feature", "properties": {"NAME_CH": ""}, "geometry": {"type": "Polygon", "coordinates": [[[139.0857, 53.1555], [139.1299, 53.1501], [139.1503, 53.1181], [139.1981, 53.1109], [139.2117, 53.0997], [139.2072, 53.0779], [139.2248, 53.0843], [139.2519, 53.0658], [139.2956, 53.0869], [139.2911, 53.0706], [139.3166, 53.0524], [139.1449, 53.0592], [139.1317, 53.0741], [139.1573, 53.0967], [139.1316, 53.1064], [139.1227, 53.1387], [139.0982, 53.1409], [139.0857, 53.1555]]]}}, {"type": "Feature", "properties": {"NAME_CH": ""}, "geometry": {"type": "Polygon", "coordinates": [[[136.5256, 51.372], [136.4521, 51.3872], [136.468, 51.4247], [136.4294, 51.4828], [136.4273, 51.5348], [136.5041, 51.5916], [136.5328, 51.5679], [136.5056, 51.5325], [136.579, 51.5091], [136.6005, 51.4593], [136.5796, 51.4153], [136.5256, 51.372]]]}}, {"type": "Feature", "properties": {"NAME_CH": "库楞湖"}, "geometry": {"type": "Polygon", "coordinates": [[[117.7712, 49.0779], [117.6417, 48.9529], [117.5802, 48.8691], [117.4581, 48.7807], [117.3451, 48.7489], [117.279, 48.7097], [117.278, 48.6734], [117.281, 48.6963], [117.3222, 48.7343], [117.3556, 48.7223], [117.3302, 48.6373], [117.3042, 48.6035], [117.2153, 48.5654], [117.1316, 48.5741], [117.1174, 48.5472], [117.0561, 48.5575], [117.0651, 48.5693], [117.1123, 48.5588], [117.1166, 48.5808], [117.1264, 48.5741], [117.1227, 48.6033], [117.1017, 48.5987], [117.1373, 48.613], [117.1189, 48.6339], [117.1594, 48.6286], [117.1542, 48.615], [117.1712, 48.6271], [117.1623, 48.6547], [117.1005, 48.6495], [117.1208, 48.6705], [117.0813, 48.6719], [117.0936, 48.7093], [117.0636, 48.7204], [117.0927, 48.7173], [117.1173, 48.6885], [117.1877, 48.6627], [117.1212, 48.6977], [117.1063, 48.7288], [117.0489, 48.7568], [117.0739, 48.7248], [116.997, 48.7955], [116.9712, 48.7998], [116.9998, 48.8067], [116.9751, 48.8503], [116.9952, 48.8771], [116.985, 48.8957], [117.0237, 48.9067], [117.0397, 48.8881], [117.1314, 48.9357], [117.1054, 48.9476], [117.1555, 48.9465], [117.1884, 48.9827], [117.2545, 49.0158], [117.3101, 49.0222], [117.3462, 49.1009], [117.4128, 49.1431], [117.4147, 49.1767], [117.4571, 49.1864], [117.52, 49.281], [117.5786, 49.3214], [117.7051, 49.3137], [117.6922, 49.3063], [117.7062, 49.2792], [117.6791, 49.2655], [117.6927, 49.2389], [117.6704, 49.2305], [117.6779, 49.2132], [117.6906, 49.2039], [117.7317, 49.2176], [117.7095, 49.2006], [117.7448, 49.2023], [117.7348, 49.1918], [117.782, 49.1854], [117.7986, 49.1681], [117.7712, 49.0779]]]}}, {"type": "Feature", "properties": {"NAME_CH": "西林穆丹河"}, "geometry": {"type": "Polygon", "coordinates": [[[129.2774, 51.9336], [129.3411, 51.9421], [129.332, 51.9615], [129.3485, 51.9941], [129.3539, 51.9389], [129.2861, 51.9296], [129.2914, 51.9215], [129.2415, 51.8746], [129.2095, 51.8554], [129.1925, 51.856], [129.1935, 51.8398], [129.1827, 51.828], [129.1606, 51.8233], [129.1572, 51.8033], [129.0962, 51.8003], [129.077, 51.76], [129.0604, 51.7647], [129.0347, 51.7872], [129.0069, 51.777], [129.0015, 51.781], [129.0335, 51.7924], [129.0737, 51.7636], [129.0849, 51.7997], [129.1515, 51.8052], [129.1528, 51.8244], [129.1804, 51.8338], [129.1857, 51.8567], [129.214, 51.8633], [129.2766, 51.9167], [129.2774, 51.9336]]]}}, {"type": "Feature", "properties": {"NAME_CH": ""}, "geometry": {"type": "Polygon", "coordinates": [[[129.4696, 52.1162], [129.4299, 52.0935], [129.4487, 52.06], [129.4436, 52.0312], [129.3746, 52.0098], [129.4347, 52.0607], [129.4221, 52.1019], [129.4576, 52.1133], [129.4248, 52.1146], [129.4543, 52.1446], [129.4345, 52.1673], [129.4839, 52.1689], [129.573, 52.2171], [129.6488, 52.229], [129.7068, 52.3259], [129.8946, 52.3405], [129.9004, 52.3684], [129.9301, 52.382], [129.9188, 52.3974], [129.9312, 52.433], [129.9501, 52.4406], [129.9683, 52.4276], [129.9398, 52.4175], [129.9571, 52.385], [129.9116, 52.3693], [129.9129, 52.341], [129.8442, 52.3153], [129.8227, 52.334], [129.7084, 52.3156], [129.6555, 52.2244], [129.582, 52.2121], [129.5363, 52.1828], [129.4584, 52.158], [129.4582, 52.1335], [129.4356, 52.1232], [129.4696, 52.1162]]]}}, {"type": "Feature", "properties": {"NAME_CH": "精奇哩江"}, "geometry": {"type": "Polygon", "coordinates": [[[127.3086, 53.7684], [127.2985, 53.7332], [127.1963, 53.6737], [127.0559, 53.6405], [127.0255, 53.5858], [127.0039, 53.5761], [127.0217, 53.5503], [127.0037, 53.5416], [126.9935, 53.5081], [126.9802, 53.5179], [126.9382, 53.505], [126.9652, 53.453], [126.9562, 53.4489], [126.9139, 53.455], [126.9108, 53.4502], [126.9321, 53.4378], [126.9306, 53.3951], [126.9862, 53.3734], [126.9974, 53.3428], [127.0327, 53.337], [127.0521, 53.3247], [127.0448, 53.2839], [127.1281, 53.2622], [127.1629, 53.2451], [127.1633, 53.1927], [127.2239, 53.1814], [127.2111, 53.1524], [127.276, 53.1219], [127.2681, 53.1208], [127.2001, 53.1548], [127.2177, 53.1795], [127.1592, 53.1893], [127.1513, 53.2434], [127.0242, 53.2859], [127.0454, 53.3227], [126.9888, 53.3391], [126.9741, 53.3721], [126.9071, 53.3992], [126.924, 53.4305], [126.9019, 53.4527], [126.9151, 53.4628], [126.9593, 53.4573], [126.9272, 53.5063], [127.0162, 53.5539], [126.9934, 53.5732], [127.0537, 53.6452], [127.1167, 53.6712], [127.1965, 53.6802], [127.2381, 53.7172], [127.2935, 53.7387], [127.3086, 53.7684]]]}}, {"type": "Feature", "properties": {"NAME_CH": "纽勒们河"}, "geometry": {"type": "Polygon", "coordinates": [[[129.9295, 49.7797], [129.8684, 49.785], [129.8457, 49.6963], [129.7401, 49.6369], [129.669, 49.6231], [129.5863, 49.5617], [129.5261, 49.5451], [129.5557, 49.5166], [129.5449, 49.5046], [129.5149, 49.5026], [129.536, 49.4903], [129.5066, 49.4656], [129.5077, 49.4471], [129.4847, 49.4475], [129.479, 49.5129], [129.5468, 49.515], [129.516, 49.5306], [129.5204, 49.5545], [129.6296, 49.6003], [129.6198, 49.6146], [129.6826, 49.6549], [129.6858, 49.6717], [129.7675, 49.6679], [129.7502, 49.7013], [129.8288, 49.7121], [129.8449, 49.7532], [129.8349, 49.7749], [129.8752, 49.7941], [129.955, 49.7882], [130.0635, 49.8358], [130.0523, 49.8937], [129.9932, 49.9352], [130.0069, 49.9529], [130.0577, 49.9608], [130.0583, 49.9795], [130.084, 49.9976], [130.0067, 50.0195], [129.9993, 50.0451], [130.0325, 50.0742], [130.1002, 50.0925], [130.1093, 50.1494], [130.121, 50.1546], [130.1352, 50.1328], [130.1536, 50.1401], [130.1395, 50.1717], [130.1905, 50.1813], [130.2185, 50.2051], [130.2683, 50.2233], [130.2926, 50.2631], [130.3308, 50.2924], [130.2715, 50.2188], [130.1942, 50.1734], [130.1463, 50.1706], [130.1688, 50.1302], [130.1608, 50.1165], [130.1216, 50.1239], [130.1155, 50.1469], [130.1137, 50.0917], [130.0266, 50.0612], [130.0119, 50.0258], [130.0817, 50.0115], [130.0919, 49.9905], [130.0774, 49.9611], [130.003, 49.9316], [130.0771, 49.8967], [130.0657, 49.8615], [130.076, 49.8387], [130.0127, 49.7983], [129.9295, 49.7797]]]}}, {"type": "Feature", "properties": {"NAME_CH": "巴噶泊"}, "geometry": {"type": "Polygon", "coordinates": [[[87.3357, 46.9951], [87.4806, 46.9808], [87.5307, 46.9445], [87.541, 46.9154], [87.4594, 46.8663], [87.3582, 46.8582], [87.3461, 46.9124], [87.3675, 46.9488], [87.3866, 46.9531], [87.3357, 46.9951]]]}}, {"type": "Feature", "properties": {"NAME_CH": "噶勒札尔巴什池"}, "geometry": {"type": "Polygon", "coordinates": [[[87.2877, 47.0463], [87.2512, 47.0277], [87.2416, 47.0844], [87.0898, 47.1761], [87.0265, 47.2534], [87.051, 47.3006], [87.1013, 47.3307], [87.3155, 47.3847], [87.4193, 47.4015], [87.4746, 47.3944], [87.5637, 47.4218], [87.5711, 47.3873], [87.5326, 47.3558], [87.5202, 47.3928], [87.515, 47.3457], [87.4786, 47.2824], [87.5146, 47.3073], [87.5284, 47.294], [87.5099, 47.2845], [87.5472, 47.2634], [87.5458, 47.244], [87.5232, 47.2344], [87.4839, 47.2454], [87.4648, 47.2746], [87.3948, 47.2456], [87.2808, 47.116], [87.2825, 47.0792], [87.2605, 47.0666], [87.2877, 47.0463]]]}}, {"type": "Feature", "properties": {"NAME_CH": "图斯池"}, "geometry": {"type": "Polygon", "coordinates": [[[78.0, 42.712], [78.1238, 42.7476], [78.1823, 42.7369], [78.2189, 42.7668], [78.2145, 42.7412], [78.242, 42.7691], [78.2339, 42.7437], [78.254, 42.7484], [78.2578, 42.7671], [78.2743, 42.7503], [78.3084, 42.7532], [78.3045, 42.7385], [78.2368, 42.7335], [78.2601, 42.7281], [78.2764, 42.7118], [78.2437, 42.7235], [78.2879, 42.6938], [78.2003, 42.7361], [78.1766, 42.6983], [78.1162, 42.6755], [78.0703, 42.6243], [78.0791, 42.6011], [78.1049, 42.5913], [78.2524, 42.5842], [78.3144, 42.607], [78.3224, 42.5879], [78.2772, 42.5668], [78.2365, 42.5691], [78.2383, 42.5507], [78.2203, 42.5689], [78.2011, 42.5673], [78.2067, 42.5502], [78.1775, 42.574], [78.1207, 42.5771], [78.0921, 42.5305], [78.0003, 42.4615], [77.9179, 42.4666], [77.8026, 42.4262], [77.792, 42.4095], [77.8021, 42.4001], [77.8707, 42.4009], [77.9174, 42.3745], [77.8459, 42.3635], [77.8008, 42.2998], [77.7363, 42.2627], [77.6848, 42.2094], [77.6324, 42.1859], [77.5426, 42.1815], [77.5176, 42.1548], [77.4337, 42.1747], [77.2925, 42.1771], [77.0607, 42.1549], [77.0405, 42.1578], [77.0373, 42.1734], [76.9528, 42.1884], [76.9299, 42.1636], [76.925, 42.1966], [76.827, 42.2131], [76.7401, 42.2574], [76.7189, 42.2596], [76.7086, 42.2432], [76.7014, 42.2644], [76.5906, 42.2675], [76.387, 42.3497], [76.2957, 42.3157], [76.2674, 42.3192], [76.2313, 42.3366], [76.2279, 42.3711], [76.2018, 42.3792], [76.2198, 42.4005], [76.1831, 42.4419], [76.3038, 42.4802], [76.4504, 42.4705], [76.481, 42.4823], [76.4867, 42.5003], [76.6153, 42.5107], [76.6436, 42.5559], [76.7477, 42.5677], [76.7778, 42.5912], [76.9471, 42.5989], [76.9936, 42.6201], [77.0283, 42.5989], [77.0621, 42.6388], [77.0748, 42.6283], [77.0977, 42.6448], [77.2209, 42.6393], [77.2501, 42.6683], [77.3276, 42.6819], [77.3752, 42.6853], [77.4229, 42.6598], [77.5189, 42.6536], [77.7941, 42.7339], [77.8369, 42.7179], [78.0, 42.712]]]}}, {"type": "Feature", "properties": {"NAME_CH": "必库勒池"}, "geometry": {"type": "Polygon", "coordinates": [[[70.757, 42.9688], [70.7164, 42.9608], [70.6484, 42.9975], [70.6581, 43.0364], [70.701, 43.0562], [70.655, 43.103], [70.726, 43.1172], [70.7359, 43.1018], [70.7211, 43.0329], [70.757, 42.9688]]]}}, {"type": "Feature", "properties": {"NAME_CH": "伊犁河"}, "geometry": {"type": "Polygon", "coordinates": [[[78.3737, 43.873], [78.6255, 43.8242], [78.6499, 43.8349], [78.7626, 43.8458], [78.8242, 43.8383], [78.8618, 43.8529], [79.1407, 43.8378], [79.2067, 43.8719], [79.2442, 43.8597], [79.2769, 43.8936], [79.3025, 43.9059], [79.3712, 43.9132], [79.4539, 43.9523], [79.4962, 43.9536], [79.5207, 43.9806], [79.5876, 43.9753], [79.683, 43.9316], [79.7179, 43.9325], [79.7329, 43.897], [79.7718, 43.8755], [79.8281, 43.8576], [79.8746, 43.8242], [79.9084, 43.8313], [79.924, 43.8247], [79.9212, 43.7984], [79.9612, 43.8268], [79.9869, 43.8114], [80.0043, 43.8196], [80.0435, 43.8169], [80.0391, 43.8002], [80.0725, 43.805], [80.0813, 43.7824], [80.0951, 43.8035], [80.1165, 43.8058], [80.1379, 43.7888], [80.1622, 43.8065], [80.1734, 43.8081], [80.1912, 43.7679], [80.2214, 43.777], [80.2582, 43.7628], [80.2646, 43.7792], [80.3087, 43.766], [80.3207, 43.7799], [80.4071, 43.7908], [80.4234, 43.8065], [80.4418, 43.7999], [80.4279, 43.7818], [80.46, 43.8009], [80.4794, 43.7878], [80.4885, 43.8122], [80.5112, 43.8216], [80.4941, 43.7857], [80.4704, 43.7795], [80.4627, 43.7959], [80.4219, 43.7791], [80.4343, 43.7966], [80.4215, 43.8022], [80.4071, 43.783], [80.321, 43.7757], [80.3135, 43.7621], [80.2744, 43.7756], [80.2675, 43.7571], [80.1702, 43.7706], [80.1708, 43.8034], [80.134, 43.7835], [80.0998, 43.8022], [80.0861, 43.7787], [80.0728, 43.7827], [80.0674, 43.8008], [80.0362, 43.7949], [80.0391, 43.8115], [80.0033, 43.8153], [79.9945, 43.7967], [79.9646, 43.8181], [79.9251, 43.7914], [79.9119, 43.8007], [79.9191, 43.8228], [79.8717, 43.82], [79.8397, 43.8323], [79.8246, 43.8534], [79.722, 43.8952], [79.7134, 43.9272], [79.6854, 43.9255], [79.5288, 43.9741], [79.5042, 43.9499], [79.4423, 43.9413], [79.418, 43.9202], [79.2867, 43.8932], [79.2483, 43.855], [79.2121, 43.8627], [79.1327, 43.8273], [78.8606, 43.843], [78.7932, 43.8336], [78.7531, 43.8404], [78.625, 43.8199], [78.5288, 43.8428], [78.4787, 43.8349], [78.3737, 43.873]]]}}, {"type": "Feature", "properties": {"NAME_CH": "伊犁河"}, "geometry": {"type": "Polygon", "coordinates": [[[76.7809, 44.2332], [76.6527, 44.3476], [76.6805, 44.3978], [76.7202, 44.3924], [76.7286, 44.4081], [76.6679, 44.4804], [76.6509, 44.5154], [76.6268, 44.5205], [76.6281, 44.5862], [76.5254, 44.6303], [76.5054, 44.653], [76.4909, 44.6511], [76.4601, 44.6624], [76.5132, 44.6554], [76.5331, 44.6327], [76.633, 44.5882], [76.6314, 44.5275], [76.6633, 44.5118], [76.7352, 44.4153], [76.7298, 44.3914], [76.6877, 44.3945], [76.6622, 44.3447], [76.7494, 44.2913], [76.7507, 44.2707], [76.7843, 44.2411], [76.8104, 44.2524], [76.8687, 44.2518], [76.8941, 44.2399], [76.8908, 44.2255], [76.9105, 44.2122], [76.9018, 44.1885], [76.9534, 44.1707], [76.9926, 44.122], [76.996, 44.049], [77.0235, 44.0153], [77.0224, 43.989], [76.9899, 44.0452], [76.9883, 44.1175], [76.9492, 44.166], [76.8948, 44.1884], [76.9026, 44.2139], [76.8835, 44.2263], [76.883, 44.2419], [76.8144, 44.2473], [76.7809, 44.2332]]]}}, {"type": "Feature", "properties": {"NAME_CH": "巴勒喀什池"}, "geometry": {"type": "Polygon", "coordinates": [[[74.0892, 45.0003], [74.08, 44.9835], [74.0111, 44.997], [73.9888, 45.0298], [74.0443, 45.0474], [74.0066, 45.0794], [74.0075, 45.1343], [74.0354, 45.1306], [73.998, 45.1578], [74.0081, 45.1675], [73.9607, 45.1942], [74.0182, 45.198], [74.0092, 45.216], [73.8703, 45.2176], [73.8711, 45.2375], [73.8558, 45.2428], [73.8692, 45.2517], [73.7844, 45.277], [73.7942, 45.2879], [73.7769, 45.295], [73.8058, 45.2928], [73.8252, 45.3095], [73.7015, 45.3523], [73.6984, 45.3623], [73.7477, 45.3487], [73.7717, 45.3515], [73.7241, 45.3587], [73.7281, 45.3697], [73.6799, 45.3868], [73.6421, 45.4552], [73.6576, 45.46], [73.6417, 45.4849], [73.5166, 45.5636], [73.4509, 45.5602], [73.4293, 45.5754], [73.4183, 45.6508], [73.4423, 45.6898], [73.4827, 45.6588], [73.5119, 45.6621], [73.5153, 45.6823], [73.4993, 45.6828], [73.5166, 45.7034], [73.5039, 45.7171], [73.5715, 45.7512], [73.5287, 45.739], [73.525, 45.7563], [73.5417, 45.7659], [73.4427, 45.7641], [73.4066, 45.7821], [73.4036, 45.8054], [73.4454, 45.8074], [73.4607, 45.8451], [73.4964, 45.8426], [73.5296, 45.803], [73.5529, 45.8127], [73.5673, 45.7861], [73.597, 45.8117], [73.5867, 45.8315], [73.5977, 45.8606], [73.6198, 45.8673], [73.5951, 45.8844], [73.6237, 45.8793], [73.6471, 45.9017], [73.6348, 45.9441], [73.6729, 45.9819], [73.6255, 45.9868], [73.6878, 46.0017], [73.7074, 45.9935], [73.6724, 45.9905], [73.7426, 45.9737], [73.7457, 45.9843], [73.7136, 45.9938], [73.732, 46.0066], [73.7281, 46.0326], [73.6513, 46.058], [73.6412, 46.0787], [73.6535, 46.1014], [73.6369, 46.0935], [73.6376, 46.0683], [73.6288, 46.1018], [73.6142, 46.0939], [73.6224, 46.1056], [73.6484, 46.108], [73.645, 46.1231], [73.626, 46.1226], [73.6244, 46.1459], [73.658, 46.1689], [73.7295, 46.1785], [73.7377, 46.2213], [73.682, 46.2342], [73.723, 46.2559], [73.7459, 46.2488], [73.7806, 46.303], [73.7561, 46.2355], [73.778, 46.2156], [73.7697, 46.2029], [73.8287, 46.1565], [73.8649, 46.2051], [73.898, 46.2116], [73.9531, 46.2055], [74.0047, 46.1765], [74.0582, 46.235], [74.0309, 46.2165], [73.9931, 46.2329], [73.9888, 46.2463], [74.0051, 46.2556], [73.9927, 46.2669], [73.9513, 46.2631], [73.9562, 46.2936], [73.9363, 46.3025], [73.9716, 46.3031], [73.9864, 46.3194], [73.9768, 46.3516], [74.0184, 46.3563], [74.025, 46.3904], [74.0421, 46.4091], [74.0548, 46.4021], [74.0782, 46.4391], [74.1379, 46.4505], [74.2212, 46.432], [74.2173, 46.4484], [74.2487, 46.4706], [74.3847, 46.5195], [74.3966, 46.5692], [74.5392, 46.5991], [74.552, 46.708], [74.5985, 46.7402], [74.5905, 46.7488], [74.6098, 46.7464], [74.6186, 46.7268], [74.6461, 46.7406], [74.6472, 46.7577], [74.6111, 46.7507], [74.6215, 46.7702], [74.6696, 46.753], [74.7173, 46.7707], [74.859, 46.7592], [74.8668, 46.8049], [74.9404, 46.7868], [74.9566, 46.8058], [74.9483, 46.8213], [74.9749, 46.8252], [74.9979, 46.8056], [74.9753, 46.7893], [74.9744, 46.7667], [75.0093, 46.761], [75.0372, 46.7848], [75.0176, 46.7756], [75.0232, 46.7921], [75.0611, 46.8065], [75.0504, 46.8236], [75.0754, 46.8396], [75.0964, 46.8346], [75.0904, 46.7919], [75.1363, 46.7501], [75.1818, 46.7532], [75.304, 46.6978], [75.3634, 46.6979], [75.5223, 46.718], [75.644, 46.7591], [75.6628, 46.7483], [75.6841, 46.7795], [75.714, 46.7789], [75.7538, 46.8029], [75.821, 46.7684], [75.8179, 46.7902], [75.8485, 46.7859], [75.841, 46.801], [75.8867, 46.8098], [75.8855, 46.8219], [75.8933, 46.807], [75.9046, 46.8284], [75.9465, 46.8284], [75.9736, 46.8104], [75.9271, 46.797], [75.9739, 46.7656], [75.9359, 46.7576], [76.015, 46.7589], [76.0372, 46.7959], [76.0702, 46.795], [76.0581, 46.7878], [76.0695, 46.7735], [76.0811, 46.7947], [76.1735, 46.8055], [76.2885, 46.7661], [76.3583, 46.7023], [76.3349, 46.7425], [76.3642, 46.7321], [76.3831, 46.7162], [76.3702, 46.6868], [76.3969, 46.6338], [76.4086, 46.6382], [76.3971, 46.6575], [76.4507, 46.6492], [76.5167, 46.6091], [76.5191, 46.6522], [76.5827, 46.6702], [76.7032, 46.6604], [76.7078, 46.6809], [76.7273, 46.6782], [76.7119, 46.6614], [76.7238, 46.6473], [76.7022, 46.649], [76.7012, 46.6344], [76.9235, 46.5498], [76.8812, 46.609], [76.8354, 46.63], [76.8278, 46.6539], [76.8066, 46.6549], [76.7877, 46.6782], [76.7456, 46.6806], [76.8361, 46.6862], [76.8854, 46.6379], [76.9317, 46.621], [76.9622, 46.6212], [76.9937, 46.6498], [77.0504, 46.6379], [77.1296, 46.56], [77.1053, 46.5465], [77.1485, 46.5341], [77.2359, 46.5488], [77.2383, 46.5775], [77.2843, 46.6103], [77.263, 46.6098], [77.2815, 46.6245], [77.3613, 46.613], [77.4712, 46.6394], [77.5196, 46.622], [77.6492, 46.6337], [77.5825, 46.6637], [77.6096, 46.6677], [77.672, 46.6385], [77.6656, 46.6509], [77.686, 46.6608], [77.7409, 46.6358], [77.7745, 46.6504], [77.8239, 46.6367], [77.8804, 46.6516], [77.93, 46.6196], [77.971, 46.6232], [78.0414, 46.5796], [78.0758, 46.5783], [78.0883, 46.5949], [78.078, 46.6016], [78.1255, 46.6086], [78.1642, 46.5507], [78.2157, 46.5402], [78.2376, 46.4735], [78.3088, 46.4437], [78.3341, 46.4598], [78.3137, 46.4914], [78.3391, 46.5008], [78.3556, 46.5294], [78.3282, 46.596], [78.3554, 46.6129], [78.3508, 46.6832], [78.3802, 46.6641], [78.362, 46.6189], [78.3893, 46.5909], [78.41, 46.5931], [78.3945, 46.6171], [78.4128, 46.6579], [78.4537, 46.6714], [78.4503, 46.6475], [78.4424, 46.6594], [78.4108, 46.6406], [78.4253, 46.6217], [78.4171, 46.6121], [78.4493, 46.5842], [78.492, 46.6331], [78.485, 46.6662], [78.5689, 46.7137], [78.5981, 46.7496], [78.7479, 46.7257], [78.8191, 46.6398], [78.7755, 46.6121], [78.834, 46.6229], [78.8833, 46.6101], [78.9312, 46.6365], [78.8404, 46.6657], [78.765, 46.7231], [78.7508, 46.7448], [78.7723, 46.7785], [78.8832, 46.7991], [78.9508, 46.7409], [79.0292, 46.7337], [79.0056, 46.7485], [79.0196, 46.769], [78.9906, 46.783], [79.017, 46.8174], [79.1247, 46.8051], [79.1621, 46.7785], [79.2569, 46.6489], [79.2321, 46.6455], [79.2342, 46.6202], [79.2096, 46.5874], [79.1938, 46.5839], [79.2025, 46.5945], [79.1876, 46.5992], [79.0487, 46.583], [79.0585, 46.5523], [79.0594, 46.5694], [79.0829, 46.564], [79.0916, 46.5173], [79.0753, 46.5021], [79.0614, 46.5462], [79.0591, 46.4976], [79.0343, 46.4455], [78.9458, 46.3791], [78.8625, 46.3598], [78.6812, 46.3885], [78.6251, 46.368], [78.537, 46.4092], [78.4734, 46.4069], [78.4198, 46.3963], [78.4116, 46.3517], [78.4576, 46.3074], [78.4446, 46.2881], [78.4138, 46.2858], [78.3785, 46.2975], [78.3898, 46.3111], [78.34, 46.3576], [78.306, 46.3649], [78.2474, 46.3507], [78.2696, 46.3458], [78.2558, 46.3294], [78.0728, 46.3282], [78.1824, 46.3213], [78.1596, 46.3075], [78.0376, 46.3181], [78.0448, 46.3037], [78.0114, 46.308], [78.0303, 46.3235], [77.9946, 46.3413], [77.9668, 46.3082], [77.95, 46.3216], [77.9883, 46.3488], [77.8947, 46.4068], [77.8326, 46.4282], [77.7438, 46.4178], [77.8598, 46.4166], [77.8405, 46.3926], [77.8816, 46.3877], [77.895, 46.3997], [77.9207, 46.3836], [77.9018, 46.3831], [77.9071, 46.37], [77.9311, 46.3795], [77.9398, 46.3687], [77.8867, 46.3589], [77.8996, 46.3703], [77.8942, 46.3748], [77.8395, 46.3448], [77.8906, 46.3838], [77.857, 46.3643], [77.8399, 46.3871], [77.8435, 46.3728], [77.8138, 46.3669], [77.8173, 46.3993], [77.7579, 46.3494], [77.7384, 46.3576], [77.7532, 46.3701], [77.725, 46.3679], [77.7651, 46.3849], [77.777, 46.4061], [77.7456, 46.4068], [77.6812, 46.3698], [77.6709, 46.3767], [77.6871, 46.4131], [77.6549, 46.4116], [77.6425, 46.3926], [77.6309, 46.3979], [77.6429, 46.4088], [77.5924, 46.4193], [77.5699, 46.3562], [77.5789, 46.4042], [77.5647, 46.3894], [77.5258, 46.4392], [77.4021, 46.5031], [77.2331, 46.4459], [77.2022, 46.4712], [77.1495, 46.4682], [77.1658, 46.4878], [77.1236, 46.4664], [77.1121, 46.4391], [76.9114, 46.4723], [76.8997, 46.4672], [76.9144, 46.4505], [76.91, 46.438], [76.8901, 46.4664], [76.8467, 46.4669], [76.854, 46.4782], [76.817, 46.4794], [76.7727, 46.5155], [76.6342, 46.5359], [76.6054, 46.525], [76.6009, 46.505], [76.5971, 46.5233], [76.3931, 46.5389], [76.2664, 46.5787], [76.2428, 46.5768], [76.305, 46.5394], [76.2545, 46.5651], [76.2809, 46.5259], [76.289, 46.5343], [76.2861, 46.5193], [76.3255, 46.5198], [76.3271, 46.5339], [76.2997, 46.5516], [76.3123, 46.5526], [76.3404, 46.5368], [76.3372, 46.5114], [76.3579, 46.5176], [76.3665, 46.5011], [76.3224, 46.5143], [76.3129, 46.5016], [76.345, 46.4894], [76.3159, 46.4906], [76.3373, 46.4829], [76.3253, 46.4798], [76.2664, 46.4973], [76.2451, 46.5247], [76.2468, 46.4893], [76.2014, 46.4901], [76.1856, 46.4574], [76.1219, 46.5005], [76.1327, 46.4761], [76.1154, 46.4879], [76.0956, 46.4744], [76.1, 46.4618], [76.078, 46.4695], [76.0959, 46.4508], [76.0641, 46.4491], [76.0633, 46.479], [76.0372, 46.5048], [76.0516, 46.4727], [76.0179, 46.5013], [76.0203, 46.4825], [76.0017, 46.5026], [75.9837, 46.4926], [75.9899, 46.5075], [75.9695, 46.5122], [75.9738, 46.4733], [75.9159, 46.5142], [75.9329, 46.5262], [75.9581, 46.5034], [75.9434, 46.5421], [75.9164, 46.5532], [75.8967, 46.5397], [75.8624, 46.5573], [75.8731, 46.5364], [75.83, 46.5031], [75.7978, 46.5218], [75.7399, 46.4992], [75.7583, 46.5193], [75.7212, 46.511], [75.7052, 46.5333], [75.6756, 46.5261], [75.6526, 46.4702], [75.6162, 46.4672], [75.6204, 46.4925], [75.5961, 46.4748], [75.5816, 46.4915], [75.5553, 46.469], [75.5113, 46.469], [75.5768, 46.5094], [75.4579, 46.6015], [75.4909, 46.6397], [75.5172, 46.6038], [75.4962, 46.6777], [75.4603, 46.6709], [75.4452, 46.6586], [75.4624, 46.6412], [75.4442, 46.6561], [75.3993, 46.6231], [75.3858, 46.5706], [75.4547, 46.5082], [75.4792, 46.5081], [75.4579, 46.4956], [75.4654, 46.4808], [75.4456, 46.479], [75.4189, 46.5056], [75.4257, 46.4823], [75.4095, 46.4876], [75.3535, 46.445], [75.3549, 46.4797], [75.3301, 46.4656], [75.3285, 46.496], [75.314, 46.5026], [75.3312, 46.5186], [75.3421, 46.5026], [75.3551, 46.5147], [75.3267, 46.5385], [75.2557, 46.5016], [75.2769, 46.4867], [75.2302, 46.4648], [75.2701, 46.4465], [75.2297, 46.4175], [75.2046, 46.4132], [75.1941, 46.4431], [75.1911, 46.4166], [75.1716, 46.4107], [75.1332, 46.4224], [75.1306, 46.4411], [75.0757, 46.4338], [75.1127, 46.4514], [75.1134, 46.4834], [75.0555, 46.4503], [75.0371, 46.4013], [75.0114, 46.383], [74.9131, 46.4172], [74.8828, 46.403], [74.8531, 46.3172], [74.8547, 46.2713], [74.7853, 46.1898], [74.8096, 46.1301], [74.7753, 46.0946], [74.6992, 46.0805], [74.7314, 46.0714], [74.7378, 46.0547], [74.7554, 46.0738], [74.7556, 46.0411], [74.712, 46.0375], [74.7025, 46.0704], [74.6664, 46.0726], [74.6755, 46.0861], [74.6589, 46.0641], [74.6447, 46.0755], [74.6173, 46.0518], [74.6307, 46.024], [74.5939, 46.0261], [74.5731, 46.0054], [74.5555, 46.0204], [74.5297, 45.976], [74.4436, 46.0487], [74.3471, 46.0184], [74.3297, 46.0197], [74.3292, 46.0373], [74.235, 45.9909], [74.2323, 45.9303], [74.2692, 45.8994], [74.2874, 45.8177], [74.3202, 45.7829], [74.2849, 45.787], [74.3007, 45.7577], [74.2633, 45.7398], [74.272, 45.7714], [74.2461, 45.7801], [74.2237, 45.7256], [74.2569, 45.7301], [74.3051, 45.7003], [74.338, 45.7012], [74.3451, 45.6814], [74.3155, 45.6546], [74.2971, 45.6659], [74.299, 45.6886], [74.2868, 45.6787], [74.2411, 45.7003], [74.2407, 45.6626], [74.2588, 45.6689], [74.2714, 45.633], [74.2605, 45.5813], [74.2617, 45.6099], [74.1962, 45.5703], [74.1684, 45.5959], [74.1258, 45.5496], [74.0957, 45.5443], [74.0646, 45.5152], [74.0848, 45.3685], [74.0528, 45.3424], [74.1248, 45.3231], [74.1233, 45.3542], [74.1478, 45.3631], [74.1552, 45.2943], [74.1306, 45.234], [74.1365, 45.1134], [74.1849, 45.0953], [74.2214, 45.0537], [74.1778, 45.0543], [74.1593, 45.0807], [74.0924, 45.0497], [74.0521, 45.0608], [74.0844, 45.0105], [74.1457, 45.0074], [74.154, 44.9537], [74.1167, 44.9481], [74.0892, 45.0003]]]}}, {"type": "Feature", "properties": {"NAME_CH": ""}, "geometry": {"type": "Polygon", "coordinates": [[[82.2022, 45.531], [82.1225, 45.542], [82.1171, 45.5809], [82.1578, 45.5982], [82.205, 45.5462], [82.2022, 45.531]]]}}, {"type": "Feature", "properties": {"NAME_CH": "巴尔哈斯池"}, "geometry": {"type": "Polygon", "coordinates": [[[85.5293, 48.699], [85.5357, 48.7425], [85.6129, 48.8022], [85.6802, 48.8001], [85.721, 48.8225], [85.7693, 48.8229], [85.8494, 48.797], [85.8765, 48.8277], [85.9291, 48.7992], [85.9161, 48.8202], [85.9569, 48.8368], [85.9793, 48.8205], [85.9967, 48.8332], [86.0218, 48.8048], [86.0111, 48.7807], [85.9185, 48.7331], [85.8811, 48.6904], [85.7762, 48.6575], [85.5293, 48.699]]]}}, {"type": "Feature", "properties": {"NAME_CH": "都尔根泊"}, "geometry": {"type": "Polygon", "coordinates": [[[93.2607, 48.0], [93.2569, 47.9786], [93.2764, 47.9568], [93.3006, 47.9836], [93.3317, 47.9716], [93.2888, 47.9452], [93.3009, 47.9089], [93.2836, 47.9006], [93.2766, 47.8612], [93.3434, 47.8107], [93.3931, 47.8006], [93.4065, 47.7729], [93.6178, 47.6717], [93.5887, 47.6115], [93.4809, 47.5685], [93.4047, 47.5948], [93.398, 47.6192], [93.4406, 47.5964], [93.3473, 47.6759], [93.3405, 47.7082], [93.3614, 47.7562], [93.317, 47.8118], [93.225, 47.8772], [93.2625, 47.8806], [93.2691, 47.8937], [93.2487, 47.9089], [93.2591, 47.9247], [93.1773, 47.9323], [93.2574, 47.9579], [93.2268, 47.9748], [93.0804, 47.9743], [93.0104, 48.019], [93.0014, 48.0433], [93.0222, 48.0728], [93.0252, 48.1312], [93.1459, 48.1325], [93.1291, 48.1691], [93.1566, 48.2102], [93.4043, 48.2165], [93.4246, 48.1806], [93.4103, 48.1293], [93.3634, 48.0821], [93.2584, 48.0208], [93.2472, 48.0], [93.2607, 48.0]]]}}, {"type": "Feature", "properties": {"NAME_CH": "辉汉泊"}, "geometry": {"type": "Polygon", "coordinates": [[[88.1673, 48.7074], [88.2403, 48.6926], [88.2298, 48.6855], [88.3167, 48.6377], [88.4031, 48.6284], [88.4152, 48.6046], [88.4413, 48.5964], [88.4849, 48.5629], [88.5054, 48.559], [88.5042, 48.5414], [88.5747, 48.5662], [88.6345, 48.5708], [88.686, 48.5502], [88.7189, 48.5692], [88.6878, 48.5329], [88.651, 48.5199], [88.4999, 48.5215], [88.4839, 48.5462], [88.46, 48.55], [88.4798, 48.559], [88.4518, 48.5641], [88.4484, 48.5882], [88.3805, 48.5934], [88.2875, 48.6435], [88.2307, 48.6501], [88.1673, 48.7074]]]}}, {"type": "Feature", "properties": {"NAME_CH": "和通泊"}, "geometry": {"type": "Polygon", "coordinates": [[[88.7876, 48.3418], [88.7648, 48.3656], [88.7875, 48.4067], [88.8531, 48.4042], [88.8895, 48.3172], [88.92, 48.306], [88.928, 48.3232], [88.9299, 48.3044], [88.8788, 48.274], [88.8672, 48.2851], [88.8872, 48.3069], [88.8376, 48.3359], [88.7876, 48.3418]]]}}, {"type": "Feature", "properties": {"NAME_CH": "沙扎海泊"}, "geometry": {"type": "Polygon", "coordinates": [[[90.4628, 49.5257], [90.5507, 49.6027], [90.6255, 49.6022], [90.6887, 49.5674], [90.6755, 49.5409], [90.5987, 49.5136], [90.6068, 49.4822], [90.6608, 49.4558], [90.6602, 49.4255], [90.5684, 49.3846], [90.5137, 49.4007], [90.4985, 49.4306], [90.4193, 49.445], [90.4016, 49.5079], [90.4628, 49.5257]]]}}, {"type": "Feature", "properties": {"NAME_CH": "阿勒坦泊"}, "geometry": {"type": "Polygon", "coordinates": [[[87.697, 51.481], [87.6358, 51.5761], [87.6307, 51.7271], [87.4597, 51.7418], [87.288, 51.7897], [87.24, 51.7865], [87.2923, 51.7935], [87.5041, 51.7437], [87.5289, 51.7618], [87.6568, 51.7657], [87.7167, 51.8024], [87.6562, 51.7529], [87.6895, 51.6777], [87.6734, 51.5796], [87.7318, 51.5231], [87.8172, 51.3651], [87.843, 51.3523], [87.7399, 51.3742], [87.697, 51.481]]]}}, {"type": "Feature", "properties": {"NAME_CH": "根德克图泊"}, "geometry": {"type": "Polygon", "coordinates": [[[89.7266, 50.3796], [89.7166, 50.3853], [89.7443, 50.3961], [89.8583, 50.3867], [89.9209, 50.3573], [89.8944, 50.3367], [89.8047, 50.3142], [89.7545, 50.3389], [89.7542, 50.3665], [89.7163, 50.3589], [89.7266, 50.3796]]]}}, {"type": "Feature", "properties": {"NAME_CH": ""}, "geometry": {"type": "Polygon", "coordinates": [[[85.8281, 52.2391], [85.8117, 52.2546], [85.8196, 52.2645], [85.8328, 52.2482], [85.8281, 52.2391]]]}}, {"type": "Feature", "properties": {"NAME_CH": "库苏古尔泊"}, "geometry": {"type": "Polygon", "coordinates": [[[100.1514, 50.4223], [100.1771, 50.4393], [100.1565, 50.4826], [100.1597, 50.5665], [100.1769, 50.5901], [100.2093, 50.5966], [100.1985, 50.6374], [100.2523, 50.6578], [100.2297, 50.7574], [100.2462, 50.7914], [100.2434, 50.9075], [100.2689, 50.9796], [100.2915, 50.9927], [100.2734, 51.0046], [100.3029, 51.1025], [100.3261, 51.1253], [100.2558, 51.2321], [100.262, 51.3233], [100.2871, 51.3444], [100.3094, 51.3113], [100.4135, 51.3352], [100.456, 51.402], [100.4488, 51.4246], [100.419, 51.444], [100.3591, 51.4181], [100.3447, 51.4324], [100.3491, 51.4604], [100.5075, 51.554], [100.4955, 51.5767], [100.5214, 51.5856], [100.5108, 51.6129], [100.5673, 51.6109], [100.5612, 51.5923], [100.6107, 51.561], [100.6144, 51.5206], [100.6493, 51.5065], [100.6983, 51.4458], [100.7591, 51.4404], [100.7987, 51.3694], [100.7695, 51.3158], [100.7824, 51.3032], [100.7571, 51.2971], [100.7726, 51.2788], [100.7675, 51.2407], [100.7225, 51.1887], [100.7116, 51.1391], [100.6903, 51.126], [100.7106, 51.1101], [100.7004, 51.0708], [100.7297, 51.0495], [100.6649, 51.0203], [100.7161, 50.9817], [100.683, 50.9854], [100.659, 50.9294], [100.5221, 50.8687], [100.491, 50.8368], [100.4763, 50.8018], [100.4887, 50.7877], [100.5333, 50.8009], [100.5086, 50.7773], [100.5159, 50.7579], [100.4243, 50.7356], [100.4468, 50.7057], [100.4199, 50.6422], [100.4445, 50.6227], [100.4585, 50.6219], [100.4395, 50.6496], [100.5144, 50.6352], [100.4712, 50.6071], [100.4962, 50.589], [100.4333, 50.5775], [100.4612, 50.5664], [100.4604, 50.5534], [100.3952, 50.5391], [100.3885, 50.5196], [100.2989, 50.5483], [100.2711, 50.5287], [100.2, 50.5385], [100.2031, 50.5014], [100.1636, 50.4886], [100.1919, 50.4758], [100.1846, 50.4329], [100.1514, 50.4223]]]}}, {"type": "Feature", "properties": {"NAME_CH": "道托泊"}, "geometry": {"type": "Polygon", "coordinates": [[[99.3064, 51.4049], [99.3594, 51.4156], [99.3406, 51.3907], [99.3759, 51.3672], [99.402, 51.37], [99.3996, 51.2922], [99.3507, 51.2576], [99.36, 51.3048], [99.3859, 51.3215], [99.355, 51.3472], [99.335, 51.3931], [99.3064, 51.4049]]]}}, {"type": "Feature", "properties": {"NAME_CH": "贝克穆河"}, "geometry": {"type": "Polygon", "coordinates": [[[93.081, 51.5827], [93.1664, 51.5887], [93.2284, 51.5779], [93.3001, 51.6014], [93.3723, 51.5744], [93.545, 51.5643], [93.548, 51.5739], [93.6786, 51.6004], [93.7191, 51.5856], [93.8003, 51.5891], [93.8925, 51.5552], [93.9527, 51.5556], [94.0583, 51.5705], [94.1675, 51.6101], [94.2148, 51.6583], [94.2352, 51.6447], [94.2646, 51.6768], [94.4584, 51.7348], [94.4545, 51.7553], [94.4808, 51.7827], [94.4839, 51.814], [94.4528, 51.861], [94.4199, 51.8739], [94.4341, 51.8935], [94.4033, 51.9285], [94.4121, 51.9472], [94.4345, 51.9613], [94.4767, 51.9664], [94.487, 52.0143], [94.4012, 52.017], [94.4107, 52.0362], [94.3987, 52.049], [94.362, 52.054], [94.3506, 52.064], [94.3781, 52.1018], [94.3543, 52.13], [94.4208, 52.1627], [94.4634, 52.1668], [94.4697, 52.1898], [94.483, 52.1973], [94.5075, 52.1972], [94.57, 52.2753], [94.5935, 52.2816], [94.5898, 52.3146], [94.5459, 52.3136], [94.5424, 52.3227], [94.5865, 52.3324], [94.6165, 52.3174], [94.6398, 52.3282], [94.6484, 52.3098], [94.7039, 52.3422], [94.7105, 52.3753], [94.6977, 52.3889], [94.7417, 52.3977], [94.7621, 52.4572], [94.7824, 52.4615], [94.822, 52.452], [94.8727, 52.4927], [95.0036, 52.4953], [95.021, 52.5215], [95.0589, 52.5282], [95.1743, 52.5271], [95.2252, 52.5209], [95.2494, 52.5141], [95.2786, 52.5257], [95.3549, 52.5284], [95.381, 52.5808], [95.4125, 52.5957], [95.4184, 52.6254], [95.5614, 52.6835], [95.6013, 52.6825], [95.6289, 52.7056], [95.7311, 52.7097], [95.7922, 52.6938], [95.8154, 52.7302], [95.8903, 52.7618], [95.9042, 52.7485], [95.9854, 52.7439], [96.0054, 52.7316], [95.9086, 52.744], [95.8917, 52.7561], [95.8241, 52.7272], [95.7931, 52.6895], [95.7331, 52.7063], [95.6446, 52.6996], [95.5556, 52.659], [95.4865, 52.6495], [95.4216, 52.6228], [95.4159, 52.5882], [95.3584, 52.525], [95.2594, 52.5099], [95.0531, 52.5237], [94.9966, 52.4874], [94.8797, 52.4887], [94.8202, 52.4477], [94.767, 52.4509], [94.7517, 52.3988], [94.7057, 52.3875], [94.7216, 52.3769], [94.7139, 52.3435], [94.6721, 52.3179], [94.6472, 52.3052], [94.637, 52.3247], [94.6175, 52.3138], [94.5875, 52.3286], [94.5507, 52.3204], [94.5946, 52.3166], [94.6017, 52.2982], [94.5964, 52.2764], [94.5744, 52.2706], [94.5222, 52.2009], [94.4761, 52.1889], [94.4673, 52.1639], [94.4232, 52.1605], [94.3607, 52.129], [94.3869, 52.0983], [94.3642, 52.06], [94.4074, 52.0521], [94.4189, 52.0357], [94.4136, 52.0203], [94.4777, 52.0255], [94.4956, 52.0122], [94.4868, 51.9655], [94.4297, 51.9499], [94.4088, 51.9291], [94.4427, 51.8983], [94.4292, 51.8728], [94.457, 51.8652], [94.4894, 51.8203], [94.4858, 51.779], [94.466, 51.7604], [94.4685, 51.7321], [94.5034, 51.7226], [94.445, 51.7265], [94.326, 51.6937], [94.2739, 51.6754], [94.2197, 51.6241], [94.0889, 51.5739], [93.9723, 51.5486], [93.8953, 51.5482], [93.7887, 51.583], [93.6502, 51.583], [93.5374, 51.5588], [93.3676, 51.5696], [93.3024, 51.5876], [93.2288, 51.5696], [93.081, 51.5827]]]}}, {"type": "Feature", "properties": {"NAME_CH": "伊聂谢河"}, "geometry": {"type": "Polygon", "coordinates": [[[92.2297, 52.1021], [92.2368, 52.0916], [92.2191, 52.0774], [92.023, 51.9985], [91.9793, 51.9669], [91.9752, 51.9392], [92.0598, 51.8697], [92.1495, 51.8551], [92.1373, 51.8076], [92.1491, 51.7765], [92.1972, 51.7593], [92.2229, 51.7309], [92.318, 51.7106], [92.2724, 51.7012], [92.1877, 51.7298], [92.0958, 51.7202], [92.1042, 51.7373], [92.1832, 51.7461], [92.1239, 51.7701], [92.126, 51.8383], [91.984, 51.8842], [91.9838, 51.9048], [91.943, 51.9116], [91.9656, 51.9207], [91.9494, 51.9532], [91.9146, 51.9745], [91.9563, 51.97], [91.9803, 51.9863], [91.9708, 52.0003], [92.0416, 52.0138], [92.0703, 52.0412], [92.1689, 52.0813], [92.1672, 52.1019], [92.2046, 52.0907], [92.2297, 52.1021]]]}}, {"type": "Feature", "properties": {"NAME_CH": ""}, "geometry": {"type": "Polygon", "coordinates": [[[96.6149, 52.4304], [96.6193, 52.411], [96.558, 52.3944], [96.5322, 52.3713], [96.4183, 52.3435], [96.4346, 52.3848], [96.4732, 52.3963], [96.4597, 52.398], [96.4745, 52.4219], [96.4945, 52.4138], [96.5296, 52.4344], [96.5321, 52.4182], [96.501, 52.4043], [96.5532, 52.4094], [96.5714, 52.434], [96.6149, 52.4304]]]}}, {"type": "Feature", "properties": {"NAME_CH": "塔里池"}, "geometry": {"type": "Polygon", "coordinates": [[[115.4112, 50.096], [115.3818, 50.149], [115.4536, 50.1709], [115.496, 50.2118], [115.5217, 50.2048], [115.5234, 50.2221], [115.6014, 50.2356], [115.6666, 50.2335], [115.6621, 50.1978], [115.6752, 50.1827], [115.8667, 50.1498], [115.8738, 50.1346], [115.9462, 50.1271], [115.9602, 50.1053], [115.9386, 50.0595], [115.8167, 49.9879], [115.6813, 49.996], [115.5042, 49.9041], [115.3643, 49.9219], [115.3687, 49.9503], [115.4336, 50.036], [115.4047, 50.063], [115.4112, 50.096]]]}}, {"type": "Feature", "properties": {"NAME_CH": ""}, "geometry": {"type": "Polygon", "coordinates": [[[91.1229, 50.0919], [90.9597, 50.0736], [90.8712, 50.1443], [90.9191, 50.1746], [90.9291, 50.2211], [91.0289, 50.2251], [91.1141, 50.2057], [91.1354, 50.1803], [91.1404, 50.1213], [91.1229, 50.0919]]]}}, {"type": "Feature", "properties": {"NAME_CH": "桑稽晋大来泊"}, "geometry": {"type": "Polygon", "coordinates": [[[99.0733, 49.1703], [98.9899, 49.1753], [98.9983, 49.1966], [99.0645, 49.208], [99.0475, 49.2292], [98.9959, 49.2405], [98.886, 49.2259], [98.8941, 49.2532], [98.8058, 49.286], [98.9956, 49.3027], [99.0559, 49.2705], [99.065, 49.2511], [99.0885, 49.2627], [99.0768, 49.2391], [99.0903, 49.2178], [99.1095, 49.2278], [99.108, 49.2445], [99.2524, 49.2348], [99.2379, 49.2129], [99.1655, 49.2143], [99.1278, 49.2319], [99.1563, 49.1733], [99.1419, 49.1327], [99.0733, 49.1703]]]}}, {"type": "Feature", "properties": {"NAME_CH": "奇勒稽思泊"}, "geometry": {"type": "Polygon", "coordinates": [[[93.6294, 49.2171], [93.784, 49.1748], [93.8045, 49.1349], [93.7823, 49.0956], [93.6736, 49.0792], [93.5942, 49.0271], [93.4688, 49.0301], [93.4268, 49.0092], [93.4256, 48.9687], [93.3479, 48.9469], [93.3662, 48.9231], [93.4696, 48.94], [93.4722, 48.9547], [93.5038, 48.9634], [93.5434, 48.9279], [93.5263, 48.8564], [93.439, 48.8353], [93.3445, 48.8761], [93.3314, 48.8955], [93.3529, 48.9169], [93.3309, 48.955], [93.3526, 48.9569], [93.3143, 49.0283], [93.3215, 49.0622], [93.2956, 49.1171], [93.1581, 49.1042], [93.1075, 49.1242], [93.0963, 49.168], [92.8638, 49.2067], [92.8239, 49.2268], [92.807, 49.279], [92.8206, 49.3009], [92.8901, 49.3355], [92.9855, 49.3114], [93.0188, 49.3289], [93.0245, 49.3129], [93.0668, 49.3049], [93.1389, 49.3321], [93.2216, 49.2906], [93.2461, 49.3105], [93.3862, 49.2629], [93.4175, 49.2389], [93.4466, 49.1822], [93.4463, 49.211], [93.4619, 49.2219], [93.5618, 49.2203], [93.656, 49.1443], [93.6294, 49.2171]]]}}, {"type": "Feature", "properties": {"NAME_CH": "伊克斯泊"}, "geometry": {"type": "Polygon", "coordinates": [[[94.0979, 46.458], [94.0692, 46.4352], [94.0248, 46.4709], [94.0812, 46.4736], [94.0979, 46.458]]]}}, {"type": "Feature", "properties": {"NAME_CH": "齐齐克泊"}, "geometry": {"type": "Polygon", "coordinates": [[[93.2377, 46.6434], [93.218, 46.6499], [93.2344, 46.7063], [93.2632, 46.6603], [93.2377, 46.6434]]]}}, {"type": "Feature", "properties": {"NAME_CH": "察汉泊"}, "geometry": {"type": "Polygon", "coordinates": [[[99.2522, 45.6202], [99.2436, 45.5333], [99.2113, 45.5016], [99.128, 45.5074], [98.9259, 45.5912], [98.9579, 45.6145], [99.0123, 45.6108], [99.0512, 45.6346], [99.0884, 45.6259], [99.1165, 45.6656], [99.2247, 45.6513], [99.2522, 45.6202]]]}}, {"type": "Feature", "properties": {"NAME_CH": "色楞格河"}, "geometry": {"type": "Polygon", "coordinates": [[[106.2714, 50.7264], [106.2722, 50.7682], [106.3008, 50.7016], [106.2971, 50.6668], [106.1945, 50.588], [106.2608, 50.548], [106.2745, 50.529], [106.239, 50.5083], [106.1711, 50.5075], [106.1749, 50.4886], [106.1346, 50.4911], [106.1022, 50.4468], [106.0713, 50.4277], [106.0804, 50.4107], [106.0644, 50.4102], [106.0841, 50.3846], [106.065, 50.3493], [106.084, 50.3205], [106.1332, 50.3033], [106.1391, 50.2856], [106.1272, 50.2781], [106.1485, 50.2352], [106.0671, 50.1984], [106.0275, 50.1533], [105.9495, 50.1393], [105.8811, 50.1411], [105.8261, 50.1177], [105.8699, 50.1443], [106.0243, 50.1548], [106.0375, 50.1871], [106.1282, 50.2396], [106.1179, 50.2804], [106.1314, 50.2935], [106.0808, 50.317], [106.0591, 50.3457], [106.074, 50.3835], [106.0561, 50.4126], [106.125, 50.4946], [106.1615, 50.4946], [106.169, 50.5137], [106.2319, 50.5128], [106.2621, 50.5275], [106.1898, 50.5862], [106.2897, 50.6691], [106.2931, 50.7076], [106.2714, 50.7264]]]}}, {"type": "Feature", "properties": {"NAME_CH": "鄂罗克泊"}, "geometry": {"type": "Polygon", "coordinates": [[[100.6073, 45.0651], [100.8978, 45.0767], [100.8788, 45.0186], [100.8399, 45.0125], [100.7959, 45.0475], [100.7059, 45.0284], [100.6193, 45.0354], [100.6016, 45.0531], [100.5489, 45.0412], [100.5396, 45.0732], [100.5513, 45.0868], [100.6073, 45.0651]]]}}, {"type": "Feature", "properties": {"NAME_CH": ""}, "geometry": {"type": "Polygon", "coordinates": [[[101.4287, 45.1274], [101.4336, 45.1561], [101.4622, 45.1672], [101.5058, 45.1387], [101.4287, 45.1274]]]}}, {"type": "Feature", "properties": {"NAME_CH": "瑚尔哈鄂伦泊"}, "geometry": {"type": "Polygon", "coordinates": [[[103.5773, 44.4884], [103.5184, 44.494], [103.5796, 44.5394], [103.6385, 44.5479], [103.6193, 44.5156], [103.6376, 44.4892], [103.5893, 44.4688], [103.5773, 44.4884]]]}}, {"type": "Feature", "properties": {"NAME_CH": "吴翁湖"}, "geometry": {"type": "Polygon", "coordinates": [[[119.8344, 33.0461], [119.7987, 33.0641], [119.7952, 33.0922], [119.8392, 33.0882], [119.8344, 33.0461]]]}}, {"type": "Feature", "properties": {"NAME_CH": "渌洋湖"}, "geometry": {"type": "Polygon", "coordinates": [[[119.5014, 32.606], [119.4965, 32.6722], [119.5273, 32.6833], [119.5393, 32.6111], [119.5014, 32.606]]]}}, {"type": "Feature", "properties": {"NAME_CH": "骆马湖"}, "geometry": {"type": "Polygon", "coordinates": [[[118.2725, 33.9951], [118.132, 34.0622], [118.1297, 34.1224], [118.1055, 34.1622], [118.1132, 34.2697], [118.1609, 34.2643], [118.1969, 34.2412], [118.2111, 34.1882], [118.2749, 34.1488], [118.31, 34.1026], [118.287, 34.0014], [118.2725, 33.9951]]]}}, {"type": "Feature", "properties": {"NAME_CH": "青伊湖"}, "geometry": {"type": "Polygon", "coordinates": [[[118.802, 34.3267], [118.8458, 34.3526], [118.9104, 34.3456], [118.9477, 34.3579], [118.9775, 34.328], [118.9307, 34.3051], [118.862, 34.3026], [118.802, 34.3267]]]}}, {"type": "Feature", "properties": {"NAME_CH": "赤山湖"}, "geometry": {"type": "Polygon", "coordinates": [[[119.0846, 31.86], [119.1212, 31.8649], [119.1484, 31.841], [119.1105, 31.827], [119.0616, 31.8345], [119.0846, 31.86]]]}}, {"type": "Feature", "properties": {"NAME_CH": "阳湖"}, "geometry": {"type": "Polygon", "coordinates": [[[120.068, 31.6094], [120.1055, 31.6535], [120.1538, 31.644], [120.0813, 31.6089], [120.068, 31.6094]]]}}, {"type": "Feature", "properties": {"NAME_CH": "梁城湖"}, "geometry": {"type": "Polygon", "coordinates": [[[119.2341, 31.379], [119.2336, 31.4028], [119.2499, 31.4069], [119.2897, 31.386], [119.2341, 31.379]]]}}, {"type": "Feature", "properties": {"NAME_CH": ""}, "geometry": {"type": "Polygon", "coordinates": [[[117.5162, 33.4629], [117.4585, 33.4293], [117.4405, 33.4325], [117.4586, 33.4745], [117.5162, 33.4629]]]}}, {"type": "Feature", "properties": {"NAME_CH": ""}, "geometry": {"type": "Polygon", "coordinates": [[[117.3278, 30.5475], [117.3835, 30.6092], [117.4293, 30.6222], [117.4197, 30.589], [117.3829, 30.559], [117.3278, 30.5475]]]}}, {"type": "Feature", "properties": {"NAME_CH": ""}, "geometry": {"type": "Polygon", "coordinates": [[[116.9108, 30.1877], [116.9632, 30.2124], [116.9546, 30.1938], [116.9829, 30.1862], [116.9861, 30.1583], [116.9579, 30.148], [116.9484, 30.1243], [116.9076, 30.1148], [116.921, 30.1428], [116.9034, 30.1461], [116.8628, 30.1155], [116.9072, 30.1631], [116.9108, 30.1877]]]}}, {"type": "Feature", "properties": {"NAME_CH": "武昌湖"}, "geometry": {"type": "Polygon", "coordinates": [[[116.689, 30.2347], [116.6129, 30.2417], [116.6656, 30.2461], [116.6218, 30.2609], [116.6343, 30.2661], [116.6219, 30.298], [116.6382, 30.319], [116.6807, 30.2765], [116.6973, 30.2961], [116.6942, 30.2746], [116.7113, 30.2653], [116.7089, 30.2908], [116.7261, 30.2884], [116.7321, 30.2608], [116.743, 30.2931], [116.781, 30.3029], [116.8231, 30.3403], [116.821, 30.3775], [116.855, 30.3846], [116.8737, 30.3097], [116.8048, 30.3019], [116.7969, 30.2738], [116.743, 30.2373], [116.7032, 30.253], [116.689, 30.2347]]]}}, {"type": "Feature", "properties": {"NAME_CH": ""}, "geometry": {"type": "Polygon", "coordinates": [[[116.8948, 32.3947], [116.92, 32.3773], [116.9027, 32.3348], [116.8885, 32.364], [116.8948, 32.3947]]]}}, {"type": "Feature", "properties": {"NAME_CH": "洪塘湖"}, "geometry": {"type": "Polygon", "coordinates": [[[116.2004, 32.2804], [116.2065, 32.2655], [116.1665, 32.219], [116.1727, 32.2664], [116.2004, 32.2804]]]}}, {"type": "Feature", "properties": {"NAME_CH": "西湖"}, "geometry": {"type": "Polygon", "coordinates": [[[116.2218, 32.313], [116.1775, 32.332], [116.1702, 32.3681], [116.2173, 32.4048], [116.257, 32.4039], [116.2713, 32.3853], [116.2674, 32.3521], [116.2218, 32.313]]]}}, {"type": "Feature", "properties": {"NAME_CH": "紫芦湖"}, "geometry": {"type": "Polygon", "coordinates": [[[117.0506, 33.6132], [117.0568, 33.5758], [117.0361, 33.5595], [117.0133, 33.6169], [117.0506, 33.6132]]]}}, {"type": "Feature", "properties": {"NAME_CH": "蜀山湖"}, "geometry": {"type": "Polygon", "coordinates": [[[116.4666, 35.5976], [116.5189, 35.5442], [116.5169, 35.5299], [116.4665, 35.5054], [116.4363, 35.5248], [116.4081, 35.5885], [116.4666, 35.5976]]]}}, {"type": "Feature", "properties": {"NAME_CH": ""}, "geometry": {"type": "Polygon", "coordinates": [[[116.5363, 35.4174], [116.5216, 35.3929], [116.4909, 35.4048], [116.4952, 35.4161], [116.5363, 35.4174]]]}}, {"type": "Feature", "properties": {"NAME_CH": "南旺湖"}, "geometry": {"type": "Polygon", "coordinates": [[[116.3914, 35.4795], [116.2893, 35.5724], [116.2851, 35.6171], [116.3089, 35.6387], [116.3304, 35.6335], [116.3391, 35.5919], [116.4074, 35.5412], [116.4298, 35.4945], [116.3914, 35.4795]]]}}, {"type": "Feature", "properties": {"NAME_CH": "马踏湖"}, "geometry": {"type": "Polygon", "coordinates": [[[116.3516, 35.6688], [116.364, 35.6628], [116.369, 35.6155], [116.3464, 35.6344], [116.3516, 35.6688]]]}}, {"type": "Feature", "properties": {"NAME_CH": "安山湖"}, "geometry": {"type": "Polygon", "coordinates": [[[116.1114, 35.9384], [116.2104, 35.8998], [116.2162, 35.8843], [116.1891, 35.867], [116.137, 35.8697], [116.0978, 35.907], [116.0941, 35.9293], [116.1114, 35.9384]]]}}, {"type": "Feature", "properties": {"NAME_CH": "麻大泊"}, "geometry": {"type": "Polygon", "coordinates": [[[118.0087, 37.0626], [118.0978, 37.0906], [118.1405, 37.0766], [118.1142, 37.0655], [118.0087, 37.0626]]]}}, {"type": "Feature", "properties": {"NAME_CH": "青水泊"}, "geometry": {"type": "Polygon", "coordinates": [[[118.6913, 37.2017], [118.7767, 37.1564], [118.7401, 37.091], [118.6694, 37.0912], [118.6523, 37.1172], [118.6246, 37.1061], [118.6272, 37.1283], [118.6686, 37.1394], [118.6599, 37.1806], [118.6913, 37.2017]]]}}, {"type": "Feature", "properties": {"NAME_CH": "长泊"}, "geometry": {"type": "Polygon", "coordinates": [[[119.1219, 36.9705], [119.1149, 36.9986], [119.1552, 37.0196], [119.2216, 37.0062], [119.2428, 36.987], [119.2313, 36.9649], [119.1924, 36.957], [119.1219, 36.9705]]]}}, {"type": "Feature", "properties": {"NAME_CH": "百脉湖"}, "geometry": {"type": "Polygon", "coordinates": [[[119.6592, 36.4942], [119.7309, 36.52], [119.8393, 36.5205], [119.8472, 36.5035], [119.8177, 36.478], [119.8299, 36.4404], [119.8196, 36.3921], [119.7585, 36.4079], [119.672, 36.4675], [119.6592, 36.4942]]]}}, {"type": "Feature", "properties": {"NAME_CH": ""}, "geometry": {"type": "MultiPolygon", "coordinates": []}}, {"type": "Feature", "properties": {"NAME_CH": ""}, "geometry": {"type": "Polygon", "coordinates": [[[116.937, 38.0731], [116.8561, 38.1022], [116.8877, 38.1277], [116.928, 38.1269], [116.9466, 38.0842], [116.937, 38.0731]]]}}, {"type": "Feature", "properties": {"NAME_CH": ""}, "geometry": {"type": "Polygon", "coordinates": [[[117.4276, 38.5809], [117.4359, 38.5996], [117.4652, 38.6074], [117.5001, 38.5965], [117.517, 38.5768], [117.513, 38.5505], [117.4852, 38.5361], [117.453, 38.547], [117.4276, 38.5809]]]}}, {"type": "Feature", "properties": {"NAME_CH": "后海"}, "geometry": {"type": "Polygon", "coordinates": [[[117.4689, 39.3179], [117.5997, 39.3697], [117.6152, 39.3588], [117.6055, 39.339], [117.5464, 39.3269], [117.6027, 39.3182], [117.6099, 39.3051], [117.6493, 39.3106], [117.6493, 39.2964], [117.5593, 39.2666], [117.4551, 39.2806], [117.4521, 39.3014], [117.4689, 39.3179]]]}}, {"type": "Feature", "properties": {"NAME_CH": "七里海"}, "geometry": {"type": "Polygon", "coordinates": [[[117.3427, 39.2528], [117.2951, 39.212], [117.2671, 39.2064], [117.2556, 39.2272], [117.2596, 39.2491], [117.2904, 39.269], [117.3172, 39.2724], [117.3427, 39.2528]]]}}, {"type": "Feature", "properties": {"NAME_CH": ""}, "geometry": {"type": "Polygon", "coordinates": [[[115.1438, 37.5538], [115.1489, 37.5219], [115.0452, 37.49], [115.0198, 37.4686], [114.9284, 37.4577], [114.9062, 37.4837], [114.9142, 37.5279], [114.9658, 37.5511], [115.0467, 37.5264], [115.1438, 37.5538]]]}}, {"type": "Feature", "properties": {"NAME_CH": ""}, "geometry": {"type": "Polygon", "coordinates": [[[114.8059, 37.2548], [114.826, 37.1614], [114.7771, 37.1482], [114.7478, 37.1585], [114.7408, 37.198], [114.7543, 37.2423], [114.8059, 37.2548]]]}}, {"type": "Feature", "properties": {"NAME_CH": "大泊"}, "geometry": {"type": "Polygon", "coordinates": [[[118.2952, 39.3866], [118.2762, 39.2761], [118.239, 39.2644], [118.1663, 39.2672], [118.1411, 39.3186], [118.1565, 39.4015], [118.2952, 39.3866]]]}}, {"type": "Feature", "properties": {"NAME_CH": "克伊勒泊"}, "geometry": {"type": "Polygon", "coordinates": [[[115.2329, 41.6889], [115.2804, 41.6495], [115.2449, 41.6132], [115.1847, 41.6265], [115.194, 41.6507], [115.2375, 41.6687], [115.2329, 41.6889]]]}}, {"type": "Feature", "properties": {"NAME_CH": ""}, "geometry": {"type": "Polygon", "coordinates": [[[114.7781, 42.7019], [114.7599, 42.7104], [114.7591, 42.7291], [114.7843, 42.735], [114.7781, 42.7019]]]}}, {"type": "Feature", "properties": {"NAME_CH": ""}, "geometry": {"type": "Polygon", "coordinates": [[[123.9825, 46.7901], [124.0699, 46.791], [124.0974, 46.6056], [124.0736, 46.5788], [124.0332, 46.5756], [123.9964, 46.5948], [123.9593, 46.7285], [123.9825, 46.7901]]]}}, {"type": "Feature", "properties": {"NAME_CH": "大布苏图泊"}, "geometry": {"type": "Polygon", "coordinates": [[[120.7687, 43.9079], [120.7333, 43.9249], [120.7948, 43.9767], [120.8705, 43.9763], [120.8663, 43.9542], [120.7687, 43.9079]]]}}, {"type": "Feature", "properties": {"NAME_CH": "因沁插汉池"}, "geometry": {"type": "Polygon", "coordinates": [[[121.9745, 44.8675], [122.0129, 44.9347], [122.0532, 44.9557], [122.0983, 44.9537], [122.1372, 44.9226], [122.0761, 44.8785], [121.9745, 44.8675]]]}}, {"type": "Feature", "properties": {"NAME_CH": "拜布勒查汉鄂模"}, "geometry": {"type": "Polygon", "coordinates": [[[124.202, 45.1853], [124.2047, 45.2034], [124.2326, 45.2183], [124.1831, 45.2672], [124.198, 45.3248], [124.2538, 45.3233], [124.3286, 45.2641], [124.4039, 45.2302], [124.398, 45.1998], [124.3251, 45.1738], [124.202, 45.1853]]]}}, {"type": "Feature", "properties": {"NAME_CH": "达布苏泊"}, "geometry": {"type": "Polygon", "coordinates": [[[123.6888, 44.8143], [123.6876, 44.7692], [123.6566, 44.7561], [123.6106, 44.7787], [123.5978, 44.8072], [123.602, 44.8406], [123.6608, 44.8376], [123.6888, 44.8143]]]}}, {"type": "Feature", "properties": {"NAME_CH": ""}, "geometry": {"type": "Polygon", "coordinates": [[[123.4212, 46.5851], [123.3875, 46.5239], [123.3463, 46.5231], [123.3136, 46.5481], [123.3261, 46.5821], [123.3664, 46.5958], [123.4212, 46.5851]]]}}, {"type": "Feature", "properties": {"NAME_CH": "黛哈泊"}, "geometry": {"type": "Polygon", "coordinates": [[[112.7734, 40.5489], [112.6228, 40.5339], [112.6095, 40.568], [112.6734, 40.6106], [112.7719, 40.5997], [112.7734, 40.5489]]]}}, {"type": "Feature", "properties": {"NAME_CH": "黛山湖"}, "geometry": {"type": "Polygon", "coordinates": [[[111.1245, 40.4243], [111.0768, 40.3131], [111.0162, 40.3197], [111.0397, 40.4031], [111.0666, 40.4254], [111.1245, 40.4243]]]}}, {"type": "Feature", "properties": {"NAME_CH": "奈马代池"}, "geometry": {"type": "Polygon", "coordinates": [[[110.2386, 40.4423], [110.1489, 40.4622], [110.1493, 40.4758], [110.2015, 40.4877], [110.2405, 40.4559], [110.2386, 40.4423]]]}}, {"type": "Feature", "properties": {"NAME_CH": "哲格苏台池"}, "geometry": {"type": "Polygon", "coordinates": [[[110.6224, 40.3912], [110.6517, 40.3581], [110.6484, 40.3343], [110.6271, 40.3279], [110.5914, 40.3457], [110.6019, 40.3809], [110.6224, 40.3912]]]}}, {"type": "Feature", "properties": {"NAME_CH": "五姓湖"}, "geometry": {"type": "Polygon", "coordinates": [[[110.476, 34.9103], [110.5224, 34.8992], [110.4775, 34.8661], [110.448, 34.8767], [110.476, 34.9103]]]}}, {"type": "Feature", "properties": {"NAME_CH": ""}, "geometry": {"type": "Polygon", "coordinates": [[[115.3782, 33.7063], [115.3626, 33.6932], [115.3216, 33.7235], [115.3586, 33.7292], [115.3782, 33.7063]]]}}, {"type": "Feature", "properties": {"NAME_CH": ""}, "geometry": {"type": "Polygon", "coordinates": [[[114.1654, 30.8446], [114.1956, 30.8357], [114.1872, 30.7769], [114.205, 30.7857], [114.2098, 30.7454], [114.1655, 30.7737], [114.1604, 30.7966], [114.1229, 30.8096], [114.1646, 30.8104], [114.1654, 30.8446]]]}}, {"type": "Feature", "properties": {"NAME_CH": "武湖"}, "geometry": {"type": "Polygon", "coordinates": [[[114.4932, 30.7664], [114.4781, 30.8436], [114.4871, 30.849], [114.5078, 30.8071], [114.5681, 30.8145], [114.5184, 30.7813], [114.5503, 30.7739], [114.553, 30.7544], [114.5804, 30.7581], [114.5648, 30.7452], [114.5313, 30.7513], [114.5081, 30.7177], [114.4587, 30.7295], [114.4135, 30.7149], [114.4082, 30.7275], [114.4357, 30.7409], [114.3932, 30.7755], [114.4166, 30.7821], [114.4451, 30.7657], [114.4298, 30.7985], [114.4932, 30.7664]]]}}, {"type": "Feature", "properties": {"NAME_CH": "涨渡湖"}, "geometry": {"type": "Polygon", "coordinates": [[[114.678, 30.707], [114.7227, 30.6817], [114.7308, 30.7501], [114.7451, 30.7443], [114.7563, 30.6825], [114.791, 30.6909], [114.7888, 30.6694], [114.8275, 30.65], [114.7178, 30.6145], [114.6424, 30.6095], [114.6306, 30.616], [114.6714, 30.6492], [114.6597, 30.6931], [114.678, 30.707]]]}}, {"type": "Feature", "properties": {"NAME_CH": ""}, "geometry": {"type": "Polygon", "coordinates": [[[113.5224, 30.622], [113.53, 30.5949], [113.4696, 30.5614], [113.4731, 30.5822], [113.5224, 30.622]]]}}, {"type": "Feature", "properties": {"NAME_CH": ""}, "geometry": {"type": "Polygon", "coordinates": [[[113.6553, 30.6896], [113.678, 30.706], [113.6875, 30.6948], [113.6812, 30.6471], [113.6163, 30.6442], [113.6362, 30.7556], [113.6515, 30.7582], [113.6553, 30.6896]]]}}, {"type": "Feature", "properties": {"NAME_CH": ""}, "geometry": {"type": "Polygon", "coordinates": [[[113.3295, 30.7939], [113.3657, 30.8054], [113.3499, 30.7508], [113.3125, 30.7787], [113.3099, 30.8328], [113.3295, 30.7939]]]}}, {"type": "Feature", "properties": {"NAME_CH": ""}, "geometry": {"type": "Polygon", "coordinates": [[[113.4492, 30.7488], [113.4211, 30.7379], [113.4071, 30.7075], [113.3779, 30.7492], [113.3893, 30.7603], [113.422, 30.7476], [113.435, 30.7662], [113.4492, 30.7488]]]}}, {"type": "Feature", "properties": {"NAME_CH": "洪湖"}, "geometry": {"type": "Polygon", "coordinates": [[[113.0927, 29.8919], [113.1398, 29.9284], [113.2337, 29.9433], [113.32, 29.9172], [113.3331, 29.8832], [113.3459, 29.8886], [113.3438, 29.915], [113.2949, 29.9499], [113.2975, 29.9665], [113.3214, 29.9747], [113.3704, 29.9529], [113.3571, 29.9738], [113.3683, 29.9827], [113.3975, 29.9645], [113.4216, 29.9865], [113.4542, 29.9842], [113.4741, 29.9238], [113.4639, 29.8678], [113.3995, 29.8592], [113.4135, 29.8342], [113.4398, 29.8375], [113.4356, 29.823], [113.387, 29.8032], [113.3361, 29.7162], [113.2757, 29.6937], [113.25, 29.6599], [113.208, 29.6567], [113.2376, 29.6814], [113.213, 29.685], [113.248, 29.6987], [113.2474, 29.7216], [113.2025, 29.7474], [113.2377, 29.7812], [113.186, 29.8548], [113.217, 29.8526], [113.2093, 29.8776], [113.2365, 29.9058], [113.2303, 29.917], [113.1507, 29.8972], [113.1266, 29.8669], [113.0927, 29.8919]]]}}, {"type": "Feature", "properties": {"NAME_CH": ""}, "geometry": {"type": "Polygon", "coordinates": [[[113.4995, 30.4867], [113.5029, 30.4416], [113.4492, 30.4261], [113.3777, 30.4584], [113.3432, 30.5147], [113.3017, 30.5247], [113.2971, 30.5434], [113.4995, 30.4867]]]}}, {"type": "Feature", "properties": {"NAME_CH": "沔阳湖"}, "geometry": {"type": "Polygon", "coordinates": [[[113.1361, 30.3114], [113.1977, 30.3305], [113.2565, 30.3143], [113.3369, 30.3173], [113.2864, 30.2746], [113.2434, 30.2748], [113.2416, 30.2548], [113.2184, 30.2452], [113.1907, 30.2716], [113.1596, 30.2676], [113.1361, 30.3114]]]}}, {"type": "Feature", "properties": {"NAME_CH": "太白湖"}, "geometry": {"type": "Polygon", "coordinates": [[[112.3689, 30.3668], [112.3618, 30.3398], [112.404, 30.3558], [112.4176, 30.3281], [112.4327, 30.342], [112.4344, 30.394], [112.4527, 30.3864], [112.4814, 30.3628], [112.4806, 30.3164], [112.3952, 30.3038], [112.2971, 30.3244], [112.2684, 30.3492], [112.3051, 30.3611], [112.3378, 30.3369], [112.3482, 30.3619], [112.3689, 30.3668]]]}}, {"type": "Feature", "properties": {"NAME_CH": "三湖"}, "geometry": {"type": "Polygon", "coordinates": [[[112.5132, 30.2791], [112.5873, 30.2777], [112.5522, 30.2216], [112.5537, 30.1821], [112.587, 30.144], [112.5527, 30.1198], [112.5169, 30.1246], [112.4947, 30.1786], [112.4335, 30.2215], [112.5132, 30.2791]]]}}, {"type": "Feature", "properties": {"NAME_CH": "白莲湖"}, "geometry": {"type": "Polygon", "coordinates": [[[112.2444, 29.9422], [112.256, 29.9754], [112.3486, 29.985], [112.3643, 29.9454], [112.3585, 29.8978], [112.2858, 29.9013], [112.2444, 29.9422]]]}}, {"type": "Feature", "properties": {"NAME_CH": "王冈湖"}, "geometry": {"type": "Polygon", "coordinates": [[[111.9797, 29.998], [111.9259, 29.9948], [111.8736, 30.0299], [111.8272, 30.0368], [111.8561, 30.06], [111.8393, 30.0873], [111.8821, 30.1554], [111.8577, 30.2129], [111.8933, 30.2153], [111.9191, 30.196], [112.0203, 30.1763], [111.9797, 29.998]]]}}, {"type": "Feature", "properties": {"NAME_CH": "武阳湖"}, "geometry": {"type": "Polygon", "coordinates": [[[116.3467, 28.7445], [116.3929, 28.7085], [116.3596, 28.7116], [116.3793, 28.6871], [116.3467, 28.7027], [116.3304, 28.671], [116.3067, 28.6621], [116.2625, 28.6903], [116.257, 28.7058], [116.2978, 28.7076], [116.3467, 28.7445]]]}}, {"type": "Feature", "properties": {"NAME_CH": ""}, "geometry": {"type": "Polygon", "coordinates": [[[116.3535, 28.6525], [116.3916, 28.6775], [116.4024, 28.6511], [116.3855, 28.638], [116.4038, 28.626], [116.399, 28.6141], [116.3841, 28.6129], [116.3535, 28.6525]]]}}, {"type": "Feature", "properties": {"NAME_CH": "东钱湖"}, "geometry": {"type": "Polygon", "coordinates": [[[121.6913, 29.7982], [121.6673, 29.7489], [121.6409, 29.7431], [121.6304, 29.7907], [121.6913, 29.7982]]]}}, {"type": "Feature", "properties": {"NAME_CH": "佟哈拉克湖"}, "geometry": {"type": "Polygon", "coordinates": [[[108.4403, 37.5821], [108.3922, 37.5782], [108.3812, 37.5891], [108.4013, 37.6241], [108.435, 37.6385], [108.4577, 37.6147], [108.4403, 37.5821]]]}}, {"type": "Feature", "properties": {"NAME_CH": "白海"}, "geometry": {"type": "Polygon", "coordinates": [[[103.4453, 37.8534], [103.4593, 37.8948], [103.4865, 37.9082], [103.5369, 37.9111], [103.5678, 37.8801], [103.5319, 37.8444], [103.4453, 37.8534]]]}}, {"type": "Feature", "properties": {"NAME_CH": "古尔鼐湖"}, "geometry": {"type": "Polygon", "coordinates": [[[100.9405, 40.8725], [101.0277, 40.8346], [101.0049, 40.779], [100.9799, 40.7523], [100.8754, 40.7491], [100.8621, 40.799], [100.8736, 40.8246], [100.9044, 40.8592], [100.9405, 40.8725]]]}}, {"type": "Feature", "properties": {"NAME_CH": "红盐池"}, "geometry": {"type": "Polygon", "coordinates": [[[101.7314, 40.7378], [101.7109, 40.7718], [101.7434, 40.821], [101.7811, 40.7944], [101.7314, 40.7378]]]}}, {"type": "Feature", "properties": {"NAME_CH": "骗马湖"}, "geometry": {"type": "Polygon", "coordinates": [[[101.6568, 40.4823], [101.7289, 40.5086], [101.754, 40.4927], [101.6948, 40.4589], [101.6568, 40.4823]]]}}, {"type": "Feature", "properties": {"NAME_CH": "沙枣湖"}, "geometry": {"type": "Polygon", "coordinates": [[[101.6863, 40.2664], [101.7287, 40.236], [101.7249, 40.2242], [101.6845, 40.1907], [101.6409, 40.1964], [101.6679, 40.2616], [101.6863, 40.2664]]]}}, {"type": "Feature", "properties": {"NAME_CH": "丰盈大泉"}, "geometry": {"type": "Polygon", "coordinates": [[[101.9205, 40.2606], [101.928, 40.2439], [101.8922, 40.2209], [101.8989, 40.2602], [101.9205, 40.2606]]]}}, {"type": "Feature", "properties": {"NAME_CH": "大苦水"}, "geometry": {"type": "Polygon", "coordinates": [[[101.3535, 40.2934], [101.3896, 40.2543], [101.3301, 40.2041], [101.2974, 40.2519], [101.3535, 40.2934]]]}}, {"type": "Feature", "properties": {"NAME_CH": ""}, "geometry": {"type": "Polygon", "coordinates": [[[99.061, 39.6161], [99.0903, 39.6481], [99.1129, 39.614], [99.0843, 39.6207], [99.061, 39.6161]]]}}, {"type": "Feature", "properties": {"NAME_CH": ""}, "geometry": {"type": "Polygon", "coordinates": [[[97.754, 40.3166], [97.8179, 40.3551], [97.9193, 40.3586], [97.9038, 40.3149], [97.875, 40.3052], [97.754, 40.3166]]]}}, {"type": "Feature", "properties": {"NAME_CH": ""}, "geometry": {"type": "Polygon", "coordinates": [[[94.3383, 40.489], [94.2613, 40.498], [94.3246, 40.5059], [94.4092, 40.5489], [94.4224, 40.531], [94.4555, 40.538], [94.3971, 40.4768], [94.3332, 40.4633], [94.3027, 40.4811], [94.3383, 40.489]]]}}, {"type": "Feature", "properties": {"NAME_CH": "达布逊淖尔(盐池)"}, "geometry": {"type": "Polygon", "coordinates": [[[99.1925, 36.66], [99.0803, 36.6653], [99.0306, 36.6953], [99.0152, 36.7239], [99.0447, 36.7464], [99.1206, 36.7423], [99.1867, 36.7045], [99.1925, 36.66]]]}}, {"type": "Feature", "properties": {"NAME_CH": ""}, "geometry": {"type": "Polygon", "coordinates": [[[100.7383, 36.5904], [100.7236, 36.5483], [100.7073, 36.544], [100.7383, 36.5904]]]}}, {"type": "Feature", "properties": {"NAME_CH": "巴汉池"}, "geometry": {"type": "Polygon", "coordinates": [[[100.5946, 37.0163], [100.5944, 36.9546], [100.5316, 36.9998], [100.5294, 37.0509], [100.5713, 37.0468], [100.5946, 37.0163]]]}}, {"type": "Feature", "properties": {"NAME_CH": "公额淖尔"}, "geometry": {"type": "Polygon", "coordinates": [[[100.3154, 36.0945], [100.2675, 36.1255], [100.3657, 36.1257], [100.3898, 36.1128], [100.3905, 36.0954], [100.3474, 36.1062], [100.3154, 36.0945]]]}}, {"type": "Feature", "properties": {"NAME_CH": "西讷淖尔"}, "geometry": {"type": "Polygon", "coordinates": [[[100.6074, 36.1679], [100.5635, 36.1667], [100.5457, 36.1874], [100.5834, 36.1968], [100.6074, 36.1679]]]}}, {"type": "Feature", "properties": {"NAME_CH": "多岁罗池"}, "geometry": {"type": "Polygon", "coordinates": [[[99.2196, 35.3095], [99.1622, 35.2564], [99.1272, 35.2872], [99.1617, 35.3377], [99.1696, 35.3248], [99.195, 35.3484], [99.2196, 35.3095]]]}}, {"type": "Feature", "properties": {"NAME_CH": "且末淖尔"}, "geometry": {"type": "Polygon", "coordinates": [[[97.6816, 34.499], [97.7454, 34.5068], [97.7616, 34.4917], [97.7468, 34.4699], [97.6996, 34.4733], [97.6816, 34.499]]]}}, {"type": "Feature", "properties": {"NAME_CH": ""}, "geometry": {"type": "Polygon", "coordinates": [[[92.6466, 34.1846], [92.6676, 34.2802], [92.6947, 34.2845], [92.7049, 34.2478], [92.6658, 34.2288], [92.6466, 34.1846]]]}}, {"type": "Feature", "properties": {"NAME_CH": "伊克柴达淖尔"}, "geometry": {"type": "Polygon", "coordinates": [[[95.2855, 37.8228], [95.2751, 37.7976], [95.2342, 37.7919], [95.2241, 37.8039], [95.2454, 37.8102], [95.2557, 37.8512], [95.1787, 37.8985], [95.2625, 37.8724], [95.2855, 37.8228]]]}}, {"type": "Feature", "properties": {"NAME_CH": "哈拉淖尔"}, "geometry": {"type": "Polygon", "coordinates": [[[98.0033, 37.0601], [98.076, 37.0461], [98.0696, 37.0248], [98.0418, 37.0252], [98.0033, 37.0601]]]}}, {"type": "Feature", "properties": {"NAME_CH": ""}, "geometry": {"type": "Polygon", "coordinates": [[[98.3024, 37.2192], [98.2972, 37.2388], [98.3341, 37.2688], [98.3475, 37.251], [98.3341, 37.2289], [98.3024, 37.2192]]]}}, {"type": "Feature", "properties": {"NAME_CH": "博尔淖尔"}, "geometry": {"type": "Polygon", "coordinates": [[[98.4428, 37.1731], [98.3614, 37.1717], [98.3727, 37.1976], [98.4079, 37.21], [98.4434, 37.1926], [98.4428, 37.1731]]]}}, {"type": "Feature", "properties": {"NAME_CH": "布喀池"}, "geometry": {"type": "Polygon", "coordinates": [[[90.9439, 31.4126], [90.902, 31.4831], [90.974, 31.5663], [90.9579, 31.5712], [90.949, 31.6011], [90.9702, 31.6272], [90.9974, 31.6038], [90.9921, 31.5765], [91.0272, 31.5533], [91.029, 31.5254], [90.9439, 31.4126]]]}}, {"type": "Feature", "properties": {"NAME_CH": ""}, "geometry": {"type": "Polygon", "coordinates": [[[89.9673, 31.0073], [89.9338, 30.9756], [89.8999, 30.9909], [89.8878, 31.0265], [89.9499, 31.0324], [89.9673, 31.0073]]]}}, {"type": "Feature", "properties": {"NAME_CH": ""}, "geometry": {"type": "Polygon", "coordinates": [[[89.7442, 30.8981], [89.6587, 30.8989], [89.6554, 30.9215], [89.5914, 30.9177], [89.598, 30.959], [89.6498, 30.945], [89.6166, 30.9646], [89.6168, 30.9802], [89.6835, 30.979], [89.7007, 30.9616], [89.6741, 30.9293], [89.7382, 30.9425], [89.7706, 30.905], [89.7366, 30.8866], [89.7442, 30.8981]]]}}, {"type": "Feature", "properties": {"NAME_CH": ""}, "geometry": {"type": "Polygon", "coordinates": [[[89.783, 30.9135], [89.7796, 30.9371], [89.7993, 30.921], [89.8075, 30.9577], [89.8624, 30.9677], [89.8936, 30.9483], [89.8477, 30.9], [89.783, 30.9135]]]}}, {"type": "Feature", "properties": {"NAME_CH": "查布也萨噶盐池"}, "geometry": {"type": "Polygon", "coordinates": [[[84.1253, 31.3178], [84.0455, 31.3198], [84.0281, 31.2944], [84.035, 31.2665], [84.0207, 31.2606], [83.9827, 31.2536], [83.9867, 31.2721], [83.9624, 31.2869], [83.9953, 31.309], [83.9635, 31.3674], [84.0187, 31.3891], [84.0706, 31.3612], [84.0942, 31.375], [84.0238, 31.4024], [84.0037, 31.4395], [84.0122, 31.4894], [84.042, 31.5085], [84.0966, 31.458], [84.101, 31.3723], [84.1296, 31.3421], [84.1253, 31.3178]]]}}, {"type": "Feature", "properties": {"NAME_CH": "阿尔拜河"}, "geometry": {"type": "Polygon", "coordinates": [[[75.2064, 40.6166], [75.1867, 40.6575], [75.2346, 40.7148], [75.3219, 40.7575], [75.4192, 40.7619], [75.4301, 40.7166], [75.341, 40.6526], [75.2631, 40.6107], [75.2064, 40.6166]]]}}, {"type": "Feature", "properties": {"NAME_CH": "森格尔池"}, "geometry": {"type": "Polygon", "coordinates": [[[75.3353, 41.7664], [75.2601, 41.778], [75.1312, 41.7497], [75.0919, 41.7589], [75.0272, 41.8442], [75.0527, 41.8979], [75.1245, 41.911], [75.2211, 41.8851], [75.3097, 41.8301], [75.3353, 41.7664]]]}}, {"type": "Feature", "properties": {"NAME_CH": "罗布淖尔"}, "geometry": {"type": "Polygon", "coordinates": [[[90.1775, 40.7281], [90.1969, 40.7252], [90.2359, 40.7697], [90.2623, 40.7759], [90.2908, 40.7518], [90.2995, 40.6521], [90.338, 40.6432], [90.33, 40.5705], [90.3803, 40.5624], [90.4043, 40.5412], [90.4307, 40.296], [90.5046, 40.2032], [90.4863, 40.1674], [90.2922, 40.0687], [90.2407, 40.1182], [90.1899, 40.0784], [90.1668, 40.0976], [90.1016, 40.2382], [90.1403, 40.4576], [90.1378, 40.5338], [90.1005, 40.6204], [90.1054, 40.6679], [90.1775, 40.7281]]]}}, {"type": "Feature", "properties": {"NAME_CH": "巴尔库勒海"}, "geometry": {"type": "Polygon", "coordinates": [[[92.8549, 43.7132], [92.8524, 43.625], [92.8317, 43.6101], [92.7756, 43.61], [92.7519, 43.6285], [92.7266, 43.6999], [92.8017, 43.7279], [92.869, 43.7277], [92.8549, 43.7132]]]}}, {"type": "Feature", "properties": {"NAME_CH": "觉洛浣"}, "geometry": {"type": "Polygon", "coordinates": [[[89.2429, 42.6991], [89.4205, 42.6615], [89.5292, 42.5903], [89.6108, 42.5571], [89.5996, 42.5435], [89.3899, 42.5798], [89.2414, 42.6735], [89.2429, 42.6991]]]}}, {"type": "Feature", "properties": {"NAME_CH": "察罕赛喇木池"}, "geometry": {"type": "Polygon", "coordinates": [[[81.1813, 44.6981], [81.3784, 44.6135], [81.3854, 44.5804], [81.3596, 44.5439], [81.1958, 44.4726], [81.1491, 44.4813], [81.0494, 44.5539], [81.0348, 44.5785], [81.0458, 44.641], [81.1144, 44.6731], [81.1328, 44.697], [81.1813, 44.6981]]]}}, {"type": "Feature", "properties": {"NAME_CH": "噶斯淖尔"}, "geometry": {"type": "Polygon", "coordinates": [[[90.7382, 38.097], [90.7288, 38.1197], [90.7677, 38.1661], [90.8211, 38.1758], [90.8779, 38.1577], [90.9205, 38.083], [90.911, 38.0631], [90.7382, 38.097]]]}}, {"type": "Feature", "properties": {"NAME_CH": ""}, "geometry": {"type": "Polygon", "coordinates": [[[102.6715, 39.3948], [102.6918, 39.4158], [102.7541, 39.4263], [102.7884, 39.4085], [102.7347, 39.3862], [102.6874, 39.3823], [102.6715, 39.3948]]]}}, {"type": "Feature", "properties": {"NAME_CH": "鸳鸯白盐池"}, "geometry": {"type": "Polygon", "coordinates": [[[102.8406, 39.443], [102.8726, 39.4689], [102.9532, 39.4629], [102.9855, 39.4462], [102.9827, 39.4267], [102.9609, 39.4167], [102.8922, 39.414], [102.8487, 39.4216], [102.8406, 39.443]]]}}, {"type": "Feature", "properties": {"NAME_CH": "昌宁湖"}, "geometry": {"type": "Polygon", "coordinates": [[[102.3358, 38.6534], [102.33, 38.6831], [102.3612, 38.723], [102.4086, 38.7353], [102.4141, 38.7082], [102.3808, 38.6696], [102.3358, 38.6534]]]}}, {"type": "Feature", "properties": {"NAME_CH": ""}, "geometry": {"type": "MultiPolygon", "coordinates": []}}, {"type": "Feature", "properties": {"NAME_CH": "鱼海(哈喇泊)"}, "geometry": {"type": "Polygon", "coordinates": [[[103.9823, 39.0533], [104.0359, 39.1408], [104.0809, 39.148], [104.1461, 39.1153], [104.1038, 39.0671], [103.9823, 39.0533]]]}}, {"type": "Feature", "properties": {"NAME_CH": "摆言湖"}, "geometry": {"type": "Polygon", "coordinates": [[[104.5467, 39.6327], [104.5446, 39.6009], [104.5151, 39.595], [104.3572, 39.6964], [104.339, 39.7337], [104.4055, 39.7435], [104.4823, 39.6548], [104.5467, 39.6327]]]}}, {"type": "Feature", "properties": {"NAME_CH": "库克布里图"}, "geometry": {"type": "Polygon", "coordinates": [[[104.8082, 39.2089], [104.7766, 39.1891], [104.7438, 39.2008], [104.7347, 39.2209], [104.7582, 39.2333], [104.8082, 39.2089]]]}}, {"type": "Feature", "properties": {"NAME_CH": "西喇布里都"}, "geometry": {"type": "Polygon", "coordinates": [[[105.3338, 39.1786], [105.3453, 39.1682], [105.3346, 39.1498], [105.2883, 39.1171], [105.2677, 39.072], [105.2864, 39.0195], [105.3282, 38.9834], [105.312, 38.9674], [105.2517, 39.0148], [105.2427, 39.0569], [105.25, 39.1122], [105.3338, 39.1786]]]}}, {"type": "Feature", "properties": {"NAME_CH": "吉兰泰盐池"}, "geometry": {"type": "Polygon", "coordinates": [[[105.6685, 39.6601], [105.6596, 39.6926], [105.7609, 39.7885], [105.7829, 39.7806], [105.7151, 39.6865], [105.6685, 39.6601]]]}}, {"type": "Feature", "properties": {"NAME_CH": "西喇布里都池"}, "geometry": {"type": "Polygon", "coordinates": [[[108.2176, 39.0949], [108.2093, 39.1276], [108.2684, 39.188], [108.3352, 39.1868], [108.3537, 39.1626], [108.332, 39.1306], [108.2788, 39.0992], [108.2176, 39.0949]]]}}, {"type": "Feature", "properties": {"NAME_CH": "特默图池"}, "geometry": {"type": "Polygon", "coordinates": [[[108.4872, 38.7715], [108.533, 38.7365], [108.541, 38.7231], [108.5127, 38.7328], [108.4872, 38.7715]]]}}, {"type": "Feature", "properties": {"NAME_CH": "巴哈池"}, "geometry": {"type": "Polygon", "coordinates": [[[109.3105, 39.3378], [109.3195, 39.3115], [109.3048, 39.3153], [109.2963, 39.2972], [109.2314, 39.3015], [109.2333, 39.3218], [109.3105, 39.3378]]]}}, {"type": "Feature", "properties": {"NAME_CH": "锅底池"}, "geometry": {"type": "Polygon", "coordinates": [[[108.3077, 40.0733], [108.2961, 40.0964], [108.3373, 40.1413], [108.367, 40.1584], [108.4404, 40.1532], [108.4253, 40.0774], [108.3077, 40.0733]]]}}, {"type": "Feature", "properties": {"NAME_CH": ""}, "geometry": {"type": "Polygon", "coordinates": [[[106.3771, 41.5693], [106.4947, 41.6155], [106.5265, 41.6072], [106.521, 41.5808], [106.4802, 41.5625], [106.4258, 41.5548], [106.3771, 41.5693]]]}}, {"type": "Feature", "properties": {"NAME_CH": ""}, "geometry": {"type": "Polygon", "coordinates": [[[107.0781, 40.5809], [106.9952, 40.582], [106.9362, 40.6045], [106.9175, 40.6451], [106.9405, 40.6804], [106.9961, 40.6866], [107.0386, 40.6689], [107.0677, 40.6341], [107.0781, 40.5809]]]}}, {"type": "Feature", "properties": {"NAME_CH": "红水池"}, "geometry": {"type": "Polygon", "coordinates": [[[107.5663, 40.3514], [107.5578, 40.3653], [107.5791, 40.3859], [107.6369, 40.3835], [107.6415, 40.363], [107.5663, 40.3514]]]}}, {"type": "Feature", "properties": {"NAME_CH": "大盐池"}, "geometry": {"type": "Polygon", "coordinates": [[[105.0284, 38.0141], [105.019, 38.0409], [105.0413, 38.0614], [105.0664, 38.0711], [105.095, 38.0604], [105.0935, 38.0384], [105.0284, 38.0141]]]}}, {"type": "Feature", "properties": {"NAME_CH": "阿勒坦托辉泊"}, "geometry": {"type": "Polygon", "coordinates": [[[110.6789, 42.4256], [110.6341, 42.443], [110.668, 42.4667], [110.7007, 42.4648], [110.7076, 42.4111], [110.677, 42.4069], [110.6664, 42.4173], [110.6789, 42.4256]]]}}, {"type": "Feature", "properties": {"NAME_CH": "锡喇察汉泊"}, "geometry": {"type": "Polygon", "coordinates": [[[111.1817, 42.605], [111.2029, 42.5911], [111.1971, 42.5476], [111.1672, 42.5022], [111.1002, 42.4749], [111.1006, 42.5124], [111.1817, 42.605]]]}}, {"type": "Feature", "properties": {"NAME_CH": "阿鲁音叉达木湖"}, "geometry": {"type": "Polygon", "coordinates": [[[113.1935, 43.3805], [113.148, 43.3601], [113.1739, 43.3459], [113.1375, 43.3285], [113.1445, 43.3699], [113.1935, 43.3805]]]}}, {"type": "Feature", "properties": {"NAME_CH": "兖泊"}, "geometry": {"type": "Polygon", "coordinates": [[[114.6714, 43.2942], [114.6379, 43.3007], [114.6421, 43.3287], [114.6608, 43.3305], [114.6692, 43.3172], [114.6549, 43.3133], [114.6714, 43.2942]]]}}, {"type": "Feature", "properties": {"NAME_CH": "阿达可池"}, "geometry": {"type": "Polygon", "coordinates": [[[117.3675, 45.0269], [117.4238, 45.0279], [117.4374, 44.9816], [117.4168, 44.9564], [117.3954, 44.9604], [117.3588, 45.0026], [117.3675, 45.0269]]]}}, {"type": "Feature", "properties": {"NAME_CH": "胡鲁苏台察罕泊"}, "geometry": {"type": "Polygon", "coordinates": [[[113.3952, 44.9633], [113.4407, 44.9274], [113.447, 44.8895], [113.4244, 44.8583], [113.3751, 44.8745], [113.381, 44.9577], [113.3952, 44.9633]]]}}, {"type": "Feature", "properties": {"NAME_CH": "西刺布里都泊"}, "geometry": {"type": "Polygon", "coordinates": [[[113.1012, 45.3488], [113.0564, 45.4134], [113.0607, 45.4441], [113.1113, 45.441], [113.1313, 45.4197], [113.1012, 45.3488]]]}}, {"type": "Feature", "properties": {"NAME_CH": "昭哈泊"}, "geometry": {"type": "Polygon", "coordinates": [[[111.1982, 43.2601], [111.2189, 43.2967], [111.3401, 43.2593], [111.333, 43.2346], [111.3071, 43.2189], [111.1982, 43.2601]]]}}, {"type": "Feature", "properties": {"NAME_CH": ""}, "geometry": {"type": "Polygon", "coordinates": [[[97.0075, 50.9173], [96.9266, 50.8718], [96.8803, 50.8792], [96.8682, 50.9001], [96.9127, 50.9413], [96.949, 50.9507], [96.9859, 50.9461], [97.0075, 50.9173]]]}}, {"type": "Feature", "properties": {"NAME_CH": "阿拉克泊"}, "geometry": {"type": "Polygon", "coordinates": [[[94.4718, 45.1278], [94.4374, 45.1252], [94.424, 45.1615], [94.4738, 45.1619], [94.4517, 45.1484], [94.4718, 45.1278]]]}}, {"type": "Feature", "properties": {"NAME_CH": "乌布萨诺尔"}, "geometry": {"type": "Polygon", "coordinates": [[[92.9914, 50.5531], [92.9941, 50.5323], [93.0137, 50.5331], [93.0027, 50.5171], [93.0471, 50.4947], [92.9987, 50.4794], [93.0559, 50.4703], [93.0781, 50.4471], [93.0946, 50.4543], [93.1183, 50.3959], [93.157, 50.3708], [93.1595, 50.3518], [93.2035, 50.3473], [93.2553, 50.3842], [93.2987, 50.3871], [93.2931, 50.3617], [93.2301, 50.3494], [93.2323, 50.3249], [93.2843, 50.2867], [93.3387, 50.3216], [93.3755, 50.3184], [93.3945, 50.3089], [93.4074, 50.2596], [93.2741, 50.2197], [93.2483, 50.2614], [93.1091, 50.2339], [93.0681, 50.2067], [93.0522, 50.1674], [92.924, 50.0431], [92.8014, 50.0025], [92.9167, 50.0524], [92.922, 50.068], [92.7639, 49.9982], [92.6067, 49.9897], [92.5014, 50.0159], [92.4129, 50.087], [92.415, 50.1174], [92.3951, 50.114], [92.3371, 50.1467], [92.3294, 50.1879], [92.3116, 50.191], [92.3237, 50.2073], [92.3096, 50.2092], [92.3308, 50.2505], [92.2988, 50.2624], [92.3347, 50.2871], [92.3124, 50.3118], [92.3291, 50.3087], [92.2206, 50.3888], [92.2444, 50.4355], [92.2832, 50.4679], [92.4114, 50.4896], [92.5167, 50.5436], [92.6461, 50.543], [92.7416, 50.5687], [92.7854, 50.5904], [92.8304, 50.649], [92.8855, 50.6823], [93.0036, 50.66], [93.0411, 50.6289], [93.0195, 50.6245], [93.0221, 50.6005], [93.039, 50.5975], [93.0163, 50.5863], [93.0188, 50.5601], [92.9914, 50.5531]]]}}, {"type": "Feature", "properties": {"NAME_CH": "通海湖"}, "geometry": {"type": "Polygon", "coordinates": [[[102.7844, 24.1392], [102.6868, 24.1311], [102.681, 24.1454], [102.7138, 24.1464], [102.7881, 24.201], [102.8062, 24.1951], [102.8137, 24.174], [102.7844, 24.1392]]]}}, {"type": "Feature", "properties": {"NAME_CH": ""}, "geometry": {"type": "Polygon", "coordinates": [[[120.6645, 30.1151], [120.7178, 30.0921], [120.7769, 30.0953], [120.8139, 30.0624], [120.7913, 30.0469], [120.7997, 30.061], [120.7789, 30.0874], [120.6877, 30.0908], [120.6645, 30.1151]]]}}, {"type": "Feature", "properties": {"NAME_CH": ""}, "geometry": {"type": "Polygon", "coordinates": [[[119.7157, 34.3026], [119.749, 34.3561], [119.7969, 34.3872], [119.7805, 34.4086], [119.7816, 34.4743], [119.7951, 34.4965], [119.8134, 34.4807], [119.79, 34.4746], [119.7981, 34.4462], [119.784, 34.4112], [119.7994, 34.3832], [119.7506, 34.3514], [119.7394, 34.3128], [119.7157, 34.3026]]]}}, {"type": "Feature", "properties": {"NAME_CH": ""}, "geometry": {"type": "Polygon", "coordinates": [[[120.8068, 42.9595], [120.8166, 43.0026], [120.855, 43.0058], [120.8574, 42.973], [120.8068, 42.9595]]]}}, {"type": "Feature", "properties": {"NAME_CH": ""}, "geometry": {"type": "MultiPolygon", "coordinates": []}}, {"type": "Feature", "properties": {"NAME_CH": ""}, "geometry": {"type": "MultiPolygon", "coordinates": []}}, {"type": "Feature", "properties": {"NAME_CH": ""}, "geometry": {"type": "MultiPolygon", "coordinates": []}}, {"type": "Feature", "properties": {"NAME_CH": "伊犁河"}, "geometry": {"type": "Polygon", "coordinates": [[[75.7097, 45.0002], [75.5758, 45.002], [75.5527, 45.0281], [75.5166, 45.0248], [75.4863, 45.0348], [75.4207, 45.0766], [75.4334, 45.0867], [75.4098, 45.1004], [75.4031, 45.114], [75.3422, 45.1471], [75.3419, 45.1564], [75.3012, 45.1588], [75.2879, 45.1737], [75.2918, 45.1826], [75.2243, 45.2248], [74.9996, 45.2316], [75.2305, 45.2268], [75.297, 45.1837], [75.3063, 45.1611], [75.3445, 45.1601], [75.4048, 45.1192], [75.4379, 45.0924], [75.4366, 45.0814], [75.4256, 45.0778], [75.488, 45.0412], [75.5538, 45.0341], [75.5774, 45.0074], [75.7132, 45.0047], [75.7323, 44.9824], [75.8196, 44.9472], [75.876, 44.9003], [75.9161, 44.9131], [75.9591, 44.8796], [75.9955, 44.8837], [76.0025, 44.8548], [76.0225, 44.8565], [76.0803, 44.8349], [76.0968, 44.8188], [76.1613, 44.8283], [76.2987, 44.7853], [76.3072, 44.7628], [76.3522, 44.7488], [76.3863, 44.7072], [76.3703, 44.7058], [76.3452, 44.7482], [76.3087, 44.7559], [76.2951, 44.7817], [76.1567, 44.8247], [76.0983, 44.8135], [75.9992, 44.85], [75.9272, 44.8988], [75.8689, 44.8974], [75.8099, 44.9461], [75.7281, 44.979], [75.7097, 45.0002]]]}}, {"type": "Feature", "properties": {"NAME_CH": "斋桑泊（烘和图池）"}, "geometry": {"type": "Polygon", "coordinates": [[[83.724, 47.9569], [83.6438, 48.0204], [83.6195, 48.0113], [83.5554, 48.0296], [83.5641, 48.0195], [83.5529, 48.0165], [83.5007, 48.0426], [83.4449, 48.039], [83.4105, 48.0676], [83.3427, 48.0354], [83.2695, 48.0519], [83.1497, 48.1294], [83.1515, 48.1433], [83.1339, 48.1362], [83.0407, 48.1799], [83.0062, 48.2362], [83.0331, 48.2842], [83.1019, 48.2324], [83.1628, 48.2666], [83.2121, 48.2666], [83.2471, 48.285], [83.3605, 48.2536], [83.4491, 48.2538], [83.4877, 48.2696], [83.5969, 48.2311], [83.7135, 48.2122], [83.8624, 48.1458], [83.9746, 48.1295], [84.0713, 48.0861], [84.0866, 48.027], [84.1454, 48.0665], [84.1915, 48.0536], [84.2165, 48.0209], [84.2475, 48.038], [84.3819, 48.0196], [84.4565, 47.9582], [84.5842, 47.9206], [84.5678, 47.9177], [84.5728, 47.8955], [84.5507, 47.8809], [84.5137, 47.8775], [84.5212, 47.8541], [84.4951, 47.8449], [84.5052, 47.8315], [84.4752, 47.8269], [84.4629, 47.804], [84.5121, 47.7845], [84.4892, 47.7626], [84.4908, 47.7439], [84.5408, 47.7221], [84.6158, 47.7421], [84.6306, 47.7171], [84.5985, 47.6787], [84.517, 47.6766], [84.5495, 47.6626], [84.3412, 47.6847], [84.2137, 47.7286], [84.0863, 47.8275], [84.0277, 47.831], [83.9206, 47.8756], [83.877, 47.8652], [83.8333, 47.8798], [83.7734, 47.9597], [83.7466, 47.9711], [83.724, 47.9569]]]}}, {"type": "Feature", "properties": {"NAME_CH": ""}, "geometry": {"type": "MultiPolygon", "coordinates": []}}, {"type": "Feature", "properties": {"NAME_CH": ""}, "geometry": {"type": "MultiPolygon", "coordinates": []}}, {"type": "Feature", "properties": {"NAME_CH": "楚库河"}, "geometry": {"type": "Polygon", "coordinates": [[[108.0787, 49.9506], [108.0603, 49.9726], [108.182, 49.9556], [108.1923, 49.9982], [108.252, 50.0336], [108.2333, 50.0858], [108.2934, 50.1388], [108.3262, 50.1389], [108.3446, 50.1139], [108.3933, 50.1132], [108.4296, 50.1341], [108.4845, 50.1328], [108.5378, 50.1835], [108.6066, 50.1922], [108.5919, 50.2061], [108.5972, 50.2148], [108.6123, 50.1963], [108.601, 50.1869], [108.5429, 50.1824], [108.4772, 50.1261], [108.4383, 50.1323], [108.3971, 50.1091], [108.3345, 50.1108], [108.3105, 50.1386], [108.2824, 50.1255], [108.2356, 50.0816], [108.2575, 50.0466], [108.2528, 50.0259], [108.1949, 49.9947], [108.1859, 49.9514], [108.1716, 49.9457], [108.0721, 49.968], [108.0812, 49.9483], [108.0689, 49.9431], [107.8816, 49.927], [107.8426, 49.9525], [107.8079, 49.9298], [107.742, 49.9721], [107.6587, 49.9574], [107.6428, 49.9699], [107.6003, 49.9652], [107.5548, 49.9806], [107.5162, 49.9714], [107.4436, 49.9794], [107.4297, 49.9696], [107.4105, 49.9773], [107.3918, 49.9753], [107.3683, 49.9837], [107.3191, 50.0124], [107.3914, 49.9777], [107.5521, 49.9851], [107.6458, 49.976], [107.6606, 49.9619], [107.7409, 49.9771], [107.8074, 49.938], [107.84, 49.9592], [107.8917, 49.936], [108.0787, 49.9506]]]}}, {"type": "Feature", "properties": {"NAME_CH": ""}, "geometry": {"type": "Polygon", "coordinates": [[[90.2516, 52.877], [90.2982, 52.9762], [90.26, 52.8778], [90.2944, 52.7916], [90.2795, 52.7007], [90.1261, 52.6363], [90.0864, 52.6369], [90.028, 52.5773], [90.0007, 52.5779], [90.0289, 52.5818], [90.0844, 52.6405], [90.1239, 52.6403], [90.265, 52.7018], [90.2876, 52.7965], [90.2538, 52.8434], [90.2516, 52.877]]]}}, {"type": "Feature", "properties": {"NAME_CH": "图古勒池"}, "geometry": {"type": "Polygon", "coordinates": [[[81.1815, 46.6643], [81.2534, 46.6242], [81.3382, 46.5336], [81.4719, 46.4705], [81.5528, 46.472], [81.5648, 46.4601], [81.5469, 46.4514], [81.5643, 46.447], [81.6122, 46.4628], [81.5908, 46.4736], [81.6047, 46.4792], [81.6458, 46.4614], [81.6215, 46.4398], [81.6799, 46.4458], [81.6612, 46.4303], [81.6786, 46.4286], [81.7185, 46.4496], [81.6895, 46.4289], [81.7623, 46.4331], [81.7922, 46.3998], [81.7666, 46.3985], [81.7885, 46.3872], [81.8497, 46.3977], [81.8995, 46.3818], [81.8516, 46.3912], [81.8224, 46.3802], [81.87, 46.3567], [81.9356, 46.3648], [81.89, 46.3413], [81.9236, 46.3169], [81.956, 46.3201], [81.9459, 46.3158], [81.9645, 46.3077], [81.9556, 46.2969], [81.9371, 46.3001], [81.9685, 46.2333], [82.0334, 46.1988], [82.0108, 46.1095], [82.042, 45.9943], [82.0351, 45.9752], [82.0457, 45.9785], [82.0516, 45.9098], [82.1424, 45.7548], [82.1387, 45.7348], [82.1114, 45.7369], [82.0657, 45.7841], [81.9837, 45.8284], [81.8794, 45.8434], [81.765, 45.8188], [81.7279, 45.8243], [81.6492, 45.8686], [81.636, 45.9088], [81.5116, 45.9982], [81.3818, 46.015], [81.3653, 46.0416], [81.3671, 46.094], [81.3857, 46.1256], [81.3746, 46.1388], [81.4033, 46.148], [81.4133, 46.1645], [81.3925, 46.188], [81.4196, 46.2008], [81.3968, 46.2185], [81.4125, 46.2143], [81.3966, 46.2284], [81.4093, 46.2268], [81.3984, 46.2629], [81.3613, 46.2621], [81.4068, 46.273], [81.4031, 46.2847], [81.3653, 46.2807], [81.3693, 46.305], [81.2788, 46.3462], [81.2138, 46.4131], [81.0536, 46.4913], [80.9976, 46.4758], [80.9392, 46.4981], [80.8086, 46.4891], [80.7164, 46.5938], [80.68, 46.5921], [80.6202, 46.6269], [80.5934, 46.6831], [80.6023, 46.7063], [80.6095, 46.6877], [80.6422, 46.6921], [80.6743, 46.6732], [80.7321, 46.6923], [80.8581, 46.6414], [80.8761, 46.6618], [80.9536, 46.6292], [81.0473, 46.6539], [81.0964, 46.6363], [81.1397, 46.6653], [81.1815, 46.6643]]]}}, {"type": "Feature", "properties": {"NAME_CH": "布勒哈齐池"}, "geometry": {"type": "Polygon", "coordinates": [[[83.0162, 44.743], [82.885, 44.8289], [82.6937, 44.8642], [82.6385, 44.9769], [82.5809, 45.0468], [82.6243, 45.1242], [82.6827, 45.1376], [82.8058, 45.0892], [82.8275, 45.0592], [82.9143, 45.0052], [83.1614, 44.8953], [83.1711, 44.8635], [83.1932, 44.8504], [83.1653, 44.8444], [83.1278, 44.7792], [83.0507, 44.7401], [83.0162, 44.743]]]}}, {"type": "Feature", "properties": {"NAME_CH": "塔里木河"}, "geometry": {"type": "Polygon", "coordinates": [[[83.7412, 40.9945], [83.7166, 41.0181], [83.699, 40.9903], [83.6808, 41.0071], [83.6696, 40.9881], [83.6512, 40.9807], [83.6472, 40.9991], [83.6261, 40.9837], [83.6058, 40.9829], [83.5799, 41.0035], [83.5821, 40.9893], [83.5636, 40.978], [83.5386, 40.9818], [83.5174, 40.9994], [83.4631, 40.9857], [83.4178, 41.0009], [83.3843, 40.9708], [83.3581, 40.9755], [83.3398, 40.9935], [83.3171, 40.9817], [83.2919, 40.9885], [83.3014, 40.9598], [83.2567, 40.9296], [83.2496, 40.9587], [83.2283, 40.9309], [83.2153, 40.9432], [83.2185, 40.9613], [83.1985, 40.9472], [83.177, 40.9472], [83.1572, 40.9743], [83.136, 40.9385], [83.1019, 40.919], [83.086, 40.9209], [83.0905, 40.9105], [83.0679, 40.9115], [83.0253, 40.9379], [82.9994, 40.9019], [82.9774, 40.907], [82.9704, 40.9295], [82.9385, 40.9217], [82.8722, 40.9465], [82.8566, 40.9831], [82.8192, 40.9867], [82.8222, 40.9576], [82.8089, 40.958], [82.754, 41.0288], [82.7408, 41.0157], [82.702, 41.034], [82.7, 41.0043], [82.661, 41.0262], [82.6, 40.9989], [82.5714, 41.0058], [82.5408, 40.9493], [82.4941, 40.9774], [82.4482, 40.9661], [82.4303, 40.9395], [82.3938, 40.9464], [82.3157, 40.9132], [82.2683, 40.9217], [82.2661, 40.886], [82.2063, 40.8887], [82.1727, 40.8546], [82.0828, 40.8576], [81.9913, 40.818], [81.927, 40.8228], [81.9217, 40.7993], [81.8577, 40.7853], [81.7762, 40.7096], [81.7257, 40.723], [81.6352, 40.7075], [81.5967, 40.7261], [81.4927, 40.6994], [81.4632, 40.6776], [81.4187, 40.6675], [81.4209, 40.6163], [81.3649, 40.6039], [81.3797, 40.5794], [81.3386, 40.5551], [81.3344, 40.5227], [81.1977, 40.5288], [81.1726, 40.5054], [81.1407, 40.5247], [81.1032, 40.5095], [81.0628, 40.5283], [80.9831, 40.5071], [81.0435, 40.536], [81.1659, 40.5234], [81.2043, 40.5448], [81.3242, 40.5313], [81.331, 40.5702], [81.358, 40.5806], [81.3394, 40.6055], [81.3514, 40.6187], [81.4022, 40.6186], [81.4009, 40.6682], [81.416, 40.6817], [81.4593, 40.6818], [81.5024, 40.712], [81.5838, 40.7362], [81.6488, 40.7247], [81.7348, 40.7344], [81.7757, 40.7201], [81.8478, 40.803], [81.8876, 40.8003], [81.941, 40.8438], [81.9908, 40.8308], [82.0315, 40.8627], [82.1683, 40.8693], [82.1974, 40.9048], [82.2511, 40.8985], [82.2565, 40.9433], [82.3133, 40.9374], [82.3798, 40.9619], [82.4157, 40.9543], [82.4445, 40.9826], [82.4789, 40.9773], [82.4985, 40.9927], [82.5395, 40.9816], [82.5679, 41.0124], [82.6031, 41.0052], [82.6593, 41.0333], [82.6872, 41.0163], [82.7026, 41.0479], [82.7327, 41.0215], [82.7605, 41.0324], [82.8117, 40.9619], [82.8068, 40.9894], [82.8553, 40.992], [82.8711, 40.9646], [82.9273, 40.9369], [82.979, 40.9349], [82.9881, 40.913], [83.0288, 40.9452], [83.0803, 40.9122], [83.0797, 40.9255], [83.1287, 40.9388], [83.1549, 40.9796], [83.1844, 40.951], [83.2186, 40.9734], [83.2318, 40.9357], [83.24, 40.9616], [83.258, 40.9568], [83.2615, 40.9393], [83.2942, 40.9619], [83.2811, 40.9932], [83.3172, 40.9858], [83.3419, 41.0007], [83.3817, 40.9742], [83.4032, 41.0066], [83.4535, 40.9895], [83.52, 41.0046], [83.5553, 40.9818], [83.5706, 40.987], [83.568, 41.0104], [83.5998, 41.0032], [83.6084, 40.9858], [83.6444, 41.0064], [83.6652, 40.9928], [83.6774, 41.0127], [83.6992, 40.9967], [83.7195, 41.0238], [83.7383, 40.998], [83.7508, 41.0259], [83.7832, 41.0092], [83.7743, 40.9881], [83.8255, 40.9823], [83.8397, 40.9651], [83.8641, 40.9872], [83.9309, 40.9849], [83.9501, 41.0021], [83.9286, 41.0261], [83.9886, 41.0447], [83.9642, 41.0556], [83.9887, 41.0775], [83.9775, 41.0612], [83.9975, 41.0544], [83.9744, 41.029], [83.9388, 41.025], [83.9542, 41.0247], [83.9635, 41.013], [83.931, 40.9785], [83.8692, 40.9846], [83.8446, 40.957], [83.8202, 40.9783], [83.7629, 40.9824], [83.7729, 41.0078], [83.7527, 41.0213], [83.7412, 40.9945]]]}}, {"type": "Feature", "properties": {"NAME_CH": "班公错"}, "geometry": {"type": "Polygon", "coordinates": [[[78.9736, 33.7466], [78.9993, 33.7389], [79.0667, 33.7679], [79.1208, 33.7457], [79.2004, 33.7459], [79.2123, 33.7623], [79.2353, 33.7614], [79.2925, 33.7313], [79.3746, 33.7248], [79.4274, 33.7465], [79.4667, 33.7396], [79.4742, 33.7569], [79.4949, 33.746], [79.5368, 33.7582], [79.5648, 33.7102], [79.6024, 33.7081], [79.6431, 33.664], [79.7004, 33.6498], [79.7227, 33.5917], [79.7601, 33.5643], [79.7996, 33.555], [79.8611, 33.5759], [79.9258, 33.5584], [79.8988, 33.5439], [79.9022, 33.5077], [79.8793, 33.4728], [79.8402, 33.4763], [79.784, 33.4442], [79.7688, 33.4795], [79.742, 33.4633], [79.7548, 33.4886], [79.7033, 33.5375], [79.6985, 33.5627], [79.6636, 33.5816], [79.6918, 33.6363], [79.6468, 33.6372], [79.5808, 33.7006], [79.436, 33.7348], [79.41, 33.7246], [79.393, 33.6937], [79.3852, 33.7097], [79.2997, 33.722], [79.2738, 33.7062], [79.2706, 33.7268], [79.2259, 33.7457], [79.1114, 33.7273], [79.0722, 33.7459], [79.0403, 33.7305], [79.0256, 33.7441], [78.9881, 33.7353], [78.9358, 33.6907], [78.8994, 33.7041], [78.8678, 33.6881], [78.8304, 33.6934], [78.8272, 33.7083], [78.7306, 33.6634], [78.7249, 33.6759], [78.7418, 33.6828], [78.7014, 33.685], [78.6901, 33.7179], [78.6347, 33.7502], [78.6126, 33.7981], [78.4462, 33.9325], [78.4327, 33.9717], [78.4462, 33.9829], [78.4796, 33.9648], [78.4995, 33.9743], [78.4926, 33.9464], [78.5103, 33.9187], [78.5349, 33.9232], [78.5529, 33.889], [78.5534, 33.9071], [78.5715, 33.9101], [78.5808, 33.8697], [78.6101, 33.8604], [78.6144, 33.8353], [78.6546, 33.814], [78.6843, 33.7662], [78.7611, 33.7222], [78.8195, 33.7406], [78.8563, 33.7258], [78.8804, 33.7433], [78.9229, 33.73], [78.9736, 33.7466]]]}}, {"type": "Feature", "properties": {"NAME_CH": ""}, "geometry": {"type": "Polygon", "coordinates": [[[82.0817, 30.4681], [82.047, 30.4584], [82.0422, 30.4637], [82.0449, 30.4762], [82.0817, 30.4681]]]}}, {"type": "Feature", "properties": {"NAME_CH": ""}, "geometry": {"type": "Polygon", "coordinates": [[[82.3209, 30.4329], [82.3158, 30.4081], [82.2874, 30.4053], [82.2901, 30.4312], [82.3209, 30.4329]]]}}, {"type": "Feature", "properties": {"NAME_CH": "雅鲁藏布江"}, "geometry": {"type": "Polygon", "coordinates": [[[83.5826, 29.8501], [83.553, 29.8387], [83.5822, 29.8556], [83.5354, 29.8703], [83.5174, 29.8597], [83.486, 29.8781], [83.5024, 29.8887], [83.5983, 29.8587], [83.6267, 29.8596], [83.6044, 29.8614], [83.611, 29.887], [83.584, 29.8763], [83.5925, 29.9042], [83.5774, 29.9182], [83.5922, 29.9239], [83.6238, 29.8763], [83.6254, 29.8932], [83.6545, 29.8854], [83.654, 29.8687], [83.6785, 29.8521], [83.7551, 29.847], [83.8654, 29.7863], [83.6984, 29.8239], [83.6596, 29.8567], [83.5826, 29.8501]]]}}, {"type": "Feature", "properties": {"NAME_CH": "雅鲁藏布江"}, "geometry": {"type": "Polygon", "coordinates": [[[95.3301, 28.082], [95.2852, 28.0951], [95.2882, 28.135], [95.2417, 28.1618], [95.1257, 28.1279], [95.0571, 28.1532], [95.0123, 28.1912], [94.99, 28.2877], [94.957, 28.309], [94.9742, 28.3315], [95.0109, 28.3418], [95.0236, 28.3327], [95.069, 28.3626], [95.0702, 28.4093], [95.0981, 28.4837], [95.0792, 28.5719], [95.0325, 28.6054], [95.0116, 28.6635], [94.9825, 28.6622], [94.9641, 28.715], [94.9053, 28.7515], [94.8694, 28.7524], [94.8833, 28.7802], [94.9253, 28.7958], [94.8955, 28.8148], [94.862, 28.8074], [94.8373, 28.8166], [94.8235, 28.8031], [94.8339, 28.8241], [94.8921, 28.8224], [94.9339, 28.7996], [94.9338, 28.7852], [94.8884, 28.7764], [94.878, 28.7599], [94.9148, 28.756], [94.965, 28.721], [94.9902, 28.6689], [95.021, 28.6665], [95.0394, 28.6159], [95.0869, 28.5727], [95.1076, 28.4942], [95.0986, 28.4392], [95.077, 28.4115], [95.0784, 28.3701], [95.0303, 28.3251], [95.0117, 28.3373], [94.9655, 28.3157], [94.9969, 28.2884], [95.0208, 28.1956], [95.0587, 28.1596], [95.1318, 28.1354], [95.2137, 28.1687], [95.2485, 28.1655], [95.2984, 28.1334], [95.2887, 28.1049], [95.3354, 28.1023], [95.3455, 28.091], [95.3301, 28.082]]]}}, {"type": "Feature", "properties": {"NAME_CH": "于鲁克于木卒池"}, "geometry": {"type": "Polygon", "coordinates": [[[90.4116, 29.0541], [90.3507, 29.1103], [90.3897, 29.0933], [90.5476, 29.1847], [90.603, 29.1879], [90.7497, 29.1263], [90.7202, 29.1177], [90.7357, 29.083], [90.7084, 29.0974], [90.7235, 29.0682], [90.7136, 29.0416], [90.756, 29.0011], [90.7493, 28.9928], [90.7802, 28.9857], [90.7798, 28.9703], [90.8185, 28.9632], [90.8195, 28.9779], [90.8557, 28.9891], [90.8574, 29.0084], [90.8642, 28.9868], [90.8934, 29.0094], [90.9606, 29.0005], [90.9431, 28.985], [90.9539, 28.971], [91.0056, 28.9617], [91.0435, 28.9295], [91.005, 28.9278], [91.0003, 28.887], [91.0197, 28.8709], [91.0773, 28.8648], [91.0645, 28.8637], [91.0642, 28.8448], [91.0154, 28.8451], [90.9912, 28.877], [90.9187, 28.9203], [90.903, 28.9026], [90.8901, 28.9286], [90.886, 28.8991], [90.8607, 28.8872], [90.8663, 28.9243], [90.844, 28.9252], [90.825, 28.9028], [90.8117, 28.9417], [90.7824, 28.8949], [90.7567, 28.9133], [90.7818, 28.9386], [90.733, 28.9592], [90.7254, 28.9326], [90.7393, 28.9043], [90.7169, 28.8811], [90.7382, 28.8598], [90.7655, 28.8651], [90.7739, 28.8449], [90.7084, 28.8311], [90.6966, 28.8504], [90.7041, 28.8807], [90.6717, 28.9002], [90.657, 28.8809], [90.695, 28.8707], [90.6151, 28.8059], [90.6136, 28.7772], [90.5296, 28.7786], [90.5096, 28.7644], [90.4973, 28.7731], [90.5096, 28.8233], [90.4549, 28.8341], [90.4336, 28.873], [90.4541, 28.897], [90.4722, 28.8719], [90.4996, 28.872], [90.4847, 28.8368], [90.5165, 28.834], [90.519, 28.8567], [90.5389, 28.8535], [90.5193, 28.8032], [90.5488, 28.792], [90.5548, 28.817], [90.5735, 28.819], [90.5612, 28.8486], [90.5819, 28.8554], [90.557, 28.8728], [90.5928, 28.8769], [90.5902, 28.9032], [90.6189, 28.8904], [90.6487, 28.9199], [90.6085, 28.9188], [90.6066, 28.9466], [90.7173, 28.967], [90.696, 28.9875], [90.7043, 28.9976], [90.6857, 29.0378], [90.6765, 29.0307], [90.6515, 29.0579], [90.674, 29.0754], [90.6709, 29.1306], [90.6582, 29.1425], [90.6416, 29.1318], [90.6412, 29.1467], [90.5982, 29.1759], [90.5511, 29.1701], [90.517, 29.1482], [90.5397, 29.1347], [90.5322, 29.1031], [90.5078, 29.1347], [90.478, 29.1317], [90.406, 29.0859], [90.4116, 29.0541]]]}}, {"type": "Feature", "properties": {"NAME_CH": ""}, "geometry": {"type": "MultiPolygon", "coordinates": [[[[90.5143, 29.0186], [90.5169, 29.0074], [90.5020402548853, 29.014409039932033], [90.5054, 29.0164], [90.5143, 29.0186]]], [[[90.4927, 29.0097], [90.4791, 29.0054], [90.4663, 29.0301], [90.4232, 29.0288], [90.4145, 29.0557], [90.5020402548853, 29.014409039932033], [90.5, 29.0132], [90.4927, 29.0097]]]]}}, {"type": "Feature", "properties": {"NAME_CH": "纳木错（腾格里池）"}, "geometry": {"type": "Polygon", "coordinates": [[[90.3265, 30.5216], [90.3249, 30.5494], [90.3012, 30.5497], [90.2916, 30.5884], [90.298, 30.6044], [90.324, 30.6075], [90.276, 30.6301], [90.2995, 30.6925], [90.3048, 30.7446], [90.2876, 30.7752], [90.302, 30.8088], [90.27, 30.8003], [90.2663, 30.8492], [90.2938, 30.8613], [90.256, 30.8881], [90.2916, 30.8723], [90.3424, 30.8995], [90.4027, 30.8676], [90.4449, 30.8853], [90.483, 30.833], [90.5896, 30.8004], [90.6317, 30.8458], [90.6902, 30.8346], [90.6597, 30.8702], [90.7039, 30.9061], [90.7528, 30.9059], [90.7666, 30.8874], [90.7999, 30.8853], [90.8105, 30.9082], [90.8091, 30.8961], [90.8229, 30.9025], [90.8225, 30.8874], [90.8447, 30.8797], [90.8625, 30.8944], [90.891, 30.8552], [90.8984, 30.8667], [90.8802, 30.8881], [90.8906, 30.9178], [90.9202, 30.9223], [90.9281, 30.8931], [90.9343, 30.9174], [90.9863, 30.9315], [91.036, 30.8804], [91.0387, 30.8265], [91.0174, 30.783], [90.9756, 30.7922], [90.9822, 30.803], [90.9075, 30.7486], [90.9, 30.7595], [90.9296, 30.778], [90.8543, 30.7838], [90.8803, 30.723], [90.8533, 30.6802], [90.6312, 30.5769], [90.5667, 30.5801], [90.5335, 30.5538], [90.4946, 30.5695], [90.4633, 30.542], [90.4181, 30.5471], [90.3552, 30.5025], [90.3388, 30.5376], [90.3265, 30.5216]]]}}, {"type": "Feature", "properties": {"NAME_CH": "毕尔腾湖"}, "geometry": {"type": "Polygon", "coordinates": [[[128.7925, 43.7783], [128.8395, 43.8141], [128.8055, 43.8435], [128.8761, 43.8425], [128.9069, 43.872], [128.8352, 43.9215], [128.8195, 43.9088], [128.8082, 43.9231], [128.8374, 43.935], [128.8786, 43.8928], [128.9356, 43.8828], [128.9713, 43.9141], [128.9596, 43.9346], [128.9917, 43.9547], [128.9862, 43.9654], [129.0078, 43.9612], [128.9906, 43.9707], [129.028, 43.9778], [128.949, 44.0296], [128.9315, 44.0085], [128.9107, 44.0115], [128.9335, 44.0183], [128.9137, 44.0273], [128.9115, 44.049], [128.9417, 44.0536], [128.9313, 44.0348], [128.9521, 44.0401], [129.0479, 43.9873], [129.034, 43.9544], [128.9818, 43.9359], [128.9867, 43.9021], [128.9115, 43.8634], [128.9134, 43.8401], [128.8914, 43.8147], [128.9335, 43.7762], [128.9139, 43.7778], [128.9117, 43.7643], [128.8734, 43.7757], [128.8864, 43.7879], [128.8798, 43.8069], [128.8122, 43.7657], [128.7925, 43.7783]]]}}, {"type": "Feature", "properties": {"NAME_CH": "鸭绿江"}, "geometry": {"type": "Polygon", "coordinates": [[[124.5035, 40.2034], [124.4835, 40.1735], [124.3979, 40.1222], [124.4346, 40.1252], [124.3668, 40.0929], [124.3651, 39.949], [124.3155, 39.9184], [124.34, 39.8632], [124.3604, 39.8693], [124.3936, 39.829], [124.3998, 39.839], [124.4104, 39.8104], [124.2662, 39.819], [124.2844, 39.832], [124.2702, 39.8579], [124.2802, 39.9359], [124.3048, 39.9367], [124.3437, 39.9681], [124.3521, 40.029], [124.3288, 40.0418], [124.3333, 40.0787], [124.4404, 40.1724], [124.5035, 40.2034]]]}}, {"type": "Feature", "properties": {"NAME_CH": "兴凯湖"}, "geometry": {"type": "Polygon", "coordinates": [[[132.0089, 45.2594], [132.0928, 45.3036], [132.2007, 45.3324], [132.4055, 45.3404], [132.6274, 45.2952], [132.7193, 45.2587], [132.7905, 45.2027], [132.831, 45.1435], [132.8482, 45.0678], [132.7252, 44.9112], [132.6426, 44.8544], [132.626, 44.8177], [132.6436, 44.7694], [132.6357, 44.7114], [132.5734, 44.666], [132.3877, 44.5818], [132.4248, 44.575], [132.4787, 44.612], [132.4918, 44.5993], [132.408, 44.5665], [132.4078, 44.5508], [132.44, 44.5525], [132.5009, 44.5961], [132.5248, 44.5579], [132.4806, 44.5584], [132.4462, 44.5314], [132.3824, 44.5597], [132.3721, 44.5361], [132.331, 44.5346], [132.2475, 44.5732], [132.2351, 44.5948], [132.2597, 44.6201], [132.2141, 44.6342], [132.2175, 44.6667], [132.0757, 44.7054], [132.0339, 44.8102], [132.0972, 44.8505], [132.0877, 44.86], [132.1218, 44.8699], [132.0993, 44.8766], [132.1282, 44.9355], [132.1268, 44.967], [132.0992, 45.0], [132.1037, 45.0235], [132.0, 45.0422], [132.0, 45.0803], [132.0562, 45.1103], [132.0, 45.1569], [132.0089, 45.2594]]]}}, {"type": "Feature", "properties": {"NAME_CH": "嫩江"}, "geometry": {"type": "Polygon", "coordinates": [[[124.0335, 45.7185], [124.0518, 45.7379], [124.0715, 45.7332], [124.0371, 45.7434], [124.0021, 45.7432], [123.991, 45.7777], [124.0518, 45.7962], [124.0341, 45.8046], [124.0247, 45.8347], [124.0619, 45.8497], [124.047, 45.8852], [123.9819, 45.9015], [123.9399, 45.9433], [123.964, 45.9713], [124.0013, 45.9844], [123.9788, 46.0129], [124.0356, 46.0248], [124.0213, 46.0482], [123.9837, 46.0616], [124.0033, 46.0756], [123.9794, 46.0976], [123.9977, 46.1212], [123.9872, 46.1609], [123.9685, 46.1561], [123.9539, 46.1631], [123.943, 46.2019], [123.9633, 46.2223], [123.9381, 46.2389], [123.9486, 46.2855], [123.9004, 46.2501], [123.8837, 46.2651], [123.894, 46.2948], [123.8442, 46.2937], [123.8339, 46.3012], [123.8327, 46.3137], [123.8577, 46.3287], [123.8318, 46.3738], [123.8506, 46.4159], [123.8128, 46.4461], [123.8235, 46.4665], [123.8008, 46.4853], [123.8122, 46.5055], [123.7815, 46.5231], [123.8111, 46.5491], [123.8084, 46.5758], [123.7718, 46.5843], [123.7766, 46.6035], [123.7472, 46.6449], [123.7606, 46.6605], [123.7456, 46.6709], [123.7539, 46.6977], [123.7736, 46.7174], [123.7106, 46.7826], [123.6788, 46.7876], [123.6408, 46.8159], [123.6026, 46.8052], [123.5711, 46.8166], [123.5679, 46.825], [123.6074, 46.8383], [123.5891, 46.8624], [123.591, 46.8868], [123.5723, 46.8885], [123.5694, 46.8371], [123.5561, 46.8176], [123.496, 46.8187], [123.4649, 46.8459], [123.5349, 46.9919], [123.5871, 47.0405], [123.5884, 47.019], [123.6064, 47.0253], [123.6156, 47.1055], [123.5867, 47.1747], [123.6044, 47.1819], [123.6484, 47.1795], [123.6769, 47.2096], [123.7796, 47.2198], [123.7917, 47.2477], [123.8226, 47.2504], [123.8533, 47.2371], [123.8718, 47.2716], [123.8519, 47.3006], [123.8781, 47.2765], [123.8507, 47.2293], [123.7944, 47.2439], [123.7836, 47.2171], [123.6683, 47.199], [123.6549, 47.1738], [123.5951, 47.1737], [123.617, 47.1466], [123.624, 47.1015], [123.6088, 47.018], [123.5936, 47.0102], [123.5766, 47.0221], [123.5372, 46.9782], [123.4779, 46.8458], [123.4966, 46.8233], [123.549, 46.8228], [123.5637, 46.8407], [123.5518, 46.8548], [123.5593, 46.8866], [123.5679, 46.8921], [123.5997, 46.8885], [123.6138, 46.8361], [123.5821, 46.8164], [123.6494, 46.8206], [123.7444, 46.7673], [123.7823, 46.7188], [123.7635, 46.6977], [123.7565, 46.6712], [123.7699, 46.6608], [123.7549, 46.6385], [123.7875, 46.6061], [123.7811, 46.5882], [123.8224, 46.5704], [123.822, 46.548], [123.7891, 46.5259], [123.8144, 46.5133], [123.8088, 46.4826], [123.8278, 46.4722], [123.8663, 46.3975], [123.8414, 46.3754], [123.8692, 46.3331], [123.8434, 46.3021], [123.9003, 46.2974], [123.9003, 46.2567], [123.9271, 46.2863], [123.9463, 46.2898], [123.9556, 46.2848], [123.9454, 46.2405], [123.9749, 46.2191], [123.9526, 46.2065], [123.9738, 46.192], [123.9625, 46.1629], [124.0095, 46.1814], [124.0064, 46.201], [124.0321, 46.1942], [124.0125, 46.1754], [123.9832, 46.1705], [124.0102, 46.1236], [123.989, 46.1], [124.0134, 46.0825], [124.0064, 46.058], [124.0199, 46.0565], [124.0401, 46.0339], [124.0581, 46.0484], [124.0383, 46.0129], [123.9877, 46.0129], [124.0119, 45.9811], [123.9738, 45.972], [123.9612, 45.9509], [123.9878, 45.9086], [124.0512, 45.8921], [124.0641, 45.8748], [124.0656, 45.8449], [124.0319, 45.8263], [124.0613, 45.7985], [124.0012, 45.7757], [124.0069, 45.7485], [124.0636, 45.7423], [124.0677, 45.7556], [124.034, 45.7577], [124.0697, 45.7613], [124.0796, 45.7337], [124.0513, 45.7199], [124.084, 45.72], [124.1292, 45.6875], [124.1172, 45.6685], [124.1477, 45.6523], [124.1298, 45.6313], [124.1635, 45.6149], [124.2075, 45.6308], [124.2248, 45.6287], [124.2285, 45.593], [124.2556, 45.593], [124.2641, 45.5869], [124.2523, 45.5674], [124.2627, 45.5505], [124.288, 45.5395], [124.3398, 45.5478], [124.3584, 45.5371], [124.3659, 45.511], [124.346, 45.4925], [124.39, 45.4405], [124.4339, 45.4569], [124.4619, 45.4587], [124.4033, 45.4752], [124.4248, 45.4857], [124.5395, 45.41], [124.5692, 45.423], [124.5741, 45.4509], [124.5419, 45.4491], [124.5475, 45.4626], [124.6502, 45.4293], [124.5751, 45.4475], [124.5763, 45.4205], [124.5398, 45.4032], [124.4791, 45.4236], [124.4664, 45.4526], [124.3884, 45.435], [124.3389, 45.4925], [124.3574, 45.5163], [124.3437, 45.5412], [124.2779, 45.5327], [124.2466, 45.5586], [124.2559, 45.5884], [124.2321, 45.5867], [124.2165, 45.5961], [124.2229, 45.6244], [124.1828, 45.6101], [124.1413, 45.6139], [124.1207, 45.6333], [124.1343, 45.6571], [124.1058, 45.6719], [124.1224, 45.6833], [124.1148, 45.6927], [124.088, 45.6974], [124.0827, 45.7134], [124.0335, 45.7185]]]}}, {"type": "Feature", "properties": {"NAME_CH": "精奇哩江"}, "geometry": {"type": "Polygon", "coordinates": [[[128.8878, 51.757], [128.8264, 51.7089], [128.8722, 51.6797], [128.8606, 51.6552], [128.8392, 51.6361], [128.7793, 51.6334], [128.7844, 51.6135], [128.7646, 51.5935], [128.7203, 51.5962], [128.6947, 51.5803], [128.6603, 51.5982], [128.5853, 51.5248], [128.5282, 51.5521], [128.5091, 51.5094], [128.4435, 51.5187], [128.4268, 51.4576], [128.3365, 51.4314], [128.3258, 51.4152], [128.36, 51.4047], [128.3516, 51.3819], [128.33, 51.3789], [128.2731, 51.4004], [128.2461, 51.3828], [128.2138, 51.3871], [128.1994, 51.3721], [128.1715, 51.3663], [128.2071, 51.3181], [128.1436, 51.2737], [128.2093, 51.2605], [128.2151, 51.2346], [128.1617, 51.219], [128.1594, 51.1965], [128.131, 51.1769], [128.1083, 51.181], [128.0478, 51.2269], [128.0259, 51.2197], [128.0153, 51.1751], [128.045, 51.1113], [128.011, 51.0647], [127.876, 51.0787], [127.8695, 50.8736], [127.79, 50.817], [127.7942, 50.7468], [127.7516, 50.685], [127.7417, 50.6096], [127.723, 50.5759], [127.6839, 50.5601], [127.6671, 50.5254], [127.6725, 50.4956], [127.7024, 50.4826], [127.7422, 50.4302], [127.7337, 50.3714], [127.7477, 50.3461], [127.692, 50.3116], [127.6162, 50.3148], [127.5935, 50.2832], [127.5999, 50.2493], [127.5768, 50.2535], [127.5695, 50.3009], [127.598, 50.3355], [127.706, 50.3329], [127.7184, 50.3493], [127.7094, 50.3805], [127.729, 50.427], [127.6533, 50.497], [127.6458, 50.5505], [127.7082, 50.6069], [127.7028, 50.6529], [127.7694, 50.8444], [127.8405, 50.9114], [127.8283, 50.9633], [127.8583, 51.0775], [127.9075, 51.099], [128.001, 51.0757], [128.0303, 51.1033], [128.0011, 51.149], [127.9979, 51.1839], [128.0252, 51.2325], [128.0491, 51.2375], [128.0856, 51.2018], [128.1365, 51.1893], [128.1515, 51.2223], [128.2112, 51.2468], [128.1314, 51.2654], [128.1979, 51.3182], [128.1681, 51.3703], [128.2154, 51.3931], [128.2478, 51.3881], [128.2677, 51.4068], [128.3433, 51.3848], [128.3532, 51.3948], [128.3153, 51.4104], [128.3176, 51.4226], [128.3533, 51.4486], [128.4142, 51.4584], [128.4321, 51.5194], [128.4605, 51.5244], [128.4955, 51.513], [128.5243, 51.5577], [128.5956, 51.5504], [128.6404, 51.6014], [128.6895, 51.5952], [128.6967, 51.5859], [128.7171, 51.6025], [128.743, 51.6044], [128.7525, 51.616], [128.7278, 51.6356], [128.7615, 51.6596], [128.8461, 51.6565], [128.8544, 51.6813], [128.817, 51.6951], [128.8173, 51.7116], [128.8753, 51.7597], [128.8315, 51.8124], [128.795, 51.8156], [128.7413, 51.8397], [128.7462, 51.8655], [128.7224, 51.8779], [128.613, 51.8813], [128.5576, 51.8304], [128.5374, 51.8282], [128.5205, 51.8385], [128.5235, 51.8991], [128.456, 51.9644], [128.4486, 52.0203], [128.4243, 52.0399], [128.3738, 52.0401], [128.26, 52.0989], [128.173, 52.2426], [128.1784, 52.2744], [128.1369, 52.2912], [128.1397, 52.3791], [128.0945, 52.3719], [128.0862, 52.3757], [128.1226, 52.4116], [128.1214, 52.5077], [127.9474, 52.5704], [127.8601, 52.5711], [127.8611, 52.6069], [127.8019, 52.6514], [127.8148, 52.7093], [127.7622, 52.77], [127.777, 52.8529], [127.7163, 52.8753], [127.6902, 52.9058], [127.6481, 52.9091], [127.5758, 52.95], [127.5121, 53.0027], [127.4312, 53.0349], [127.4073, 53.075], [127.4336, 53.0396], [127.5228, 53.0028], [127.5792, 52.9564], [127.6885, 52.9158], [127.7311, 52.8746], [127.7869, 52.8611], [127.7739, 52.7916], [127.8279, 52.7071], [127.8186, 52.6469], [127.8752, 52.6137], [127.8749, 52.5734], [127.979, 52.5704], [128.1247, 52.5147], [128.1303, 52.4126], [128.093, 52.3785], [128.1376, 52.3882], [128.168, 52.3535], [128.1447, 52.2955], [128.185, 52.2818], [128.1829, 52.2412], [128.2313, 52.1809], [128.2409, 52.1309], [128.2643, 52.1041], [128.3588, 52.0559], [128.4437, 52.0386], [128.4581, 52.0179], [128.4614, 51.9688], [128.5318, 51.9049], [128.5321, 51.8404], [128.5583, 51.8379], [128.6103, 51.8864], [128.7203, 51.8847], [128.7571, 51.8675], [128.7511, 51.8423], [128.8317, 51.8188], [128.8795, 51.7779], [128.8878, 51.757]]]}}, {"type": "Feature", "properties": {"NAME_CH": ""}, "geometry": {"type": "Polygon", "coordinates": [[[128.8745, 51.7379], [128.9297, 51.7461], [128.9521, 51.7746], [128.9796, 51.7804], [128.9347, 51.7396], [128.8745, 51.7379]]]}}, {"type": "Feature", "properties": {"NAME_CH": "兴衮河"}, "geometry": {"type": "Polygon", "coordinates": [[[139.6732, 52.9253], [139.6832, 52.9392], [139.6803, 52.9219], [139.6524, 52.9108], [139.6073, 52.916], [139.5875, 52.9439], [139.4282, 52.9099], [139.369, 52.9231], [139.344, 52.9457], [139.3133, 52.945], [139.2835, 52.9679], [139.2349, 52.9375], [139.2143, 52.9395], [139.2102, 52.9626], [139.1585, 52.9593], [139.1157, 52.9481], [139.0989, 52.9114], [139.0728, 52.8945], [139.0193, 52.8825], [138.7674, 52.9003], [138.731, 52.9325], [138.6427, 52.9329], [138.5856, 52.8913], [138.5515, 52.8846], [138.5183, 52.8581], [138.4911, 52.8555], [138.4878, 52.8462], [138.4566, 52.8258], [138.4352, 52.8245], [138.4485, 52.8184], [138.3806, 52.8106], [138.3324, 52.7731], [138.3035, 52.7679], [138.2122, 52.7783], [138.1716, 52.7436], [138.1292, 52.7323], [137.9998, 52.7594], [137.9393, 52.7201], [137.8754, 52.7286], [137.817, 52.6831], [137.7308, 52.6832], [137.6635, 52.6949], [137.6236, 52.6733], [137.5984, 52.6695], [137.549, 52.6914], [137.5022, 52.6906], [137.4931, 52.6662], [137.5198, 52.6435], [137.4922, 52.6349], [137.407, 52.66], [137.4192, 52.6229], [137.3649, 52.6047], [137.3337, 52.6085], [137.3559, 52.5773], [137.3432, 52.5698], [137.3055, 52.5722], [137.289, 52.5289], [137.2742, 52.5266], [137.2135, 52.5564], [137.1495, 52.5499], [137.1168, 52.554], [137.1448, 52.5359], [137.1426, 52.5279], [137.1053, 52.5294], [137.069, 52.4761], [137.0482, 52.469], [137.0209, 52.4699], [136.9679, 52.4327], [136.8322, 52.4476], [136.7963, 52.4574], [136.7785, 52.4737], [136.7825, 52.4402], [136.7698, 52.4259], [136.6484, 52.4625], [136.6282, 52.4478], [136.605, 52.4572], [136.5866, 52.4179], [136.5213, 52.3996], [136.5251, 52.3764], [136.5565, 52.362], [136.561, 52.353], [136.4971, 52.2724], [136.4871, 52.2686], [136.4756, 52.2765], [136.4869, 52.2455], [136.4606, 52.2577], [136.4302, 52.2345], [136.3671, 52.2163], [136.3493, 52.2221], [136.3443, 52.2465], [136.3344, 52.238], [136.3239, 52.2372], [136.3131, 52.2452], [136.2832, 52.2255], [136.2525, 52.2233], [136.2517, 52.2375], [136.3157, 52.2484], [136.354, 52.2467], [136.3712, 52.2215], [136.4586, 52.2614], [136.4808, 52.252], [136.4696, 52.2787], [136.4913, 52.2742], [136.5542, 52.3511], [136.5195, 52.3711], [136.5136, 52.4017], [136.4859, 52.3995], [136.4805, 52.4067], [136.4846, 52.4126], [136.5025, 52.4191], [136.4855, 52.4064], [136.5262, 52.4102], [136.5066, 52.4234], [136.5109, 52.4258], [136.5761, 52.4173], [136.6042, 52.4618], [136.6252, 52.4522], [136.6376, 52.4679], [136.6876, 52.46], [136.7661, 52.4311], [136.7665, 52.4684], [136.782, 52.4793], [136.8407, 52.4514], [136.9643, 52.4388], [137.0141, 52.4727], [137.0671, 52.4801], [137.1084, 52.5348], [137.1389, 52.5326], [137.1065, 52.5516], [137.1176, 52.5583], [137.211, 52.5613], [137.2854, 52.5338], [137.2792, 52.5528], [137.2964, 52.5714], [137.3485, 52.5787], [137.3258, 52.5974], [137.3328, 52.6157], [137.4137, 52.6242], [137.3954, 52.6521], [137.4092, 52.6672], [137.5034, 52.6416], [137.4862, 52.6695], [137.494, 52.6948], [137.5637, 52.6957], [137.6135, 52.6742], [137.6689, 52.7], [137.8242, 52.6899], [137.8635, 52.7332], [137.9366, 52.726], [137.9908, 52.7632], [138.084, 52.7568], [138.1182, 52.7355], [138.1678, 52.7465], [138.2084, 52.7816], [138.3053, 52.7743], [138.3729, 52.8153], [138.4554, 52.8321], [138.4881, 52.8588], [138.5157, 52.8617], [138.5337, 52.8817], [138.5843, 52.8987], [138.5993, 52.9315], [138.6206, 52.9381], [138.734, 52.9414], [138.7646, 52.9109], [138.9824, 52.89], [139.0673, 52.8989], [139.0996, 52.9473], [139.2153, 52.9718], [139.2281, 52.9438], [139.2801, 52.9733], [139.3153, 52.9483], [139.3486, 52.948], [139.3728, 52.9261], [139.4334, 52.9149], [139.566, 52.9526], [139.6047, 52.9446], [139.61, 52.9216], [139.6375, 52.9153], [139.6732, 52.9253]]]}}, {"type": "Feature", "properties": {"NAME_CH": "克音湖"}, "geometry": {"type": "Polygon", "coordinates": [[[137.434, 51.0819], [137.4198, 51.1131], [137.3932, 51.1161], [137.3168, 51.0793], [137.2082, 51.0594], [137.1762, 51.0836], [137.0941, 51.0835], [137.1199, 51.1261], [137.3112, 51.1624], [137.3439, 51.1894], [137.4684, 51.206], [137.5827, 51.1924], [137.5535, 51.1379], [137.4698, 51.1121], [137.434, 51.0819]]]}}, {"type": "Feature", "properties": {"NAME_CH": ""}, "geometry": {"type": "Polygon", "coordinates": [[[134.2253, 48.7818], [134.2795, 48.7943], [134.2671, 48.7768], [134.2414, 48.7703], [134.2743, 48.7351], [134.3011, 48.7449], [134.3098, 48.7304], [134.339, 48.7294], [134.4062, 48.7499], [134.4212, 48.7452], [134.4262, 48.7209], [134.4533, 48.7331], [134.4647, 48.7242], [134.4704, 48.6831], [134.5064, 48.6734], [134.506, 48.6555], [134.5222, 48.6663], [134.5795, 48.6363], [134.5815, 48.6095], [134.6055, 48.6184], [134.6465, 48.6141], [134.6578, 48.6282], [134.6818, 48.6242], [134.6934, 48.6003], [134.7343, 48.5771], [134.7722, 48.5809], [134.7789, 48.595], [134.8071, 48.5952], [134.7864, 48.5928], [134.7803, 48.5751], [134.7252, 48.5722], [134.7174, 48.5561], [134.7171, 48.5792], [134.6864, 48.5963], [134.6672, 48.6241], [134.6514, 48.6114], [134.5588, 48.5996], [134.552, 48.6152], [134.5762, 48.6302], [134.5352, 48.6527], [134.4826, 48.6405], [134.4998, 48.6661], [134.4575, 48.6818], [134.4528, 48.7281], [134.4265, 48.718], [134.4185, 48.7194], [134.406, 48.7447], [134.3628, 48.7296], [134.313, 48.7238], [134.2969, 48.7408], [134.2851, 48.7213], [134.258, 48.7157], [134.2786, 48.7278], [134.2253, 48.7818]]]}}, {"type": "Feature", "properties": {"NAME_CH": "黄河"}, "geometry": {"type": "Polygon", "coordinates": [[[98.8072, 34.4826], [98.8802, 34.4848], [98.8356, 34.4825], [98.7391, 34.4358], [98.7233, 34.4195], [98.7318, 34.3953], [98.7121, 34.3655], [98.7246, 34.476], [98.8072, 34.4826]]]}}, {"type": "Feature", "properties": {"NAME_CH": "鄂灵海"}, "geometry": {"type": "Polygon", "coordinates": [[[97.7616, 35.0824], [97.7999, 34.9843], [97.7833, 34.9708], [97.7976, 34.9429], [97.7889, 34.9053], [97.8151, 34.8788], [97.8896, 34.8503], [97.8946, 34.8089], [97.8482, 34.8243], [97.7796, 34.8106], [97.7471, 34.8402], [97.754, 34.7995], [97.7402, 34.7921], [97.7047, 34.8021], [97.685, 34.8331], [97.6656, 34.8099], [97.6937, 34.7902], [97.6707, 34.7738], [97.5732, 34.7797], [97.5229, 34.8755], [97.5881, 34.9165], [97.5772, 34.9264], [97.5948, 34.9451], [97.667, 34.9499], [97.6215, 34.9682], [97.6482, 34.9952], [97.6495, 35.0283], [97.7103, 35.073], [97.7616, 35.0824]]]}}, {"type": "Feature", "properties": {"NAME_CH": "查灵海"}, "geometry": {"type": "Polygon", "coordinates": [[[97.0711, 34.9097], [97.0421, 34.9699], [97.0668, 35.0068], [97.0897, 34.9969], [97.096, 34.9615], [97.1226, 35.0081], [97.182, 34.9974], [97.1756, 34.9869], [97.2122, 35.0071], [97.246, 34.995], [97.3376, 35.024], [97.4414, 34.9603], [97.4644, 34.9842], [97.499, 34.9697], [97.4759, 34.9368], [97.4505, 34.9587], [97.4429, 34.9249], [97.3843, 34.8898], [97.3703, 34.853], [97.3393, 34.8531], [97.3273, 34.8321], [97.2798, 34.821], [97.2998, 34.8029], [97.1624, 34.8846], [97.0711, 34.9097]]]}}, {"type": "Feature", "properties": {"NAME_CH": "黄河"}, "geometry": {"type": "Polygon", "coordinates": [[[102.0437, 33.9584], [102.0154, 33.9931], [102.0435, 33.9636], [102.0656, 33.9762], [102.1125, 33.9517], [102.1165, 33.9684], [102.138, 33.9711], [102.1862, 33.9339], [102.2668, 33.8408], [102.2404, 33.792], [102.3019, 33.7851], [102.3225, 33.7585], [102.2924, 33.7249], [102.3113, 33.7246], [102.3215, 33.7444], [102.3451, 33.7374], [102.3199, 33.6796], [102.3433, 33.6236], [102.4442, 33.5844], [102.448, 33.5684], [102.3317, 33.6118], [102.308, 33.6783], [102.3333, 33.7316], [102.3025, 33.7083], [102.2835, 33.7117], [102.2801, 33.7334], [102.318, 33.7584], [102.2966, 33.7827], [102.2324, 33.7896], [102.2565, 33.8248], [102.2503, 33.8487], [102.1614, 33.9468], [102.131, 33.9665], [102.1145, 33.9472], [102.0614, 33.9701], [102.0437, 33.9584]]]}}, {"type": "Feature", "properties": {"NAME_CH": "大江"}, "geometry": {"type": "Polygon", "coordinates": [[[109.4605, 31.0046], [109.5199, 31.0398], [109.5679, 31.0417], [109.5198, 31.0333], [109.4605, 31.0046]]]}}, {"type": "Feature", "properties": {"NAME_CH": ""}, "geometry": {"type": "MultiPolygon", "coordinates": []}}, {"type": "Feature", "properties": {"NAME_CH": "汉水"}, "geometry": {"type": "Polygon", "coordinates": [[[114.0147, 30.6139], [114.0371, 30.6188], [114.0396, 30.6067], [114.0205, 30.5958], [114.0465, 30.5884], [114.0651, 30.6031], [114.1219, 30.5982], [114.1325, 30.5877], [114.1357, 30.5971], [114.1649, 30.607], [114.1878, 30.5844], [114.2031, 30.5879], [114.2603, 30.5674], [114.2905, 30.5716], [114.252, 30.5642], [114.187, 30.5789], [114.1657, 30.6013], [114.136, 30.5795], [114.0683, 30.5987], [114.0466, 30.5824], [114.0136, 30.5953], [114.0337, 30.6135], [114.0147, 30.6139]]]}}, {"type": "Feature", "properties": {"NAME_CH": "汉水"}, "geometry": {"type": "Polygon", "coordinates": [[[107.915, 33.1642], [107.9951, 33.1789], [107.9605, 33.1601], [107.9267, 33.1662], [107.9494, 33.1491], [107.9353, 33.1291], [108.0409, 33.0436], [108.0688, 33.0399], [108.079, 33.0537], [108.128, 33.0354], [108.1775, 33.0481], [108.1971, 33.0275], [108.2216, 33.041], [108.2235, 33.0388], [108.1963, 33.0252], [108.1732, 33.0434], [108.1415, 33.0328], [108.1055, 33.0394], [108.0918, 33.0458], [108.0568, 33.0275], [107.9717, 33.0973], [107.9445, 33.086], [107.904, 33.102], [107.8851, 33.0708], [107.8494, 33.0739], [107.8015, 33.0261], [107.8442, 33.077], [107.8862, 33.0776], [107.9006, 33.1066], [107.9416, 33.1041], [107.9299, 33.13], [107.9394, 33.1463], [107.915, 33.1642]]]}}, {"type": "Feature", "properties": {"NAME_CH": "赣江"}, "geometry": {"type": "Polygon", "coordinates": [[[115.4419, 28.0168], [115.4909, 28.0768], [115.5419, 28.0848], [115.5821, 28.1558], [115.7698, 28.2021], [115.7989, 28.2441], [115.8669, 28.2777], [115.8359, 28.3405], [115.8315, 28.3901], [115.8088, 28.4132], [115.8324, 28.48], [115.7878, 28.5246], [115.8098, 28.6206], [115.8553, 28.6668], [115.857, 28.6901], [115.8453, 28.6893], [115.8794, 28.7217], [115.8767, 28.7555], [115.9485, 28.7893], [115.954, 28.8157], [115.9904, 28.8423], [115.9846, 28.8787], [116.0078, 28.8931], [116.0042, 28.9244], [116.0402, 28.967], [116.029, 28.9816], [116.0309, 29.0411], [115.983, 29.1117], [115.9915, 29.1531], [115.9764, 29.1355], [115.9828, 29.1712], [116.008, 29.1856], [116.0142, 29.209], [115.9742, 29.2608], [115.9847, 29.2825], [115.9823, 29.2555], [116.0102, 29.2384], [116.0202, 29.207], [115.9884, 29.1097], [116.0263, 29.068], [116.0464, 28.9657], [116.0125, 28.9228], [116.0161, 28.8906], [115.99, 28.8722], [115.993, 28.8334], [115.9618, 28.8159], [115.955, 28.7822], [115.8999, 28.7624], [115.8643, 28.6892], [115.8664, 28.664], [115.8227, 28.6261], [115.8102, 28.5255], [115.8433, 28.4653], [115.8175, 28.4102], [115.8508, 28.3838], [115.8453, 28.3358], [115.8762, 28.3035], [115.8743, 28.2745], [115.8593, 28.253], [115.7984, 28.2317], [115.7735, 28.1848], [115.7017, 28.1851], [115.67, 28.1638], [115.5993, 28.1516], [115.5677, 28.1239], [115.554, 28.0808], [115.4933, 28.0587], [115.4538, 28.016], [115.4352, 27.9291], [115.4425, 27.9144], [115.441, 27.8766], [115.3642, 27.7217], [115.3107, 27.6613], [115.2456, 27.6412], [115.2031, 27.6029], [115.1309, 27.5214], [115.146, 27.4958], [115.1415, 27.4859], [115.1142, 27.4564], [115.0756, 27.4495], [115.0723, 27.4219], [115.1194, 27.3688], [115.109, 27.3203], [115.1344, 27.2762], [115.1156, 27.1921], [115.0277, 27.1428], [114.9881, 27.0969], [114.9877, 27.0613], [115.0496, 27.0274], [115.0626, 27.0039], [115.0409, 26.9695], [114.9719, 26.921], [115.0114, 26.9011], [115.0343, 26.8523], [115.0285, 26.8226], [114.8915, 26.774], [114.8433, 26.78], [114.8157, 26.6664], [114.6772, 26.5501], [114.6854, 26.5249], [114.7394, 26.4978], [114.8007, 26.4397], [114.8349, 26.3978], [114.8904, 26.3687], [114.9068, 26.3328], [114.9379, 26.311], [114.931, 26.2651], [114.9754, 26.2106], [114.9313, 26.1958], [114.9084, 26.1407], [114.9166, 26.1089], [114.9535, 26.1131], [114.9643, 26.1017], [114.9702, 26.0559], [114.9313, 26.0264], [114.9112, 25.9535], [114.9617, 25.9415], [114.9379, 25.8855], [114.9618, 25.8554], [115.022, 25.8607], [115.0422, 25.9038], [115.0837, 25.8922], [115.043, 25.899], [115.0254, 25.8557], [114.9766, 25.8468], [114.9509, 25.8567], [114.9326, 25.8788], [114.9546, 25.9398], [114.9064, 25.9528], [114.9256, 26.0351], [114.9604, 26.062], [114.958, 26.0994], [114.9134, 26.1052], [114.9036, 26.14], [114.9251, 26.2012], [114.9665, 26.2131], [114.9252, 26.2646], [114.9326, 26.3101], [114.8999, 26.3311], [114.8894, 26.3639], [114.8272, 26.3989], [114.7444, 26.4862], [114.7124, 26.4972], [114.6694, 26.5404], [114.6896, 26.5752], [114.8181, 26.6804], [114.8165, 26.7247], [114.8379, 26.7811], [114.8991, 26.78], [115.0231, 26.8299], [115.0311, 26.8508], [115.0083, 26.8974], [114.9665, 26.9196], [115.0524, 27.0074], [114.9937, 27.0476], [114.9833, 27.0622], [114.9819, 27.0989], [115.0214, 27.1485], [115.1058, 27.1916], [115.1216, 27.2374], [115.1219, 27.2908], [115.1007, 27.3239], [115.1145, 27.3614], [115.0776, 27.3979], [115.0611, 27.4569], [115.1167, 27.4665], [115.1398, 27.496], [115.1268, 27.5163], [115.1298, 27.5278], [115.2135, 27.6259], [115.2384, 27.6455], [115.2994, 27.6628], [115.3355, 27.6949], [115.3931, 27.7879], [115.3868, 27.8248], [115.4006, 27.8397], [115.3977, 27.8152], [115.4391, 27.8842], [115.429, 27.9327], [115.4419, 28.0168]]]}}, {"type": "Feature", "properties": {"NAME_CH": "湘江"}, "geometry": {"type": "Polygon", "coordinates": [[[112.8655, 28.9047], [112.8822, 28.945], [112.8739, 28.9005], [112.9005, 28.8563], [112.8849, 28.8118], [112.8924, 28.7825], [112.8195, 28.7599], [112.817, 28.7237], [112.7188, 28.6773], [112.7102, 28.6512], [112.7269, 28.6363], [112.7709, 28.6444], [112.8071, 28.6286], [112.8161, 28.5736], [112.7607, 28.5348], [112.7561, 28.515], [112.8191, 28.4446], [112.8198, 28.4177], [112.8517, 28.37], [112.9394, 28.3148], [112.9707, 28.2616], [112.9533, 28.1206], [112.9271, 28.0744], [113.0091, 27.9489], [112.9732, 27.9243], [112.9626, 27.8898], [112.8848, 27.8324], [112.888, 27.8082], [112.9277, 27.8004], [113.0411, 27.8552], [113.07, 27.8594], [113.125, 27.8529], [113.1376, 27.843], [113.1413, 27.8015], [113.1123, 27.786], [113.1344, 27.727], [113.1054, 27.6451], [113.1273, 27.5696], [113.1583, 27.5437], [113.1581, 27.5278], [113.1306, 27.4904], [113.0601, 27.4662], [113.0412, 27.4408], [113.056, 27.4082], [113.0474, 27.3894], [113.0203, 27.3844], [112.9984, 27.3921], [112.9854, 27.4397], [112.9236, 27.4214], [112.9161, 27.3566], [112.9441, 27.2931], [112.8505, 27.2155], [112.8643, 27.1619], [112.8505, 27.1348], [112.8133, 27.1245], [112.8197, 27.0846], [112.7893, 27.0818], [112.754, 27.088], [112.7421, 27.0806], [112.7476, 27.0391], [112.7726, 27.005], [112.7657, 26.99], [112.7243, 26.9774], [112.7151, 26.9805], [112.6827, 27.0275], [112.654, 27.0194], [112.6542, 26.9462], [112.6136, 26.9126], [112.6208, 26.8778], [112.661, 26.8603], [112.6599, 26.8211], [112.6506, 26.8121], [112.5984, 26.8079], [112.5847, 26.7801], [112.6299, 26.7534], [112.6653, 26.7683], [112.677, 26.7622], [112.6801, 26.7365], [112.6408, 26.6553], [112.6413, 26.6116], [112.5896, 26.5986], [112.6372, 26.6214], [112.6291, 26.6524], [112.6743, 26.7381], [112.6694, 26.7607], [112.6273, 26.7494], [112.578, 26.7778], [112.596, 26.8154], [112.6532, 26.8219], [112.6535, 26.8603], [112.6158, 26.8734], [112.6092, 26.8885], [112.6086, 26.9171], [112.6501, 26.9546], [112.6439, 27.0156], [112.6853, 27.0342], [112.7169, 26.9873], [112.7556, 26.9885], [112.7633, 26.9998], [112.736, 27.052], [112.7337, 27.0814], [112.7566, 27.0971], [112.8138, 27.0846], [112.8092, 27.1314], [112.8532, 27.1529], [112.8364, 27.1941], [112.8446, 27.2155], [112.9365, 27.2969], [112.9076, 27.3514], [112.9194, 27.429], [112.9813, 27.4473], [112.9964, 27.4419], [113.0111, 27.3943], [113.0305, 27.3896], [113.0483, 27.4], [113.0344, 27.4393], [113.0576, 27.47], [113.1273, 27.4995], [113.1522, 27.5324], [113.1214, 27.5674], [113.0987, 27.6497], [113.1265, 27.7224], [113.1004, 27.7868], [113.1372, 27.8106], [113.1274, 27.8446], [113.0436, 27.8499], [112.9191, 27.7892], [112.8769, 27.8068], [112.8705, 27.8385], [112.9541, 27.8868], [112.9699, 27.9311], [112.998, 27.946], [112.9118, 28.0751], [112.9435, 28.1225], [112.9566, 28.2668], [112.9281, 28.3113], [112.8186, 28.3868], [112.7867, 28.468], [112.7411, 28.5134], [112.7508, 28.5422], [112.7981, 28.5723], [112.8002, 28.6204], [112.7573, 28.6363], [112.7236, 28.6254], [112.6945, 28.6546], [112.7107, 28.6773], [112.8106, 28.7271], [112.8137, 28.7651], [112.876, 28.7917], [112.8843, 28.8651], [112.8655, 28.9047]]]}}, {"type": "Feature", "properties": {"NAME_CH": "三台湖"}, "geometry": {"type": "Polygon", "coordinates": [[[113.5686, 30.7815], [113.5956, 30.7739], [113.5839, 30.7345], [113.5978, 30.7593], [113.613, 30.7564], [113.6045, 30.7205], [113.5723, 30.7103], [113.5642, 30.6404], [113.5241, 30.6331], [113.5299, 30.6504], [113.5108, 30.656], [113.5252, 30.658], [113.546, 30.7209], [113.5159, 30.7405], [113.5132, 30.8044], [113.474, 30.8565], [113.5041, 30.8507], [113.4931, 30.8885], [113.5222, 30.8458], [113.5224, 30.8036], [113.5444, 30.8391], [113.5686, 30.7815]]]}}, {"type": "Feature", "properties": {"NAME_CH": "大江"}, "geometry": {"type": "Polygon", "coordinates": [[[103.8994, 30.2184], [103.8745, 30.1421], [103.8784, 30.1083], [103.8994, 30.0897], [103.8295, 30.0204], [103.8353, 29.9767], [103.8161, 29.9283], [103.8556, 29.8828], [103.8613, 29.8498], [103.8476, 29.7841], [103.8058, 29.746], [103.8327, 29.7945], [103.8048, 29.932], [103.8209, 30.018], [103.8873, 30.0895], [103.8732, 30.1059], [103.8667, 30.142], [103.8994, 30.2184]]]}}, {"type": "Feature", "properties": {"NAME_CH": "大渡河"}, "geometry": {"type": "Polygon", "coordinates": [[[103.2564, 29.2429], [103.2872, 29.2908], [103.3033, 29.3009], [103.329, 29.302], [103.3371, 29.2818], [103.3761, 29.311], [103.4382, 29.2938], [103.46, 29.3235], [103.4755, 29.3177], [103.4392, 29.2878], [103.3762, 29.3035], [103.3329, 29.2765], [103.3214, 29.2981], [103.2957, 29.2917], [103.2564, 29.2429]]]}}, {"type": "Feature", "properties": {"NAME_CH": "大江"}, "geometry": {"type": "Polygon", "coordinates": [[[103.7634, 29.5459], [103.7702, 29.5911], [103.7703, 29.5294], [103.7953, 29.4694], [103.7864, 29.4332], [103.826, 29.3465], [103.8739, 29.3167], [103.8597, 29.2924], [103.8171, 29.3473], [103.7795, 29.4308], [103.7634, 29.5459]]]}}, {"type": "Feature", "properties": {"NAME_CH": "大渡河"}, "geometry": {"type": "Polygon", "coordinates": [[[103.7634, 29.5459], [103.6978, 29.5451], [103.5578, 29.4303], [103.5593, 29.3377], [103.5836, 29.3252], [103.6263, 29.3416], [103.6455, 29.32], [103.6238, 29.3355], [103.5829, 29.3184], [103.5552, 29.3309], [103.5497, 29.4468], [103.6736, 29.5493], [103.7432, 29.5592], [103.7634, 29.5459]]]}}, {"type": "Feature", "properties": {"NAME_CH": ""}, "geometry": {"type": "Polygon", "coordinates": [[[89.3388, 31.7756], [89.2774, 31.781], [89.2622, 31.8084], [89.2839, 31.8305], [89.2533, 31.8146], [89.2346, 31.6663], [89.1194, 31.5594], [89.0584, 31.6172], [88.9818, 31.6057], [88.9401, 31.6298], [88.9294, 31.6747], [88.9734, 31.7092], [89.0118, 31.7065], [88.9762, 31.7128], [88.9565, 31.7383], [88.8272, 31.7384], [88.7784, 31.6955], [88.7249, 31.7152], [88.7018, 31.7065], [88.6541, 31.7194], [88.6609, 31.7444], [88.6438, 31.7677], [88.6653, 31.7863], [88.5969, 31.7927], [88.5747, 31.7996], [88.5709, 31.8083], [88.6242, 31.8187], [88.5566, 31.835], [88.5408, 31.8228], [88.572, 31.8807], [88.7274, 31.9018], [88.7649, 31.8944], [88.7359, 31.8673], [88.7386, 31.8294], [88.7993, 31.8075], [88.8136, 31.8257], [88.848, 31.8239], [88.8062, 31.8397], [88.8101, 31.8835], [88.8489, 31.8818], [88.9733, 31.9266], [89.0049, 31.9813], [88.9838, 31.9702], [88.9615, 31.9855], [88.9847, 31.974], [88.9928, 31.9933], [89.0144, 31.9867], [89.0088, 31.9506], [89.0269, 31.9531], [89.016, 31.9387], [89.0292, 31.9224], [89.1481, 31.9349], [89.2051, 31.8893], [89.3025, 31.8704], [89.3124, 31.8355], [89.3388, 31.8207], [89.3352, 31.8425], [89.3521, 31.8233], [89.3546, 31.7941], [89.3388, 31.7756]]]}}, {"type": "Feature", "properties": {"NAME_CH": ""}, "geometry": {"type": "Polygon", "coordinates": [[[88.2272, 31.8503], [88.3014, 31.8217], [88.2814, 31.8426], [88.3025, 31.8635], [88.3353, 31.8379], [88.3237, 31.8229], [88.3609, 31.8046], [88.2837, 31.7986], [88.2543, 31.8187], [88.2268, 31.7854], [88.2039, 31.7832], [88.1841, 31.8032], [88.1405, 31.7848], [88.1188, 31.7888], [88.1243, 31.7663], [88.092, 31.75], [88.1736, 31.7567], [88.1646, 31.7053], [88.0913, 31.6772], [88.0331, 31.6809], [87.9132, 31.6387], [87.8284, 31.6363], [87.8448, 31.6583], [87.8528, 31.6392], [87.8702, 31.7413], [87.9516, 31.7767], [87.9943, 31.7721], [88.1174, 31.8011], [88.1309, 31.7902], [88.1847, 31.8398], [88.2272, 31.8503]]]}}, {"type": "Feature", "properties": {"NAME_CH": ""}, "geometry": {"type": "Polygon", "coordinates": [[[110.7417, 21.4288], [110.6552, 21.3868], [110.6468, 21.2628], [110.633, 21.2544], [110.6186, 21.2868], [110.637, 21.3328], [110.6258, 21.3783], [110.6531, 21.4113], [110.7417, 21.4288]]]}}, {"type": "Feature", "properties": {"NAME_CH": ""}, "geometry": {"type": "MultiPolygon", "coordinates": []}}, {"type": "Feature", "properties": {"NAME_CH": "沅江"}, "geometry": {"type": "Polygon", "coordinates": [[[111.2507, 28.7421], [111.3527, 28.7568], [111.4022, 28.7974], [111.4231, 28.8013], [111.4286, 28.8228], [111.4623, 28.8356], [111.4858, 28.9062], [111.5134, 28.9289], [111.5327, 29.019], [111.5549, 29.0465], [111.5836, 29.0466], [111.6145, 29.019], [111.5889, 28.9787], [111.6075, 28.9616], [111.6369, 28.9678], [111.6432, 29.0172], [111.6773, 29.0291], [111.7036, 29.018], [111.705, 28.9772], [111.7257, 28.9609], [111.7672, 28.9692], [111.8154, 28.9551], [111.7165, 28.9574], [111.6946, 28.9765], [111.6974, 29.0117], [111.6828, 29.0223], [111.6503, 29.0102], [111.6435, 28.9622], [111.5982, 28.9563], [111.5815, 28.9768], [111.6021, 29.0208], [111.557, 29.0428], [111.5326, 28.9915], [111.5346, 28.9578], [111.5191, 28.9251], [111.4962, 28.9065], [111.4729, 28.8263], [111.433, 28.8177], [111.4226, 28.7874], [111.3772, 28.7752], [111.3563, 28.7471], [111.2507, 28.7421]]]}}, {"type": "Feature", "properties": {"NAME_CH": "资水"}, "geometry": {"type": "Polygon", "coordinates": [[[112.5332, 28.7178], [112.5091, 28.6496], [112.4812, 28.6423], [112.4236, 28.6508], [112.4075, 28.6214], [112.3447, 28.588], [112.3138, 28.5911], [112.2987, 28.6222], [112.2398, 28.5815], [112.1905, 28.6023], [112.173, 28.5688], [112.1298, 28.5308], [112.1147, 28.5385], [112.0954, 28.5807], [112.0747, 28.5899], [112.0321, 28.5895], [112.0024, 28.5561], [111.9823, 28.5799], [111.9533, 28.5847], [111.9554, 28.5972], [111.987, 28.5824], [112.0052, 28.5647], [112.0372, 28.5949], [112.0922, 28.5884], [112.13, 28.5359], [112.1904, 28.6071], [112.2427, 28.5909], [112.2976, 28.6286], [112.3321, 28.5922], [112.3983, 28.6242], [112.4189, 28.6548], [112.5038, 28.655], [112.5332, 28.7178]]]}}, {"type": "Feature", "properties": {"NAME_CH": ""}, "geometry": {"type": "Polygon", "coordinates": [[[112.364, 29.8431], [112.3632, 29.824], [112.3246, 29.8008], [112.3314, 29.727], [112.307, 29.7128], [112.3804, 29.6377], [112.3932, 29.5979], [112.39, 29.5634], [112.377, 29.6309], [112.3001, 29.7031], [112.3019, 29.7188], [112.3262, 29.7302], [112.3149, 29.8029], [112.364, 29.8431]]]}}, {"type": "Feature", "properties": {"NAME_CH": "斧头湖"}, "geometry": {"type": "Polygon", "coordinates": [[[114.1667, 29.9274], [114.1646, 29.9983], [114.1298, 30.0215], [114.1495, 30.0237], [114.1669, 30.0048], [114.1742, 30.014], [114.1774, 30.0639], [114.1594, 30.0656], [114.1613, 30.0803], [114.2047, 30.1011], [114.2135, 30.07], [114.2129, 30.1003], [114.2256, 30.0956], [114.2297, 30.1101], [114.2212, 30.0652], [114.2345, 30.0784], [114.2384, 30.0596], [114.2694, 30.0991], [114.2474, 30.0535], [114.2622, 30.055], [114.2432, 30.0298], [114.2312, 30.0414], [114.2279, 30.0014], [114.259, 30.0294], [114.2619, 30.009], [114.2755, 30.0461], [114.2685, 30.0088], [114.2896, 30.0317], [114.2875, 30.0099], [114.3157, 30.0103], [114.2736, 29.9944], [114.3146, 29.9903], [114.3053, 29.9698], [114.2996, 29.9861], [114.2918, 29.97], [114.261, 29.9881], [114.2419, 29.9712], [114.2726, 29.9689], [114.265, 29.9548], [114.2227, 29.9627], [114.1899, 29.9478], [114.2407, 29.9266], [114.2388, 29.9062], [114.1667, 29.9274]]]}}, {"type": "Feature", "properties": {"NAME_CH": ""}, "geometry": {"type": "Polygon", "coordinates": [[[114.7286, 30.3215], [114.7544, 30.3638], [114.7761, 30.3671], [114.8145, 30.3319], [114.8318, 30.3391], [114.8208, 30.3204], [114.8506, 30.3065], [114.8421, 30.2935], [114.8323, 30.3046], [114.8282, 30.2799], [114.8194, 30.3122], [114.8035, 30.307], [114.8089, 30.2868], [114.7836, 30.3077], [114.7998, 30.2621], [114.782, 30.2546], [114.7875, 30.2876], [114.7464, 30.2854], [114.752, 30.2946], [114.7319, 30.2924], [114.75, 30.3065], [114.7167, 30.3112], [114.7355, 30.2722], [114.7655, 30.279], [114.7489, 30.2589], [114.7312, 30.2674], [114.7308, 30.2377], [114.7605, 30.2437], [114.7499, 30.2358], [114.7839, 30.221], [114.7429, 30.2285], [114.7455, 30.2058], [114.7304, 30.2058], [114.7213, 30.1837], [114.7072, 30.2265], [114.6881, 30.2149], [114.6858, 30.2399], [114.6526, 30.2507], [114.7114, 30.262], [114.7051, 30.2762], [114.659, 30.267], [114.6863, 30.279], [114.6776, 30.2884], [114.7019, 30.2806], [114.6874, 30.2964], [114.6602, 30.2954], [114.6661, 30.3201], [114.6682, 30.3072], [114.6883, 30.3104], [114.7162, 30.3348], [114.7286, 30.3215]]]}}, {"type": "Feature", "properties": {"NAME_CH": "梁子湖"}, "geometry": {"type": "Polygon", "coordinates": [[[114.6848, 30.451], [114.7093, 30.4854], [114.6759, 30.492], [114.6711, 30.5108], [114.6815, 30.4947], [114.6898, 30.5091], [114.6916, 30.4974], [114.7319, 30.4947], [114.7209, 30.4707], [114.7531, 30.4899], [114.7538, 30.5054], [114.7611, 30.4846], [114.7411, 30.465], [114.788, 30.4729], [114.806, 30.4322], [114.8008, 30.4222], [114.7661, 30.4632], [114.7326, 30.4515], [114.7398, 30.427], [114.7614, 30.4427], [114.7515, 30.4253], [114.7673, 30.4122], [114.7435, 30.421], [114.7384, 30.408], [114.7324, 30.4359], [114.7021, 30.4304], [114.6915, 30.4053], [114.6748, 30.4041], [114.7032, 30.3755], [114.7292, 30.3837], [114.72, 30.3522], [114.6268, 30.3443], [114.6313, 30.3025], [114.6192, 30.3076], [114.6501, 30.2867], [114.5843, 30.2658], [114.6435, 30.2368], [114.6154, 30.2302], [114.622, 30.2181], [114.6366, 30.2247], [114.6462, 30.1878], [114.6201, 30.2112], [114.5979, 30.2092], [114.6361, 30.1778], [114.6154, 30.1565], [114.661, 30.1145], [114.6626, 30.082], [114.6379, 30.0867], [114.5804, 30.1479], [114.5853, 30.1749], [114.5486, 30.1267], [114.5408, 30.151], [114.5666, 30.1876], [114.5522, 30.1771], [114.5314, 30.181], [114.5589, 30.1958], [114.5603, 30.2068], [114.5396, 30.2036], [114.5524, 30.2112], [114.5583, 30.2498], [114.5339, 30.2215], [114.5037, 30.2145], [114.5044, 30.1991], [114.4685, 30.2269], [114.4624, 30.207], [114.4753, 30.1964], [114.4592, 30.1933], [114.4893, 30.1843], [114.4716, 30.1797], [114.4871, 30.1577], [114.4684, 30.1607], [114.4876, 30.1376], [114.4699, 30.1298], [114.4605, 30.0868], [114.4462, 30.09], [114.4585, 30.1191], [114.4416, 30.1189], [114.4625, 30.1353], [114.438, 30.1789], [114.4192, 30.1812], [114.4049, 30.162], [114.4152, 30.1409], [114.3948, 30.148], [114.3887, 30.1183], [114.3877, 30.1322], [114.3713, 30.1288], [114.4057, 30.1759], [114.3814, 30.1867], [114.369, 30.1728], [114.3743, 30.1837], [114.356, 30.1943], [114.3775, 30.1906], [114.3738, 30.2087], [114.4044, 30.1901], [114.4248, 30.2013], [114.409, 30.224], [114.4341, 30.2112], [114.4429, 30.2235], [114.395, 30.2446], [114.4212, 30.2503], [114.4007, 30.2694], [114.425, 30.2592], [114.4126, 30.2785], [114.4234, 30.2764], [114.4514, 30.2381], [114.4559, 30.2558], [114.4364, 30.2746], [114.5007, 30.2584], [114.4594, 30.2727], [114.4487, 30.2876], [114.5023, 30.2758], [114.5074, 30.2864], [114.5229, 30.2708], [114.5354, 30.2872], [114.5196, 30.3017], [114.5669, 30.2881], [114.5829, 30.2979], [114.5249, 30.3097], [114.5234, 30.3404], [114.5048, 30.3205], [114.5094, 30.3431], [114.4979, 30.3118], [114.4792, 30.3278], [114.4643, 30.3089], [114.4648, 30.3219], [114.4402, 30.3297], [114.4582, 30.3343], [114.427, 30.3423], [114.4395, 30.3474], [114.4287, 30.3636], [114.4712, 30.3391], [114.462, 30.3781], [114.4877, 30.3526], [114.4857, 30.3764], [114.5081, 30.3575], [114.5429, 30.3724], [114.5338, 30.3497], [114.5519, 30.3698], [114.5478, 30.3282], [114.5647, 30.3359], [114.5652, 30.3199], [114.5719, 30.3322], [114.5978, 30.3209], [114.6111, 30.3447], [114.5722, 30.3494], [114.5631, 30.3982], [114.5456, 30.3959], [114.5475, 30.4122], [114.5057, 30.4292], [114.5357, 30.4374], [114.5412, 30.4218], [114.5473, 30.4351], [114.5738, 30.4174], [114.576, 30.4307], [114.5862, 30.4128], [114.5919, 30.4295], [114.6023, 30.3983], [114.5843, 30.3917], [114.6145, 30.3894], [114.5863, 30.3718], [114.5879, 30.3613], [114.6118, 30.371], [114.5988, 30.3654], [114.6045, 30.3493], [114.6306, 30.3847], [114.6205, 30.4365], [114.6412, 30.4275], [114.6471, 30.3922], [114.6526, 30.424], [114.6628, 30.4126], [114.6767, 30.4297], [114.6686, 30.4496], [114.651, 30.4321], [114.6636, 30.4549], [114.635, 30.4605], [114.6173, 30.4846], [114.6329, 30.4793], [114.6317, 30.5001], [114.6546, 30.4616], [114.6629, 30.4748], [114.6848, 30.451]]]}}, {"type": "Feature", "properties": {"NAME_CH": "鲁湖"}, "geometry": {"type": "Polygon", "coordinates": [[[114.162, 30.2168], [114.1823, 30.2489], [114.1768, 30.2673], [114.2235, 30.3046], [114.2042, 30.2491], [114.2375, 30.2312], [114.205, 30.2234], [114.2431, 30.1968], [114.2679, 30.203], [114.2683, 30.1883], [114.2268, 30.1907], [114.2208, 30.1773], [114.2498, 30.1647], [114.2178, 30.1594], [114.2003, 30.1726], [114.2177, 30.1957], [114.1969, 30.1872], [114.1761, 30.2055], [114.1345, 30.201], [114.1273, 30.2148], [114.162, 30.2168]]]}}, {"type": "Feature", "properties": {"NAME_CH": "石臼湖"}, "geometry": {"type": "Polygon", "coordinates": [[[118.8764, 31.3642], [118.796, 31.4487], [118.7878, 31.4371], [118.8198, 31.4007], [118.7582, 31.373], [118.7266, 31.4943], [118.6981, 31.5322], [118.7376, 31.5536], [118.767, 31.5378], [118.7695, 31.5145], [118.8349, 31.5341], [118.866, 31.5031], [118.8749, 31.5415], [118.8989, 31.5311], [118.9434, 31.5603], [118.974, 31.5027], [118.9604, 31.4349], [118.9021, 31.4183], [118.8764, 31.3642]]]}}, {"type": "Feature", "properties": {"NAME_CH": "博木池"}, "geometry": {"type": "Polygon", "coordinates": [[[107.0145, 39.0393], [107.0598, 39.0622], [107.0851, 39.0443], [107.1025, 38.9995], [107.1386, 38.988], [107.0298, 38.9918], [107.0145, 39.0393]]]}}, {"type": "Feature", "properties": {"NAME_CH": ""}, "geometry": {"type": "Polygon", "coordinates": [[[108.8907, 41.0495], [108.9596, 41.0072], [108.947, 40.9468], [108.8855, 40.8946], [108.8656, 40.8968], [108.848, 40.9314], [108.8516, 40.9675], [108.8283, 40.9901], [108.8685, 41.0204], [108.8899, 40.9971], [108.874, 41.0265], [108.8907, 41.0495]]]}}, {"type": "Feature", "properties": {"NAME_CH": ""}, "geometry": {"type": "Polygon", "coordinates": [[[108.6994, 40.7813], [108.7039, 40.8217], [108.7388, 40.8576], [108.7349, 40.9015], [108.7701, 40.8948], [108.7937, 40.9339], [108.8369, 40.9388], [108.8507, 40.9088], [108.8333, 40.8968], [108.8702, 40.8871], [108.6994, 40.7813]]]}}, {"type": "Feature", "properties": {"NAME_CH": ""}, "geometry": {"type": "Polygon", "coordinates": [[[99.4295, 39.8162], [99.385, 39.8586], [99.3664, 39.8956], [99.3616, 39.9496], [99.3405, 39.9855], [99.3349, 40.0613], [99.4388, 40.2827], [99.4793, 40.3014], [99.5124, 40.3403], [99.5853, 40.3666], [99.6782, 40.451], [99.8189, 40.4964], [99.8385, 40.5462], [99.8615, 40.5542], [99.8497, 40.5111], [99.8238, 40.4919], [99.7814, 40.4825], [99.7621, 40.4543], [99.6899, 40.4404], [99.5817, 40.3496], [99.519, 40.3326], [99.504, 40.3131], [99.4474, 40.2779], [99.3599, 40.1057], [99.3457, 39.9885], [99.3738, 39.9534], [99.3656, 39.9185], [99.3881, 39.8668], [99.4292, 39.8227], [99.4468, 39.8291], [99.4586, 39.8208], [99.4515, 39.7745], [99.5089, 39.7623], [99.5473, 39.7108], [99.5464, 39.6883], [99.634, 39.6518], [99.6377, 39.6054], [99.6616, 39.5751], [99.6532, 39.522], [99.6857, 39.482], [99.7448, 39.4659], [99.7733, 39.4164], [99.9163, 39.3589], [100.0416, 39.3647], [100.0778, 39.3456], [100.0891, 39.3333], [100.0421, 39.3601], [99.9118, 39.3536], [99.7477, 39.427], [99.7366, 39.4651], [99.6838, 39.4763], [99.6474, 39.5166], [99.6503, 39.5711], [99.6217, 39.6239], [99.6234, 39.6487], [99.5404, 39.6866], [99.5382, 39.7149], [99.5087, 39.752], [99.4458, 39.7757], [99.4508, 39.8236], [99.4295, 39.8162]]]}}, {"type": "Feature", "properties": {"NAME_CH": ""}, "geometry": {"type": "Polygon", "coordinates": [[[114.7348, 35.7191], [114.7834, 35.7393], [114.8091, 35.7841], [114.7789, 35.835], [114.8201, 35.7854], [114.7881, 35.7367], [114.739, 35.7182], [114.7451, 35.6801], [114.7348, 35.7191]]]}}, {"type": "Feature", "properties": {"NAME_CH": "独山湖"}, "geometry": {"type": "Polygon", "coordinates": [[[116.7061, 35.1301], [116.7027, 35.1086], [116.7368, 35.1272], [116.8586, 35.1232], [116.89, 35.0989], [116.8922, 35.0644], [116.8745, 35.0549], [116.8981, 35.0503], [116.9462, 34.9675], [116.8671, 35.0505], [116.7851, 35.0594], [116.7018, 35.0974], [116.6929, 35.1225], [116.7061, 35.1301]]]}}, {"type": "Feature", "properties": {"NAME_CH": "直沽（海河）"}, "geometry": {"type": "Polygon", "coordinates": [[[117.6722, 39.0109], [117.677, 38.9832], [117.6677, 39.0087], [117.6306, 39.0199], [117.5846, 38.9794], [117.5663, 39.001], [117.5022, 39.0027], [117.4626, 39.0179], [117.4584, 39.0295], [117.4026, 39.0201], [117.3716, 39.0501], [117.3379, 39.0551], [117.2746, 39.0835], [117.3757, 39.0567], [117.4063, 39.0274], [117.4593, 39.0379], [117.5107, 39.0091], [117.5709, 39.008], [117.5815, 38.9909], [117.632, 39.0274], [117.6722, 39.0109]]]}}, {"type": "Feature", "properties": {"NAME_CH": "淮河"}, "geometry": {"type": "Polygon", "coordinates": [[[118.0488, 33.1389], [118.0181, 33.1305], [117.9819, 33.1463], [117.9544, 33.1366], [117.9004, 33.1454], [117.8912, 33.1301], [117.9027, 33.0748], [117.8946, 33.0535], [117.8753, 33.0412], [117.8041, 33.0255], [117.7818, 33.0452], [117.7581, 33.0404], [117.7379, 33.0017], [117.7024, 33.0012], [117.6689, 32.9192], [117.6517, 32.911], [117.5965, 32.9218], [117.5163, 32.9819], [117.3476, 32.9493], [117.2082, 32.9568], [117.3402, 32.955], [117.5124, 32.985], [117.6014, 32.9271], [117.6518, 32.9144], [117.6971, 33.0048], [117.7312, 33.0054], [117.7585, 33.0487], [117.7676, 33.0527], [117.8198, 33.033], [117.8917, 33.0609], [117.8815, 33.1196], [117.9074, 33.1555], [118.0488, 33.1389]]]}}, {"type": "Feature", "properties": {"NAME_CH": ""}, "geometry": {"type": "Polygon", "coordinates": [[[119.0962, 33.0372], [119.105, 33.0194], [119.0724, 33.0171], [118.9789, 33.054], [118.9099, 33.0406], [118.8837, 33.0467], [118.8657, 33.0897], [118.8016, 33.0779], [118.7262, 33.0927], [118.8584, 33.1007], [118.9077, 33.0549], [119.0116, 33.0618], [119.0962, 33.0372]]]}}, {"type": "Feature", "properties": {"NAME_CH": "高邮湖"}, "geometry": {"type": "Polygon", "coordinates": [[[119.1371, 32.9009], [119.1468, 32.8752], [119.1932, 32.8574], [119.2056, 32.8675], [119.2099, 32.9378], [119.1564, 33.0364], [119.105, 33.0194], [119.0962, 33.0372], [119.1515, 33.0609], [119.149, 33.0865], [119.1083, 33.1149], [119.1165, 33.1365], [119.1457, 33.1347], [119.1229, 33.1536], [119.119, 33.1992], [119.0805, 33.2346], [119.107, 33.2444], [119.1106, 33.2766], [119.0794, 33.2958], [119.04, 33.2868], [119.0648, 33.295], [119.0541, 33.3136], [119.1783, 33.3012], [119.1528, 33.2305], [119.1667, 33.194], [119.203, 33.1992], [119.235, 33.2315], [119.263, 33.2276], [119.2788, 33.1619], [119.3402, 33.1436], [119.3565, 33.098], [119.4008, 33.0463], [119.4006, 32.8843], [119.4223, 32.7682], [119.4037, 32.7589], [119.4009, 32.722], [119.3876, 32.7317], [119.3866, 32.6801], [119.4297, 32.6729], [119.4359, 32.6938], [119.4454, 32.6828], [119.4704, 32.5786], [119.4214, 32.5669], [119.412, 32.5985], [119.3575, 32.586], [119.3609, 32.5711], [119.3338, 32.5633], [119.3544, 32.5934], [119.4095, 32.6051], [119.3921, 32.6631], [119.3714, 32.6617], [119.3488, 32.6346], [119.3582, 32.6238], [119.3425, 32.6213], [119.3316, 32.6618], [119.308, 32.6579], [119.3263, 32.668], [119.3474, 32.6441], [119.3652, 32.6815], [119.3792, 32.6781], [119.3871, 32.7136], [119.3787, 32.7372], [119.367, 32.7324], [119.3691, 32.7043], [119.3562, 32.7655], [119.3316, 32.7723], [119.3348, 32.7841], [119.3178, 32.7881], [119.3259, 32.7461], [119.2989, 32.7144], [119.2783, 32.7158], [119.2771, 32.6774], [119.2531, 32.7573], [119.2268, 32.7506], [119.204, 32.7159], [119.142, 32.7477], [119.1373, 32.7849], [119.174, 32.7906], [119.184, 32.8097], [119.1055, 32.8374], [119.1235, 32.8688], [119.1091, 32.88], [119.1371, 32.9009]]]}}, {"type": "Feature", "properties": {"NAME_CH": "滆湖"}, "geometry": {"type": "Polygon", "coordinates": [[[119.8722, 31.702], [119.877, 31.5749], [119.8951, 31.5443], [119.8854, 31.5267], [119.7421, 31.4749], [119.7355, 31.4892], [119.7995, 31.6776], [119.8448, 31.7298], [119.8722, 31.702]]]}}, {"type": "Feature", "properties": {"NAME_CH": "长荡湖"}, "geometry": {"type": "Polygon", "coordinates": [[[119.5261, 31.4997], [119.4919, 31.587], [119.5133, 31.6518], [119.599, 31.6641], [119.6048, 31.6141], [119.5432, 31.5768], [119.5384, 31.5584], [119.5485, 31.5695], [119.5495, 31.5566], [119.5261, 31.4997]]]}}, {"type": "Feature", "properties": {"NAME_CH": "钱塘江"}, "geometry": {"type": "Polygon", "coordinates": [[[120.1343, 30.2058], [120.2527, 30.2688], [120.3026, 30.3372], [120.3479, 30.3614], [120.4878, 30.3899], [120.6641, 30.4006], [120.6116, 30.3467], [120.5386, 30.3133], [120.4503, 30.3114], [120.4063, 30.2707], [120.4026, 30.219], [120.3843, 30.2069], [120.3297, 30.2043], [120.2378, 30.2462], [120.1642, 30.2008], [120.1363, 30.1936], [120.1343, 30.2058]]]}}, {"type": "Feature", "properties": {"NAME_CH": "得胜湖"}, "geometry": {"type": "Polygon", "coordinates": [[[119.8865, 32.9347], [119.9421, 32.9565], [119.9875, 32.9426], [120.01, 32.9185], [119.9529, 32.8955], [119.8877, 32.9106], [119.8865, 32.9347]]]}}, {"type": "Feature", "properties": {"NAME_CH": "淀山湖"}, "geometry": {"type": "Polygon", "coordinates": [[[120.8046, 31.1171], [120.8046, 31.1538], [120.8409, 31.1245], [120.9375, 31.1158], [120.9247, 31.145], [120.9591, 31.1523], [120.9659, 31.1864], [120.9883, 31.1904], [120.971, 31.1435], [121.0073, 31.1568], [121.0201, 31.1393], [120.9923, 31.1018], [120.9219, 31.075], [120.8758, 31.1142], [120.8461, 31.1224], [120.8482, 31.0993], [120.8254, 31.1238], [120.8046, 31.1171]]]}}, {"type": "Feature", "properties": {"NAME_CH": "泖湖"}, "geometry": {"type": "Polygon", "coordinates": [[[120.9175, 31.0602], [120.9994, 31.0648], [121.0021, 31.0528], [120.9823, 31.0489], [121.0013, 31.0367], [120.9553, 31.0306], [120.9316, 30.9956], [120.913, 31.0291], [120.9175, 31.0602]]]}}, {"type": "Feature", "properties": {"NAME_CH": ""}, "geometry": {"type": "Polygon", "coordinates": [[[121.512, 25.0882], [121.4771, 25.1024], [121.4609, 25.1111], [121.4833, 25.1125], [121.512, 25.0882]]]}}, {"type": "Feature", "properties": {"NAME_CH": ""}, "geometry": {"type": "Polygon", "coordinates": [[[121.4164, 25.1767], [121.4513, 25.1564], [121.4596, 25.1195], [121.5118, 25.1011], [121.5182, 25.0771], [121.4516, 25.1055], [121.4428, 25.1472], [121.4164, 25.1767]]]}}, {"type": "Feature", "properties": {"NAME_CH": ""}, "geometry": {"type": "Polygon", "coordinates": [[[113.1781, 23.241], [113.2132, 23.193], [113.2223, 23.1231], [113.2367, 23.1111], [113.3057, 23.119], [113.3933, 23.1142], [113.4794, 23.0883], [113.5264, 23.0433], [113.5766, 22.9136], [113.6231, 22.98], [113.5957, 22.8616], [113.5996, 22.8337], [113.6355, 22.7942], [113.6222, 22.7631], [113.572, 22.8245], [113.5293, 22.8417], [113.511, 22.879], [113.4953, 22.9531], [113.5139, 23.0153], [113.4956, 23.0515], [113.3869, 23.1067], [113.238, 23.1051], [113.206, 23.1201], [113.2101, 23.1639], [113.1781, 23.241]]]}}, {"type": "Feature", "properties": {"NAME_CH": "北江"}, "geometry": {"type": "Polygon", "coordinates": [[[112.8097, 23.2427], [112.857, 23.2812], [112.885, 23.4179], [112.8717, 23.4582], [112.9502, 23.5414], [112.9454, 23.6328], [112.9571, 23.6595], [113.0047, 23.7041], [113.0343, 23.7087], [113.0759, 23.6909], [113.112, 23.7162], [113.1349, 23.707], [113.114, 23.7088], [113.0815, 23.6811], [113.0188, 23.7009], [112.976, 23.6647], [112.9548, 23.6006], [112.9595, 23.5441], [112.8864, 23.4438], [112.9011, 23.3733], [112.8667, 23.286], [112.81, 23.2247], [112.8049, 23.1835], [112.8194, 23.1658], [112.8079, 23.1498], [112.7908, 23.1859], [112.8097, 23.2427]]]}}, {"type": "Feature", "properties": {"NAME_CH": ""}, "geometry": {"type": "Polygon", "coordinates": [[[113.5068, 22.8813], [113.4197, 22.9089], [113.3017, 22.8762], [113.3116, 22.8356], [113.3646, 22.7921], [113.3789, 22.7631], [113.4294, 22.7412], [113.4544, 22.7498], [113.447, 22.7257], [113.4102, 22.7362], [113.3558, 22.7703], [113.3051, 22.8342], [113.2886, 22.8833], [113.1797, 22.886], [113.1234, 22.9041], [113.1213, 22.8732], [113.0504, 22.9171], [113.0109, 22.9236], [112.9649, 22.9862], [112.9772, 23.0405], [112.9456, 23.1035], [112.8768, 23.1467], [112.8027, 23.1486], [112.8194, 23.1658], [112.8569, 23.1615], [112.9315, 23.1315], [112.9775, 23.0681], [112.9879, 23.0117], [112.9762, 22.9828], [113.0077, 22.9405], [113.05, 22.9263], [113.1017, 22.888], [113.1156, 22.8864], [113.1192, 22.9116], [113.1761, 22.8907], [113.2803, 22.9074], [113.3286, 22.891], [113.4198, 22.9232], [113.4833, 22.9147], [113.5068, 22.8813]]]}}, {"type": "Feature", "properties": {"NAME_CH": "哈喇池"}, "geometry": {"type": "Polygon", "coordinates": [[[73.2923, 38.8632], [73.34, 38.9631], [73.3239, 38.9708], [73.2996, 38.9433], [73.2543, 38.9683], [73.2923, 39.0004], [73.2663, 39.0313], [73.3093, 39.0807], [73.3054, 39.1218], [73.3263, 39.118], [73.3352, 39.137], [73.4712, 39.1293], [73.5329, 39.0834], [73.555, 39.084], [73.5624, 39.0609], [73.5448, 39.058], [73.5404, 39.0371], [73.5486, 39.0103], [73.5129, 38.9575], [73.4825, 38.949], [73.4817, 38.9603], [73.4407, 38.9652], [73.4285, 38.981], [73.4378, 39.0177], [73.4066, 39.0271], [73.3852, 39.008], [73.3663, 38.8986], [73.2923, 38.8632]], [[73.4094, 39.0469], [73.4431, 39.0518], [73.4732, 39.1078], [73.4432, 39.1145], [73.4338, 39.1083], [73.4545, 39.1031], [73.4303, 39.0885], [73.4232, 39.1049], [73.4094, 39.0469]]]}}, {"type": "Feature", "properties": {"NAME_CH": "乌苏哩江"}, "geometry": {"type": "Polygon", "coordinates": [[[133.4682, 45.6251], [133.4318, 45.6477], [133.4754, 45.6654], [133.4693, 45.6871], [133.4367, 45.7004], [133.4092, 45.691], [133.443, 45.7401], [133.47, 45.7395], [133.4502, 45.7548], [133.4602, 45.7819], [133.4881, 45.7801], [133.4534, 45.7938], [133.4526, 45.8342], [133.4785, 45.8392], [133.473, 45.8614], [133.4953, 45.8667], [133.4984, 45.884], [133.5088, 45.8939], [133.5441, 45.8965], [133.5785, 45.8684], [133.6029, 45.9062], [133.5902, 45.9286], [133.6076, 45.9441], [133.5816, 45.9386], [133.6094, 45.961], [133.6153, 45.9466], [133.662, 45.9456], [133.6666, 45.9949], [133.7313, 46.0573], [133.7287, 46.0775], [133.6761, 46.1259], [133.6822, 46.1592], [133.7561, 46.1785], [133.8055, 46.2321], [133.8257, 46.2252], [133.835, 46.2038], [133.8457, 46.2064], [133.85, 46.2282], [133.8678, 46.234], [133.8522, 46.2502], [133.9061, 46.2647], [133.9086, 46.2832], [133.8869, 46.2981], [133.912, 46.3297], [133.8693, 46.3209], [133.8598, 46.3512], [133.9372, 46.3942], [133.9027, 46.4382], [133.8407, 46.4491], [133.8339, 46.4857], [133.8576, 46.5017], [133.8579, 46.5339], [133.8882, 46.5435], [133.908, 46.5932], [134.0122, 46.6676], [134.0143, 46.7322], [134.0402, 46.7773], [134.0109, 46.8244], [134.067, 46.9389], [134.0426, 46.9886], [134.1062, 47.0345], [134.1078, 47.0631], [134.1335, 47.0944], [134.2158, 47.1088], [134.1944, 47.2075], [134.1428, 47.2456], [134.1594, 47.3189], [134.1971, 47.3478], [134.2381, 47.3546], [134.266, 47.404], [134.3162, 47.4352], [134.4896, 47.4484], [134.5617, 47.4899], [134.5736, 47.5347], [134.6265, 47.5524], [134.6752, 47.5994], [134.6738, 47.6368], [134.7676, 47.7153], [134.7635, 47.7515], [134.6595, 47.8229], [134.6553, 47.8881], [134.5846, 47.8999], [134.5704, 47.918], [134.5815, 47.9468], [134.538, 47.9903], [134.5415, 48.034], [134.5621, 48.0423], [134.5702, 48.0855], [134.6222, 48.101], [134.6558, 48.1448], [134.6521, 48.2365], [134.6904, 48.2681], [134.7715, 48.2942], [134.7889, 48.3184], [134.863, 48.3349], [134.9043, 48.3644], [135.0003, 48.3711], [135.0787, 48.4248], [135.0778, 48.4634], [135.0985, 48.4386], [135.0725, 48.3886], [134.9439, 48.338], [134.8437, 48.3217], [134.6702, 48.2368], [134.6686, 48.1693], [134.6827, 48.1445], [134.6323, 48.0857], [134.572, 48.0467], [134.5862, 48.012], [134.569, 47.9785], [134.613, 47.943], [134.6055, 47.9102], [134.6742, 47.8894], [134.6772, 47.8299], [134.7184, 47.814], [134.7273, 47.79], [134.7689, 47.7667], [134.7834, 47.7239], [134.7361, 47.6512], [134.6843, 47.6299], [134.6885, 47.5851], [134.6632, 47.5548], [134.6371, 47.53], [134.5768, 47.5183], [134.5646, 47.4738], [134.4833, 47.4341], [134.3441, 47.4316], [134.3028, 47.3976], [134.2654, 47.3902], [134.2499, 47.3499], [134.1767, 47.3223], [134.1543, 47.2503], [134.2301, 47.1881], [134.2264, 47.1054], [134.0624, 46.9762], [134.0768, 46.9311], [134.02, 46.8251], [134.0529, 46.7722], [134.0241, 46.725], [134.0194, 46.652], [133.9107, 46.5821], [133.9065, 46.5484], [133.8457, 46.4748], [133.8618, 46.4509], [133.9124, 46.4417], [133.9456, 46.397], [133.938, 46.3753], [133.8696, 46.3481], [133.8854, 46.3326], [133.9261, 46.3329], [133.9077, 46.3031], [133.9243, 46.2648], [133.9027, 46.2463], [133.8575, 46.2499], [133.8951, 46.2291], [133.8836, 46.1968], [133.8576, 46.1755], [133.8448, 46.1785], [133.8677, 46.1867], [133.8837, 46.227], [133.8356, 46.1995], [133.8075, 46.2265], [133.7909, 46.1857], [133.6858, 46.1443], [133.7429, 46.0611], [133.7338, 46.0331], [133.676, 45.9872], [133.6764, 45.9454], [133.6066, 45.9338], [133.6158, 45.8945], [133.5853, 45.8643], [133.5165, 45.8921], [133.5023, 45.8693], [133.5258, 45.8563], [133.4876, 45.8598], [133.4857, 45.834], [133.4601, 45.8306], [133.4596, 45.7954], [133.4967, 45.7793], [133.4661, 45.7764], [133.4593, 45.7569], [133.478, 45.7366], [133.4484, 45.7246], [133.4203, 45.6962], [133.4429, 45.7052], [133.4783, 45.6902], [133.4871, 45.6619], [133.4415, 45.6457], [133.4682, 45.6251]], [[134.5544, 48.0332], [134.5607, 47.9799], [134.5697, 48.0324], [134.5544, 48.0332]]]}}, {"type": "Feature", "properties": {"NAME_CH": "太湖"}, "geometry": {"type": "Polygon", "coordinates": [[[120.0385, 31.4831], [120.0771, 31.4556], [120.1141, 31.4992], [120.1983, 31.5516], [120.2274, 31.4931], [120.2014, 31.4516], [120.2162, 31.4036], [120.3394, 31.4675], [120.3813, 31.4666], [120.4057, 31.4347], [120.387, 31.3793], [120.3641, 31.3603], [120.3321, 31.3637], [120.3178, 31.3293], [120.2817, 31.3126], [120.3234, 31.3132], [120.3545, 31.3384], [120.3757, 31.3174], [120.3402, 31.3088], [120.3537, 31.3019], [120.3299, 31.2903], [120.341, 31.2671], [120.3861, 31.2594], [120.3866, 31.2383], [120.3557, 31.2193], [120.4679, 31.2288], [120.4765, 31.1939], [120.4245, 31.1359], [120.4331, 31.1085], [120.463, 31.1031], [120.5017, 31.1259], [120.5355, 31.1078], [120.6198, 31.263], [120.6168, 31.1927], [120.5805, 31.1071], [120.5994, 31.0819], [120.5707, 31.0806], [120.4298, 30.9809], [120.3354, 30.9425], [120.2419, 30.9295], [120.13, 30.9465], [120.12, 30.9186], [120.1125, 30.9137], [120.1216, 30.9494], [119.9792, 31.0433], [119.9171, 31.1591], [119.9142, 31.2098], [119.8923, 31.2196], [119.9528, 31.3456], [120.0276, 31.4259], [120.0056, 31.4408], [120.0385, 31.4831]], [[120.4579, 31.0878], [120.3813, 31.113], [120.324, 31.041], [120.3674, 31.0126], [120.3811, 31.0264], [120.4162, 30.9965], [120.4138, 31.0228], [120.4579, 31.0878]], [[120.2908, 31.0645], [120.2988, 31.096], [120.3227, 31.1088], [120.316, 31.1268], [120.3464, 31.1266], [120.3271, 31.1598], [120.1924, 31.1288], [120.2908, 31.0645]], [[120.069, 31.43], [120.0581, 31.397], [120.0735, 31.3697], [120.0967, 31.4116], [120.1354, 31.4101], [120.1252, 31.4468], [120.069, 31.43]]]}}, {"type": "Feature", "properties": {"NAME_CH": "渭水"}, "geometry": {"type": "Polygon", "coordinates": [[[107.1415, 34.3697], [107.1668, 34.3519], [107.2106, 34.3617], [107.452, 34.3384], [107.5069, 34.3267], [107.5497, 34.3033], [107.6675, 34.3053], [107.5676, 34.2969], [107.4211, 34.3352], [107.2277, 34.3561], [107.1649, 34.3482], [107.1415, 34.3697]], [[107.4662, 34.3305], [107.4509, 34.3339], [107.4499, 34.3309], [107.4662, 34.3305]]]}}, {"type": "Feature", "properties": {"NAME_CH": "阿拉克泊"}, "geometry": {"type": "Polygon", "coordinates": [[[92.2981, 48.1544], [92.2773, 48.211], [92.3017, 48.2422], [92.2554, 48.2984], [92.2073, 48.3284], [92.264, 48.3665], [92.3417, 48.3321], [92.3544, 48.3787], [92.5441, 48.3206], [92.7016, 48.33], [92.743, 48.3059], [92.7445, 48.2867], [92.7749, 48.2807], [92.7828, 48.2361], [92.8048, 48.2096], [92.694, 48.0997], [92.6176, 48.0717], [92.57, 48.0842], [92.5439, 48.0687], [92.5074, 48.0856], [92.4447, 48.0109], [92.3711, 47.9905], [92.2901, 47.8938], [92.2669, 47.8418], [92.2757, 47.7926], [92.2632, 47.7779], [92.1456, 47.7731], [92.0946, 47.7434], [92.0589, 47.753], [92.054, 47.7996], [92.0157, 47.8572], [91.9605, 48.0022], [91.9882, 48.0255], [92.0598, 48.0441], [92.1784, 48.0508], [92.2552, 48.0958], [92.2706, 48.138], [92.2981, 48.1544]], [[92.4982, 48.0891], [92.5204, 48.1164], [92.5542, 48.1229], [92.6262, 48.1727], [92.6486, 48.135], [92.6442, 48.1804], [92.6662, 48.215], [92.7308, 48.1829], [92.6452, 48.2369], [92.6104, 48.2846], [92.6252, 48.2979], [92.7124, 48.2963], [92.7133, 48.3119], [92.6815, 48.3284], [92.5549, 48.3055], [92.4378, 48.318], [92.373, 48.1452], [92.4162, 48.1005], [92.4338, 48.0976], [92.4108, 48.1266], [92.4982, 48.0891]]]}}, {"type": "Feature", "properties": {"NAME_CH": "泊涝湖"}, "geometry": {"type": "Polygon", "coordinates": [[[116.3312, 29.9482], [116.1661, 29.8787], [116.1375, 29.9076], [116.0844, 29.8915], [116.0754, 29.8621], [116.0422, 29.8581], [116.0099, 29.8976], [115.9577, 29.9165], [115.9596, 29.9683], [115.9242, 30.0025], [115.9396, 30.0373], [115.9736, 29.9847], [116.0293, 29.9682], [115.9994, 30.0297], [116.0226, 30.0161], [116.0234, 30.0393], [116.0311, 30.0278], [116.0422, 30.0379], [116.0394, 30.0005], [116.0598, 30.0149], [116.0436, 29.9773], [116.0645, 29.9956], [116.0739, 29.9818], [116.0617, 29.9612], [116.0839, 29.955], [116.0977, 29.9823], [116.1095, 29.963], [116.1243, 29.9762], [116.1144, 29.9953], [116.1753, 29.9885], [116.1426, 30.0069], [116.1548, 30.0027], [116.1329, 30.0686], [116.1619, 30.0699], [116.1745, 30.0529], [116.1788, 30.0689], [116.1994, 30.0712], [116.2013, 30.0127], [116.2333, 29.9743], [116.2415, 29.9878], [116.2284, 30.0043], [116.2421, 30.0066], [116.2203, 30.0305], [116.2314, 30.0266], [116.2289, 30.0477], [116.243, 30.0229], [116.2604, 30.0325], [116.2445, 30.0866], [116.2667, 30.0862], [116.2669, 30.1192], [116.2982, 30.0434], [116.2961, 30.0839], [116.3122, 30.1121], [116.3213, 30.076], [116.3379, 30.0674], [116.4279, 30.0732], [116.4654, 30.1123], [116.4472, 30.122], [116.4111, 30.0894], [116.4144, 30.1075], [116.3803, 30.106], [116.4099, 30.1139], [116.4044, 30.1254], [116.4269, 30.1205], [116.3857, 30.1333], [116.3877, 30.1445], [116.3631, 30.1405], [116.3809, 30.1565], [116.4101, 30.1368], [116.4028, 30.1593], [116.3464, 30.1777], [116.3159, 30.1643], [116.3412, 30.1945], [116.333, 30.2307], [116.3645, 30.199], [116.3542, 30.2394], [116.3721, 30.2351], [116.3844, 30.2589], [116.3736, 30.2157], [116.4005, 30.1997], [116.4085, 30.2208], [116.4119, 30.204], [116.4287, 30.216], [116.4126, 30.193], [116.4341, 30.1674], [116.4409, 30.2039], [116.4506, 30.1852], [116.4571, 30.2075], [116.4654, 30.1861], [116.4854, 30.2098], [116.4775, 30.1817], [116.4973, 30.1696], [116.4983, 30.2061], [116.5093, 30.1868], [116.526, 30.1913], [116.5342, 30.2263], [116.5523, 30.1709], [116.5311, 30.1724], [116.5477, 30.1641], [116.5287, 30.1633], [116.5047, 30.1292], [116.5563, 30.1245], [116.5881, 30.1035], [116.5748, 30.0779], [116.5218, 30.08], [116.528, 30.0433], [116.5021, 30.0512], [116.476, 30.0273], [116.4848, 30.0074], [116.5309, 29.9909], [116.5177, 29.959], [116.4457, 29.9435], [116.3953, 29.9619], [116.3312, 29.9482]], [[116.265, 30.0125], [116.2801, 29.9646], [116.3054, 29.948], [116.3083, 29.9948], [116.265, 30.0125]], [[116.1766, 29.9793], [116.1288, 29.9698], [116.1456, 29.9656], [116.1766, 29.9793]]]}}, {"type": "Feature", "properties": {"NAME_CH": "洞庭湖"}, "geometry": {"type": "Polygon", "coordinates": [[[113.1475, 29.4452], [113.0778, 29.3709], [113.0787, 29.3234], [113.0536, 29.2587], [113.0622, 29.2178], [112.9974, 29.177], [112.9915, 29.0954], [112.9482, 29.025], [112.948, 28.9808], [112.9839, 28.9228], [112.896, 28.9475], [112.8533, 28.9388], [112.8412, 28.8938], [112.8653, 28.8713], [112.8642, 28.8476], [112.8537, 28.8163], [112.8257, 28.824], [112.8295, 28.7908], [112.7983, 28.7974], [112.7454, 28.8473], [112.7358, 28.8358], [112.716, 28.8488], [112.7129, 28.8113], [112.7512, 28.8196], [112.7589, 28.7958], [112.798, 28.7742], [112.7738, 28.752], [112.7207, 28.7914], [112.6796, 28.8036], [112.6464, 28.7947], [112.6172, 28.8127], [112.5895, 28.7999], [112.571, 28.8128], [112.6274, 28.8689], [112.6076, 28.8818], [112.5442, 28.8695], [112.4286, 28.8759], [112.385, 28.8423], [112.3528, 28.8691], [112.3009, 28.8797], [112.2581, 28.8559], [112.1361, 28.85], [112.0865, 28.8334], [112.0672, 28.8435], [112.0964, 28.8901], [112.1398, 28.9084], [112.1879, 28.9013], [112.1881, 28.9796], [112.1801, 29.0012], [112.1533, 29.0126], [112.129, 28.9637], [112.0896, 28.963], [112.1009, 29.039], [112.0923, 29.0595], [112.0435, 29.0743], [111.9565, 29.0883], [111.9232, 29.0776], [111.9144, 28.9982], [111.8783, 28.9389], [111.8357, 28.9327], [111.809, 28.9698], [111.8238, 29.0326], [111.8875, 29.0906], [111.8684, 29.1365], [112.0241, 29.2262], [112.0591, 29.2722], [112.0505, 29.3694], [112.1022, 29.3154], [112.2031, 29.1481], [112.2536, 29.1312], [112.2838, 29.0862], [112.4015, 29.0627], [112.4934, 29.0935], [112.4851, 29.1262], [112.4178, 29.1673], [112.4103, 29.2226], [112.4653, 29.2931], [112.4844, 29.3591], [112.5597, 29.4386], [112.5993, 29.4298], [112.637, 29.341], [112.6695, 29.3731], [112.6635, 29.4731], [112.7112, 29.5011], [112.8107, 29.5018], [112.9613, 29.3978], [113.0139, 29.3847], [113.1475, 29.4452]], [[112.3694, 28.8976], [112.4883, 28.9016], [112.587, 28.9742], [112.561, 28.9955], [112.437, 28.9994], [112.3683, 28.9164], [112.3694, 28.8976]], [[112.3207, 28.9081], [112.3815, 28.967], [112.3843, 28.9945], [112.3694, 29.0046], [112.3406, 29.005], [112.2661, 28.9584], [112.2659, 28.9341], [112.287, 28.9162], [112.3207, 28.9081]], [[111.8265, 28.9691], [111.8352, 28.9547], [111.8715, 28.9522], [111.8969, 28.9973], [111.8984, 29.0325], [111.8822, 29.0536], [111.8584, 29.0472], [111.8265, 28.9691]], [[112.4938, 29.3131], [112.5085, 29.282], [112.5336, 29.2806], [112.5906, 29.3118], [112.5684, 29.3375], [112.5104, 29.3295], [112.4938, 29.3131]], [[112.9487, 28.951], [112.916, 29.0145], [112.8913, 29.0336], [112.8748, 29.0262], [112.8927, 28.9751], [112.9487, 28.951]]]}}, {"type": "Feature", "properties": {"NAME_CH": "大江"}, "geometry": {"type": "Polygon", "coordinates": [[[120.9736, 31.7598], [120.8862, 31.7588], [120.8103, 31.7813], [120.7702, 31.8189], [120.6487, 31.8832], [120.4681, 31.9174], [120.3847, 31.9663], [120.1799, 31.9148], [120.0566, 31.9511], [119.9827, 31.9525], [119.9034, 31.9952], [119.8583, 32.0549], [119.7928, 32.1058], [119.7394, 32.2246], [119.7018, 32.2473], [119.6623, 32.2019], [119.5935, 32.1827], [119.4903, 32.2119], [119.2943, 32.1855], [119.1567, 32.2384], [119.0937, 32.2387], [119.0069, 32.1766], [118.8728, 32.1766], [118.8019, 32.149], [118.7348, 32.1086], [118.7043, 32.0], [118.6463, 31.9688], [118.5745, 31.8952], [118.5183, 31.7916], [118.4561, 31.7168], [118.4447, 31.6803], [118.4671, 31.6222], [118.4626, 31.5772], [118.3638, 31.5014], [118.3414, 31.4565], [118.3551, 31.3155], [118.3161, 31.2624], [118.269, 31.24], [118.2345, 31.2491], [118.2074, 31.2231], [118.087, 31.2118], [118.0076, 31.1681], [118.0015, 31.1074], [117.9779, 31.0815], [117.9312, 31.0609], [117.8365, 31.0596], [117.8032, 31.0447], [117.774, 31.0015], [117.7692, 30.924], [117.7501, 30.916], [117.7339, 30.8782], [117.7428, 30.8154], [117.7223, 30.793], [117.5097, 30.731], [117.4712, 30.6794], [117.3534, 30.6877], [117.324, 30.6824], [117.2969, 30.6525], [117.2513, 30.6466], [117.232, 30.6232], [117.2522, 30.5855], [117.2508, 30.5225], [117.2262, 30.4716], [117.1865, 30.4644], [117.0849, 30.4934], [117.0036, 30.4869], [116.9232, 30.4209], [116.9385, 30.3774], [116.9092, 30.3378], [116.9371, 30.2774], [116.8555, 30.1383], [116.7728, 30.071], [116.6702, 30.0275], [116.6338, 29.9812], [116.5673, 29.9543], [116.5365, 29.8977], [116.3525, 29.8398], [116.2243, 29.7559], [116.0735, 29.7619], [115.9384, 29.7166], [115.7391, 29.7946], [115.6823, 29.8475], [115.5987, 29.8355], [115.4539, 29.8483], [115.3966, 29.9185], [115.4008, 29.9487], [115.3082, 30.0376], [115.3018, 30.0926], [115.266, 30.1464], [115.2315, 30.1624], [115.1922, 30.2088], [115.1068, 30.2088], [115.0657, 30.2383], [115.0771, 30.2911], [115.0551, 30.3754], [115.019, 30.4], [114.9544, 30.397], [114.8307, 30.4336], [114.8306, 30.5586], [114.7928, 30.6042], [114.7652, 30.6102], [114.7216, 30.5787], [114.6005, 30.5553], [114.5732, 30.5798], [114.5284, 30.6743], [114.4235, 30.6901], [114.3539, 30.6502], [114.242, 30.4734], [114.1975, 30.4433], [114.1754, 30.3943], [114.1029, 30.3211], [114.0678, 30.229], [114.0345, 30.2142], [113.9905, 30.2752], [113.9487, 30.2907], [113.9206, 30.2856], [113.89, 30.2473], [113.8853, 30.2229], [113.9107, 30.1967], [113.9678, 30.2095], [114.0883, 30.126], [114.08, 30.0878], [113.9418, 30.0343], [113.8192, 29.9251], [113.698, 29.9245], [113.6333, 29.9023], [113.6026, 29.8614], [113.5218, 29.8202], [113.3933, 29.7154], [113.264, 29.5669], [113.2217, 29.5399], [113.1687, 29.4638], [113.1335, 29.4467], [113.093, 29.4713], [113.0301, 29.4687], [113.0187, 29.4907], [113.0314, 29.5306], [112.9869, 29.5322], [112.9547, 29.5694], [112.9482, 29.6563], [112.9889, 29.7001], [112.9866, 29.7221], [112.9313, 29.7241], [112.8808, 29.7573], [112.7742, 29.7355], [112.7425, 29.7428], [112.7307, 29.7698], [112.7446, 29.8372], [112.724, 29.8523], [112.6905, 29.8405], [112.6399, 29.7882], [112.6244, 29.6981], [112.5844, 29.6941], [112.57, 29.7089], [112.5562, 29.8026], [112.5364, 29.8185], [112.5257, 29.8148], [112.5297, 29.7435], [112.4538, 29.7747], [112.3875, 29.7123], [112.3632, 29.7154], [112.3554, 29.7631], [112.3832, 29.8186], [112.3632, 29.824], [112.364, 29.8431], [112.4096, 29.9091], [112.4175, 29.9736], [112.379, 30.0491], [112.296, 30.0696], [112.235, 30.062], [112.1815, 30.1435], [112.1884, 30.1778], [112.2715, 30.2312], [112.2707, 30.2699], [112.2539, 30.2885], [112.2048, 30.3], [112.0003, 30.273], [111.8758, 30.4093], [111.7611, 30.4153], [111.6588, 30.3802], [111.6393, 30.3201], [111.5901, 30.2618], [111.5594, 30.2591], [111.4988, 30.3187], [111.5228, 30.3994], [111.4995, 30.4158], [111.457, 30.4051], [111.4337, 30.4154], [111.4411, 30.4823], [111.3827, 30.5911], [111.2632, 30.6985], [111.2653, 30.7647], [111.2855, 30.741], [111.2732, 30.7029], [111.3948, 30.5944], [111.4128, 30.5383], [111.4514, 30.4874], [111.4506, 30.4173], [111.5055, 30.4257], [111.5323, 30.3984], [111.5273, 30.3579], [111.5041, 30.334], [111.5461, 30.2839], [111.6078, 30.2939], [111.6304, 30.362], [111.6538, 30.3836], [111.7433, 30.4204], [111.8537, 30.432], [111.9079, 30.4012], [111.9806, 30.303], [112.0541, 30.2848], [112.2152, 30.3186], [112.2714, 30.289], [112.2895, 30.2374], [112.2237, 30.1721], [112.2183, 30.0924], [112.244, 30.0695], [112.3, 30.078], [112.3878, 30.0571], [112.4362, 29.9511], [112.3627, 29.7535], [112.3762, 29.7279], [112.4529, 29.7947], [112.5214, 29.763], [112.5033, 29.812], [112.5108, 29.8308], [112.5347, 29.8344], [112.557, 29.8229], [112.5881, 29.7234], [112.6145, 29.7148], [112.6362, 29.8042], [112.6908, 29.8568], [112.7388, 29.8618], [112.7617, 29.8142], [112.7516, 29.7623], [112.768, 29.7529], [112.8696, 29.7751], [112.9387, 29.7411], [113.008, 29.7322], [112.9602, 29.6163], [112.9829, 29.5536], [113.0371, 29.5462], [113.0469, 29.5317], [113.0343, 29.4914], [113.0474, 29.482], [113.1033, 29.4876], [113.1531, 29.4714], [113.2379, 29.5836], [113.2763, 29.6016], [113.4298, 29.7745], [113.4739, 29.8115], [113.5937, 29.8686], [113.6332, 29.9212], [113.6867, 29.9367], [113.8096, 29.9323], [113.8784, 30.0243], [114.081, 30.1049], [114.0804, 30.1214], [114.0248, 30.1441], [113.9713, 30.1958], [113.8676, 30.1816], [113.8584, 30.2088], [113.8919, 30.2784], [113.9244, 30.3036], [113.9638, 30.3062], [114.0514, 30.2254], [114.08, 30.2731], [114.0945, 30.345], [114.2593, 30.5214], [114.3233, 30.6346], [114.3846, 30.6857], [114.4489, 30.7049], [114.5379, 30.6804], [114.5782, 30.5978], [114.6156, 30.566], [114.7787, 30.6303], [114.8515, 30.6381], [114.8828, 30.622], [114.9092, 30.5837], [114.9003, 30.5546], [114.8806, 30.54], [114.8446, 30.5635], [114.8374, 30.5546], [114.8376, 30.4742], [114.8553, 30.4455], [114.9062, 30.415], [115.0448, 30.4106], [115.0962, 30.3764], [115.1116, 30.3224], [115.077, 30.2682], [115.0836, 30.2377], [115.1193, 30.2144], [115.1785, 30.23], [115.2168, 30.219], [115.3249, 30.0929], [115.331, 30.0335], [115.4113, 29.954], [115.4092, 29.9233], [115.4523, 29.8759], [115.5365, 29.8443], [115.7418, 29.8672], [115.7802, 29.8408], [115.7464, 29.8129], [115.9249, 29.7321], [116.0161, 29.7613], [116.1429, 29.8354], [116.2067, 29.8371], [116.2601, 29.7903], [116.3693, 29.8962], [116.5326, 29.9048], [116.6064, 30.0702], [116.7446, 30.0698], [116.8379, 30.163], [116.8633, 30.2401], [116.9073, 30.2661], [116.9085, 30.3043], [116.865, 30.4219], [116.8698, 30.4568], [116.8899, 30.4757], [116.913, 30.4778], [116.9188, 30.4548], [116.9344, 30.4547], [117.0059, 30.5022], [117.1906, 30.5179], [117.2405, 30.555], [117.2141, 30.6274], [117.2168, 30.6776], [117.2423, 30.6848], [117.2577, 30.6675], [117.379, 30.7155], [117.4514, 30.7631], [117.5354, 30.7534], [117.6799, 30.8059], [117.718, 30.8416], [117.7212, 31.0265], [117.7571, 31.1129], [117.8713, 31.159], [117.8961, 31.149], [117.9078, 31.0798], [117.97, 31.0956], [117.9924, 31.1229], [117.9892, 31.2283], [118.0295, 31.2872], [118.0913, 31.2787], [118.1953, 31.3002], [118.2656, 31.2729], [118.3272, 31.294], [118.3401, 31.3237], [118.3047, 31.4884], [118.3537, 31.5131], [118.4058, 31.7254], [118.447, 31.7532], [118.505, 31.8719], [118.6315, 31.9729], [118.654, 32.045], [118.7451, 32.137], [118.7479, 32.1835], [118.7894, 32.217], [118.9137, 32.1834], [119.018, 32.2093], [119.0639, 32.2485], [119.3931, 32.2281], [119.4896, 32.2621], [119.4765, 32.2937], [119.5136, 32.3274], [119.5791, 32.3544], [119.6124, 32.3623], [119.6315, 32.3591], [119.6705, 32.347], [119.7065, 32.3054], [119.7325, 32.3269], [119.7762, 32.3273], [119.9459, 32.2549], [119.9133, 32.1614], [119.9187, 32.1276], [120.0304, 31.9739], [120.2529, 31.9489], [120.4966, 32.0872], [120.582, 32.0944], [120.7515, 32.0346], [120.7967, 31.9678], [120.8758, 31.9551], [120.919, 31.9013], [120.9689, 31.8886], [121.0014, 31.8592], [121.1963, 31.8332], [121.0578, 31.729], [120.9736, 31.7598]], [[119.7556, 32.2241], [119.7954, 32.1251], [119.9197, 32.0653], [119.8654, 32.2361], [119.8382, 32.2782], [119.7874, 32.3029], [119.7262, 32.284], [119.7012, 32.2602], [119.7556, 32.2241]], [[119.5316, 32.3315], [119.4931, 32.2942], [119.499, 32.2752], [119.5149, 32.2687], [119.5844, 32.299], [119.6858, 32.2801], [119.6994, 32.2916], [119.6746, 32.3351], [119.62, 32.3585], [119.5316, 32.3315]], [[116.0666, 29.7746], [116.245, 29.7806], [116.2042, 29.812], [116.1566, 29.817], [116.1003, 29.8056], [116.0666, 29.7746]], [[118.396, 31.5527], [118.4566, 31.6026], [118.4322, 31.6772], [118.3987, 31.6112], [118.396, 31.5527]], [[117.7616, 31.0332], [117.81, 31.0747], [117.8667, 31.0764], [117.8645, 31.0966], [117.7987, 31.1067], [117.751, 31.0508], [117.7616, 31.0332]], [[116.5861, 29.9837], [116.6399, 29.998], [116.6581, 30.0457], [116.696, 30.0623], [116.6157, 30.0478], [116.5861, 29.9837]], [[119.6823, 32.271], [119.611, 32.2308], [119.6176, 32.1961], [119.6658, 32.2193], [119.6823, 32.271]], [[118.7661, 32.135], [118.8358, 32.1712], [118.8449, 32.1959], [118.7784, 32.1918], [118.7553, 32.1495], [118.7661, 32.135]], [[119.565, 32.2693], [119.5981, 32.2418], [119.6428, 32.2674], [119.621, 32.2845], [119.565, 32.2693]], [[114.8533, 30.6253], [114.8515, 30.5886], [114.886, 30.563], [114.8857, 30.6102], [114.8533, 30.6253]], [[118.1396, 31.2314], [118.173, 31.2293], [118.22, 31.2433], [118.1966, 31.2617], [118.1396, 31.2314]], [[117.8236, 31.1216], [117.8819, 31.1122], [117.8865, 31.1259], [117.8615, 31.1475], [117.8236, 31.1216]], [[117.154, 30.4944], [117.2112, 30.4794], [117.2373, 30.5127], [117.2305, 30.5205], [117.154, 30.4944]], [[118.6959, 32.0491], [118.6656, 32.0177], [118.6554, 31.9884], [118.6882, 32.0028], [118.6959, 32.0491]], [[118.0844, 31.2624], [118.1086, 31.2427], [118.136, 31.2667], [118.1027, 31.2721], [118.0844, 31.2624]], [[117.4881, 30.7145], [117.4347, 30.7177], [117.4254, 30.7077], [117.4601, 30.6946], [117.4881, 30.7145]], [[118.0115, 31.1861], [118.0361, 31.187], [118.0656, 31.2126], [118.0261, 31.2061], [118.0115, 31.1861]], [[117.4959, 30.7513], [117.4484, 30.7432], [117.4275, 30.7295], [117.4657, 30.7308], [117.4959, 30.7513]], [[118.1542, 31.2718], [118.18, 31.267], [118.196, 31.2832], [118.1596, 31.2848], [118.1542, 31.2718]], [[118.3228, 31.455], [118.3427, 31.4751], [118.333, 31.4921], [118.3215, 31.485], [118.3228, 31.455]], [[118.0192, 31.2341], [118.0495, 31.2463], [118.0428, 31.2574], [118.0284, 31.2582], [118.0192, 31.2341]]]}}, {"type": "Feature", "properties": {"NAME_CH": "富春江"}, "geometry": {"type": "Polygon", "coordinates": [[[120.1343, 30.2058], [120.1215, 30.1692], [120.1823, 30.1096], [120.1741, 30.0933], [120.15, 30.0965], [120.0327, 30.0394], [119.9672, 30.036], [119.9091, 29.9652], [119.8583, 29.9387], [119.8377, 29.9007], [119.8022, 29.8747], [119.7574, 29.8665], [119.7382, 29.8363], [119.6687, 29.7891], [119.6519, 29.7531], [119.6619, 29.7042], [119.6433, 29.6491], [119.5226, 29.5244], [119.5393, 29.4836], [119.5174, 29.4447], [119.5419, 29.4095], [119.5065, 29.3179], [119.5208, 29.2913], [119.4478, 29.2394], [119.5043, 29.2929], [119.4931, 29.32], [119.5322, 29.4148], [119.5032, 29.4463], [119.5286, 29.5036], [119.4869, 29.5335], [119.5406, 29.5453], [119.5796, 29.611], [119.6322, 29.6427], [119.6514, 29.7089], [119.6352, 29.7367], [119.6586, 29.784], [119.7518, 29.8701], [119.8224, 29.9006], [119.8544, 29.9483], [119.8951, 29.9617], [119.94, 30.0446], [119.9917, 30.0686], [119.9884, 30.0545], [120.0397, 30.0463], [120.1231, 30.1147], [120.1653, 30.1138], [120.1078, 30.1654], [120.1023, 30.1825], [120.1343, 30.2058]], [[120.1537, 30.1018], [120.1293, 30.1073], [120.1192, 30.0879], [120.1537, 30.1018]], [[119.8126, 29.8914], [119.7981, 29.8887], [119.7893, 29.8773], [119.8049, 29.8825], [119.8126, 29.8914]], [[119.9962, 30.0384], [119.9815, 30.0476], [119.9768, 30.0454], [119.9962, 30.0384]], [[120.1211, 30.1049], [120.1048, 30.0933], [120.1084, 30.089], [120.1174, 30.0956], [120.1211, 30.1049]], [[119.6405, 29.736], [119.6525, 29.7229], [119.6482, 29.7433], [119.6405, 29.736]]]}}, {"type": "Feature", "properties": {"NAME_CH": "射阳湖"}, "geometry": {"type": "Polygon", "coordinates": [[[119.6294, 33.4563], [119.633, 33.4392], [119.6104, 33.4121], [119.6105, 33.3609], [119.6403, 33.354], [119.6916, 33.3902], [119.7131, 33.343], [119.7, 33.2918], [119.7512, 33.2698], [119.775, 33.1695], [119.7976, 33.1615], [119.8191, 33.1855], [119.8381, 33.1294], [119.7952, 33.1213], [119.7536, 33.1383], [119.7024, 33.1242], [119.6488, 33.1372], [119.6464, 33.1753], [119.6345, 33.1783], [119.5846, 33.1341], [119.5321, 33.1691], [119.5392, 33.2062], [119.4915, 33.2272], [119.4317, 33.2932], [119.4436, 33.3113], [119.5044, 33.3155], [119.5294, 33.3397], [119.5495, 33.3899], [119.5351, 33.436], [119.5494, 33.4571], [119.6294, 33.4563]], [[119.6225, 33.2827], [119.6117, 33.3098], [119.57, 33.3107], [119.539, 33.2825], [119.5391, 33.2634], [119.5594, 33.2514], [119.6225, 33.2827]]]}}, {"type": "Feature", "properties": {"NAME_CH": "洪泽湖"}, "geometry": {"type": "Polygon", "coordinates": [[[118.7298, 33.1183], [118.7231, 33.0653], [118.6882, 33.0872], [118.6824, 33.0594], [118.6704, 33.0608], [118.6485, 33.1168], [118.6712, 33.1577], [118.6602, 33.1878], [118.6019, 33.1603], [118.6142, 33.1814], [118.593, 33.1944], [118.5346, 33.1235], [118.5605, 33.0963], [118.5502, 33.0772], [118.539, 33.093], [118.5284, 33.072], [118.5437, 33.0411], [118.5325, 33.0364], [118.519, 33.0604], [118.4854, 33.0175], [118.4806, 32.9827], [118.4614, 32.9816], [118.478, 33.0069], [118.4395, 32.9784], [118.4548, 32.9795], [118.4451, 32.9615], [118.4218, 32.9752], [118.391, 32.9438], [118.3548, 32.938], [118.2724, 32.9579], [118.2468, 32.9792], [118.1995, 32.9809], [118.1761, 33.0285], [118.1326, 33.0354], [118.1506, 33.0608], [118.1337, 33.1413], [118.0974, 33.1567], [118.0503, 33.1442], [118.0985, 33.217], [118.1233, 33.2304], [118.2034, 33.2154], [118.223, 33.1845], [118.2299, 33.0541], [118.2606, 32.9943], [118.3824, 32.9596], [118.4316, 33.0053], [118.3874, 33.0229], [118.401, 33.0642], [118.4663, 33.076], [118.4653, 33.1472], [118.3952, 33.1384], [118.2793, 33.1601], [118.2403, 33.2159], [118.2357, 33.278], [118.3011, 33.2166], [118.4117, 33.2259], [118.3671, 33.2669], [118.365, 33.2894], [118.4144, 33.3189], [118.4072, 33.3704], [118.4533, 33.402], [118.454, 33.4351], [118.4875, 33.4275], [118.5015, 33.3654], [118.5639, 33.3459], [118.6085, 33.4006], [118.6547, 33.4271], [118.8562, 33.4659], [118.8882, 33.4565], [118.9126, 33.4383], [118.887, 33.3638], [118.8363, 33.3132], [118.8168, 33.2386], [118.7732, 33.2024], [118.7709, 33.1556], [118.7298, 33.1183]], [[118.1769, 33.2054], [118.1444, 33.1568], [118.1582, 33.1158], [118.1859, 33.1011], [118.2056, 33.1285], [118.2024, 33.1746], [118.1769, 33.2054]], [[118.2317, 32.9923], [118.2017, 33.0782], [118.1664, 33.0577], [118.2317, 32.9923]], [[118.0895, 33.1651], [118.1452, 33.1789], [118.1624, 33.2162], [118.1124, 33.2146], [118.0895, 33.1651]]]}}, {"type": "Feature", "properties": {"NAME_CH": "微山湖"}, "geometry": {"type": "Polygon", "coordinates": [[[116.9247, 34.946], [117.0195, 34.8862], [117.0059, 34.8734], [117.0227, 34.8684], [117.034, 34.8231], [117.0779, 34.8274], [117.1254, 34.7622], [117.1655, 34.7626], [117.1545, 34.7443], [117.2424, 34.7274], [117.2442, 34.7078], [117.3106, 34.6396], [117.3521, 34.6201], [117.3601, 34.5972], [117.2622, 34.5373], [117.2655, 34.5075], [117.2341, 34.4548], [117.1677, 34.4824], [117.1853, 34.5006], [117.1559, 34.502], [117.1436, 34.5299], [117.1521, 34.5648], [117.1212, 34.6477], [117.0974, 34.6655], [117.0906, 34.7104], [117.0602, 34.7293], [117.048, 34.7725], [116.9822, 34.8181], [116.957, 34.8867], [116.8445, 34.9471], [116.808, 34.9933], [116.7228, 35.0323], [116.6802, 35.0774], [116.6352, 35.0926], [116.6355, 35.1297], [116.6669, 35.1321], [116.6907, 35.0841], [116.7401, 35.0581], [116.8653, 35.0234], [116.9247, 34.946]], [[117.2077, 34.6667], [117.2294, 34.6489], [117.2582, 34.6596], [117.2486, 34.6714], [117.2077, 34.6667]]]}}, {"type": "Feature", "properties": {"NAME_CH": "鄱阳湖"}, "geometry": {"type": "Polygon", "coordinates": [[[116.2243, 29.7559], [116.1929, 29.7279], [116.1919, 29.6872], [116.2443, 29.7004], [116.2533, 29.7177], [116.2773, 29.6954], [116.2536, 29.6964], [116.2505, 29.6716], [116.244, 29.6921], [116.2225, 29.6825], [116.2408, 29.6454], [116.2199, 29.6469], [116.2165, 29.6727], [116.1983, 29.6526], [116.2291, 29.5969], [116.1825, 29.5982], [116.2217, 29.5488], [116.1776, 29.5633], [116.1729, 29.5887], [116.1532, 29.5707], [116.1632, 29.5569], [116.136, 29.5296], [116.1734, 29.5069], [116.1518, 29.4934], [116.1492, 29.4573], [116.1675, 29.4434], [116.1421, 29.4329], [116.139, 29.4576], [116.1104, 29.4466], [116.0649, 29.4068], [116.0553, 29.3792], [116.139, 29.3705], [116.153, 29.3945], [116.1568, 29.3692], [116.1766, 29.3788], [116.1731, 29.3629], [116.1946, 29.39], [116.2019, 29.3805], [116.1962, 29.4106], [116.2126, 29.4028], [116.2142, 29.4233], [116.2402, 29.3364], [116.22, 29.3743], [116.2038, 29.3679], [116.2041, 29.3346], [116.193, 29.3567], [116.1823, 29.3392], [116.1547, 29.3532], [116.113, 29.3217], [116.1476, 29.3087], [116.1854, 29.2649], [116.2112, 29.2686], [116.1864, 29.258], [116.1949, 29.2481], [116.2424, 29.2562], [116.2425, 29.283], [116.2713, 29.2148], [116.286, 29.2237], [116.2993, 29.2033], [116.3022, 29.2173], [116.3171, 29.2053], [116.3088, 29.2365], [116.3216, 29.2358], [116.3209, 29.2545], [116.3326, 29.2236], [116.3607, 29.2561], [116.3565, 29.233], [116.3717, 29.2343], [116.3564, 29.2121], [116.3901, 29.2561], [116.3899, 29.1999], [116.3646, 29.1926], [116.3335, 29.1512], [116.3689, 29.1581], [116.3895, 29.1445], [116.3982, 29.1644], [116.3974, 29.1406], [116.4131, 29.1682], [116.3988, 29.1822], [116.4052, 29.2019], [116.423, 29.1791], [116.438, 29.1818], [116.4323, 29.1987], [116.4461, 29.1811], [116.4392, 29.2067], [116.4516, 29.2042], [116.4534, 29.2321], [116.4344, 29.2461], [116.4547, 29.2426], [116.4363, 29.2641], [116.4535, 29.263], [116.441, 29.2889], [116.4516, 29.3178], [116.4635, 29.3211], [116.4692, 29.2684], [116.4838, 29.2725], [116.4766, 29.251], [116.492, 29.2553], [116.4947, 29.1995], [116.5256, 29.2108], [116.5095, 29.2611], [116.5277, 29.2236], [116.5326, 29.2445], [116.5383, 29.209], [116.5598, 29.2472], [116.5484, 29.2713], [116.567, 29.2499], [116.5758, 29.2711], [116.5719, 29.2369], [116.5994, 29.2547], [116.5907, 29.2301], [116.6235, 29.2653], [116.596, 29.3175], [116.5994, 29.3402], [116.667, 29.295], [116.6342, 29.2946], [116.6423, 29.2497], [116.7087, 29.2912], [116.6914, 29.1992], [116.6034, 29.1602], [116.637, 29.151], [116.6442, 29.1695], [116.6491, 29.151], [116.7111, 29.1982], [116.6998, 29.1538], [116.7365, 29.1446], [116.7159, 29.1351], [116.7356, 29.115], [116.7189, 29.1114], [116.7189, 29.0944], [116.6808, 29.1574], [116.6693, 29.135], [116.655, 29.1373], [116.6615, 29.1139], [116.6404, 29.0732], [116.6259, 29.099], [116.6367, 29.0995], [116.641, 29.1419], [116.6135, 29.1365], [116.6017, 29.1034], [116.5362, 29.0989], [116.5702, 29.0019], [116.5639, 28.9337], [116.6224, 28.8797], [116.5828, 28.8464], [116.5434, 28.8687], [116.5556, 28.8196], [116.5256, 28.8197], [116.5338, 28.7868], [116.5222, 28.7725], [116.4957, 28.7708], [116.4692, 28.7954], [116.4127, 28.7609], [116.306, 28.7791], [116.2487, 28.879], [116.203, 28.9185], [116.1496, 29.019], [116.1248, 29.0949], [116.0913, 29.138], [116.0975, 29.1947], [116.0791, 29.2369], [116.0104, 29.2425], [115.9925, 29.2536], [115.9921, 29.2813], [115.9233, 29.2433], [115.8651, 29.2795], [115.89, 29.3067], [115.8894, 29.2847], [115.898, 29.3103], [115.9173, 29.2754], [115.9251, 29.3118], [115.9328, 29.2815], [116.0236, 29.3092], [116.0422, 29.3409], [116.0113, 29.4323], [115.9857, 29.4288], [116.0187, 29.4589], [116.0405, 29.4454], [116.0775, 29.4632], [116.0718, 29.49], [116.0873, 29.5044], [116.0746, 29.5199], [116.1055, 29.529], [116.0804, 29.5824], [116.1092, 29.5731], [116.1203, 29.6183], [116.1419, 29.6373], [116.1275, 29.6778], [116.1006, 29.6816], [116.1162, 29.6963], [116.088, 29.6969], [116.0957, 29.7171], [116.1145, 29.7194], [116.0976, 29.7374], [116.1275, 29.72], [116.2243, 29.7559]], [[116.5486, 29.012], [116.4845, 29.0069], [116.4729, 28.9866], [116.5131, 28.9488], [116.5355, 28.9529], [116.5486, 29.012]], [[116.4021, 28.8409], [116.4463, 28.8713], [116.4517, 28.9029], [116.4136, 28.8947], [116.4021, 28.8409]]]}}, {"type": "Feature", "properties": {"NAME_CH": "黄河"}, "geometry": {"type": "Polygon", "coordinates": [[[112.3988, 34.9185], [112.5023, 34.9298], [112.5576, 34.8869], [112.6186, 34.8809], [112.6817, 34.8311], [112.7368, 34.8366], [112.8015, 34.809], [112.9262, 34.8548], [112.9221, 34.8436], [112.9966, 34.8537], [113.0223, 34.8398], [113.1038, 34.8571], [113.144, 34.8982], [113.2173, 34.9029], [113.2339, 34.9473], [113.3242, 34.959], [113.3934, 34.9894], [113.4279, 34.9711], [113.4945, 34.9667], [113.4477, 34.9983], [113.4581, 35.007], [113.4678, 35.0063], [113.5082, 34.9816], [113.5814, 34.972], [113.6539, 34.9196], [113.7429, 34.931], [113.8336, 34.9144], [113.8875, 34.8847], [113.9541, 34.8972], [113.996, 34.9574], [114.0521, 34.9808], [114.108, 34.9778], [114.1453, 34.9473], [114.1942, 34.943], [114.2554, 34.9112], [114.3302, 34.9337], [114.3342, 34.9193], [114.428, 34.8972], [114.6165, 34.9263], [114.5833, 34.93], [114.6007, 34.938], [114.6659, 34.9288], [114.7106, 34.905], [114.723, 34.9155], [114.7334, 34.8913], [114.9483, 34.8607], [115.029, 34.7748], [115.0478, 34.7335], [115.0812, 34.7148], [115.2245, 34.6771], [115.3227, 34.674], [115.4231, 34.6336], [115.4594, 34.6405], [115.5315, 34.579], [115.6121, 34.5803], [115.6713, 34.5613], [115.6955, 34.6077], [115.7117, 34.6096], [115.836, 34.5761], [115.9633, 34.604], [115.9808, 34.6306], [116.0487, 34.6038], [116.112, 34.6111], [116.1497, 34.5694], [116.196, 34.5861], [116.3263, 34.5344], [116.3826, 34.55], [116.4337, 34.5081], [116.5045, 34.4919], [116.6033, 34.5024], [116.7564, 34.4809], [116.8527, 34.3828], [116.8928, 34.3756], [116.9257, 34.4035], [116.991, 34.3628], [116.9871, 34.3315], [117.0558, 34.334], [117.121, 34.2922], [117.1994, 34.2928], [117.2407, 34.2415], [117.3087, 34.2669], [117.3199, 34.2099], [117.4452, 34.1661], [117.4759, 34.1395], [117.5605, 34.127], [117.6042, 34.0645], [117.6059, 34.0946], [117.6319, 34.1111], [117.6584, 34.1126], [117.6892, 34.081], [117.7462, 34.0598], [117.7428, 34.1069], [117.7595, 34.1132], [117.7959, 34.0998], [117.8269, 34.1123], [117.9293, 34.1078], [117.9528, 34.076], [118.0158, 34.0548], [118.0512, 34.0252], [118.1124, 34.0321], [118.2059, 33.9831], [118.2758, 33.9689], [118.3074, 33.8729], [118.3695, 33.8134], [118.4975, 33.7506], [118.5103, 33.7798], [118.5284, 33.775], [118.5769, 33.7313], [118.7251, 33.6574], [118.7485, 33.5984], [118.792, 33.5566], [118.871, 33.5542], [118.8999, 33.5384], [118.9925, 33.6113], [119.167, 33.6415], [119.212, 33.738], [119.243, 33.7603], [119.2885, 33.7605], [119.3751, 33.6896], [119.4207, 33.6837], [119.4793, 33.7019], [119.5293, 33.8195], [119.6156, 33.905], [119.6431, 33.9873], [119.8175, 34.0919], [119.838, 34.111], [119.8561, 34.1732], [120.091, 34.19], [120.1345, 34.2161], [120.2044, 34.2299], [120.2664, 34.3091], [120.289, 34.2658], [120.2467, 34.2409], [120.2345, 34.2158], [120.144, 34.196], [120.1042, 34.17], [119.8814, 34.1601], [119.8632, 34.1019], [119.666, 33.9894], [119.6204, 33.8839], [119.5485, 33.8145], [119.5068, 33.7141], [119.4662, 33.6788], [119.3704, 33.6765], [119.2982, 33.7374], [119.2586, 33.7503], [119.2252, 33.7281], [119.1958, 33.6426], [119.1695, 33.6234], [119.007, 33.5994], [118.9036, 33.5224], [118.8687, 33.5402], [118.7874, 33.5395], [118.733, 33.5963], [118.7157, 33.6433], [118.6649, 33.686], [118.5748, 33.7122], [118.5322, 33.757], [118.5166, 33.7568], [118.5086, 33.7326], [118.4894, 33.7365], [118.3697, 33.7994], [118.2893, 33.8777], [118.2712, 33.9588], [118.1987, 33.979], [118.1017, 34.0259], [118.0394, 34.013], [118.0185, 34.0398], [117.9665, 34.0531], [117.9102, 34.1005], [117.8463, 34.1056], [117.7926, 34.0836], [117.7658, 34.1003], [117.7788, 34.0583], [117.7682, 34.0481], [117.6908, 34.0639], [117.6514, 34.1014], [117.6298, 34.0991], [117.613, 34.0476], [117.5985, 34.0503], [117.5642, 34.0768], [117.5439, 34.1196], [117.4763, 34.1245], [117.3468, 34.1943], [117.3082, 34.1956], [117.2935, 34.2475], [117.2302, 34.2272], [117.1986, 34.2808], [117.1239, 34.2782], [117.0562, 34.321], [116.9657, 34.321], [116.9731, 34.3543], [116.9323, 34.3846], [116.8992, 34.3617], [116.8337, 34.3713], [116.7485, 34.4637], [116.6135, 34.4865], [116.528, 34.4764], [116.4332, 34.49], [116.3929, 34.5322], [116.3208, 34.5192], [116.2711, 34.554], [116.1964, 34.574], [116.1402, 34.5601], [116.0927, 34.6006], [116.0566, 34.5847], [115.997, 34.6189], [115.9794, 34.5943], [115.8145, 34.5625], [115.7181, 34.5987], [115.6758, 34.5492], [115.5288, 34.567], [115.4586, 34.6218], [115.422, 34.6209], [115.313, 34.6636], [115.2165, 34.6651], [115.0709, 34.7015], [114.9375, 34.8543], [114.7728, 34.8707], [114.654, 34.9222], [114.5504, 34.9156], [114.5001, 34.8914], [114.4175, 34.8914], [114.3423, 34.9052], [114.2385, 34.8926], [114.1445, 34.9225], [114.1122, 34.9671], [114.0542, 34.9701], [113.9459, 34.8798], [113.8821, 34.876], [113.8413, 34.8888], [113.8064, 34.8731], [113.7336, 34.9098], [113.5895, 34.9092], [113.4987, 34.9591], [113.3663, 34.9686], [113.3148, 34.9242], [113.2348, 34.8985], [113.2095, 34.8687], [113.1525, 34.8426], [113.073, 34.8262], [112.876, 34.8256], [112.7813, 34.7972], [112.6598, 34.8229], [112.5247, 34.8919], [112.489, 34.891], [112.457, 34.915], [112.3988, 34.9185]], [[113.7548, 34.9108], [113.7794, 34.8876], [113.8192, 34.8825], [113.8057, 34.9045], [113.7548, 34.9108]], [[113.5256, 34.9693], [113.5264, 34.9549], [113.5606, 34.9296], [113.5637, 34.945], [113.5256, 34.9693]], [[112.561, 34.8824], [112.603, 34.8574], [112.6222, 34.8593], [112.6026, 34.8755], [112.561, 34.8824]], [[114.1748, 34.923], [114.1972, 34.9069], [114.2251, 34.9089], [114.2077, 34.9231], [114.1748, 34.923]], [[113.577, 34.9428], [113.6029, 34.9186], [113.6202, 34.9195], [113.5896, 34.9461], [113.577, 34.9428]], [[112.4595, 34.9222], [112.4724, 34.9088], [112.5015, 34.9206], [112.4951, 34.9247], [112.4595, 34.9222]], [[113.15, 34.864], [113.1704, 34.8597], [113.1731, 34.8668], [113.1684, 34.8705], [113.15, 34.864]], [[113.2446, 34.9385], [113.2324, 34.9328], [113.2315, 34.9252], [113.2446, 34.9385]], [[113.3132, 34.939], [113.3031, 34.9266], [113.3201, 34.9397], [113.3132, 34.939]], [[112.9096, 34.8417], [112.8993, 34.8359], [112.9141, 34.8346], [112.9096, 34.8417]], [[112.731, 34.8229], [112.74, 34.8167], [112.7486, 34.8197], [112.731, 34.8229]], [[113.4688, 35.0023], [113.4635, 34.9994], [113.4702, 34.9934], [113.4688, 35.0023]], [[112.4922, 34.9045], [112.4942, 34.8984], [112.4984, 34.9025], [112.4922, 34.9045]], [[113.0098, 34.8443], [113.0034, 34.8417], [113.0109, 34.8379], [113.0098, 34.8443]], [[112.665, 34.834], [112.6617, 34.8289], [112.6695, 34.8285], [112.665, 34.834]], [[112.6463, 34.8423], [112.6418, 34.8391], [112.6483, 34.8357], [112.6463, 34.8423]], [[112.7326, 34.8277], [112.7284, 34.8325], [112.7248, 34.8308], [112.7326, 34.8277]], [[112.6283, 34.8521], [112.6339, 34.8551], [112.6267, 34.8553], [112.6283, 34.8521]]]}}, {"type": "Feature", "properties": {"NAME_CH": "黄河"}, "geometry": {"type": "Polygon", "coordinates": [[[110.3667, 35.2566], [110.5311, 35.4763], [110.5482, 35.5357], [110.5836, 35.5762], [110.594, 35.6658], [110.6099, 35.6018], [110.577, 35.5063], [110.6047, 35.4932], [110.6354, 35.5083], [110.5605, 35.466], [110.5316, 35.3941], [110.4743, 35.3413], [110.4431, 35.279], [110.4086, 35.2569], [110.3855, 35.1512], [110.3635, 35.1324], [110.357, 35.0486], [110.2491, 34.9511], [110.2087, 34.8807], [110.2035, 34.774], [110.2407, 34.6885], [110.2967, 34.6194], [110.4119, 34.6046], [110.466, 34.6219], [110.6156, 34.5976], [110.646, 34.6287], [110.7293, 34.6564], [110.8991, 34.6843], [110.9198, 34.7356], [110.9426, 34.7344], [110.9652, 34.7124], [111.0317, 34.7526], [111.0816, 34.7577], [111.1409, 34.8192], [111.2843, 34.8159], [111.3446, 34.8343], [111.2723, 34.7963], [111.2544, 34.8101], [111.2207, 34.7901], [111.1541, 34.8034], [111.1387, 34.7882], [111.1504, 34.7841], [111.1019, 34.7479], [111.0161, 34.7324], [110.9588, 34.6956], [110.9261, 34.7311], [110.9044, 34.6641], [110.8588, 34.6551], [110.7547, 34.6532], [110.6759, 34.5888], [110.5463, 34.586], [110.4566, 34.6052], [110.4119, 34.5905], [110.1445, 34.6444], [110.1352, 34.6564], [110.2012, 34.6474], [110.1582, 34.704], [110.1505, 34.7983], [110.1773, 34.9198], [110.2852, 35.0275], [110.3474, 35.1384], [110.3331, 35.1852], [110.3625, 35.224], [110.3667, 35.2566]], [[110.2056, 34.7426], [110.1812, 34.7202], [110.185, 34.6763], [110.2196, 34.648], [110.2499, 34.6477], [110.2056, 34.7426]], [[110.6405, 34.6052], [110.6826, 34.5972], [110.7369, 34.6525], [110.6499, 34.6253], [110.6405, 34.6052]], [[110.832, 34.6672], [110.8815, 34.6624], [110.8989, 34.6688], [110.8463, 34.6724], [110.832, 34.6672]], [[110.4861, 35.3731], [110.4737, 35.3596], [110.475, 35.3532], [110.4868, 35.3608], [110.4861, 35.3731]], [[110.441, 34.6074], [110.4576, 34.6101], [110.4647, 34.6162], [110.4549, 34.617], [110.441, 34.6074]], [[110.4706, 34.6099], [110.4835, 34.6013], [110.4921, 34.6033], [110.4706, 34.6099]], [[110.563, 34.5956], [110.5639, 34.5909], [110.5719, 34.5909], [110.563, 34.5956]], [[110.7163, 34.6228], [110.7132, 34.6269], [110.7096, 34.622], [110.7163, 34.6228]]]}}, {"type": "Feature", "properties": {"NAME_CH": "黄河"}, "geometry": {"type": "Polygon", "coordinates": [[[105.0116, 37.4486], [105.1054, 37.49], [105.188, 37.4817], [105.2517, 37.4879], [105.2805, 37.5068], [105.3267, 37.4945], [105.4096, 37.5106], [105.5368, 37.4993], [105.8563, 37.5915], [105.887, 37.6286], [105.9066, 37.7293], [105.9279, 37.755], [105.9256, 37.8113], [105.9494, 37.8302], [105.9672, 37.8252], [105.9732, 37.8602], [106.0086, 37.918], [106.0682, 37.9689], [106.1244, 37.9809], [106.1326, 38.0079], [106.1792, 38.0391], [106.2141, 38.115], [106.182, 38.0728], [106.182, 38.096], [106.2904, 38.286], [106.4117, 38.3678], [106.4556, 38.4157], [106.4917, 38.4233], [106.5505, 38.4912], [106.5601, 38.5282], [106.5235, 38.5378], [106.5266, 38.5228], [106.5133, 38.5377], [106.5211, 38.5842], [106.5115, 38.5878], [106.5136, 38.5577], [106.5039, 38.5987], [106.5831, 38.665], [106.6103, 38.7719], [106.6456, 38.8069], [106.6502, 38.8511], [106.7256, 38.879], [106.7389, 38.9086], [106.8255, 38.9899], [106.8464, 39.0327], [106.8353, 39.0907], [106.8474, 39.1352], [106.8106, 39.1729], [106.7837, 39.2352], [106.797, 39.3155], [106.7829, 39.3557], [106.7489, 39.3729], [106.7279, 39.4192], [106.7387, 39.5009], [106.7543, 39.5329], [106.7311, 39.5593], [106.7475, 39.5806], [106.7744, 39.5878], [106.7529, 39.6277], [106.7535, 39.6658], [106.7818, 39.6886], [106.7256, 39.714], [106.7476, 39.7423], [106.746, 39.7834], [106.714, 39.834], [106.7255, 39.8542], [106.6958, 39.8885], [106.7243, 39.9354], [106.7049, 39.9707], [106.7211, 40.0029], [106.7074, 40.0636], [106.7593, 40.0872], [106.85, 40.175], [106.9146, 40.1964], [106.9526, 40.2381], [106.9961, 40.2554], [107.0915, 40.372], [107.1269, 40.3698], [107.1507, 40.3887], [107.1561, 40.4205], [107.1395, 40.4563], [107.1503, 40.4792], [107.1978, 40.509], [107.1862, 40.5564], [107.2004, 40.5536], [107.2104, 40.5772], [107.254, 40.5825], [107.2548, 40.6211], [107.3023, 40.6637], [107.3511, 40.6703], [107.3757, 40.6453], [107.4152, 40.6867], [107.4731, 40.6901], [107.5004, 40.7252], [107.5203, 40.7241], [107.5729, 40.7641], [107.6256, 40.7885], [107.6791, 40.7879], [107.7068, 40.8175], [107.7083, 40.8417], [107.7421, 40.8557], [107.899, 40.8721], [107.9474, 40.8552], [107.981, 40.8685], [108.0159, 40.8343], [108.045, 40.8565], [108.0839, 40.8382], [108.164, 40.8824], [108.1881, 40.8828], [108.2299, 40.8216], [108.241, 40.8227], [108.2527, 40.8142], [108.3004, 40.8294], [108.3774, 40.8033], [108.4402, 40.8194], [108.4577, 40.809], [108.4825, 40.7664], [108.5853, 40.7172], [108.6118, 40.6586], [108.6989, 40.6344], [108.7094, 40.6057], [108.752, 40.6256], [108.7237, 40.6213], [108.7121, 40.6401], [108.7551, 40.6351], [108.7765, 40.6181], [108.7748, 40.5632], [108.8453, 40.5615], [108.8777, 40.5751], [108.8101, 40.567], [108.8199, 40.5753], [108.8062, 40.5788], [108.8761, 40.5819], [108.9187, 40.5303], [108.9532, 40.5378], [108.9988, 40.5325], [108.9958, 40.5692], [109.0495, 40.5715], [109.057, 40.5465], [109.1036, 40.5609], [109.1312, 40.5285], [109.2094, 40.5206], [109.2142, 40.4872], [109.2783, 40.5248], [109.3909, 40.4713], [109.457, 40.4915], [109.4276, 40.4978], [109.4181, 40.5097], [109.4297, 40.5194], [109.4811, 40.517], [109.5005, 40.5436], [109.5175, 40.5392], [109.5035, 40.5284], [109.5237, 40.527], [109.5663, 40.5498], [109.5891, 40.5371], [109.6011, 40.552], [109.6292, 40.5479], [109.7119, 40.4828], [109.7734, 40.5028], [109.843, 40.5095], [109.849, 40.5193], [109.8692, 40.5154], [109.8961, 40.5283], [109.9285, 40.529], [109.9466, 40.5026], [109.9574, 40.52], [109.978, 40.5321], [110.0039, 40.5127], [110.0206, 40.5348], [110.056, 40.5334], [110.0706, 40.5212], [110.0921, 40.5337], [110.1096, 40.5126], [110.1708, 40.5231], [110.1726, 40.5526], [110.219, 40.5393], [110.174, 40.5479], [110.1804, 40.5139], [110.1591, 40.5028], [110.0965, 40.5068], [110.0899, 40.5259], [110.0459, 40.5145], [110.0481, 40.5285], [110.0223, 40.5277], [110.003, 40.5029], [109.9725, 40.5242], [109.9569, 40.4999], [109.9378, 40.4965], [109.9113, 40.5245], [109.8454, 40.5018], [109.7685, 40.4933], [109.7453, 40.4717], [109.704, 40.4696], [109.6192, 40.5426], [109.5933, 40.5287], [109.5584, 40.5446], [109.5294, 40.5198], [109.4246, 40.5106], [109.463, 40.4983], [109.4709, 40.4801], [109.4554, 40.4705], [109.3941, 40.4657], [109.2726, 40.4813], [109.246, 40.4902], [109.2147, 40.4804], [109.2086, 40.5097], [109.1205, 40.5217], [109.0952, 40.5454], [108.9818, 40.522], [108.9483, 40.5335], [108.9178, 40.5248], [108.8872, 40.5529], [108.8601, 40.5544], [108.8364, 40.5356], [108.8371, 40.5576], [108.7704, 40.5566], [108.7653, 40.5453], [108.7504, 40.5592], [108.7658, 40.6201], [108.7081, 40.6018], [108.6818, 40.6334], [108.5629, 40.6604], [108.5611, 40.6807], [108.5759, 40.665], [108.571, 40.6813], [108.5853, 40.6749], [108.5672, 40.7118], [108.5089, 40.7156], [108.4315, 40.7917], [108.3162, 40.7968], [108.293, 40.8166], [108.2602, 40.7998], [108.234, 40.8048], [108.2015, 40.8218], [108.1818, 40.8675], [108.0847, 40.8172], [108.0439, 40.826], [108.0661, 40.8289], [108.0574, 40.8377], [108.0071, 40.8301], [107.9734, 40.8582], [107.9338, 40.8477], [107.8806, 40.8596], [107.8682, 40.8502], [107.8283, 40.8645], [107.7981, 40.8416], [107.7412, 40.8454], [107.6776, 40.7809], [107.6317, 40.7778], [107.5799, 40.7584], [107.5649, 40.7344], [107.5128, 40.7115], [107.501, 40.717], [107.4795, 40.6785], [107.4343, 40.6826], [107.3707, 40.6316], [107.3473, 40.66], [107.3094, 40.6536], [107.2705, 40.6157], [107.2553, 40.566], [107.2158, 40.571], [107.2082, 40.5486], [107.1944, 40.5524], [107.2129, 40.5025], [107.1606, 40.4459], [107.1654, 40.389], [107.114, 40.348], [107.0701, 40.3307], [107.0339, 40.2962], [107.0186, 40.2538], [106.9084, 40.1696], [106.8568, 40.1561], [106.8108, 40.0953], [106.7745, 40.0858], [106.7671, 40.067], [106.7224, 40.0418], [106.7389, 39.9794], [106.7335, 39.9327], [106.7155, 39.9099], [106.7551, 39.8371], [106.7681, 39.7602], [106.7587, 39.726], [106.7912, 39.6841], [106.7625, 39.6601], [106.789, 39.6153], [106.7478, 39.5064], [106.7566, 39.4489], [106.7417, 39.4074], [106.7582, 39.3787], [106.7957, 39.3589], [106.8049, 39.2775], [106.7922, 39.2325], [106.861, 39.1366], [106.8474, 39.0834], [106.8679, 39.0524], [106.8521, 39.0013], [106.8253, 38.9821], [106.7731, 38.8937], [106.7065, 38.8493], [106.6865, 38.8593], [106.6634, 38.8421], [106.6298, 38.7583], [106.6128, 38.7478], [106.5967, 38.67], [106.5361, 38.6092], [106.5283, 38.5496], [106.5797, 38.5202], [106.5218, 38.4265], [106.3166, 38.286], [106.2651, 38.226], [106.1785, 38.0214], [106.1297, 37.9714], [106.0557, 37.9385], [105.999, 37.8909], [105.9709, 37.818], [105.9459, 37.8128], [105.9597, 37.7842], [105.9559, 37.6823], [105.9216, 37.6554], [105.9203, 37.6314], [105.873, 37.5762], [105.5243, 37.4746], [105.4238, 37.4948], [105.2817, 37.4884], [105.1833, 37.4659], [105.1106, 37.4822], [105.0616, 37.4515], [105.0116, 37.4486]], [[108.5543, 40.7217], [108.526, 40.7436], [108.4919, 40.7436], [108.5078, 40.7231], [108.5543, 40.7217]], [[107.123, 40.3626], [107.0898, 40.3633], [107.0733, 40.3399], [107.1014, 40.3458], [107.123, 40.3626]], [[105.4892, 37.4938], [105.5264, 37.4801], [105.5421, 37.4926], [105.5132, 37.5002], [105.4892, 37.4938]], [[106.9175, 40.1866], [106.8724, 40.1761], [106.8615, 40.1635], [106.8851, 40.1639], [106.9175, 40.1866]], [[107.1795, 40.4799], [107.149, 40.4652], [107.1525, 40.4481], [107.1728, 40.462], [107.1795, 40.4799]], [[109.2904, 40.5038], [109.2747, 40.4847], [109.3192, 40.4888], [109.3148, 40.4949], [109.2904, 40.5038]], [[106.7741, 39.5777], [106.7393, 39.5658], [106.7402, 39.5566], [106.7552, 39.5515], [106.7741, 39.5777]], [[106.7238, 39.8724], [106.7357, 39.8526], [106.7289, 39.8268], [106.7446, 39.8515], [106.7238, 39.8724]], [[106.7559, 40.0776], [106.7298, 40.0666], [106.727, 40.0558], [106.7614, 40.0678], [106.7559, 40.0776]], [[106.7736, 38.9196], [106.7613, 38.9198], [106.7433, 38.908], [106.7346, 38.8855], [106.7736, 38.9196]], [[108.4553, 40.7987], [108.4393, 40.8139], [108.4237, 40.8125], [108.4318, 40.8033], [108.4553, 40.7987]], [[106.7235, 39.9829], [106.7163, 39.964], [106.7254, 39.959], [106.7322, 39.9754], [106.7235, 39.9829]], [[106.8158, 40.1212], [106.8045, 40.1167], [106.7919, 40.1047], [106.8098, 40.106], [106.8158, 40.1212]], [[106.9751, 40.2363], [106.9537, 40.2278], [106.946, 40.2161], [106.9583, 40.2181], [106.9751, 40.2363]], [[108.3024, 40.8183], [108.31, 40.8051], [108.331, 40.7978], [108.3152, 40.8139], [108.3024, 40.8183]], [[108.2032, 40.8385], [108.2076, 40.8213], [108.2235, 40.8173], [108.2032, 40.8385]], [[106.7654, 38.8922], [106.7661, 38.9055], [106.7503, 38.8879], [106.7654, 38.8922]], [[108.4496, 40.7877], [108.4517, 40.7979], [108.4353, 40.7998], [108.4496, 40.7877]], [[108.8931, 40.5495], [108.8871, 40.5676], [108.8769, 40.5661], [108.8931, 40.5495]], [[107.5567, 40.7373], [107.5329, 40.7313], [107.5308, 40.726], [107.5567, 40.7373]], [[107.0139, 40.2658], [107.002, 40.2609], [107.0034, 40.2514], [107.0139, 40.2658]], [[109.4569, 40.4846], [109.4644, 40.4791], [109.4664, 40.4874], [109.4569, 40.4846]], [[108.0828, 40.8342], [108.1029, 40.8341], [108.1134, 40.8407], [108.1097, 40.8422], [108.0828, 40.8342]], [[108.1874, 40.8789], [108.177, 40.8721], [108.1891, 40.8769], [108.1874, 40.8789]], [[106.8387, 39.0071], [106.8373, 38.9987], [106.8436, 39.0027], [106.8387, 39.0071]], [[109.7523, 40.4949], [109.7507, 40.4897], [109.7595, 40.4944], [109.7523, 40.4949]], [[108.4013, 40.8026], [108.3904, 40.8031], [108.384, 40.8003], [108.391, 40.7983], [108.4013, 40.8026]], [[108.0905, 40.8291], [108.0828, 40.8226], [108.0985, 40.828], [108.0905, 40.8291]], [[108.2248, 40.826], [108.2174, 40.8287], [108.2234, 40.8239], [108.2248, 40.826]], [[108.334, 40.8025], [108.3454, 40.799], [108.3514, 40.7999], [108.3464, 40.8029], [108.334, 40.8025]], [[108.4747, 40.7657], [108.4728, 40.7608], [108.4795, 40.7601], [108.4747, 40.7657]], [[108.2088, 40.8465], [108.2042, 40.8418], [108.2078, 40.8424], [108.2088, 40.8465]], [[108.1986, 40.8644], [108.1941, 40.859], [108.1971, 40.8541], [108.1986, 40.8644]], [[108.2516, 40.8124], [108.2412, 40.8095], [108.2542, 40.8102], [108.2516, 40.8124]], [[108.414, 40.8082], [108.4199, 40.8098], [108.4135, 40.811], [108.414, 40.8082]], [[109.7359, 40.4827], [109.7438, 40.4797], [109.7435, 40.4817], [109.7359, 40.4827]], [[108.1614, 40.8697], [108.162, 40.8743], [108.1564, 40.8721], [108.1614, 40.8697]], [[108.1538, 40.8667], [108.1573, 40.8636], [108.1607, 40.8665], [108.1538, 40.8667]], [[108.2416, 40.8189], [108.2396, 40.8158], [108.2457, 40.8149], [108.2416, 40.8189]]]}}, {"type": "Feature", "properties": {"NAME_CH": "西江"}, "geometry": {"type": "Polygon", "coordinates": [[[112.8027, 23.1486], [112.7966, 23.1164], [112.8202, 23.0858], [112.8226, 23.0405], [112.917, 22.9172], [112.9263, 22.8577], [113.0189, 22.8146], [113.0674, 22.8095], [113.0927, 22.7696], [113.1731, 22.7409], [113.1472, 22.7254], [113.1063, 22.7552], [113.0798, 22.7551], [113.1039, 22.6617], [113.1633, 22.6107], [113.1768, 22.5928], [113.1946, 22.5373], [113.2409, 22.4905], [113.2729, 22.3927], [113.3232, 22.3382], [113.3098, 22.3347], [113.252, 22.3906], [113.2068, 22.4532], [113.1811, 22.4582], [113.1667, 22.4997], [113.1707, 22.589], [113.1186, 22.6022], [113.0958, 22.6286], [113.059, 22.7973], [112.9769, 22.8003], [112.911, 22.8613], [112.9006, 22.897], [112.8594, 22.9408], [112.8548, 22.9798], [112.8253, 23.005], [112.771, 23.1617], [112.5983, 23.1617], [112.5349, 23.0702], [112.4906, 23.039], [112.4374, 23.0385], [112.4008, 23.0519], [112.3899, 23.0764], [112.402, 23.1211], [112.3657, 23.1315], [112.3282, 23.1662], [112.2934, 23.1674], [112.2757, 23.1264], [112.2222, 23.1083], [112.1848, 23.0708], [112.0952, 23.0864], [112.0319, 23.0723], [111.9771, 23.0881], [111.9608, 23.1326], [111.8904, 23.1262], [111.8562, 23.1404], [111.8213, 23.1276], [111.7652, 23.1319], [111.6873, 23.1571], [111.6496, 23.1533], [111.6219, 23.1884], [111.5791, 23.1875], [111.5419, 23.2092], [111.5232, 23.2314], [111.5646, 23.2503], [111.5638, 23.2712], [111.5106, 23.3431], [111.4854, 23.4098], [111.4886, 23.4389], [111.4365, 23.4647], [111.2718, 23.4631], [111.2425, 23.4253], [111.2004, 23.4173], [111.1024, 23.4458], [111.0527, 23.4431], [110.8515, 23.3584], [110.8385, 23.4259], [110.7919, 23.4545], [110.7622, 23.4642], [110.6847, 23.4377], [110.6065, 23.444], [110.5957, 23.4545], [110.5327, 23.4256], [110.5137, 23.4651], [110.4836, 23.4849], [110.4528, 23.475], [110.4287, 23.5082], [110.3655, 23.5463], [110.2955, 23.5381], [110.2792, 23.5778], [110.2086, 23.5781], [110.2039, 23.532], [110.1669, 23.5299], [110.166, 23.4672], [110.1359, 23.4596], [110.1102, 23.411], [110.0886, 23.397], [110.069, 23.4021], [110.0071, 23.4782], [110.0733, 23.4091], [110.1005, 23.4072], [110.1297, 23.4608], [110.1601, 23.4728], [110.163, 23.5343], [110.1948, 23.5385], [110.2017, 23.5844], [110.2225, 23.5978], [110.2895, 23.5825], [110.3011, 23.544], [110.3713, 23.5517], [110.4351, 23.5175], [110.4549, 23.4812], [110.486, 23.4922], [110.5227, 23.4671], [110.5358, 23.434], [110.599, 23.4623], [110.6097, 23.4517], [110.6543, 23.4673], [110.6976, 23.448], [110.7817, 23.4765], [110.8458, 23.4318], [110.8575, 23.3693], [110.9359, 23.4011], [110.9738, 23.4383], [111.0209, 23.4372], [111.0555, 23.4566], [111.1046, 23.4557], [111.1668, 23.4288], [111.2134, 23.4412], [111.2431, 23.4749], [111.416, 23.4785], [111.4869, 23.4534], [111.4991, 23.4302], [111.4915, 23.4051], [111.5229, 23.3389], [111.5806, 23.2745], [111.5749, 23.248], [111.5322, 23.2346], [111.5347, 23.2231], [111.5761, 23.199], [111.6361, 23.1904], [111.6592, 23.1598], [111.6919, 23.1622], [111.7837, 23.1344], [111.8609, 23.1467], [111.9005, 23.1311], [111.9609, 23.1379], [111.9848, 23.0948], [112.0294, 23.0818], [112.0963, 23.0969], [112.1749, 23.0812], [112.2358, 23.1219], [112.2707, 23.1309], [112.2925, 23.1766], [112.3494, 23.1735], [112.3643, 23.1428], [112.4072, 23.1225], [112.3975, 23.0826], [112.4089, 23.0568], [112.4651, 23.0429], [112.5183, 23.0713], [112.5877, 23.1783], [112.7683, 23.1791], [112.8027, 23.1486]], [[113.2264, 22.4594], [113.2531, 22.4055], [113.2301, 22.4905], [113.1808, 22.5388], [113.1827, 22.485], [113.2264, 22.4594]], [[113.1571, 22.6091], [113.1076, 22.6498], [113.0992, 22.6504], [113.1238, 22.6129], [113.1571, 22.6091]]]}}, {"type": "Feature", "properties": {"NAME_CH": "冈水"}, "geometry": {"type": "Polygon", "coordinates": [[[113.0899, 22.1951], [113.0648, 22.2856], [113.0515, 22.4366], [112.9982, 22.4493], [112.9814, 22.4985], [112.9165, 22.5058], [112.9176, 22.4687], [112.8433, 22.4389], [112.8174, 22.4427], [112.8037, 22.4252], [112.7597, 22.4395], [112.7601, 22.4007], [112.7455, 22.3806], [112.6923, 22.3651], [112.744, 22.3954], [112.7594, 22.4464], [112.7977, 22.4313], [112.8142, 22.4478], [112.9089, 22.4731], [112.9162, 22.512], [113.0127, 22.5029], [113.0221, 22.4874], [113.0206, 22.4594], [113.0669, 22.438], [113.0856, 22.4774], [113.0756, 22.2952], [113.086, 22.227], [113.1037, 22.2035], [113.1594, 22.2346], [113.1891, 22.3429], [113.1875, 22.2846], [113.1664, 22.236], [113.0899, 22.1951]], [[113.0172, 22.4932], [112.985, 22.4974], [113.0073, 22.4534], [113.0172, 22.4932]]]}}, {"type": "Feature", "properties": {"NAME_CH": "黑龙江(萨哈连乌拉河)"}, "geometry": {"type": "Polygon", "coordinates": [[[136.0013, 48.9146], [135.9476, 48.8673], [135.9479, 48.8319], [135.8959, 48.8232], [135.8718, 48.8117], [135.8673, 48.7876], [135.8271, 48.7917], [135.7241, 48.7398], [135.6753, 48.7382], [135.6499, 48.7534], [135.5771, 48.7296], [135.5157, 48.7439], [135.3838, 48.7352], [135.2574, 48.6868], [135.2347, 48.6562], [135.1968, 48.6403], [135.0713, 48.6286], [135.0418, 48.6046], [135.0149, 48.5412], [135.0521, 48.4732], [135.0778, 48.4634], [135.0646, 48.4483], [135.0742, 48.4284], [135.0518, 48.4107], [135.0647, 48.4229], [135.0575, 48.4429], [135.017, 48.4273], [134.9317, 48.4348], [134.7693, 48.3549], [134.6672, 48.3959], [134.5219, 48.4002], [134.3837, 48.3823], [134.3472, 48.362], [134.2478, 48.368], [134.1028, 48.3258], [134.022, 48.3276], [133.9967, 48.253], [133.8976, 48.2599], [133.8691, 48.2254], [133.8666, 48.1807], [133.8295, 48.1783], [133.7816, 48.2005], [133.7045, 48.1578], [133.6463, 48.1514], [133.6349, 48.1271], [133.5538, 48.1201], [133.5303, 48.0883], [133.4726, 48.0643], [133.3415, 48.1072], [133.2636, 48.0882], [133.1539, 48.1053], [133.0865, 48.0701], [133.0192, 48.0564], [133.0047, 48.0147], [132.883, 47.9959], [132.8161, 47.9276], [132.6818, 47.9431], [132.6678, 47.9234], [132.6879, 47.8844], [132.669, 47.8471], [132.6868, 47.822], [132.67, 47.7926], [132.6522, 47.7747], [132.6642, 47.804], [132.6208, 47.7719], [132.594, 47.7247], [132.5205, 47.6999], [132.4326, 47.7294], [132.3597, 47.7325], [132.3543, 47.6873], [132.2887, 47.7181], [132.2072, 47.6857], [132.0114, 47.7086], [131.9913, 47.7018], [131.9827, 47.6736], [131.9454, 47.6611], [131.8886, 47.6782], [131.8203, 47.6662], [131.7542, 47.6759], [131.7011, 47.7041], [131.6223, 47.6562], [131.5889, 47.6532], [131.4749, 47.7395], [131.4217, 47.742], [131.3766, 47.7256], [131.22, 47.7254], [131.1778, 47.6969], [131.1059, 47.6816], [131.0012, 47.693], [130.9444, 47.7231], [130.941, 47.8222], [130.8663, 47.9268], [130.6864, 48.0379], [130.6511, 48.095], [130.6575, 48.1331], [130.7473, 48.1952], [130.7662, 48.2516], [130.8276, 48.3011], [130.8069, 48.3383], [130.7629, 48.3575], [130.7234, 48.4392], [130.7522, 48.4782], [130.7492, 48.5037], [130.7081, 48.5101], [130.6281, 48.4844], [130.5979, 48.5051], [130.5909, 48.5877], [130.4931, 48.6014], [130.5199, 48.6528], [130.5496, 48.6707], [130.6042, 48.7892], [130.6698, 48.8515], [130.6673, 48.8712], [130.6346, 48.8804], [130.5818, 48.8542], [130.5218, 48.8531], [130.4259, 48.9014], [130.2841, 48.8618], [130.2112, 48.8671], [130.1599, 48.9166], [130.0503, 48.9598], [129.9816, 48.9984], [129.969, 49.0212], [129.9169, 49.0357], [129.8858, 49.0713], [129.7972, 49.1063], [129.8065, 49.1681], [129.7261, 49.2117], [129.73, 49.2482], [129.712, 49.2735], [129.6532, 49.2868], [129.5937, 49.2708], [129.5504, 49.2851], [129.5275, 49.3191], [129.5224, 49.3945], [129.5014, 49.4141], [129.3861, 49.4271], [129.3782, 49.3662], [129.3356, 49.3483], [129.2126, 49.3937], [129.187, 49.3909], [129.1346, 49.3501], [129.0694, 49.3565], [129.0273, 49.3997], [129.0, 49.4], [129.0224, 49.4087], [128.9901, 49.4496], [128.9515, 49.4313], [128.9481, 49.4551], [128.9033, 49.457], [128.9025, 49.4676], [128.8224, 49.4794], [128.7724, 49.4679], [128.7342, 49.4883], [128.7309, 49.5093], [128.791, 49.5598], [128.7799, 49.5821], [128.7465, 49.5861], [128.7291, 49.5794], [128.727, 49.5538], [128.5575, 49.5926], [128.5139, 49.5791], [128.5023, 49.5928], [128.4005, 49.5869], [128.369, 49.5778], [128.3725, 49.5517], [128.2769, 49.5062], [128.2471, 49.4993], [128.2289, 49.5234], [128.1563, 49.5258], [128.1644, 49.5063], [128.1227, 49.5389], [128.0983, 49.5205], [127.996, 49.5443], [127.9433, 49.5963], [127.8832, 49.5718], [127.7779, 49.5767], [127.7595, 49.6255], [127.5885, 49.7356], [127.6321, 49.7207], [127.6561, 49.7592], [127.5616, 49.7788], [127.5066, 49.8298], [127.5001, 49.8985], [127.5201, 49.907], [127.5182, 49.9269], [127.4744, 49.9925], [127.4778, 50.0427], [127.5518, 50.152], [127.5589, 50.1387], [127.5543, 50.1607], [127.5884, 50.2054], [127.5803, 50.2255], [127.3747, 50.279], [127.3349, 50.3038], [127.3178, 50.3455], [127.3542, 50.3971], [127.3538, 50.429], [127.2736, 50.475], [127.3478, 50.5672], [127.2805, 50.6637], [127.2775, 50.7444], [127.2505, 50.7476], [127.2078, 50.7866], [127.1243, 50.9124], [127.0219, 50.9587], [126.9692, 51.0226], [126.8992, 51.063], [126.9087, 51.1044], [126.8841, 51.1672], [126.8877, 51.204], [126.9673, 51.3209], [126.9464, 51.3316], [126.8732, 51.3125], [126.9107, 51.2823], [126.9019, 51.2427], [126.819, 51.2567], [126.8007, 51.2984], [126.8082, 51.3312], [126.8236, 51.3443], [126.9046, 51.3502], [126.9068, 51.3904], [126.7714, 51.4277], [126.7717, 51.4649], [126.8197, 51.5285], [126.6678, 51.5864], [126.6737, 51.6127], [126.7186, 51.6299], [126.7216, 51.6532], [126.6819, 51.68], [126.7136, 51.6989], [126.7138, 51.714], [126.6532, 51.7276], [126.5573, 51.8279], [126.5275, 51.8821], [126.4465, 51.9445], [126.4347, 52.034], [126.4825, 52.0603], [126.4821, 52.0898], [126.5262, 52.0897], [126.5145, 52.1006], [126.5443, 52.1322], [126.2964, 52.2013], [126.293, 52.2258], [126.3313, 52.2579], [126.4191, 52.2865], [126.3319, 52.2992], [126.315, 52.3118], [126.3087, 52.3375], [126.3423, 52.3628], [126.3359, 52.4018], [126.2631, 52.469], [126.1979, 52.4612], [126.1798, 52.4675], [126.2, 52.5243], [126.1343, 52.5719], [126.0736, 52.5988], [126.0396, 52.5711], [126.0087, 52.5726], [125.974, 52.5861], [125.9511, 52.6261], [125.9596, 52.6617], [125.987, 52.6803], [126.0512, 52.6809], [126.0604, 52.6994], [126.0323, 52.7329], [126.0354, 52.7451], [126.1013, 52.7671], [126.0573, 52.7869], [125.9702, 52.7514], [125.9171, 52.7686], [125.8814, 52.8278], [125.8397, 52.8541], [125.8237, 52.893], [125.7884, 52.8912], [125.7139, 52.8528], [125.6529, 52.8594], [125.6451, 52.9138], [125.6611, 52.9309], [125.7164, 52.9415], [125.7116, 52.9691], [125.7288, 52.9849], [125.6792, 52.998], [125.629, 53.03], [125.6186, 53.0643], [125.5756, 53.0724], [125.555, 53.0567], [125.4943, 53.0438], [125.4847, 53.0938], [125.2921, 53.1399], [125.24, 53.1749], [125.1544, 53.1949], [124.8967, 53.1712], [124.884, 53.1594], [124.9016, 53.1103], [124.8843, 53.0944], [124.8513, 53.0959], [124.8248, 53.14], [124.7101, 53.1443], [124.6656, 53.1975], [124.4646, 53.1991], [124.4224, 53.2108], [124.3947, 53.2409], [124.3554, 53.2534], [124.3123, 53.322], [124.2489, 53.3588], [124.2084, 53.369], [124.1347, 53.3413], [124.0629, 53.348], [123.9705, 53.4277], [123.8651, 53.4813], [123.6915, 53.4888], [123.642, 53.5293], [123.5911, 53.544], [123.5692, 53.5053], [123.5341, 53.4932], [123.5177, 53.5072], [123.5467, 53.5353], [123.5153, 53.5517], [123.4816, 53.5304], [123.502, 53.5073], [123.4958, 53.4927], [123.4708, 53.4959], [123.4394, 53.5283], [123.2592, 53.5538], [123.1389, 53.4933], [123.0673, 53.5024], [122.8543, 53.451], [122.6008, 53.4595], [122.4304, 53.4397], [122.372, 53.4613], [122.3477, 53.4962], [122.3292, 53.4984], [122.2475, 53.4596], [122.167, 53.4679], [122.0927, 53.4161], [121.868, 53.4227], [121.7342, 53.3816], [121.685, 53.3851], [121.5864, 53.3477], [121.4363, 53.3173], [121.3353, 53.32], [121.2965, 53.2902], [121.2342, 53.2753], [121.1188, 53.272], [121.0852, 53.3025], [121.043, 53.2849], [121.0049, 53.2879], [121.0862, 53.3082], [121.1254, 53.2751], [121.2304, 53.2805], [121.288, 53.2923], [121.3361, 53.3248], [121.4398, 53.3222], [121.592, 53.356], [121.6845, 53.3933], [121.7401, 53.3909], [121.8695, 53.4289], [122.0911, 53.4252], [122.1525, 53.4733], [122.2389, 53.4642], [122.3331, 53.5049], [122.4363, 53.4453], [122.5844, 53.4657], [122.8628, 53.4602], [123.0478, 53.5115], [123.1592, 53.505], [123.1984, 53.5471], [123.264, 53.5621], [123.4419, 53.5395], [123.4899, 53.5], [123.4764, 53.5416], [123.5091, 53.5578], [123.5544, 53.5376], [123.5363, 53.498], [123.5598, 53.5112], [123.5726, 53.548], [123.5936, 53.5534], [123.6387, 53.5466], [123.6977, 53.4966], [123.8758, 53.484], [123.9927, 53.4348], [124.017, 53.398], [124.0756, 53.3947], [124.1129, 53.349], [124.2397, 53.3786], [124.2955, 53.353], [124.3669, 53.2826], [124.3653, 53.2602], [124.4062, 53.2746], [124.4343, 53.2235], [124.5016, 53.2046], [124.665, 53.2125], [124.7245, 53.1878], [124.7221, 53.1693], [124.7458, 53.1483], [124.8284, 53.148], [124.8738, 53.1025], [124.8918, 53.1181], [124.8639, 53.1595], [124.896, 53.1769], [125.0869, 53.2133], [125.2259, 53.1921], [125.301, 53.1505], [125.4067, 53.134], [125.4992, 53.0946], [125.5018, 53.051], [125.5584, 53.0801], [125.6123, 53.0819], [125.6682, 53.0124], [125.7465, 52.9817], [125.7292, 52.9411], [125.6662, 52.9122], [125.6579, 52.8872], [125.6889, 52.8764], [125.8397, 52.9076], [125.8526, 52.8995], [125.8495, 52.8653], [125.9331, 52.8082], [125.9302, 52.7911], [125.9581, 52.7611], [126.0332, 52.801], [126.1178, 52.7631], [126.0417, 52.7402], [126.0716, 52.7014], [126.0686, 52.6792], [126.0529, 52.6615], [125.9791, 52.6697], [125.9693, 52.6194], [126.0093, 52.5855], [126.0607, 52.605], [126.086, 52.6013], [126.199, 52.5393], [126.2084, 52.5255], [126.1904, 52.4669], [126.2667, 52.4743], [126.3527, 52.3902], [126.3516, 52.3373], [126.3333, 52.3078], [126.433, 52.2964], [126.4314, 52.2701], [126.3974, 52.2758], [126.3037, 52.2307], [126.3085, 52.201], [126.4676, 52.174], [126.5674, 52.1293], [126.5241, 52.0386], [126.445, 52.012], [126.4642, 51.9477], [126.5391, 51.8966], [126.5743, 51.8295], [126.6599, 51.7615], [126.6618, 51.739], [126.7091, 51.7357], [126.7408, 51.7027], [126.7253, 51.6816], [126.7437, 51.6481], [126.7359, 51.6257], [126.6772, 51.5995], [126.6888, 51.5815], [126.8221, 51.5489], [126.8422, 51.5305], [126.786, 51.456], [126.7849, 51.433], [126.8805, 51.4178], [126.922, 51.3829], [126.9118, 51.3441], [126.82, 51.3333], [126.8105, 51.3033], [126.8217, 51.2819], [126.8636, 51.2528], [126.904, 51.2555], [126.8539, 51.301], [126.8588, 51.3227], [126.9444, 51.3381], [126.9778, 51.3199], [126.9019, 51.2077], [126.9288, 51.0871], [126.9213, 51.0672], [127.0392, 50.967], [127.1286, 50.9195], [127.2403, 50.7796], [127.3032, 50.7475], [127.2841, 50.6982], [127.2914, 50.6654], [127.3498, 50.6171], [127.3672, 50.5714], [127.3521, 50.5337], [127.2878, 50.4757], [127.3647, 50.4296], [127.3402, 50.3307], [127.3918, 50.29], [127.5604, 50.2461], [127.5999, 50.2493], [127.6066, 50.218], [127.634, 50.2012], [127.5029, 50.048], [127.5009, 50.0079], [127.5487, 49.9351], [127.5285, 49.8404], [127.5799, 49.8002], [127.6728, 49.7741], [127.6904, 49.6851], [127.7848, 49.6313], [127.8084, 49.5967], [127.9084, 49.5852], [127.9283, 49.6161], [127.9594, 49.6227], [128.0558, 49.5638], [128.1773, 49.5446], [128.2627, 49.5715], [128.3277, 49.548], [128.3885, 49.6015], [128.4432, 49.5941], [128.5387, 49.6093], [128.6107, 49.5977], [128.6651, 49.6208], [128.7527, 49.6059], [128.7914, 49.5864], [128.809, 49.5374], [128.7536, 49.4899], [128.7892, 49.4786], [128.8788, 49.495], [129.0002, 49.4612], [129.0237, 49.444], [129.047, 49.3871], [129.0834, 49.3585], [129.1211, 49.3582], [129.2251, 49.4131], [129.3433, 49.3593], [129.3558, 49.3627], [129.359, 49.4188], [129.4043, 49.4537], [129.5411, 49.4417], [129.5575, 49.3223], [129.5906, 49.3], [129.6466, 49.3136], [129.7244, 49.2882], [129.7417, 49.272], [129.7497, 49.2106], [129.79, 49.1911], [129.8247, 49.207], [129.8558, 49.1874], [129.8785, 49.1665], [129.8732, 49.1378], [129.955, 49.1116], [129.9975, 49.0731], [130.037, 48.9953], [130.1863, 48.9222], [130.2229, 48.875], [130.4413, 48.9136], [130.4773, 48.9085], [130.5026, 48.8644], [130.6265, 48.8912], [130.6618, 48.8853], [130.6832, 48.8728], [130.6842, 48.8536], [130.612, 48.7755], [130.5347, 48.6138], [130.6026, 48.5961], [130.6308, 48.4939], [130.7227, 48.5206], [130.7614, 48.5048], [130.7686, 48.4819], [130.7398, 48.4381], [130.7708, 48.369], [130.8167, 48.346], [130.8429, 48.2978], [130.7744, 48.2466], [130.7523, 48.1848], [130.6661, 48.1287], [130.6874, 48.0538], [130.7322, 48.0393], [130.7571, 48.0], [130.8581, 47.9472], [130.9175, 47.8893], [130.9544, 47.825], [130.9592, 47.7334], [130.9949, 47.7043], [131.1279, 47.6977], [131.2463, 47.746], [131.3475, 47.7486], [131.3606, 47.7687], [131.5078, 47.7546], [131.5524, 47.732], [131.555, 47.6914], [131.5973, 47.668], [131.6266, 47.6779], [131.6353, 47.6987], [131.6927, 47.7155], [131.8089, 47.683], [131.89, 47.6917], [131.9085, 47.7308], [132.0202, 47.754], [132.0949, 47.7169], [132.1574, 47.7092], [132.4247, 47.7906], [132.516, 47.7653], [132.5666, 47.7896], [132.5955, 47.8472], [132.6396, 47.8798], [132.6564, 47.9531], [132.7151, 47.9646], [132.699, 47.9888], [132.724, 47.9644], [132.7497, 47.9746], [132.7396, 47.9568], [132.7641, 47.9413], [132.8084, 47.9419], [132.8505, 47.9808], [132.8531, 48.0091], [132.9804, 48.0359], [133.0305, 48.108], [133.1038, 48.1334], [133.2218, 48.1361], [133.2823, 48.1612], [133.4947, 48.1256], [133.575, 48.191], [133.6793, 48.1911], [133.7243, 48.2564], [133.9695, 48.3029], [134.0231, 48.3411], [134.1737, 48.3846], [134.3597, 48.3905], [134.5103, 48.429], [134.7086, 48.4198], [134.7359, 48.4074], [134.7394, 48.3876], [134.7905, 48.39], [134.8442, 48.4364], [134.8981, 48.4575], [134.9269, 48.5013], [134.9762, 48.5247], [135.0191, 48.6491], [135.1068, 48.6786], [135.2016, 48.7593], [135.2908, 48.7784], [135.432, 48.7616], [135.5574, 48.7907], [135.6701, 48.7779], [135.7644, 48.8017], [135.895, 48.8536], [135.8511, 48.8679], [135.8924, 48.8642], [135.8994, 48.8955], [135.9871, 48.9552], [136.1146, 48.9864], [136.2041, 49.0406], [136.2327, 49.0416], [136.213, 49.055], [136.2442, 49.058], [136.2189, 49.0809], [136.2198, 49.1069], [136.2484, 49.1235], [136.2366, 49.1501], [136.2458, 49.1695], [136.2112, 49.1947], [136.2131, 49.2129], [136.3324, 49.3071], [136.4065, 49.4257], [136.4947, 49.4743], [136.5567, 49.4877], [136.68, 49.4844], [136.7389, 49.5115], [136.8005, 49.5088], [136.8182, 49.5339], [136.8405, 49.6168], [136.8202, 49.6591], [136.8262, 49.7132], [136.7982, 49.7074], [136.8125, 49.7282], [136.729, 49.8174], [136.7167, 49.8606], [136.676, 49.8961], [136.6698, 49.9334], [136.7565, 49.9913], [136.8069, 50.051], [136.8247, 50.1337], [136.871, 50.2095], [136.7615, 50.2039], [136.7475, 50.2208], [136.7753, 50.2444], [136.8629, 50.2285], [136.8824, 50.2102], [136.9102, 50.2144], [136.9877, 50.2417], [137.0654, 50.3095], [137.0802, 50.3074], [137.0296, 50.3682], [137.0469, 50.4219], [137.0088, 50.4968], [136.9901, 50.514], [136.9327, 50.5008], [136.9588, 50.5084], [136.9113, 50.5113], [136.9183, 50.536], [136.9698, 50.5197], [137.046, 50.5343], [137.0733, 50.5637], [137.1333, 50.5857], [137.1664, 50.6321], [137.3157, 50.7156], [137.5798, 50.6921], [137.627, 50.7253], [137.6483, 50.7114], [137.7773, 50.739], [137.831, 50.7776], [137.9144, 50.795], [137.8987, 50.8002], [137.906, 50.8086], [137.9288, 50.7951], [138.0294, 50.8714], [138.0916, 50.8944], [138.1307, 50.8847], [138.1795, 50.957], [138.3744, 51.0377], [138.3848, 51.0844], [138.4044, 51.1], [138.4846, 51.117], [138.4738, 51.1241], [138.485, 51.1392], [138.5001, 51.113], [138.5638, 51.122], [138.6019, 51.1667], [138.613, 51.2104], [138.7836, 51.254], [138.8798, 51.3311], [138.8837, 51.3442], [138.8572, 51.3549], [138.8811, 51.3533], [138.9127, 51.3976], [139.0602, 51.4158], [139.0964, 51.3734], [139.1359, 51.3697], [139.3605, 51.4132], [139.4331, 51.4554], [139.4815, 51.5528], [139.5497, 51.5692], [139.6506, 51.554], [139.8697, 51.6071], [139.9788, 51.7149], [140.0034, 51.7159], [140.1302, 51.8143], [140.1949, 51.8352], [140.2109, 51.8896], [140.1408, 51.9491], [140.1473, 51.9882], [140.1267, 52.0067], [140.178, 52.0775], [140.2297, 52.1073], [140.2421, 52.1412], [140.3393, 52.2028], [140.4178, 52.3585], [140.4021, 52.3657], [140.3754, 52.3166], [140.3686, 52.3303], [140.3858, 52.3371], [140.4007, 52.3757], [140.3949, 52.4293], [140.3061, 52.5355], [140.2999, 52.5671], [140.2498, 52.5905], [140.1022, 52.5961], [140.0707, 52.6135], [140.0832, 52.6426], [140.0447, 52.7199], [140.044, 52.7904], [139.9445, 52.8367], [139.8891, 52.8244], [139.9149, 52.8439], [139.8559, 52.8622], [139.7759, 52.9171], [139.6327, 52.9541], [139.6849, 53.0113], [139.7968, 53.0827], [139.8166, 53.1245], [139.8281, 53.22], [139.8736, 53.2473], [139.9457, 53.2222], [140.0674, 53.2322], [140.007, 53.2325], [140.0213, 53.2355], [140.0703, 53.2367], [140.1295, 53.2241], [140.2192, 53.2347], [140.1162, 53.265], [140.2803, 53.2366], [140.4021, 53.1664], [140.5398, 53.114], [140.6535, 53.1184], [140.6749, 53.1228], [140.6698, 53.1397], [140.7414, 53.1322], [140.7343, 53.1064], [140.5815, 53.09], [140.4107, 53.1255], [140.3844, 53.1523], [140.3248, 53.166], [140.3199, 53.1824], [140.3536, 53.1762], [140.3204, 53.2037], [140.2511, 53.2314], [140.0597, 53.1985], [139.897, 53.2082], [139.8365, 53.1652], [139.8345, 53.1022], [139.8093, 53.0497], [139.7875, 53.0539], [139.7154, 52.9968], [139.7286, 52.9479], [139.7551, 52.9274], [139.9638, 52.915], [139.9863, 52.8913], [139.9888, 52.8466], [140.0909, 52.7636], [140.096, 52.71], [140.1292, 52.6884], [140.1376, 52.6174], [140.1775, 52.6405], [140.1744, 52.6141], [140.3217, 52.5812], [140.3328, 52.5263], [140.4238, 52.4314], [140.4483, 52.4389], [140.4322, 52.3641], [140.4824, 52.3522], [140.4844, 52.337], [140.4573, 52.348], [140.4277, 52.2977], [140.4094, 52.2311], [140.3649, 52.1806], [140.3726, 52.1199], [140.3375, 52.092], [140.3597, 52.0608], [140.3616, 52.0058], [140.3905, 51.998], [140.4121, 51.9661], [140.399, 51.9309], [140.4108, 51.8959], [140.3876, 51.8879], [140.3906, 51.8285], [140.3662, 51.8054], [140.3721, 51.7734], [140.3542, 51.8004], [140.2132, 51.7392], [140.1856, 51.7519], [140.1685, 51.7275], [140.2133, 51.6951], [140.2587, 51.6995], [140.2978, 51.6808], [140.2904, 51.704], [140.3115, 51.7089], [140.3244, 51.7458], [140.3303, 51.7222], [140.3552, 51.7165], [140.3273, 51.7148], [140.3138, 51.6952], [140.3799, 51.695], [140.2999, 51.6729], [140.3483, 51.6244], [140.4175, 51.6261], [140.6456, 51.6819], [140.7184, 51.6779], [140.7121, 51.6486], [140.7592, 51.6371], [140.7449, 51.6329], [140.7513, 51.6144], [140.6206, 51.6651], [140.5692, 51.6355], [140.5923, 51.6077], [140.576, 51.614], [140.5068, 51.574], [140.3906, 51.5687], [140.2934, 51.5855], [140.2814, 51.6168], [140.1722, 51.5853], [140.1512, 51.5998], [140.1719, 51.6595], [140.0616, 51.6645], [140.0254, 51.6596], [139.9376, 51.6002], [139.7036, 51.5466], [139.661, 51.5139], [139.6839, 51.5349], [139.6031, 51.5362], [139.4824, 51.5119], [139.4731, 51.5032], [139.5072, 51.4841], [139.5123, 51.4524], [139.5393, 51.459], [139.5161, 51.4433], [139.5244, 51.4132], [139.508, 51.4375], [139.4969, 51.4234], [139.4766, 51.4358], [139.4505, 51.4115], [139.3073, 51.3809], [139.2754, 51.3503], [139.21, 51.3299], [139.115, 51.3394], [139.0215, 51.3772], [138.9308, 51.3841], [138.9029, 51.349], [138.8986, 51.2832], [138.8683, 51.2485], [138.815, 51.2247], [138.6852, 51.2044], [138.6377, 51.1826], [138.6411, 51.1623], [138.6241, 51.1815], [138.5758, 51.1099], [138.4576, 51.0946], [138.3584, 50.9963], [138.2901, 50.9856], [138.2397, 50.9372], [138.2074, 50.9405], [138.2431, 50.9547], [138.1913, 50.9458], [138.1798, 50.9231], [138.1907, 50.9171], [138.1443, 50.8729], [138.0231, 50.85], [137.9484, 50.7677], [137.9637, 50.7453], [137.9331, 50.7598], [137.8888, 50.7218], [137.6568, 50.6545], [137.4976, 50.6529], [137.3866, 50.675], [137.2955, 50.655], [137.307, 50.6317], [137.2781, 50.6458], [137.2844, 50.6558], [137.2255, 50.6367], [137.0736, 50.5344], [137.0541, 50.5067], [137.0796, 50.4821], [137.0607, 50.4793], [137.0586, 50.4965], [137.0404, 50.4717], [137.1059, 50.3873], [137.1232, 50.3254], [137.1514, 50.3425], [137.1506, 50.3581], [137.1958, 50.3265], [137.2303, 50.3323], [137.2394, 50.3549], [137.25, 50.341], [137.3552, 50.3463], [137.3646, 50.3507], [137.3504, 50.3565], [137.3765, 50.3723], [137.444, 50.3707], [137.3406, 50.3027], [137.4059, 50.2867], [137.3702, 50.2674], [137.403, 50.22], [137.3824, 50.1777], [137.367, 50.1799], [137.3695, 50.2279], [137.3439, 50.2362], [137.3495, 50.2673], [137.2604, 50.2843], [137.2866, 50.3264], [137.2302, 50.2948], [137.1121, 50.3175], [137.0961, 50.2931], [137.1281, 50.249], [137.121, 50.1781], [136.8922, 50.1232], [136.9075, 50.079], [136.8805, 50.0483], [136.889, 50.0126], [136.9052, 50.0059], [136.8866, 50.004], [136.8716, 50.039], [136.8553, 50.0343], [136.8519, 50.0], [136.8051, 49.9561], [136.8221, 49.9329], [136.7557, 49.8621], [136.7614, 49.8209], [136.8577, 49.7101], [136.8673, 49.598], [136.8147, 49.4837], [136.5498, 49.4495], [136.4789, 49.424], [136.4441, 49.3158], [136.3411, 49.2662], [136.3187, 49.2342], [136.2714, 49.2085], [136.3276, 49.1052], [136.25, 48.9979], [136.1977, 48.9667], [136.0013, 48.9146]], [[140.3537, 52.1275], [140.3485, 52.2061], [140.2535, 52.1421], [140.2418, 52.1084], [140.1901, 52.0761], [140.1886, 52.0523], [140.1469, 52.0098], [140.1882, 51.9768], [140.2038, 51.915], [140.2497, 51.8463], [140.185, 51.7977], [139.9942, 51.7041], [139.9808, 51.6771], [140.1824, 51.677], [140.1915, 51.6951], [140.1555, 51.7342], [140.1579, 51.7522], [140.299, 51.7815], [140.3588, 51.8174], [140.3736, 51.861], [140.3605, 51.8901], [140.3839, 51.9435], [140.3755, 51.9716], [140.3366, 52.0052], [140.3501, 52.0519], [140.3294, 52.0991], [140.3537, 52.1275]], [[136.8821, 50.1396], [137.0028, 50.1664], [137.0911, 50.221], [137.1077, 50.2527], [137.0742, 50.2873], [137.0471, 50.2752], [137.0244, 50.2423], [136.9603, 50.2211], [136.9101, 50.1828], [136.8821, 50.1396]], [[139.9702, 52.8876], [139.9132, 52.9098], [139.7974, 52.9159], [139.9699, 52.8518], [139.9702, 52.8876]], [[137.0249, 50.1704], [137.0942, 50.182], [137.1094, 50.2185], [137.0249, 50.1704]], [[126.0078, 52.5794], [125.99, 52.5869], [125.9759, 52.5961], [125.9871, 52.5829], [126.0078, 52.5794]]]}}, {"type": "Feature", "properties": {"NAME_CH": "汉水"}, "geometry": {"type": "Polygon", "coordinates": [[[111.491, 32.5561], [111.5368, 32.491], [111.6335, 32.4555], [111.6574, 32.4329], [111.6697, 32.399], [111.6316, 32.3607], [111.6306, 32.3307], [111.6926, 32.2681], [111.7064, 32.1913], [111.7938, 32.1445], [111.8182, 32.0759], [111.8659, 32.0577], [111.9606, 32.1017], [112.0601, 32.0448], [112.1298, 32.0294], [112.184, 32.0772], [112.2052, 32.0786], [112.221, 32.0649], [112.221, 32.0047], [112.1622, 31.9543], [112.174, 31.924], [112.2182, 31.9137], [112.2378, 31.8906], [112.2227, 31.8449], [112.1687, 31.8091], [112.2465, 31.7431], [112.3393, 31.7179], [112.3863, 31.6829], [112.3947, 31.6093], [112.415, 31.592], [112.4235, 31.6049], [112.4564, 31.5502], [112.431, 31.4818], [112.4824, 31.419], [112.3927, 31.3523], [112.4139, 31.3121], [112.4662, 31.2858], [112.5002, 31.2349], [112.5761, 31.2171], [112.5493, 31.143], [112.5884, 31.111], [112.5951, 31.0895], [112.5816, 31.0718], [112.5681, 31.0683], [112.5097, 31.0912], [112.5117, 31.0521], [112.5441, 30.971], [112.5752, 30.9399], [112.5591, 30.8888], [112.6647, 30.8485], [112.6777, 30.8266], [112.671, 30.8192], [112.6241, 30.8171], [112.6479, 30.7928], [112.6486, 30.7708], [112.6222, 30.7477], [112.5942, 30.6698], [112.622, 30.6456], [112.6852, 30.665], [112.7106, 30.6617], [112.7146, 30.6355], [112.6806, 30.6165], [112.6885, 30.5537], [112.7326, 30.5818], [112.7704, 30.5885], [112.7967, 30.5701], [112.8069, 30.5257], [112.8519, 30.4967], [112.8782, 30.511], [112.8679, 30.5579], [112.8877, 30.5795], [112.9316, 30.57], [112.9526, 30.5301], [112.9942, 30.5408], [113.07, 30.5142], [113.0467, 30.5094], [113.002, 30.5328], [112.9549, 30.5227], [112.9289, 30.5604], [112.8941, 30.5738], [112.8741, 30.552], [112.8818, 30.5084], [112.8507, 30.4873], [112.7996, 30.5237], [112.793, 30.5644], [112.7662, 30.5836], [112.681, 30.5507], [112.672, 30.6195], [112.7095, 30.6411], [112.7048, 30.6562], [112.6153, 30.6399], [112.5845, 30.6662], [112.6145, 30.7497], [112.6433, 30.7842], [112.6177, 30.8189], [112.67, 30.8353], [112.5863, 30.8591], [112.5499, 30.8899], [112.5652, 30.9299], [112.527, 30.9829], [112.5023, 31.0583], [112.5028, 31.0932], [112.5176, 31.1093], [112.5686, 31.0751], [112.5886, 31.0872], [112.5425, 31.1389], [112.5666, 31.2102], [112.486, 31.2286], [112.4624, 31.2827], [112.4065, 31.307], [112.387, 31.33], [112.3831, 31.3675], [112.4521, 31.4031], [112.439, 31.4694], [112.4222, 31.4855], [112.4516, 31.5448], [112.3882, 31.6085], [112.3731, 31.6915], [112.2358, 31.7406], [112.1583, 31.8112], [112.2238, 31.876], [112.2239, 31.9021], [112.1672, 31.9205], [112.1536, 31.9549], [112.2153, 32.0153], [112.1643, 32.0382], [112.1368, 32.0233], [112.0415, 32.0381], [111.9606, 32.0949], [111.88, 32.0509], [111.8199, 32.0616], [111.769, 32.1513], [111.6958, 32.1966], [111.6595, 32.3002], [111.6189, 32.3292], [111.6158, 32.3544], [111.6551, 32.3877], [111.6553, 32.4106], [111.6019, 32.4546], [111.4948, 32.5055], [111.491, 32.5561]], [[112.2155, 32.0341], [112.2016, 32.0726], [112.1786, 32.0675], [112.1723, 32.0442], [112.2109, 32.0236], [112.2022, 32.0342], [112.2155, 32.0341]], [[111.6308, 32.4375], [111.6468, 32.4337], [111.6264, 32.448], [111.6308, 32.4375]], [[112.22, 32.0521], [112.2113, 32.0597], [112.2138, 32.0514], [112.22, 32.0521]], [[112.2165, 31.8608], [112.2241, 31.8607], [112.2236, 31.8632], [112.2165, 31.8608]], [[112.2104, 31.847], [112.2121, 31.8422], [112.2171, 31.8469], [112.2104, 31.847]]]}}, {"type": "Feature", "properties": {"NAME_CH": "闽江"}, "geometry": {"type": "Polygon", "coordinates": [[[119.1612, 26.1085], [119.0902, 26.1595], [119.0685, 26.1985], [119.0322, 26.2142], [118.9855, 26.1911], [118.9278, 26.2194], [118.8866, 26.2044], [118.8676, 26.2363], [118.8608, 26.2912], [118.8294, 26.291], [118.7728, 26.3138], [118.7518, 26.3301], [118.7274, 26.3705], [118.6782, 26.3554], [118.6881, 26.405], [118.6692, 26.4164], [118.5483, 26.4201], [118.4809, 26.3941], [118.415, 26.407], [118.402, 26.4309], [118.4264, 26.4605], [118.4212, 26.4814], [118.262, 26.5818], [118.2317, 26.6157], [118.1938, 26.6337], [118.1119, 26.5712], [118.0744, 26.5867], [118.0402, 26.5769], [118.072, 26.5934], [118.1107, 26.5772], [118.1869, 26.6415], [118.2353, 26.6194], [118.4187, 26.4913], [118.4338, 26.4651], [118.4066, 26.4252], [118.4219, 26.4103], [118.4766, 26.4023], [118.538, 26.4249], [118.6202, 26.4309], [118.6784, 26.4203], [118.6958, 26.4036], [118.683, 26.3632], [118.7305, 26.3745], [118.7736, 26.3191], [118.8646, 26.2946], [118.893, 26.2104], [118.9175, 26.2311], [118.9761, 26.1983], [119.0146, 26.2204], [119.0653, 26.2102], [119.097, 26.164], [119.1539, 26.1445], [119.1607, 26.1186], [119.2365, 26.1118], [119.2951, 26.0538], [119.3488, 26.0687], [119.3802, 26.0276], [119.4049, 26.0296], [119.4455, 25.9871], [119.5006, 26.0371], [119.511, 26.077], [119.5219, 26.0714], [119.4919, 25.9973], [119.4587, 25.9694], [119.4711, 25.9506], [119.4566, 25.9639], [119.396, 25.9559], [119.3675, 25.9384], [119.3786, 25.9278], [119.3711, 25.9129], [119.3553, 25.9442], [119.2525, 25.9763], [119.2243, 25.9232], [119.1792, 25.9094], [119.1685, 25.8887], [119.1759, 25.9128], [119.2154, 25.9258], [119.236, 25.9559], [119.2434, 25.9741], [119.2189, 25.9744], [119.2129, 25.9965], [119.2222, 25.9776], [119.2454, 25.9853], [119.2216, 25.9962], [119.2343, 26.0017], [119.2098, 26.1005], [119.1629, 26.1013], [119.15, 26.108], [119.1612, 26.1085]], [[119.3926, 25.965], [119.4131, 25.9852], [119.4055, 26.0056], [119.3335, 26.051], [119.2866, 26.0413], [119.2239, 26.1019], [119.2278, 26.0502], [119.2429, 26.0525], [119.2673, 25.9954], [119.3436, 25.9924], [119.3926, 25.965]]]}}, {"type": "Feature", "properties": {"NAME_CH": "鄂布河"}, "geometry": {"type": "Polygon", "coordinates": [[[85.0377, 52.4403], [85.0764, 52.4783], [85.148, 52.4835], [85.1754, 52.5143], [85.274, 52.5731], [85.3295, 52.5556], [85.4, 52.5756], [85.4247, 52.5589], [85.4458, 52.5727], [85.5181, 52.5781], [85.5212, 52.592], [85.612, 52.5904], [85.6637, 52.6119], [85.6991, 52.6015], [85.733, 52.576], [85.7928, 52.5808], [85.9085, 52.5564], [85.9197, 52.5907], [85.9469, 52.594], [85.9608, 52.613], [86.0239, 52.6218], [86.0865, 52.6168], [86.1409, 52.5983], [86.1665, 52.5357], [86.251, 52.4968], [86.2956, 52.5125], [86.3323, 52.5583], [86.3126, 52.6025], [86.3846, 52.6354], [86.4337, 52.631], [86.422, 52.6402], [86.4587, 52.627], [86.4671, 52.609], [86.5165, 52.6023], [86.5516, 52.5777], [86.5814, 52.5326], [86.6213, 52.5258], [86.7244, 52.4786], [86.7386, 52.4513], [86.8856, 52.4495], [86.9108, 52.4281], [86.9064, 52.3698], [86.9283, 52.3536], [86.8955, 52.3721], [86.9035, 52.4224], [86.8911, 52.4402], [86.7466, 52.4411], [86.6958, 52.4873], [86.5764, 52.5295], [86.546, 52.5755], [86.499, 52.6039], [86.4582, 52.6075], [86.445, 52.6287], [86.375, 52.6224], [86.3198, 52.5979], [86.3367, 52.5767], [86.3311, 52.5437], [86.3044, 52.5113], [86.2391, 52.488], [86.1702, 52.5215], [86.1321, 52.5905], [86.0963, 52.6098], [85.962, 52.6085], [85.942, 52.586], [85.9458, 52.5566], [85.9258, 52.549], [85.7821, 52.5768], [85.737, 52.5719], [85.6589, 52.6071], [85.6101, 52.582], [85.5302, 52.5869], [85.516, 52.5743], [85.4252, 52.5545], [85.3911, 52.5689], [85.328, 52.5502], [85.2759, 52.5679], [85.1441, 52.4736], [85.0871, 52.4744], [85.051, 52.4388], [85.013, 52.4319], [85.1157, 52.4234], [85.1813, 52.4598], [85.2928, 52.4746], [85.3106, 52.4593], [85.3308, 52.4695], [85.4029, 52.4589], [85.4637, 52.4268], [85.6647, 52.4245], [85.7477, 52.4046], [85.8106, 52.3178], [85.8027, 52.2797], [85.859, 52.2384], [85.9166, 52.1312], [85.9178, 52.0893], [85.9049, 52.0455], [85.8822, 52.0128], [85.8415, 51.9912], [85.9019, 52.0551], [85.8539, 52.1639], [85.8452, 52.1754], [85.8307, 52.2235], [85.7861, 52.2834], [85.7886, 52.3335], [85.7302, 52.3925], [85.6704, 52.4116], [85.495, 52.412], [85.3816, 52.4515], [85.3042, 52.4534], [85.291, 52.4639], [85.239, 52.4432], [85.1521, 52.4383], [85.1204, 52.4135], [84.8798, 52.4312], [84.8172, 52.419], [84.8185, 52.4295], [85.0377, 52.4403]], [[85.9063, 52.0821], [85.9071, 52.1377], [85.8596, 52.2269], [85.8281, 52.2391], [85.8592, 52.1741], [85.8539, 52.1639], [85.9063, 52.0821]], [[85.9393, 52.5584], [85.9363, 52.5882], [85.9246, 52.5884], [85.9258, 52.5539], [85.9393, 52.5584]]]}}, {"type": "Feature", "properties": {"NAME_CH": "大江"}, "geometry": {"type": "Polygon", "coordinates": [[[104.6364, 28.7686], [104.6492, 28.774], [104.6671, 28.7658], [104.7071, 28.7916], [104.7473, 28.7819], [104.7942, 28.8108], [104.8274, 28.8207], [104.8933, 28.7983], [104.925, 28.7683], [104.9573, 28.8196], [104.9957, 28.846], [105.0555, 28.8093], [105.0351, 28.7693], [105.0104, 28.761], [105.0608, 28.7483], [105.1044, 28.7107], [105.1385, 28.7093], [105.165, 28.7281], [105.153, 28.765], [105.17, 28.7846], [105.2623, 28.7372], [105.3571, 28.7764], [105.3665, 28.7877], [105.3485, 28.805], [105.3477, 28.8366], [105.3751, 28.8622], [105.4469, 28.8742], [105.4418, 28.8976], [105.4632, 28.9134], [105.4846, 28.9043], [105.4982, 28.8764], [105.529, 28.8801], [105.5598, 28.9072], [105.5402, 28.9291], [105.5385, 28.9456], [105.5736, 28.9621], [105.6027, 28.9568], [105.6494, 28.92], [105.6487, 28.8902], [105.6294, 28.8715], [105.6525, 28.8754], [105.6834, 28.8711], [105.708, 28.8753], [105.7392, 28.9126], [105.7793, 28.9164], [105.8005, 28.8469], [105.858, 28.8081], [105.8985, 28.8354], [105.9072, 28.859], [105.8727, 28.8896], [105.8768, 28.9257], [105.8417, 28.9276], [105.8196, 28.9478], [105.8213, 28.9692], [105.8516, 28.9916], [105.8524, 29.0253], [105.9036, 29.0597], [105.9919, 29.0661], [106.0127, 29.1021], [106.1186, 29.0684], [106.1344, 29.1037], [106.1031, 29.1536], [106.147, 29.1819], [106.1457, 29.2226], [106.1809, 29.2314], [106.2074, 29.2214], [106.2274, 29.2439], [106.254, 29.2497], [106.2294, 29.277], [106.2459, 29.2972], [106.2759, 29.291], [106.3039, 29.2637], [106.3745, 29.2849], [106.3863, 29.3398], [106.4346, 29.3605], [106.4426, 29.3815], [106.491, 29.4059], [106.527, 29.3966], [106.5025, 29.4314], [106.4918, 29.473], [106.5023, 29.4864], [106.5418, 29.4846], [106.527, 29.5382], [106.5831, 29.5575], [106.5716, 29.5927], [106.5874, 29.6182], [106.6176, 29.6209], [106.678, 29.5683], [106.7536, 29.615], [106.8496, 29.5837], [106.902, 29.6848], [106.929, 29.701], [106.939, 29.7325], [106.9698, 29.7691], [107.014, 29.7836], [107.057, 29.8222], [107.0716, 29.822], [107.0844, 29.8128], [107.1054, 29.7801], [107.1031, 29.7492], [107.1974, 29.6756], [107.2186, 29.7002], [107.2783, 29.7151], [107.3143, 29.7447], [107.3957, 29.7216], [107.4219, 29.7776], [107.4763, 29.8204], [107.475, 29.8401], [107.4487, 29.8586], [107.4685, 29.8966], [107.5125, 29.8937], [107.5343, 29.8632], [107.6097, 29.84], [107.7212, 29.8802], [107.7489, 29.9174], [107.8246, 29.9724], [107.8531, 30.0389], [107.8488, 30.0744], [107.8881, 30.1226], [107.9399, 30.1464], [107.9324, 30.1895], [107.9442, 30.2119], [107.9982, 30.2221], [108.0008, 30.2728], [108.0437, 30.2889], [108.0628, 30.3178], [108.1117, 30.295], [108.1057, 30.316], [108.0757, 30.3252], [108.0794, 30.3516], [108.1289, 30.3642], [108.1484, 30.4058], [108.2053, 30.4122], [108.2352, 30.4461], [108.2368, 30.4822], [108.3221, 30.6188], [108.4145, 30.7216], [108.4143, 30.7629], [108.3861, 30.7978], [108.391, 30.8222], [108.4846, 30.8424], [108.5046, 30.8989], [108.5316, 30.9153], [108.5801, 30.9206], [108.612, 30.9471], [108.6567, 30.9504], [108.7157, 30.9151], [108.8219, 30.9525], [108.7216, 30.9066], [108.6445, 30.9463], [108.6181, 30.9446], [108.5876, 30.9169], [108.5242, 30.9031], [108.4852, 30.8341], [108.3977, 30.8156], [108.3938, 30.7965], [108.4209, 30.7666], [108.4288, 30.7285], [108.3262, 30.6085], [108.2709, 30.4987], [108.2461, 30.4854], [108.2514, 30.4536], [108.2156, 30.4098], [108.1756, 30.4083], [108.1347, 30.3603], [108.0866, 30.351], [108.0823, 30.3278], [108.119, 30.3095], [108.1107, 30.286], [108.0629, 30.3114], [108.0512, 30.2876], [108.0072, 30.2616], [108.0093, 30.2107], [107.9483, 30.202], [107.9512, 30.1477], [107.8817, 30.1062], [107.8225, 29.9582], [107.7637, 29.9216], [107.7427, 29.8791], [107.6096, 29.8355], [107.5341, 29.8556], [107.4925, 29.8887], [107.4656, 29.8824], [107.4601, 29.8682], [107.4848, 29.8504], [107.4877, 29.8263], [107.4244, 29.7716], [107.4025, 29.7154], [107.3098, 29.738], [107.2904, 29.7142], [107.2366, 29.6984], [107.2024, 29.6673], [107.169, 29.679], [107.0927, 29.7456], [107.0993, 29.7772], [107.0741, 29.8152], [107.0586, 29.8161], [107.02, 29.7805], [106.9714, 29.7615], [106.9437, 29.7084], [106.8929, 29.6548], [106.8816, 29.5962], [106.8512, 29.5777], [106.8185, 29.5788], [106.7586, 29.6066], [106.7218, 29.5611], [106.6892, 29.5526], [106.6044, 29.6162], [106.5797, 29.5988], [106.5897, 29.5559], [106.5338, 29.5336], [106.5478, 29.4845], [106.5004, 29.4759], [106.5321, 29.3928], [106.4883, 29.3999], [106.4405, 29.3544], [106.3888, 29.3323], [106.383, 29.2788], [106.2935, 29.2554], [106.2493, 29.2919], [106.2406, 29.2799], [106.2643, 29.2466], [106.2325, 29.2393], [106.209, 29.2124], [106.1525, 29.2173], [106.1582, 29.1811], [106.1142, 29.1497], [106.1454, 29.0983], [106.1306, 29.0706], [106.0946, 29.0625], [106.0143, 29.0931], [105.9961, 29.0578], [105.9104, 29.0552], [105.8572, 29.023], [105.8535, 28.9786], [105.8277, 28.9561], [105.8874, 28.9333], [105.8787, 28.9002], [105.9161, 28.8661], [105.9014, 28.8323], [105.8645, 28.8046], [105.8431, 28.8062], [105.7895, 28.8486], [105.7659, 28.9104], [105.7093, 28.8714], [105.6374, 28.8619], [105.6195, 28.8732], [105.6411, 28.9123], [105.5762, 28.9584], [105.5522, 28.9456], [105.5718, 28.9049], [105.5452, 28.8794], [105.493, 28.8667], [105.464, 28.9081], [105.4546, 28.8697], [105.3588, 28.8359], [105.3537, 28.8171], [105.3724, 28.7937], [105.3682, 28.7741], [105.258, 28.7327], [105.1752, 28.7763], [105.1632, 28.762], [105.1727, 28.7281], [105.1454, 28.7055], [105.107, 28.7032], [105.0591, 28.743], [105.0062, 28.7519], [105.0035, 28.7708], [105.0402, 28.7995], [104.9974, 28.84], [104.9233, 28.7608], [104.842, 28.8132], [104.8036, 28.8093], [104.7499, 28.7752], [104.7021, 28.7825], [104.6757, 28.762], [104.6364, 28.7686]], [[106.729, 29.5821], [106.7083, 29.577], [106.6874, 29.5599], [106.7149, 29.5619], [106.729, 29.5821]], [[106.8747, 29.5932], [106.8681, 29.6144], [106.8617, 29.5881], [106.8747, 29.5932]], [[106.4424, 29.3619], [106.4562, 29.3739], [106.4563, 29.3822], [106.4424, 29.3619]], [[105.024, 28.7693], [105.0189, 28.7768], [105.0129, 28.7708], [105.024, 28.7693]], [[107.2182, 29.6836], [107.2158, 29.6919], [107.2113, 29.6799], [107.2182, 29.6836]], [[107.7465, 29.8903], [107.7406, 29.8964], [107.7395, 29.8859], [107.7465, 29.8903]], [[105.8524, 28.9342], [105.8567, 28.9409], [105.8447, 28.9365], [105.8524, 28.9342]], [[105.6557, 28.867], [105.6432, 28.873], [105.6392, 28.8681], [105.6557, 28.867]], [[106.951, 29.7301], [106.9486, 29.7384], [106.9475, 29.7294], [106.951, 29.7301]], [[107.4693, 29.8529], [107.4548, 29.8615], [107.4615, 29.8516], [107.4693, 29.8529]], [[107.9936, 30.2124], [107.9797, 30.2119], [107.977, 30.2082], [107.9822, 30.2074], [107.9936, 30.2124]], [[108.0044, 30.2246], [108.0081, 30.2304], [108.0056, 30.2326], [108.0044, 30.2246]], [[107.858, 30.0622], [107.8529, 30.0668], [107.8545, 30.0607], [107.858, 30.0622]], [[106.9096, 29.6787], [106.9071, 29.6832], [106.9036, 29.678], [106.9096, 29.6787]], [[106.8211, 29.5818], [106.8212, 29.5878], [106.8177, 29.5864], [106.8211, 29.5818]], [[105.6392, 28.894], [105.6443, 28.8912], [105.6444, 28.8939], [105.6392, 28.894]], [[107.1573, 29.6958], [107.1583, 29.7025], [107.1548, 29.7018], [107.1573, 29.6958]], [[106.2404, 29.2656], [106.2379, 29.2739], [106.2354, 29.2739], [106.2404, 29.2656]], [[105.5505, 28.9313], [105.5462, 28.9374], [105.547, 28.9291], [105.5505, 28.9313]], [[105.7434, 28.9064], [105.7432, 28.9109], [105.7412, 28.9074], [105.7434, 28.9064]]]}}, {"type": "Feature", "properties": {"NAME_CH": "武阳水"}, "geometry": {"type": "Polygon", "coordinates": [[[116.0951, 28.2605], [116.0806, 28.3054], [116.0924, 28.319], [116.0713, 28.3181], [116.0679, 28.3493], [116.028, 28.3588], [116.0128, 28.3801], [116.024, 28.4254], [116.0126, 28.4401], [116.0243, 28.4687], [116.0151, 28.5607], [116.0442, 28.5852], [116.1486, 28.6258], [116.1674, 28.676], [116.2108, 28.719], [116.2681, 28.7247], [116.3719, 28.7682], [116.2931, 28.7222], [116.2112, 28.7116], [116.1528, 28.6195], [116.0273, 28.5632], [116.0325, 28.404], [116.0197, 28.3786], [116.073, 28.354], [116.0735, 28.3263], [116.0985, 28.3236], [116.087, 28.3016], [116.0951, 28.2605]]]}}, {"type": "Feature", "properties": {"NAME_CH": ""}, "geometry": {"type": "Polygon", "coordinates": [[[94.1757, 39.0422], [94.2157, 39.1172], [94.2508, 39.0932], [94.2386, 39.0714], [94.1757, 39.0422]]]}}, {"type": "Feature", "properties": {"NAME_CH": ""}, "geometry": {"type": "Polygon", "coordinates": [[[91.2042, 29.3117], [91.236, 29.3155], [91.2669, 29.2876], [91.4015, 29.3042], [91.4702, 29.2755], [91.4999, 29.2904], [91.5843, 29.2892], [91.658, 29.2643], [91.7034, 29.2697], [91.7233, 29.2648], [91.6695, 29.2525], [91.5763, 29.2657], [91.5562, 29.2781], [91.4594, 29.2617], [91.4262, 29.2813], [91.3269, 29.2656], [91.2606, 29.2678], [91.2174, 29.2736], [91.2042, 29.3117]], [[91.3493, 29.2932], [91.3236, 29.2919], [91.3635, 29.2792], [91.3493, 29.2932]], [[91.2266, 29.313], [91.215, 29.2969], [91.2399, 29.299], [91.2266, 29.313]], [[91.5852, 29.2847], [91.5898, 29.2742], [91.6036, 29.2738], [91.5852, 29.2847]], [[91.2271, 29.2949], [91.2385, 29.2877], [91.2609, 29.2859], [91.2271, 29.2949]], [[91.3191, 29.2669], [91.3154, 29.2766], [91.3052, 29.2741], [91.3191, 29.2669]], [[91.4009, 29.2951], [91.3863, 29.2933], [91.4104, 29.2923], [91.4009, 29.2951]], [[91.2465, 29.2756], [91.2733, 29.2732], [91.2775, 29.2763], [91.2465, 29.2756]], [[91.2815, 29.2872], [91.2955, 29.2799], [91.3022, 29.2884], [91.2935, 29.2897], [91.2815, 29.2872]], [[91.2947, 29.2769], [91.3153, 29.2797], [91.3174, 29.2831], [91.2947, 29.2769]], [[91.5396, 29.2868], [91.5241, 29.2864], [91.5389, 29.28], [91.5396, 29.2868]], [[91.3722, 29.2756], [91.3746, 29.2832], [91.3669, 29.2815], [91.3722, 29.2756]], [[91.5046, 29.277], [91.5036, 29.2815], [91.5003, 29.2784], [91.5046, 29.277]], [[91.6251, 29.2727], [91.6192, 29.268], [91.6294, 29.2713], [91.6251, 29.2727]], [[91.3744, 29.2885], [91.3657, 29.2921], [91.3649, 29.2905], [91.3744, 29.2885]], [[91.336, 29.2763], [91.3333, 29.2815], [91.329, 29.2814], [91.336, 29.2763]], [[91.3848, 29.2849], [91.3796, 29.2886], [91.3779, 29.2856], [91.3848, 29.2849]], [[91.6106, 29.2701], [91.6104, 29.2754], [91.6079, 29.2746], [91.6106, 29.2701]], [[91.6026, 29.2783], [91.6068, 29.2806], [91.5982, 29.2812], [91.6026, 29.2783]], [[91.4184, 29.2834], [91.4166, 29.2864], [91.4141, 29.2841], [91.4184, 29.2834]], [[91.7139, 29.2639], [91.713, 29.2669], [91.7079, 29.2645], [91.7139, 29.2639]], [[91.6642, 29.2592], [91.6667, 29.2607], [91.6624, 29.2621], [91.6642, 29.2592]]]}}, {"type": "Feature", "properties": {"NAME_CH": "雅鲁藏布江"}, "geometry": {"type": "Polygon", "coordinates": [[[94.9248, 29.6269], [94.9367, 29.5967], [94.8854, 29.5276], [94.8343, 29.497], [94.8221, 29.4661], [94.7584, 29.4702], [94.7506, 29.4574], [94.729, 29.4552], [94.68, 29.4704], [94.6179, 29.4638], [94.5818, 29.4798], [94.5602, 29.4429], [94.5128, 29.446], [94.4343, 29.3934], [94.3964, 29.3414], [94.3404, 29.3128], [94.3232, 29.2857], [94.1797, 29.2134], [93.9924, 29.2071], [93.9469, 29.1844], [93.9333, 29.1467], [93.874, 29.145], [93.8398, 29.1201], [93.8011, 29.132], [93.7813, 29.1545], [93.7333, 29.1362], [93.7031, 29.1602], [93.6482, 29.1457], [93.6197, 29.1704], [93.4892, 29.1682], [93.4568, 29.1401], [93.4883, 29.175], [93.6163, 29.1764], [93.6473, 29.157], [93.7048, 29.1655], [93.7461, 29.1446], [93.7812, 29.1628], [93.8363, 29.1306], [93.8697, 29.1518], [93.9247, 29.1535], [93.934, 29.1874], [93.9924, 29.2146], [94.1359, 29.2126], [94.1943, 29.2292], [94.3379, 29.3249], [94.3904, 29.3429], [94.4274, 29.3972], [94.5094, 29.452], [94.5567, 29.4489], [94.5792, 29.488], [94.6188, 29.4706], [94.6774, 29.475], [94.7273, 29.462], [94.767, 29.4807], [94.8161, 29.4714], [94.8318, 29.509], [94.8759, 29.5307], [94.8839, 29.5646], [94.9316, 29.6028], [94.9248, 29.6269]], [[94.3215, 29.291], [94.3181, 29.2993], [94.3138, 29.288], [94.3215, 29.291]], [[94.889, 29.551], [94.8829, 29.5555], [94.8838, 29.5495], [94.889, 29.551]], [[94.2837, 29.2677], [94.2837, 29.2744], [94.2794, 29.2699], [94.2837, 29.2677]], [[94.792, 29.4685], [94.7894, 29.4738], [94.7859, 29.4731], [94.792, 29.4685]]]}}, {"type": "Feature", "properties": {"NAME_CH": "和阗河"}, "geometry": {"type": "Polygon", "coordinates": [[[80.6041, 38.1265], [80.5052, 38.035], [80.4436, 38.0289], [80.4495, 38.0059], [80.4257, 38.0109], [80.4347, 37.9925], [80.3856, 37.9312], [80.3533, 37.9276], [80.3267, 37.8986], [80.3074, 37.8942], [80.3102, 37.8604], [80.291, 37.8531], [80.3193, 37.8287], [80.2837, 37.8283], [80.2697, 37.7963], [80.1943, 37.7602], [80.1999, 37.7417], [80.1762, 37.7306], [80.1645, 37.7023], [80.1365, 37.7012], [80.0995, 37.6693], [80.0895, 37.6308], [80.0918, 37.6765], [80.1221, 37.701], [80.1543, 37.7054], [80.1686, 37.7335], [80.1889, 37.7432], [80.1894, 37.7697], [80.2592, 37.8002], [80.2818, 37.8365], [80.3015, 37.8351], [80.2814, 37.8538], [80.3063, 37.8768], [80.3007, 37.8962], [80.3476, 37.9328], [80.3743, 37.9336], [80.4262, 37.9974], [80.4191, 38.017], [80.4404, 38.0149], [80.439, 38.0369], [80.5219, 38.0557], [80.5896, 38.1242], [80.577, 38.163], [80.5956, 38.2259], [80.7093, 38.3067], [80.775, 38.3151], [80.8507, 38.3874], [80.8611, 38.45], [80.9182, 38.5401], [80.9088, 38.5844], [80.9372, 38.6167], [80.9397, 38.7521], [80.854, 38.7857], [80.8163, 38.8377], [80.8256, 38.8785], [80.8692, 38.9066], [80.8655, 38.9763], [80.8996, 39.0525], [80.907, 39.1138], [80.8847, 39.1854], [80.9044, 39.27], [80.8849, 39.3089], [80.9078, 39.3601], [80.8604, 39.426], [80.8759, 39.4972], [80.9092, 39.5442], [80.9023, 39.5889], [80.9237, 39.625], [80.8785, 39.6934], [80.8683, 39.7596], [80.8844, 39.7801], [80.8492, 39.8468], [80.8617, 39.9182], [80.8524, 39.9624], [80.8038, 40.0029], [80.8227, 40.025], [80.8279, 40.0904], [80.7759, 40.1495], [80.7734, 40.2009], [80.7266, 40.2406], [80.8896, 40.4202], [80.9178, 40.4336], [80.9154, 40.4567], [80.9281, 40.4502], [80.9206, 40.4279], [80.8963, 40.4169], [80.855, 40.3399], [80.8001, 40.3121], [80.7786, 40.2513], [80.8091, 40.2627], [80.7927, 40.24], [80.8078, 40.1521], [80.8434, 40.1165], [80.8612, 40.0573], [80.838, 39.99], [80.8733, 39.9638], [80.8804, 39.9257], [80.9212, 39.96], [80.9163, 40.0236], [80.9547, 40.0671], [80.9325, 40.0725], [80.9669, 40.1171], [80.9501, 40.084], [80.9617, 40.0613], [80.9248, 40.0192], [80.9364, 39.9419], [80.8837, 39.9202], [80.8754, 39.8991], [80.8766, 39.8445], [80.9022, 39.7775], [80.8881, 39.7463], [80.9076, 39.6731], [80.9375, 39.6603], [80.9423, 39.6148], [80.8945, 39.4167], [80.924, 39.3612], [80.906, 39.3178], [80.9228, 39.2404], [80.9087, 39.1385], [80.931, 39.0992], [80.9261, 39.0543], [80.9009, 39.0228], [80.8981, 38.9166], [80.8602, 38.8582], [80.8663, 38.8251], [80.9584, 38.7573], [80.9432, 38.5911], [80.9607, 38.5661], [80.9296, 38.4997], [80.9322, 38.4133], [80.813, 38.3436], [80.7885, 38.304], [80.6996, 38.2835], [80.6886, 38.2612], [80.6136, 38.2252], [80.6041, 38.1265]], [[80.9353, 38.5913], [80.9272, 38.5251], [80.8713, 38.3963], [80.9228, 38.4416], [80.9191, 38.4937], [80.9468, 38.5614], [80.9353, 38.5913]], [[80.8633, 39.8542], [80.8595, 39.8327], [80.8769, 39.8006], [80.878, 39.8104], [80.8633, 39.8542]], [[80.8693, 38.8032], [80.8748, 38.8073], [80.8517, 38.8218], [80.8693, 38.8032]], [[80.8501, 38.8696], [80.8594, 38.8717], [80.8581, 38.8815], [80.8501, 38.8696]], [[80.843, 38.8373], [80.8523, 38.8412], [80.8504, 38.8474], [80.843, 38.8373]], [[80.7794, 38.3113], [80.7815, 38.3056], [80.7887, 38.3143], [80.7794, 38.3113]]]}}, {"type": "Feature", "properties": {"NAME_CH": "松花江"}, "geometry": {"type": "Polygon", "coordinates": [[[126.7421, 45.9224], [126.7885, 45.9197], [126.8056, 45.9471], [126.8385, 45.9553], [126.8577, 45.9864], [126.8914, 45.994], [126.9019, 46.0182], [127.0118, 46.0342], [127.1042, 46.014], [127.1623, 45.9825], [127.2514, 45.9885], [127.3491, 45.9638], [127.3649, 45.9085], [127.3966, 45.9256], [127.4483, 45.9196], [127.5207, 45.9425], [127.5381, 45.9712], [127.5583, 45.9813], [127.5213, 46.0303], [127.5414, 46.0411], [127.6897, 46.0139], [127.7148, 45.9601], [127.7727, 45.9669], [127.7836, 45.9602], [127.7746, 45.9346], [127.7887, 45.9295], [127.8918, 45.933], [127.9759, 45.9219], [128.0194, 45.9434], [128.0787, 45.9338], [128.133, 45.9092], [128.1606, 45.9245], [128.2367, 45.9386], [128.2706, 45.9682], [128.3188, 45.9806], [128.4191, 45.9603], [128.5293, 45.9144], [128.6464, 45.9128], [128.7846, 45.9734], [128.8437, 45.9676], [128.8848, 45.9512], [128.9053, 45.9235], [128.8947, 45.8896], [128.9076, 45.8799], [128.9796, 45.8748], [129.0331, 45.9147], [129.0976, 45.9042], [129.1846, 45.9741], [129.2093, 45.9869], [129.233, 46.0259], [129.2999, 46.0746], [129.3054, 46.1497], [129.3921, 46.2659], [129.557, 46.3451], [129.5574, 46.4141], [129.6351, 46.4987], [129.6689, 46.5173], [129.7374, 46.5252], [129.8512, 46.5945], [129.8916, 46.6085], [129.9126, 46.6376], [129.9132, 46.6827], [129.9561, 46.7086], [129.9605, 46.7904], [129.9921, 46.788], [130.0095, 46.7796], [130.052, 46.7778], [130.0942, 46.7542], [130.1107, 46.7653], [130.0914, 46.7872], [130.0951, 46.8142], [130.1206, 46.8358], [130.1414, 46.8386], [130.234, 46.822], [130.2903, 46.8523], [130.3469, 46.8397], [130.356, 46.8599], [130.367, 46.8643], [130.4832, 46.8781], [130.5318, 46.9428], [130.5255, 46.9962], [130.5432, 47.0035], [130.5264, 47.0352], [130.5367, 47.0508], [130.6878, 47.0407], [130.7268, 47.1025], [130.7694, 47.1312], [130.7735, 47.1597], [130.7894, 47.1767], [130.9581, 47.2276], [131.0133, 47.232], [131.0818, 47.2084], [131.162, 47.2341], [131.3356, 47.1995], [131.3606, 47.2193], [131.4737, 47.2659], [131.6514, 47.2488], [131.7643, 47.2846], [131.8328, 47.2884], [131.9747, 47.261], [132.0258, 47.2938], [132.0236, 47.3536], [132.0467, 47.3729], [132.1215, 47.4095], [132.2256, 47.423], [132.3105, 47.4836], [132.2964, 47.4901], [132.3075, 47.5011], [132.4107, 47.5644], [132.4226, 47.6015], [132.4559, 47.6303], [132.446, 47.679], [132.5122, 47.7012], [132.5295, 47.6823], [132.5212, 47.6623], [132.4651, 47.6515], [132.4747, 47.6247], [132.3983, 47.5219], [132.3446, 47.4986], [132.2778, 47.4287], [132.2204, 47.4029], [132.1316, 47.3823], [132.0638, 47.3499], [132.0435, 47.2781], [131.9835, 47.2406], [131.9361, 47.2394], [131.8845, 47.2639], [131.7888, 47.2676], [131.7662, 47.2553], [131.6512, 47.221], [131.6347, 47.2199], [131.5285, 47.2333], [131.4915, 47.2445], [131.4617, 47.2414], [131.3994, 47.199], [131.325, 47.1809], [131.2669, 47.185], [131.1681, 47.2197], [131.0924, 47.1954], [130.9974, 47.218], [130.8778, 47.1912], [130.8002, 47.1713], [130.799, 47.1293], [130.7521, 47.1029], [130.7323, 47.0642], [130.6797, 47.0258], [130.5994, 47.0178], [130.5459, 46.9802], [130.5395, 46.8984], [130.4829, 46.8646], [130.4236, 46.8525], [130.3848, 46.8251], [130.2999, 46.8417], [130.2316, 46.8131], [130.1226, 46.8253], [130.1003, 46.7984], [130.1284, 46.7779], [130.0952, 46.7489], [130.041, 46.7711], [129.9688, 46.7618], [129.9593, 46.7034], [129.9186, 46.6721], [129.9267, 46.6315], [129.8981, 46.6054], [129.7515, 46.5244], [129.6481, 46.5001], [129.5606, 46.4074], [129.571, 46.339], [129.4105, 46.2554], [129.3281, 46.1459], [129.3128, 46.0739], [129.2147, 45.9741], [129.0923, 45.8922], [129.0246, 45.9034], [128.9828, 45.8681], [128.9206, 45.8717], [128.8861, 45.8851], [128.8665, 45.9414], [128.8234, 45.9623], [128.7535, 45.959], [128.7397, 45.9402], [128.6251, 45.8932], [128.5488, 45.898], [128.3384, 45.9665], [128.1181, 45.9], [128.0272, 45.9359], [127.9708, 45.9098], [127.8898, 45.9262], [127.7835, 45.9235], [127.7649, 45.9375], [127.7762, 45.9564], [127.7281, 45.9468], [127.6912, 45.9583], [127.6834, 46.007], [127.6321, 45.9973], [127.6179, 46.0016], [127.6066, 46.0233], [127.5503, 46.033], [127.5399, 46.0201], [127.5669, 45.9799], [127.5415, 45.9675], [127.5382, 45.9337], [127.4357, 45.9111], [127.3968, 45.9188], [127.3725, 45.9042], [127.3486, 45.9135], [127.3341, 45.9606], [127.2517, 45.981], [127.155, 45.9771], [127.0434, 46.0261], [126.981, 46.0234], [126.934, 46.0157], [126.9157, 45.9876], [126.8804, 45.9831], [126.8472, 45.9539], [126.811, 45.9449], [126.7899, 45.9114], [126.7519, 45.9196], [126.7509, 45.8948], [126.7001, 45.8765], [126.7102, 45.8421], [126.7026, 45.8121], [126.5637, 45.7472], [126.5331, 45.7533], [126.5124, 45.7821], [126.4975, 45.7569], [126.4702, 45.7683], [126.4365, 45.7345], [126.3887, 45.7258], [126.3542, 45.6874], [126.335, 45.6869], [126.3173, 45.6977], [126.2878, 45.6894], [126.1498, 45.6873], [126.1306, 45.6665], [126.095, 45.6716], [126.0395, 45.7061], [126.0161, 45.7025], [125.9765, 45.6643], [125.9823, 45.6255], [125.9242, 45.624], [125.9227, 45.5787], [125.8346, 45.4955], [125.8223, 45.497], [125.8182, 45.5143], [125.7729, 45.5056], [125.7345, 45.5174], [125.7123, 45.5083], [125.64, 45.503], [125.6071, 45.5102], [125.583, 45.4858], [125.4931, 45.4611], [125.4836, 45.4337], [125.4515, 45.4315], [125.4479, 45.4449], [125.432, 45.4418], [125.3529, 45.3865], [125.2984, 45.4192], [125.2886, 45.3883], [125.2695, 45.3897], [125.2473, 45.4134], [125.1801, 45.3962], [125.1233, 45.4023], [125.099, 45.3796], [125.0711, 45.3745], [125.0561, 45.3816], [125.066, 45.4175], [125.0299, 45.4276], [125.0229, 45.4623], [125.0354, 45.4896], [125.0042, 45.4824], [124.9459, 45.4875], [124.9289, 45.4977], [124.9131, 45.53], [124.8728, 45.4787], [124.8793, 45.4374], [124.7695, 45.4316], [124.7575, 45.4592], [124.7135, 45.4366], [124.6602, 45.4354], [124.6777, 45.3839], [124.6982, 45.3805], [124.7272, 45.3426], [124.7158, 45.3142], [124.733, 45.2896], [124.7175, 45.2233], [124.7265, 45.1998], [124.883, 45.1428], [124.9181, 45.1134], [124.9413, 45.0747], [125.0614, 45.0207], [125.0763, 45.0063], [125.0907, 44.962], [125.1469, 44.9329], [125.1915, 44.8663], [125.2185, 44.8684], [125.2762, 44.8483], [125.3408, 44.8792], [125.4026, 44.8735], [125.4497, 44.9084], [125.5048, 44.9088], [125.5266, 44.8818], [125.5427, 44.8927], [125.5946, 44.8967], [125.6421, 44.935], [125.6988, 44.9346], [125.7236, 44.9261], [125.7725, 44.8756], [125.8001, 44.8278], [125.8224, 44.8389], [125.8722, 44.8298], [125.9251, 44.7573], [125.8979, 44.7705], [125.8602, 44.8252], [125.8249, 44.8348], [125.7952, 44.823], [125.7663, 44.8709], [125.7502, 44.8629], [125.7114, 44.9295], [125.646, 44.93], [125.5932, 44.8787], [125.561, 44.8863], [125.476, 44.8636], [125.4262, 44.8812], [125.3679, 44.8561], [125.2874, 44.8415], [125.1761, 44.8583], [125.1486, 44.8923], [125.145, 44.9057], [125.1031, 44.9164], [125.0691, 44.9588], [125.0661, 44.9844], [125.0101, 45.024], [124.9945, 45.0454], [124.9308, 45.0564], [124.8948, 45.1124], [124.8096, 45.1406], [124.7756, 45.1786], [124.7238, 45.1808], [124.6991, 45.2129], [124.7084, 45.2534], [124.7244, 45.2738], [124.6951, 45.309], [124.7166, 45.3343], [124.6527, 45.3844], [124.6654, 45.4107], [124.6478, 45.4365], [124.7144, 45.4432], [124.7542, 45.4638], [124.7798, 45.4349], [124.8164, 45.4554], [124.8669, 45.4428], [124.8608, 45.4762], [124.8911, 45.5051], [124.898, 45.5359], [124.9241, 45.5342], [124.9625, 45.4902], [125.0376, 45.4955], [125.0363, 45.4377], [125.0751, 45.4186], [125.0804, 45.3837], [125.1148, 45.4059], [125.1983, 45.4049], [125.2551, 45.4623], [125.2961, 45.4397], [125.3224, 45.4427], [125.312, 45.4217], [125.3536, 45.3934], [125.3923, 45.4201], [125.418, 45.455], [125.4086, 45.4737], [125.4229, 45.4822], [125.4486, 45.4879], [125.4948, 45.4709], [125.5681, 45.4889], [125.6079, 45.5162], [125.8166, 45.5201], [125.8334, 45.5022], [125.8849, 45.5737], [125.9136, 45.5776], [125.9177, 45.6258], [125.9751, 45.6285], [125.9779, 45.6456], [125.9474, 45.6592], [125.9456, 45.6748], [125.9862, 45.6798], [126.0116, 45.7069], [126.0464, 45.7083], [126.1207, 45.6708], [126.1452, 45.6923], [126.3214, 45.7023], [126.3444, 45.6916], [126.3704, 45.7268], [126.4236, 45.7349], [126.4689, 45.772], [126.4973, 45.7622], [126.5164, 45.7874], [126.5383, 45.7571], [126.5767, 45.758], [126.6878, 45.8169], [126.7, 45.8306], [126.6953, 45.8869], [126.7432, 45.8984], [126.7421, 45.9224]], [[125.2265, 45.415], [125.2597, 45.4207], [125.2847, 45.3947], [125.2834, 45.4208], [125.3182, 45.4395], [125.2915, 45.4342], [125.2531, 45.4573], [125.2265, 45.415]], [[125.4358, 44.8865], [125.478, 44.8732], [125.5179, 44.8818], [125.5061, 44.9044], [125.4519, 44.9031], [125.4358, 44.8865]], [[130.5429, 46.99], [130.5965, 47.0291], [130.5943, 47.0322], [130.5376, 47.0448], [130.5488, 47.0109], [130.5429, 46.99]], [[130.4178, 46.8538], [130.3638, 46.8558], [130.3572, 46.8362], [130.3825, 46.8296], [130.4178, 46.8538]], [[125.4389, 45.4767], [125.4632, 45.4627], [125.4531, 45.4369], [125.4833, 45.441], [125.4912, 45.4666], [125.4389, 45.4767]], [[132.0467, 47.329], [132.0567, 47.3508], [132.1418, 47.3882], [132.074, 47.3708], [132.0373, 47.3419], [132.0467, 47.329]], [[126.925, 46.0154], [126.8937, 45.9924], [126.8532, 45.9709], [126.8803, 45.9842], [126.9144, 45.9912], [126.925, 46.0154]], [[125.3183, 44.86], [125.3544, 44.858], [125.3724, 44.8717], [125.3505, 44.8767], [125.3183, 44.86]], [[125.4141, 45.4701], [125.4268, 45.4589], [125.4157, 45.4402], [125.4557, 45.4593], [125.4141, 45.4701]], [[132.2465, 47.4237], [132.2908, 47.4597], [132.2385, 47.4222], [132.2465, 47.4237]], [[130.6064, 47.0313], [130.6335, 47.0219], [130.6503, 47.0345], [130.6064, 47.0313]], [[132.4734, 47.68], [132.5044, 47.6675], [132.5158, 47.6723], [132.4996, 47.6865], [132.4734, 47.68]], [[125.0755, 44.973], [125.0937, 44.9372], [125.1179, 44.9336], [125.0872, 44.9582], [125.0755, 44.973]], [[132.1204, 47.3973], [132.1472, 47.3925], [132.1708, 47.4034], [132.1615, 47.4044], [132.1204, 47.3973]], [[125.1401, 44.9272], [125.1112, 44.9205], [125.1521, 44.9074], [125.1401, 44.9272]], [[131.5483, 47.2392], [131.6111, 47.228], [131.6543, 47.2353], [131.6025, 47.233], [131.5483, 47.2392]], [[132.4601, 47.6543], [132.4809, 47.6647], [132.4865, 47.6668], [132.4589, 47.672], [132.4601, 47.6543]], [[128.5091, 45.9135], [128.5372, 45.9035], [128.6214, 45.8978], [128.5798, 45.9009], [128.5091, 45.9135]], [[124.7226, 45.2591], [124.7043, 45.2166], [124.7164, 45.2002], [124.713, 45.2196], [124.7226, 45.2591]], [[125.8587, 45.5258], [125.879, 45.5378], [125.8811, 45.5513], [125.865, 45.5427], [125.8587, 45.5258]], [[125.9746, 45.6735], [125.9583, 45.6752], [125.9505, 45.6709], [125.9686, 45.658], [125.9746, 45.6735]], [[130.7703, 47.1267], [130.7859, 47.1333], [130.7856, 47.161], [130.7703, 47.1267]], [[125.0356, 45.0224], [125.0418, 45.0097], [125.0609, 44.9974], [125.054, 45.015], [125.0356, 45.0224]], [[129.2492, 46.0221], [129.2783, 46.0431], [129.2783, 46.0461], [129.2492, 46.0221]], [[128.5853, 45.905], [128.6304, 45.9067], [128.5809, 45.9087], [128.5853, 45.905]], [[127.6164, 46.0174], [127.6575, 46.0097], [127.6639, 46.0128], [127.6164, 46.0174]], [[124.8049, 45.1561], [124.8199, 45.1413], [124.8351, 45.1455], [124.8292, 45.1489], [124.8049, 45.1561]], [[124.8285, 45.4486], [124.8263, 45.4365], [124.8468, 45.4368], [124.8285, 45.4486]], [[131.4111, 47.2161], [131.3789, 47.2099], [131.3766, 47.207], [131.3986, 47.2066], [131.4111, 47.2161]], [[131.9212, 47.2488], [131.9448, 47.258], [131.9149, 47.2542], [131.9212, 47.2488]], [[124.8817, 45.1357], [124.8714, 45.1288], [124.8915, 45.1204], [124.8817, 45.1357]], [[131.7504, 47.2692], [131.7805, 47.2775], [131.7817, 47.2805], [131.7642, 47.2824], [131.7504, 47.2692]], [[131.7294, 47.2622], [131.6853, 47.2487], [131.6977, 47.2475], [131.7294, 47.2622]], [[132.1978, 47.4071], [132.2089, 47.4035], [132.2392, 47.4156], [132.2356, 47.417], [132.1978, 47.4071]], [[129.3167, 46.1476], [129.3326, 46.1624], [129.3318, 46.1691], [129.3167, 46.1476]], [[124.6704, 45.3993], [124.6582, 45.3888], [124.6654, 45.3808], [124.6704, 45.3993]], [[128.2947, 45.9691], [128.3301, 45.9686], [128.3353, 45.9719], [128.3171, 45.9776], [128.2947, 45.9691]], [[129.9978, 46.773], [129.9833, 46.7797], [129.971, 46.775], [129.9819, 46.7699], [129.9978, 46.773]], [[131.6209, 47.2389], [131.5934, 47.2465], [131.59, 47.2445], [131.6209, 47.2389]], [[131.9397, 47.2446], [131.9727, 47.2438], [131.9884, 47.2487], [131.9509, 47.2473], [131.9397, 47.2446]], [[131.8443, 47.2753], [131.877, 47.2678], [131.8793, 47.27], [131.8443, 47.2753]], [[131.6323, 47.2292], [131.6495, 47.2216], [131.6635, 47.2294], [131.6323, 47.2292]], [[132.4538, 47.6083], [132.4324, 47.5971], [132.4323, 47.5877], [132.4538, 47.6083]], [[131.6762, 47.2378], [131.6841, 47.2428], [131.6554, 47.2397], [131.6762, 47.2378]], [[128.0793, 45.928], [128.0722, 45.9238], [128.0987, 45.9129], [128.0793, 45.928]], [[125.0721, 45.0056], [125.0625, 45.001], [125.0722, 44.9874], [125.0721, 45.0056]], [[132.08, 47.382], [132.1015, 47.3834], [132.102, 47.388], [132.08, 47.382]], [[128.8945, 45.9219], [128.874, 45.9406], [128.8795, 45.9249], [128.8945, 45.9219]], [[129.1788, 45.9656], [129.1985, 45.9728], [129.2046, 45.981], [129.1788, 45.9656]], [[132.3318, 47.5099], [132.3157, 47.501], [132.3132, 47.4913], [132.3269, 47.5005], [132.3318, 47.5099]], [[124.9353, 45.5109], [124.9341, 45.4995], [124.9439, 45.4943], [124.9445, 45.5025], [124.9353, 45.5109]], [[131.2712, 47.2015], [131.26, 47.1966], [131.2785, 47.1975], [131.2712, 47.2015]], [[131.2238, 47.2077], [131.2496, 47.1945], [131.255, 47.1944], [131.2238, 47.2077]], [[128.837, 45.9651], [128.8319, 45.96], [128.849, 45.9579], [128.837, 45.9651]], [[129.3959, 46.2529], [129.3848, 46.2477], [129.3846, 46.2376], [129.3895, 46.2401], [129.3959, 46.2529]], [[132.035, 47.3498], [132.0461, 47.3521], [132.0467, 47.3638], [132.0406, 47.3608], [132.035, 47.3498]], [[131.483, 47.2514], [131.4757, 47.2449], [131.4956, 47.2468], [131.483, 47.2514]], [[131.7533, 47.258], [131.7674, 47.2584], [131.7754, 47.2654], [131.765, 47.2653], [131.7533, 47.258]], [[124.912, 45.1091], [124.9056, 45.0999], [124.913, 45.0992], [124.912, 45.1091]], [[124.8562, 45.1372], [124.8451, 45.1405], [124.8543, 45.1328], [124.8562, 45.1372]], [[127.533, 45.9462], [127.5163, 45.9367], [127.5155, 45.9328], [127.5288, 45.9365], [127.533, 45.9462]], [[131.5309, 47.2378], [131.5387, 47.2406], [131.5125, 47.2456], [131.5309, 47.2378]], [[131.0299, 47.2219], [131.0197, 47.2163], [131.0365, 47.2168], [131.0299, 47.2219]], [[131.2567, 47.194], [131.2712, 47.1869], [131.2847, 47.1913], [131.2774, 47.1926], [131.2567, 47.194]], [[125.1638, 44.8944], [125.1528, 44.8927], [125.1641, 44.8877], [125.1638, 44.8944]], [[125.5736, 44.8874], [125.5839, 44.8835], [125.591, 44.8865], [125.5878, 44.8906], [125.5736, 44.8874]], [[124.9478, 45.0627], [124.9323, 45.0717], [124.9294, 45.0691], [124.9333, 45.0621], [124.9478, 45.0627]], [[130.1319, 46.8302], [130.1485, 46.8262], [130.1506, 46.8285], [130.1466, 46.8336], [130.1319, 46.8302]], [[129.4604, 46.2936], [129.469, 46.2913], [129.4744, 46.298], [129.4604, 46.2936]], [[125.8874, 45.5698], [125.8962, 45.5661], [125.9027, 45.5688], [125.8874, 45.5698]], [[125.1735, 44.8745], [125.1748, 44.8642], [125.1864, 44.862], [125.1844, 44.8667], [125.1735, 44.8745]], [[130.53, 46.9067], [130.5268, 46.915], [130.524, 46.9063], [130.53, 46.9067]], [[124.7321, 45.1914], [124.7253, 45.1881], [124.7399, 45.185], [124.7321, 45.1914]], [[128.4161, 45.952], [128.4176, 45.9458], [128.4347, 45.9421], [128.4161, 45.952]], [[131.1753, 47.2198], [131.1916, 47.2177], [131.1687, 47.2207], [131.1753, 47.2198]], [[130.6675, 47.0343], [130.6597, 47.031], [130.6751, 47.0308], [130.6675, 47.0343]], [[124.9267, 45.0908], [124.9157, 45.0933], [124.9284, 45.0799], [124.9267, 45.0908]], [[124.6827, 45.3761], [124.6707, 45.3747], [124.6828, 45.3695], [124.6827, 45.3761]], [[131.3745, 47.2103], [131.368, 47.2163], [131.3618, 47.2107], [131.3745, 47.2103]], [[131.3133, 47.1901], [131.3243, 47.1914], [131.3376, 47.1949], [131.3345, 47.198], [131.3133, 47.1901]], [[129.0821, 45.9014], [129.0821, 45.8959], [129.0913, 45.8964], [129.0821, 45.9014]], [[131.4563, 47.2584], [131.457, 47.2488], [131.4634, 47.2576], [131.4563, 47.2584]], [[131.0992, 47.2076], [131.1185, 47.2138], [131.1044, 47.2119], [131.0992, 47.2076]], [[125.0704, 45.3864], [125.0684, 45.3805], [125.0805, 45.3798], [125.0704, 45.3864]], [[130.4604, 46.8716], [130.4583, 46.8645], [130.4687, 46.8692], [130.4604, 46.8716]], [[131.7152, 47.2474], [131.7275, 47.2524], [131.7132, 47.252], [131.7152, 47.2474]], [[129.9704, 46.7825], [129.9774, 46.7885], [129.9674, 46.7839], [129.9704, 46.7825]], [[129.3434, 46.1844], [129.3489, 46.1809], [129.3491, 46.1875], [129.3434, 46.1844]], [[124.7232, 45.2925], [124.7167, 45.2902], [124.7236, 45.2882], [124.7232, 45.2925]], [[125.0162, 45.0288], [125.0304, 45.0233], [125.0336, 45.0249], [125.0162, 45.0288]], [[127.7016, 45.9666], [127.7038, 45.9582], [127.7115, 45.9551], [127.7016, 45.9666]], [[129.1287, 45.9258], [129.1346, 45.9217], [129.1366, 45.9252], [129.1287, 45.9258]], [[129.2858, 46.0634], [129.2845, 46.0568], [129.2904, 46.0616], [129.2858, 46.0634]], [[130.7091, 47.0584], [130.7035, 47.0614], [130.703, 47.0557], [130.7091, 47.0584]], [[130.0073, 46.7735], [130.0126, 46.7694], [130.0156, 46.7751], [130.0073, 46.7735]], [[131.8012, 47.2726], [131.8156, 47.2737], [131.7991, 47.2756], [131.8012, 47.2726]], [[125.5443, 44.8847], [125.5479, 44.8909], [125.5414, 44.8854], [125.5443, 44.8847]], [[124.8633, 45.1379], [124.8601, 45.1333], [124.8662, 45.1326], [124.8633, 45.1379]], [[130.1215, 46.7774], [130.1145, 46.7768], [130.1174, 46.7733], [130.1215, 46.7774]], [[131.8291, 47.2794], [131.8348, 47.2831], [131.8192, 47.2804], [131.8291, 47.2794]], [[130.9934, 47.2285], [130.9977, 47.2247], [131.0011, 47.2284], [130.9934, 47.2285]], [[128.2761, 45.9662], [128.2797, 45.963], [128.2823, 45.9656], [128.2761, 45.9662]]]}}]}